case_id,k,_n_nonterm,y,p
INC0000066,1,2,0,0.08576884
INC0000066,2,2,0,0.09596553
INC0000076,1,1,0,0.050753973
INC0000084,1,4,1,0.761334
INC0000084,2,4,1,0.71665823
INC0000084,3,4,1,0.7441425
INC0000084,4,4,1,0.99009526
INC0000098,1,4,0,0.1052526
INC0000098,2,4,0,0.088172674
INC0000098,3,4,0,0.10547776
INC0000098,4,4,0,0.10250793
INC0000102,1,16,1,0.107246965
INC0000102,2,16,1,0.21919411
INC0000102,3,16,1,0.27396992
INC0000102,4,16,1,0.28456053
INC0000102,5,16,1,0.3783113
INC0000102,6,16,1,0.39335024
INC0000102,7,16,1,0.28495783
INC0000102,8,16,1,0.82289726
INC0000104,1,5,1,0.12733845
INC0000104,2,5,1,0.8370665
INC0000104,3,5,1,0.9286237
INC0000104,4,5,1,0.93770534
INC0000104,5,5,1,0.88470644
INC0000110,1,2,0,0.15033408
INC0000110,2,2,0,0.14691496
INC0000116,1,2,0,0.092579365
INC0000116,2,2,0,0.24119289
INC0000124,1,2,0,0.17499942
INC0000124,2,2,0,0.16436636
INC0000125,1,5,0,0.11003245
INC0000125,2,5,0,0.09544376
INC0000125,3,5,0,0.20654637
INC0000125,4,5,0,0.19012222
INC0000125,5,5,0,0.19012222
INC0000129,1,11,1,0.16420196
INC0000129,2,11,1,0.28494942
INC0000129,3,11,1,0.4690841
INC0000129,4,11,1,0.54441535
INC0000129,5,11,1,0.93891525
INC0000129,6,11,1,0.9486063
INC0000129,7,11,1,0.9990275
INC0000129,8,11,1,0.99943405
INC0000149,1,2,0,0.12961595
INC0000149,2,2,0,0.103466265
INC0000161,1,9,1,0.14280546
INC0000161,2,9,1,0.12530783
INC0000161,3,9,1,0.9261387
INC0000161,4,9,1,0.9726723
INC0000161,5,9,1,0.84591836
INC0000161,6,9,1,0.29252204
INC0000161,7,9,1,0.4399157
INC0000161,8,9,1,0.44135246
INC0000192,1,1,0,0.24902594
INC0000232,1,11,1,0.5383154
INC0000232,2,11,1,0.4670685
INC0000232,3,11,1,0.59479296
INC0000232,4,11,1,0.6967281
INC0000232,5,11,1,0.77275646
INC0000232,6,11,1,0.7830914
INC0000232,7,11,1,0.7125291
INC0000232,8,11,1,0.9635517
INC0000237,1,2,0,0.26168633
INC0000237,2,2,0,0.3581918
INC0000246,1,7,1,0.2272886
INC0000246,2,7,1,0.22234434
INC0000246,3,7,1,0.23541553
INC0000246,4,7,1,0.29263717
INC0000246,5,7,1,0.8159846
INC0000246,6,7,1,0.7072602
INC0000246,7,7,1,0.7072602
INC0000250,1,14,1,0.32027116
INC0000250,2,14,1,0.27436858
INC0000250,3,14,1,0.4014265
INC0000250,4,14,1,0.39828163
INC0000250,5,14,1,0.5267801
INC0000250,6,14,1,0.8388911
INC0000250,7,14,1,0.9323591
INC0000250,8,14,1,0.930984
INC0000266,1,10,1,0.3280524
INC0000266,2,10,1,0.51838326
INC0000266,3,10,1,0.6048983
INC0000266,4,10,1,0.6444274
INC0000266,5,10,1,0.6398558
INC0000266,6,10,1,0.8257186
INC0000266,7,10,1,0.9144164
INC0000266,8,10,1,0.8933062
INC0000272,1,10,1,0.4351158
INC0000272,2,10,1,0.35226324
INC0000272,3,10,1,0.33834884
INC0000272,4,10,1,0.920406
INC0000272,5,10,1,0.9088859
INC0000272,6,10,1,0.90923434
INC0000272,7,10,1,0.9079618
INC0000272,8,10,1,0.9061645
INC0000283,1,7,0,0.33238614
INC0000283,2,7,0,0.2970643
INC0000283,3,7,0,0.29736984
INC0000283,4,7,0,0.29868066
INC0000283,5,7,0,0.1313606
INC0000283,6,7,0,0.13720837
INC0000283,7,7,0,0.17838128
INC0000292,1,8,0,0.3203327
INC0000292,2,8,0,0.36119568
INC0000292,3,8,0,0.34345803
INC0000292,4,8,0,0.3530978
INC0000292,5,8,0,0.35792682
INC0000292,6,8,0,0.35792682
INC0000292,7,8,0,0.3035112
INC0000292,8,8,0,0.20335194
INC0000317,1,4,1,0.8546812
INC0000317,2,4,1,0.7987287
INC0000317,3,4,1,0.87631506
INC0000317,4,4,1,0.98656946
INC0000348,1,5,1,0.66819215
INC0000348,2,5,1,0.6318128
INC0000348,3,5,1,0.6879702
INC0000348,4,5,1,0.95000774
INC0000348,5,5,1,0.97131866
INC0000351,1,2,1,0.85843116
INC0000351,2,2,1,0.814727
INC0000385,1,8,1,0.42470378
INC0000385,2,8,1,0.53814805
INC0000385,3,8,1,0.9997898
INC0000385,4,8,1,0.9992681
INC0000385,5,8,1,0.9993463
INC0000385,6,8,1,0.9990491
INC0000385,7,8,1,0.9991659
INC0000385,8,8,1,0.9989772
INC0000387,1,7,1,0.14303498
INC0000387,2,7,1,0.16222444
INC0000387,3,7,1,0.21069248
INC0000387,4,7,1,0.20835315
INC0000387,5,7,1,0.50740474
INC0000387,6,7,1,0.99350667
INC0000387,7,7,1,0.99400663
INC0000388,1,5,1,0.5739101
INC0000388,2,5,1,0.9055451
INC0000388,3,5,1,0.9337983
INC0000388,4,5,1,0.9983937
INC0000388,5,5,1,0.99781764
INC0000396,1,11,1,0.43085158
INC0000396,2,11,1,0.43659288
INC0000396,3,11,1,0.32120478
INC0000396,4,11,1,0.76597464
INC0000396,5,11,1,0.9975293
INC0000396,6,11,1,0.99784434
INC0000396,7,11,1,0.9976642
INC0000396,8,11,1,0.99784124
INC0000403,1,18,1,0.35702425
INC0000403,2,18,1,0.31662586
INC0000403,3,18,1,0.35874644
INC0000403,4,18,1,0.3536158
INC0000403,5,18,1,0.3903259
INC0000403,6,18,1,0.34536156
INC0000403,7,18,1,0.55197245
INC0000403,8,18,1,0.5326119
INC0000425,1,1,0,0.491619
INC0000439,1,2,0,0.77627516
INC0000439,2,2,0,0.7807141
INC0000497,1,7,0,0.32018083
INC0000497,2,7,0,0.28703618
INC0000497,3,7,0,0.42095053
INC0000497,4,7,0,0.35284117
INC0000497,5,7,0,0.35265523
INC0000497,6,7,0,0.5496265
INC0000497,7,7,0,0.81668293
INC0000524,1,11,1,0.35010815
INC0000524,2,11,1,0.37947765
INC0000524,3,11,1,0.42772815
INC0000524,4,11,1,0.9994461
INC0000524,5,11,1,0.99948835
INC0000524,6,11,1,0.99983263
INC0000524,7,11,1,0.9998425
INC0000524,8,11,1,0.9998548
INC0000525,1,8,0,0.25701118
INC0000525,2,8,0,0.6225726
INC0000525,3,8,0,0.7632237
INC0000525,4,8,0,0.7732012
INC0000525,5,8,0,0.78913474
INC0000525,6,8,0,0.79629076
INC0000525,7,8,0,0.7840479
INC0000525,8,8,0,0.7878071
INC0000564,1,3,0,0.35086206
INC0000564,2,3,0,0.5087616
INC0000564,3,3,0,0.5148282
INC0000568,1,4,1,0.8714506
INC0000568,2,4,1,0.8895503
INC0000568,3,4,1,0.8806602
INC0000568,4,4,1,0.88855124
INC0000571,1,4,0,0.14791667
INC0000571,2,4,0,0.09129134
INC0000571,3,4,0,0.07934279
INC0000571,4,4,0,0.08186513
INC0000606,1,8,1,0.3162994
INC0000606,2,8,1,0.38724297
INC0000606,3,8,1,0.59849715
INC0000606,4,8,1,0.7779625
INC0000606,5,8,1,0.99918216
INC0000606,6,8,1,0.9991673
INC0000606,7,8,1,0.99980384
INC0000606,8,8,1,0.99947935
INC0000614,1,7,0,0.21982723
INC0000614,2,7,0,0.17809969
INC0000614,3,7,0,0.12565775
INC0000614,4,7,0,0.11218756
INC0000614,5,7,0,0.12916556
INC0000614,6,7,0,0.12370126
INC0000614,7,7,0,0.12164602
INC0000619,1,6,0,0.14845541
INC0000619,2,6,0,0.13169727
INC0000619,3,6,0,0.3106534
INC0000619,4,6,0,0.28383332
INC0000619,5,6,0,0.28458703
INC0000619,6,6,0,0.27789372
INC0000621,1,4,0,0.37213808
INC0000621,2,4,0,0.43366584
INC0000621,3,4,0,0.4856554
INC0000621,4,4,0,0.5342406
INC0000624,1,2,0,0.16878226
INC0000624,2,2,0,0.24110141
INC0000630,1,3,0,0.3907269
INC0000630,2,3,0,0.29798323
INC0000630,3,3,0,0.30830416
INC0000638,1,2,1,0.21991232
INC0000638,2,2,1,0.9008306
INC0000651,1,6,1,0.31500453
INC0000651,2,6,1,0.54354906
INC0000651,3,6,1,0.7401201
INC0000651,4,6,1,0.79808885
INC0000651,5,6,1,0.99962413
INC0000651,6,6,1,0.9997502
INC0000666,1,2,0,0.21780944
INC0000666,2,2,0,0.30346623
INC0000670,1,3,0,0.3796493
INC0000670,2,3,0,0.4676991
INC0000670,3,3,0,0.43238187
INC0000692,1,1,0,0.18620072
INC0000704,1,3,0,0.2792974
INC0000704,2,3,0,0.28645742
INC0000704,3,3,0,0.4553532
INC0000734,1,4,0,0.35701576
INC0000734,2,4,0,0.3805788
INC0000734,3,4,0,0.5151389
INC0000734,4,4,0,0.6384963
INC0000741,1,7,1,0.39608222
INC0000741,2,7,1,0.3431623
INC0000741,3,7,1,0.34865803
INC0000741,4,7,1,0.34649637
INC0000741,5,7,1,0.3794005
INC0000741,6,7,1,0.9997603
INC0000741,7,7,1,0.99942684
INC0000745,1,2,0,0.115817055
INC0000745,2,2,0,0.11474473
INC0000763,1,2,0,0.39147884
INC0000763,2,2,0,0.3129034
INC0000771,1,6,1,0.65345585
INC0000771,2,6,1,0.30731297
INC0000771,3,6,1,0.29119512
INC0000771,4,6,1,0.30248728
INC0000771,5,6,1,0.9984164
INC0000771,6,6,1,0.9984497
INC0000778,1,5,0,0.14757828
INC0000778,2,5,0,0.11933616
INC0000778,3,5,0,0.11933616
INC0000778,4,5,0,0.15197136
INC0000778,5,5,0,0.49551305
INC0000783,1,16,1,0.15726906
INC0000783,2,16,1,0.4014132
INC0000783,3,16,1,0.53698957
INC0000783,4,16,1,0.9990119
INC0000783,5,16,1,0.9993937
INC0000783,6,16,1,0.99900275
INC0000783,7,16,1,0.9993636
INC0000783,8,16,1,0.9986965
INC0000792,1,2,0,0.18253182
INC0000792,2,2,0,0.43365282
INC0000795,1,2,0,0.4950675
INC0000795,2,2,0,0.31436816
INC0000801,1,2,0,0.448407
INC0000801,2,2,0,0.36065647
INC0000820,1,24,1,0.23118733
INC0000820,2,24,1,0.24041334
INC0000820,3,24,1,0.2309585
INC0000820,4,24,1,0.2240922
INC0000820,5,24,1,0.6819403
INC0000820,6,24,1,0.99902105
INC0000820,7,24,1,0.9991862
INC0000820,8,24,1,0.9991942
INC0000822,1,4,0,0.29784927
INC0000822,2,4,0,0.29594836
INC0000822,3,4,0,0.24862926
INC0000822,4,4,0,0.24140252
INC0000841,1,1,0,0.2813578
INC0000845,1,5,0,0.27211115
INC0000845,2,5,0,0.26432702
INC0000845,3,5,0,0.27459276
INC0000845,4,5,0,0.3727636
INC0000845,5,5,0,0.24919383
INC0000849,1,2,1,0.56058544
INC0000849,2,2,1,0.69357914
INC0000879,1,3,0,0.41053212
INC0000879,2,3,0,0.4275141
INC0000879,3,3,0,0.299011
INC0000887,1,5,1,0.44621557
INC0000887,2,5,1,0.9982736
INC0000887,3,5,1,0.99889416
INC0000887,4,5,1,0.9988752
INC0000887,5,5,1,0.99875677
INC0000892,1,13,1,0.20806825
INC0000892,2,13,1,0.21416293
INC0000892,3,13,1,0.45982513
INC0000892,4,13,1,0.8328358
INC0000892,5,13,1,0.8395964
INC0000892,6,13,1,0.8161771
INC0000892,7,13,1,0.9193994
INC0000892,8,13,1,0.9514477
INC0000906,1,3,0,0.2849976
INC0000906,2,3,0,0.47837436
INC0000906,3,3,0,0.680822
INC0000908,1,3,0,0.5694966
INC0000908,2,3,0,0.68779737
INC0000908,3,3,0,0.796816
INC0000914,1,4,1,0.29827836
INC0000914,2,4,1,0.26634598
INC0000914,3,4,1,0.25290772
INC0000914,4,4,1,0.9959882
INC0000917,1,6,0,0.15865146
INC0000917,2,6,0,0.15162611
INC0000917,3,6,0,0.10104152
INC0000917,4,6,0,0.18300195
INC0000917,5,6,0,0.31462353
INC0000917,6,6,0,0.32522413
INC0000920,1,7,1,0.37063342
INC0000920,2,7,1,0.52444816
INC0000920,3,7,1,0.5640211
INC0000920,4,7,1,0.574706
INC0000920,5,7,1,0.6243542
INC0000920,6,7,1,0.99950707
INC0000920,7,7,1,0.9992822
INC0000930,1,2,0,0.2027896
INC0000930,2,2,0,0.23314025
INC0000981,1,12,1,0.28830767
INC0000981,2,12,1,0.32212391
INC0000981,3,12,1,0.72938144
INC0000981,4,12,1,0.73898363
INC0000981,5,12,1,0.81720644
INC0000981,6,12,1,0.999342
INC0000981,7,12,1,0.99935085
INC0000981,8,12,1,0.9998233
INC0000990,1,26,1,0.45597205
INC0000990,2,26,1,0.41899222
INC0000990,3,26,1,0.5100553
INC0000990,4,26,1,0.7512342
INC0000990,5,26,1,0.7671522
INC0000990,6,26,1,0.76188636
INC0000990,7,26,1,0.76188636
INC0000990,8,26,1,0.76066685
INC0001008,1,1,0,0.3799901
INC0001010,1,10,0,0.21844114
INC0001010,2,10,0,0.2152928
INC0001010,3,10,0,0.0814464
INC0001010,4,10,0,0.07470264
INC0001010,5,10,0,0.07181277
INC0001010,6,10,0,0.07181277
INC0001010,7,10,0,0.09872236
INC0001010,8,10,0,0.09115676
INC0001014,1,13,1,0.43879527
INC0001014,2,13,1,0.490631
INC0001014,3,13,1,0.6377123
INC0001014,4,13,1,0.7811279
INC0001014,5,13,1,0.9984938
INC0001014,6,13,1,0.9989594
INC0001014,7,13,1,0.998615
INC0001014,8,13,1,0.9981736
INC0001018,1,5,0,0.4001867
INC0001018,2,5,0,0.44683248
INC0001018,3,5,0,0.43629313
INC0001018,4,5,0,0.6149227
INC0001018,5,5,0,0.61131984
INC0001020,1,2,0,0.27905044
INC0001020,2,2,0,0.3670422
INC0001053,1,7,1,0.4275116
INC0001053,2,7,1,0.4982754
INC0001053,3,7,1,0.40897137
INC0001053,4,7,1,0.39734027
INC0001053,5,7,1,0.45706096
INC0001053,6,7,1,0.99860114
INC0001053,7,7,1,0.9994286
INC0001083,1,3,0,0.35700798
INC0001083,2,3,0,0.3803466
INC0001083,3,3,0,0.45143098
INC0001092,1,3,1,0.52238244
INC0001092,2,3,1,0.9988362
INC0001092,3,3,1,0.9991738
INC0001108,1,9,1,0.43727925
INC0001108,2,9,1,0.7637847
INC0001108,3,9,1,0.7716676
INC0001108,4,9,1,0.8588122
INC0001108,5,9,1,0.91214085
INC0001108,6,9,1,0.9994993
INC0001108,7,9,1,0.9998553
INC0001108,8,9,1,0.9998621
INC0001112,1,3,1,0.8915301
INC0001112,2,3,1,0.96723235
INC0001112,3,3,1,0.99987185
INC0001117,1,1,1,0.53830194
INC0001133,1,2,0,0.42521584
INC0001133,2,2,0,0.22980553
INC0001154,1,13,1,0.46961936
INC0001154,2,13,1,0.6144348
INC0001154,3,13,1,0.6757254
INC0001154,4,13,1,0.6489909
INC0001154,5,13,1,0.8619324
INC0001154,6,13,1,0.8899
INC0001154,7,13,1,0.99959105
INC0001154,8,13,1,0.9996049
INC0001173,1,3,0,0.765445
INC0001173,2,3,0,0.59158415
INC0001173,3,3,0,0.595974
INC0001186,1,5,1,0.9149704
INC0001186,2,5,1,0.9974269
INC0001186,3,5,1,0.9989158
INC0001186,4,5,1,0.99882287
INC0001186,5,5,1,0.99878114
INC0001199,1,6,1,0.517297
INC0001199,2,6,1,0.6347386
INC0001199,3,6,1,0.7400689
INC0001199,4,6,1,0.77750725
INC0001199,5,6,1,0.9984433
INC0001199,6,6,1,0.99838805
INC0001239,1,5,1,0.8055299
INC0001239,2,5,1,0.99938715
INC0001239,3,5,1,0.9992842
INC0001239,4,5,1,0.9992842
INC0001239,5,5,1,0.9993087
INC0001261,1,4,1,0.5124966
INC0001261,2,4,1,0.6584637
INC0001261,3,4,1,0.9986833
INC0001261,4,4,1,0.99878114
INC0001270,1,18,1,0.7996986
INC0001270,2,18,1,0.8281638
INC0001270,3,18,1,0.8311768
INC0001270,4,18,1,0.77013165
INC0001270,5,18,1,0.77388436
INC0001270,6,18,1,0.7671481
INC0001270,7,18,1,0.8376555
INC0001270,8,18,1,0.70952
INC0001278,1,4,1,0.5618028
INC0001278,2,4,1,0.65246195
INC0001278,3,4,1,0.63924915
INC0001278,4,4,1,0.5344026
INC0001295,1,1,0,0.531306
INC0001313,1,3,1,0.84431154
INC0001313,2,3,1,0.9975419
INC0001313,3,3,1,0.9975419
INC0001318,1,4,0,0.6039588
INC0001318,2,4,0,0.49924845
INC0001318,3,4,0,0.5077017
INC0001318,4,4,0,0.39465037
INC0001319,1,16,1,0.5694434
INC0001319,2,16,1,0.6514639
INC0001319,3,16,1,0.9851907
INC0001319,4,16,1,0.98204815
INC0001319,5,16,1,0.98230964
INC0001319,6,16,1,0.84571564
INC0001319,7,16,1,0.85604286
INC0001319,8,16,1,0.8183211
INC0001333,1,1,0,0.7961324
INC0001336,1,6,0,0.56269634
INC0001336,2,6,0,0.5416272
INC0001336,3,6,0,0.44343665
INC0001336,4,6,0,0.3967723
INC0001336,5,6,0,0.40165457
INC0001336,6,6,0,0.39228135
INC0001359,1,2,0,0.4695626
INC0001359,2,2,0,0.2789157
INC0001360,1,2,0,0.47380203
INC0001360,2,2,0,0.4699647
INC0001368,1,2,0,0.68570906
INC0001368,2,2,0,0.6003098
INC0001406,1,4,1,0.72365963
INC0001406,2,4,1,0.999371
INC0001406,3,4,1,0.9995633
INC0001406,4,4,1,0.9988715
INC0001407,1,1,0,0.54535544
INC0001433,1,2,1,0.28883094
INC0001433,2,2,1,0.41215667
INC0001445,1,8,1,0.75149655
INC0001445,2,8,1,0.7536101
INC0001445,3,8,1,0.7345251
INC0001445,4,8,1,0.73222965
INC0001445,5,8,1,0.72827655
INC0001445,6,8,1,0.99759585
INC0001445,7,8,1,0.9973617
INC0001445,8,8,1,0.9973617
INC0001474,1,5,0,0.65946877
INC0001474,2,5,0,0.5834502
INC0001474,3,5,0,0.6281769
INC0001474,4,5,0,0.61661345
INC0001474,5,5,0,0.6106379
INC0001477,1,7,0,0.3055459
INC0001477,2,7,0,0.22870915
INC0001477,3,7,0,0.2262091
INC0001477,4,7,0,0.2631084
INC0001477,5,7,0,0.28853735
INC0001477,6,7,0,0.24994333
INC0001477,7,7,0,0.27359393
INC0001492,1,3,0,0.45582572
INC0001492,2,3,0,0.8085535
INC0001492,3,3,0,0.8095452
INC0001517,1,11,1,0.6519505
INC0001517,2,11,1,0.5849807
INC0001517,3,11,1,0.6213232
INC0001517,4,11,1,0.6560781
INC0001517,5,11,1,0.83304095
INC0001517,6,11,1,0.82979923
INC0001517,7,11,1,0.7760315
INC0001517,8,11,1,0.9954444
INC0001529,1,4,1,0.67784905
INC0001529,2,4,1,0.93205184
INC0001529,3,4,1,0.9998747
INC0001529,4,4,1,0.9997149
INC0001534,1,1,0,0.46855137
INC0001561,1,6,1,0.48019686
INC0001561,2,6,1,0.4178383
INC0001561,3,6,1,0.44250864
INC0001561,4,6,1,0.5389143
INC0001561,5,6,1,0.999071
INC0001561,6,6,1,0.9990202
INC0001594,1,2,0,0.3972423
INC0001594,2,2,0,0.38998106
INC0001596,1,2,1,0.6169306
INC0001596,2,2,1,0.99389327
INC0001599,1,2,0,0.18970314
INC0001599,2,2,0,0.24715032
INC0001616,1,1,0,0.3225209
INC0001617,1,2,0,0.255491
INC0001617,2,2,0,0.23532675
INC0001630,1,8,1,0.5550045
INC0001630,2,8,1,0.58178055
INC0001630,3,8,1,0.52608436
INC0001630,4,8,1,0.5483095
INC0001630,5,8,1,0.7225406
INC0001630,6,8,1,0.99164224
INC0001630,7,8,1,0.9986999
INC0001630,8,8,1,0.9986999
INC0001649,1,14,1,0.92000383
INC0001649,2,14,1,0.9517226
INC0001649,3,14,1,0.94177675
INC0001649,4,14,1,0.99994886
INC0001649,5,14,1,0.999793
INC0001649,6,14,1,0.9998122
INC0001649,7,14,1,0.9997553
INC0001649,8,14,1,0.99976045
INC0001651,1,2,0,0.23462243
INC0001651,2,2,0,0.6978242
INC0001655,1,1,0,0.30903244
INC0001662,1,6,1,0.62020016
INC0001662,2,6,1,0.9965636
INC0001662,3,6,1,0.99576926
INC0001662,4,6,1,0.99711704
INC0001662,5,6,1,0.9974477
INC0001662,6,6,1,0.9993019
INC0001703,1,6,1,0.5059224
INC0001703,2,6,1,0.99792373
INC0001703,3,6,1,0.9977451
INC0001703,4,6,1,0.9954483
INC0001703,5,6,1,0.99524695
INC0001703,6,6,1,0.9988096
INC0001713,1,5,1,0.7819556
INC0001713,2,5,1,0.99967146
INC0001713,3,5,1,0.9996865
INC0001713,4,5,1,0.99974304
INC0001713,5,5,1,0.9998122
INC0001714,1,1,0,0.19936338
INC0001737,1,9,1,0.5874893
INC0001737,2,9,1,0.5571679
INC0001737,3,9,1,0.5239963
INC0001737,4,9,1,0.6097067
INC0001737,5,9,1,0.73691994
INC0001737,6,9,1,0.9949244
INC0001737,7,9,1,0.9988086
INC0001737,8,9,1,0.99900514
INC0001753,1,10,1,0.5241092
INC0001753,2,10,1,0.53977567
INC0001753,3,10,1,0.8819048
INC0001753,4,10,1,0.87474036
INC0001753,5,10,1,0.95527273
INC0001753,6,10,1,0.9641133
INC0001753,7,10,1,0.94882077
INC0001753,8,10,1,0.963565
INC0001759,1,3,1,0.6270624
INC0001759,2,3,1,0.7200899
INC0001759,3,3,1,0.999271
INC0001768,1,6,1,0.5376477
INC0001768,2,6,1,0.47185564
INC0001768,3,6,1,0.6592357
INC0001768,4,6,1,0.69319654
INC0001768,5,6,1,0.60748893
INC0001768,6,6,1,0.9714111
INC0001769,1,9,1,0.5728105
INC0001769,2,9,1,0.6133643
INC0001769,3,9,1,0.6692171
INC0001769,4,9,1,0.9861529
INC0001769,5,9,1,0.9903819
INC0001769,6,9,1,0.9997559
INC0001769,7,9,1,0.99898714
INC0001769,8,9,1,0.9989548
INC0001797,1,3,1,0.9695906
INC0001797,2,3,1,0.9827414
INC0001797,3,3,1,0.97421455
INC0001803,1,15,1,0.871317
INC0001803,2,15,1,0.8783527
INC0001803,3,15,1,0.9969574
INC0001803,4,15,1,0.9922117
INC0001803,5,15,1,0.99652904
INC0001803,6,15,1,0.99530125
INC0001803,7,15,1,0.99014825
INC0001803,8,15,1,0.9785462
INC0001816,1,7,1,0.35135135
INC0001816,2,7,1,0.37916064
INC0001816,3,7,1,0.4471084
INC0001816,4,7,1,0.76615137
INC0001816,5,7,1,0.9998566
INC0001816,6,7,1,0.99926823
INC0001816,7,7,1,0.9994018
INC0001822,1,4,1,0.53671926
INC0001822,2,4,1,0.99823064
INC0001822,3,4,1,0.99823064
INC0001822,4,4,1,0.99834526
INC0001828,1,8,1,0.41819656
INC0001828,2,8,1,0.40657687
INC0001828,3,8,1,0.44601935
INC0001828,4,8,1,0.50221056
INC0001828,5,8,1,0.9986841
INC0001828,6,8,1,0.9986745
INC0001828,7,8,1,0.9980362
INC0001828,8,8,1,0.9994209
INC0001835,1,2,1,0.6942448
INC0001835,2,2,1,0.5616281
INC0001860,1,13,1,0.7593233
INC0001860,2,13,1,0.7835622
INC0001860,3,13,1,0.86124986
INC0001860,4,13,1,0.95063883
INC0001860,5,13,1,0.9629831
INC0001860,6,13,1,0.885067
INC0001860,7,13,1,0.87916166
INC0001860,8,13,1,0.9877994
INC0001871,1,3,1,0.6967293
INC0001871,2,3,1,0.49974155
INC0001871,3,3,1,0.9994555
INC0001900,1,7,0,0.62522167
INC0001900,2,7,0,0.5845597
INC0001900,3,7,0,0.28812036
INC0001900,4,7,0,0.6846267
INC0001900,5,7,0,0.66689897
INC0001900,6,7,0,0.6536292
INC0001900,7,7,0,0.6727453
INC0001914,1,2,0,0.40215376
INC0001914,2,2,0,0.45773426
INC0001918,1,2,1,0.51980305
INC0001918,2,2,1,0.9988317
INC0001921,1,5,1,0.5188745
INC0001921,2,5,1,0.39923638
INC0001921,3,5,1,0.9040928
INC0001921,4,5,1,0.92481375
INC0001921,5,5,1,0.9987305
INC0001922,1,21,1,0.52099675
INC0001922,2,21,1,0.55698276
INC0001922,3,21,1,0.41368666
INC0001922,4,21,1,0.6490264
INC0001922,5,21,1,0.9647778
INC0001922,6,21,1,0.9741926
INC0001922,7,21,1,0.9963987
INC0001922,8,21,1,0.9859589
INC0001945,1,7,1,0.39203325
INC0001945,2,7,1,0.44370273
INC0001945,3,7,1,0.4153208
INC0001945,4,7,1,0.91793966
INC0001945,5,7,1,0.9412162
INC0001945,6,7,1,0.99968076
INC0001945,7,7,1,0.99921143
INC0001949,1,2,0,0.57369864
INC0001949,2,2,0,0.22895242
INC0001957,1,2,0,0.21238479
INC0001957,2,2,0,0.15955308
INC0001967,1,4,1,0.8016623
INC0001967,2,4,1,0.7513746
INC0001967,3,4,1,0.99921143
INC0001967,4,4,1,0.99942744
INC0001999,1,5,0,0.21248788
INC0001999,2,5,0,0.14814539
INC0001999,3,5,0,0.17786776
INC0001999,4,5,0,0.217095
INC0001999,5,5,0,0.30608428
INC0002035,1,3,0,0.37196773
INC0002035,2,3,0,0.34512112
INC0002035,3,3,0,0.5119173
INC0002061,1,1,0,0.34839776
INC0002064,1,7,1,0.6314122
INC0002064,2,7,1,0.64816517
INC0002064,3,7,1,0.57662183
INC0002064,4,7,1,0.55701345
INC0002064,5,7,1,0.7557043
INC0002064,6,7,1,0.9288743
INC0002064,7,7,1,0.93219525
INC0002079,1,2,0,0.2051634
INC0002079,2,2,0,0.19699864
INC0002093,1,2,0,0.591565
INC0002093,2,2,0,0.5168243
INC0002095,1,2,0,0.14223257
INC0002095,2,2,0,0.14416048
INC0002122,1,2,1,0.6502663
INC0002122,2,2,1,0.8114062
INC0002127,1,5,1,0.4617492
INC0002127,2,5,1,0.3707174
INC0002127,3,5,1,0.35705826
INC0002127,4,5,1,0.36154738
INC0002127,5,5,1,0.34943563
INC0002141,1,4,1,0.42435873
INC0002141,2,4,1,0.37529778
INC0002141,3,4,1,0.322063
INC0002141,4,4,1,0.2404578
INC0002164,1,8,1,0.4131147
INC0002164,2,8,1,0.5709958
INC0002164,3,8,1,0.67033726
INC0002164,4,8,1,0.9886221
INC0002164,5,8,1,0.9918705
INC0002164,6,8,1,0.99068844
INC0002164,7,8,1,0.99918514
INC0002164,8,8,1,0.99936694
INC0002181,1,11,1,0.5679076
INC0002181,2,11,1,0.5296413
INC0002181,3,11,1,0.84116197
INC0002181,4,11,1,0.99927276
INC0002181,5,11,1,0.99915993
INC0002181,6,11,1,0.9996935
INC0002181,7,11,1,0.99928313
INC0002181,8,11,1,0.9992798
INC0002204,1,1,0,0.15886265
INC0002227,1,11,1,0.39564717
INC0002227,2,11,1,0.47765392
INC0002227,3,11,1,0.5469614
INC0002227,4,11,1,0.6032233
INC0002227,5,11,1,0.70235264
INC0002227,6,11,1,0.52366716
INC0002227,7,11,1,0.9933489
INC0002227,8,11,1,0.99548113
INC0002251,1,3,0,0.25223783
INC0002251,2,3,0,0.1753339
INC0002251,3,3,0,0.15354684
INC0002319,1,4,1,0.88945055
INC0002319,2,4,1,0.8197592
INC0002319,3,4,1,0.9977748
INC0002319,4,4,1,0.99758446
INC0002339,1,5,1,0.64527905
INC0002339,2,5,1,0.9462941
INC0002339,3,5,1,0.9981908
INC0002339,4,5,1,0.99930096
INC0002339,5,5,1,0.9990073
INC0002343,1,1,0,0.6347106
INC0002347,1,2,0,0.07754177
INC0002347,2,2,0,0.078021154
INC0002349,1,2,0,0.6866216
INC0002349,2,2,0,0.6326319
INC0002376,1,11,1,0.61709917
INC0002376,2,11,1,0.5356209
INC0002376,3,11,1,0.54092
INC0002376,4,11,1,0.6005974
INC0002376,5,11,1,0.95896095
INC0002376,6,11,1,0.9638919
INC0002376,7,11,1,0.99161583
INC0002376,8,11,1,0.9915344
INC0002378,1,15,1,0.7890382
INC0002378,2,15,1,0.6968775
INC0002378,3,15,1,0.58831245
INC0002378,4,15,1,0.94962204
INC0002378,5,15,1,0.99321306
INC0002378,6,15,1,0.9946461
INC0002378,7,15,1,0.9997099
INC0002378,8,15,1,0.9971962
INC0002379,1,14,1,0.737213
INC0002379,2,14,1,0.74514556
INC0002379,3,14,1,0.6756997
INC0002379,4,14,1,0.6689024
INC0002379,5,14,1,0.60318106
INC0002379,6,14,1,0.66552943
INC0002379,7,14,1,0.6669381
INC0002379,8,14,1,0.99523264
INC0002391,1,1,0,0.46104455
INC0002406,1,4,1,0.7251843
INC0002406,2,4,1,0.67572457
INC0002406,3,4,1,0.74830943
INC0002406,4,4,1,0.99902236
INC0002409,1,9,1,0.7657338
INC0002409,2,9,1,0.99869305
INC0002409,3,9,1,0.99623907
INC0002409,4,9,1,0.9964504
INC0002409,5,9,1,0.9964504
INC0002409,6,9,1,0.9964504
INC0002409,7,9,1,0.99741036
INC0002409,8,9,1,0.99815506
INC0002412,1,4,0,0.62339133
INC0002412,2,4,0,0.28677812
INC0002412,3,4,0,0.23102216
INC0002412,4,4,0,0.23234054
INC0002415,1,3,1,0.7961911
INC0002415,2,3,1,0.57488304
INC0002415,3,3,1,0.9929629
INC0002426,1,7,1,0.81045157
INC0002426,2,7,1,0.99736506
INC0002426,3,7,1,0.9973959
INC0002426,4,7,1,0.9975877
INC0002426,5,7,1,0.9975205
INC0002426,6,7,1,0.99726856
INC0002426,7,7,1,0.9994541
INC0002428,1,10,1,0.831544
INC0002428,2,10,1,0.787443
INC0002428,3,10,1,0.9394485
INC0002428,4,10,1,0.9779262
INC0002428,5,10,1,0.9900388
INC0002428,6,10,1,0.9965054
INC0002428,7,10,1,0.99680185
INC0002428,8,10,1,0.99694115
INC0002446,1,1,0,0.64647907
INC0002452,1,7,1,0.8181476
INC0002452,2,7,1,0.76477873
INC0002452,3,7,1,0.66041
INC0002452,4,7,1,0.9776723
INC0002452,5,7,1,0.9946543
INC0002452,6,7,1,0.9945478
INC0002452,7,7,1,0.999059
INC0002457,1,5,1,0.64190966
INC0002457,2,5,1,0.83181995
INC0002457,3,5,1,0.9860858
INC0002457,4,5,1,0.9957229
INC0002457,5,5,1,0.99961793
INC0002463,1,7,1,0.5034603
INC0002463,2,7,1,0.4079777
INC0002463,3,7,1,0.37577203
INC0002463,4,7,1,0.40388379
INC0002463,5,7,1,0.5386759
INC0002463,6,7,1,0.98187673
INC0002463,7,7,1,0.9830976
INC0002468,1,6,1,0.81923264
INC0002468,2,6,1,0.9783326
INC0002468,3,6,1,0.9948879
INC0002468,4,6,1,0.9951798
INC0002468,5,6,1,0.9960288
INC0002468,6,6,1,0.9987845
INC0002492,1,4,1,0.8455194
INC0002492,2,4,1,0.9931235
INC0002492,3,4,1,0.9905749
INC0002492,4,4,1,0.99960285
INC0002515,1,1,0,0.15879804
INC0002521,1,1,0,0.43682313
INC0002546,1,6,1,0.58813554
INC0002546,2,6,1,0.56239873
INC0002546,3,6,1,0.8278766
INC0002546,4,6,1,0.9526293
INC0002546,5,6,1,0.9700104
INC0002546,6,6,1,0.99958414
INC0002551,1,1,1,0.7188936
INC0002554,1,1,1,0.56198627
INC0002557,1,7,1,0.90795016
INC0002557,2,7,1,0.8862281
INC0002557,3,7,1,0.99601656
INC0002557,4,7,1,0.9964264
INC0002557,5,7,1,0.9970085
INC0002557,6,7,1,0.99667907
INC0002557,7,7,1,0.99632496
INC0002591,1,4,1,0.26292083
INC0002591,2,4,1,0.23813248
INC0002591,3,4,1,0.22830637
INC0002591,4,4,1,0.24267425
INC0002602,1,3,1,0.6492692
INC0002602,2,3,1,0.5616266
INC0002602,3,3,1,0.96742743
INC0002603,1,9,1,0.306482
INC0002603,2,9,1,0.13776393
INC0002603,3,9,1,0.26364633
INC0002603,4,9,1,0.854589
INC0002603,5,9,1,0.6865338
INC0002603,6,9,1,0.66060436
INC0002603,7,9,1,0.58181393
INC0002603,8,9,1,0.91160727
INC0002613,1,5,1,0.8161373
INC0002613,2,5,1,0.9950832
INC0002613,3,5,1,0.9950832
INC0002613,4,5,1,0.99637055
INC0002613,5,5,1,0.99216896
INC0002615,1,1,1,0.8967418
INC0002617,1,2,1,0.87060434
INC0002617,2,2,1,0.86557746
INC0002619,1,8,1,0.7266761
INC0002619,2,8,1,0.9779669
INC0002619,3,8,1,0.9940852
INC0002619,4,8,1,0.99434954
INC0002619,5,8,1,0.9945464
INC0002619,6,8,1,0.99431485
INC0002619,7,8,1,0.99569595
INC0002619,8,8,1,0.9976584
INC0002643,1,5,1,0.700114
INC0002643,2,5,1,0.99117446
INC0002643,3,5,1,0.98448205
INC0002643,4,5,1,0.9878362
INC0002643,5,5,1,0.9990971
INC0002648,1,2,1,0.865741
INC0002648,2,2,1,0.86747587
INC0002670,1,10,1,0.5477684
INC0002670,2,10,1,0.98929495
INC0002670,3,10,1,0.99211884
INC0002670,4,10,1,0.9993019
INC0002670,5,10,1,0.998359
INC0002670,6,10,1,0.99841964
INC0002670,7,10,1,0.9984561
INC0002670,8,10,1,0.9988034
INC0002673,1,6,1,0.5477465
INC0002673,2,6,1,0.9932128
INC0002673,3,6,1,0.9938618
INC0002673,4,6,1,0.99260193
INC0002673,5,6,1,0.9891985
INC0002673,6,6,1,0.98955536
INC0002675,1,6,1,0.77140796
INC0002675,2,6,1,0.99017626
INC0002675,3,6,1,0.9924852
INC0002675,4,6,1,0.9934175
INC0002675,5,6,1,0.9926238
INC0002675,6,6,1,0.99255353
INC0002696,1,1,1,0.6627853
INC0002717,1,6,1,0.6964805
INC0002717,2,6,1,0.48946422
INC0002717,3,6,1,0.4876093
INC0002717,4,6,1,0.6473198
INC0002717,5,6,1,0.9680197
INC0002717,6,6,1,0.98796344
INC0002743,1,6,1,0.78722984
INC0002743,2,6,1,0.7528002
INC0002743,3,6,1,0.79696375
INC0002743,4,6,1,0.9939468
INC0002743,5,6,1,0.9933448
INC0002743,6,6,1,0.9933448
INC0002749,1,5,1,0.82137555
INC0002749,2,5,1,0.86571074
INC0002749,3,5,1,0.9993869
INC0002749,4,5,1,0.99847573
INC0002749,5,5,1,0.9988932
INC0002753,1,6,1,0.81927687
INC0002753,2,6,1,0.798994
INC0002753,3,6,1,0.8422404
INC0002753,4,6,1,0.9997974
INC0002753,5,6,1,0.9984621
INC0002753,6,6,1,0.9978771
INC0002760,1,8,1,0.6934904
INC0002760,2,8,1,0.93708384
INC0002760,3,8,1,0.93664473
INC0002760,4,8,1,0.9376275
INC0002760,5,8,1,0.9862031
INC0002760,6,8,1,0.9906933
INC0002760,7,8,1,0.9897698
INC0002760,8,8,1,0.9926098
INC0002772,1,2,0,0.18129
INC0002772,2,2,0,0.14642932
INC0002789,1,3,1,0.9860848
INC0002789,2,3,1,0.98419744
INC0002789,3,3,1,0.9949096
INC0002794,1,14,1,0.86450255
INC0002794,2,14,1,0.8232639
INC0002794,3,14,1,0.8271663
INC0002794,4,14,1,0.81847554
INC0002794,5,14,1,0.9166959
INC0002794,6,14,1,0.9287369
INC0002794,7,14,1,0.9998072
INC0002794,8,14,1,0.9997925
INC0002810,1,10,0,0.12842543
INC0002810,2,10,0,0.14297216
INC0002810,3,10,0,0.18347326
INC0002810,4,10,0,0.20235051
INC0002810,5,10,0,0.13650692
INC0002810,6,10,0,0.14043207
INC0002810,7,10,0,0.16258048
INC0002810,8,10,0,0.12994812
INC0002825,1,2,1,0.5977868
INC0002825,2,2,1,0.978726
INC0002842,1,3,0,0.7957761
INC0002842,2,3,0,0.77551425
INC0002842,3,3,0,0.7792043
INC0002851,1,6,1,0.8560431
INC0002851,2,6,1,0.8329495
INC0002851,3,6,1,0.84760684
INC0002851,4,6,1,0.9988734
INC0002851,5,6,1,0.99885833
INC0002851,6,6,1,0.9990639
INC0002870,1,1,0,0.7857693
INC0002871,1,1,0,0.7861732
INC0002890,1,3,1,0.995987
INC0002890,2,3,1,0.9955908
INC0002890,3,3,1,0.99570614
INC0002940,1,2,1,0.9339637
INC0002940,2,2,1,0.91273564
INC0002964,1,6,1,0.9413067
INC0002964,2,6,1,0.92048085
INC0002964,3,6,1,0.92869556
INC0002964,4,6,1,0.92639667
INC0002964,5,6,1,0.92491853
INC0002964,6,6,1,0.9215705
INC0002971,1,6,1,0.93412274
INC0002971,2,6,1,0.9088536
INC0002971,3,6,1,0.89734703
INC0002971,4,6,1,0.9913686
INC0002971,5,6,1,0.9914062
INC0002971,6,6,1,0.9911867
INC0002976,1,2,1,0.9509036
INC0002976,2,2,1,0.9273243
INC0003018,1,3,1,0.90539396
INC0003018,2,3,1,0.8910777
INC0003018,3,3,1,0.98843074
INC0003020,1,7,1,0.92199326
INC0003020,2,7,1,0.8951068
INC0003020,3,7,1,0.98328465
INC0003020,4,7,1,0.9839951
INC0003020,5,7,1,0.9960834
INC0003020,6,7,1,0.9979873
INC0003020,7,7,1,0.9979873
INC0003027,1,8,1,0.91946477
INC0003027,2,8,1,0.8597566
INC0003027,3,8,1,0.97868776
INC0003027,4,8,1,0.98586845
INC0003027,5,8,1,0.9932603
INC0003027,6,8,1,0.994493
INC0003027,7,8,1,0.99646914
INC0003027,8,8,1,0.99942493
INC0003046,1,1,1,0.8910053
INC0003052,1,1,0,0.14422885
INC0003065,1,13,1,0.9240182
INC0003065,2,13,1,0.9916511
INC0003065,3,13,1,0.98748815
INC0003065,4,13,1,0.9928289
INC0003065,5,13,1,0.9938968
INC0003065,6,13,1,0.99356776
INC0003065,7,13,1,0.9936521
INC0003065,8,13,1,0.99319845
INC0003066,1,8,1,0.9276121
INC0003066,2,8,1,0.9763741
INC0003066,3,8,1,0.9795436
INC0003066,4,8,1,0.9989723
INC0003066,5,8,1,0.9995152
INC0003066,6,8,1,0.9995185
INC0003066,7,8,1,0.9995042
INC0003066,8,8,1,0.99917716
INC0003075,1,5,1,0.9527188
INC0003075,2,5,1,0.9171922
INC0003075,3,5,1,0.9925327
INC0003075,4,5,1,0.98673904
INC0003075,5,5,1,0.9932842
INC0003076,1,4,1,0.91722304
INC0003076,2,4,1,0.88920605
INC0003076,3,4,1,0.9920374
INC0003076,4,4,1,0.99364376
INC0003077,1,2,1,0.9276121
INC0003077,2,2,1,0.9776024
INC0003088,1,1,1,0.9347177
INC0003100,1,12,1,0.90890217
INC0003100,2,12,1,0.99120754
INC0003100,3,12,1,0.9856537
INC0003100,4,12,1,0.987005
INC0003100,5,12,1,0.9936878
INC0003100,6,12,1,0.99376136
INC0003100,7,12,1,0.99953413
INC0003100,8,12,1,0.99951315
INC0003101,1,7,1,0.9110098
INC0003101,2,7,1,0.89638054
INC0003101,3,7,1,0.98297876
INC0003101,4,7,1,0.9819056
INC0003101,5,7,1,0.989248
INC0003101,6,7,1,0.99145365
INC0003101,7,7,1,0.98784816
INC0003105,1,2,1,0.8886087
INC0003105,2,2,1,0.990902
INC0003106,1,3,1,0.9223931
INC0003106,2,3,1,0.97240025
INC0003106,3,3,1,0.9721439
INC0003110,1,5,1,0.906354
INC0003110,2,5,1,0.95095253
INC0003110,3,5,1,0.9525121
INC0003110,4,5,1,0.942497
INC0003110,5,5,1,0.9847926
INC0003111,1,4,1,0.92478234
INC0003111,2,4,1,0.9114398
INC0003111,3,4,1,0.9124974
INC0003111,4,4,1,0.98566693
INC0003137,1,7,1,0.9200768
INC0003137,2,7,1,0.97600687
INC0003137,3,7,1,0.97416085
INC0003137,4,7,1,0.99931633
INC0003137,5,7,1,0.9993655
INC0003137,6,7,1,0.9993655
INC0003137,7,7,1,0.9993655
INC0003140,1,22,1,0.84167343
INC0003140,2,22,1,0.98244345
INC0003140,3,22,1,0.9766827
INC0003140,4,22,1,0.9765396
INC0003140,5,22,1,0.9900317
INC0003140,6,22,1,0.9762842
INC0003140,7,22,1,0.99359
INC0003140,8,22,1,0.99786156
INC0003141,1,7,1,0.91747755
INC0003141,2,7,1,0.97576493
INC0003141,3,7,1,0.9886764
INC0003141,4,7,1,0.9916671
INC0003141,5,7,1,0.99282986
INC0003141,6,7,1,0.9896035
INC0003141,7,7,1,0.98939884
INC0003167,1,1,1,0.9665227
INC0003179,1,10,1,0.93051535
INC0003179,2,10,1,0.98918426
INC0003179,3,10,1,0.9861
INC0003179,4,10,1,0.9869349
INC0003179,5,10,1,0.9898839
INC0003179,6,10,1,0.99360067
INC0003179,7,10,1,0.9946709
INC0003179,8,10,1,0.9991677
INC0003187,1,2,1,0.9177064
INC0003187,2,2,1,0.98159385
INC0003192,1,5,1,0.91294193
INC0003192,2,5,1,0.894702
INC0003192,3,5,1,0.94615376
INC0003192,4,5,1,0.9533057
INC0003192,5,5,1,0.9988273
INC0003199,1,3,1,0.92806286
INC0003199,2,3,1,0.9683744
INC0003199,3,3,1,0.97409296
INC0003247,1,2,1,0.92112195
INC0003247,2,2,1,0.9777585
INC0003314,1,3,1,0.99397993
INC0003314,2,3,1,0.99622583
INC0003314,3,3,1,0.9937557
INC0003345,1,3,1,0.99152255
INC0003345,2,3,1,0.9991304
INC0003345,3,3,1,0.9992506
INC0003359,1,7,1,0.9819719
INC0003359,2,7,1,0.9842631
INC0003359,3,7,1,0.99104464
INC0003359,4,7,1,0.9991786
INC0003359,5,7,1,0.9990965
INC0003359,6,7,1,0.99963105
INC0003359,7,7,1,0.99959534
INC0003360,1,5,1,0.98445976
INC0003360,2,5,1,0.98002774
INC0003360,3,5,1,0.98940897
INC0003360,4,5,1,0.99093634
INC0003360,5,5,1,0.9889916
INC0003378,1,2,1,0.9824421
INC0003378,2,2,1,0.9795615
INC0003389,1,2,1,0.9810625
INC0003389,2,2,1,0.99717855
INC0003406,1,4,1,0.96129596
INC0003406,2,4,1,0.9992611
INC0003406,3,4,1,0.99981076
INC0003406,4,4,1,0.99929917
INC0003410,1,4,1,0.82042086
INC0003410,2,4,1,0.9304871
INC0003410,3,4,1,0.9601874
INC0003410,4,4,1,0.9978783
INC0003417,1,2,1,0.9834237
INC0003417,2,2,1,0.99954057
INC0003420,1,4,1,0.9830572
INC0003420,2,4,1,0.99717855
INC0003420,3,4,1,0.9995396
INC0003420,4,4,1,0.9994349
INC0003445,1,1,1,0.9891549
INC0003448,1,2,1,0.99115086
INC0003448,2,2,1,0.9892069
INC0003453,1,8,1,0.99071723
INC0003453,2,8,1,0.99009657
INC0003453,3,8,1,0.9904536
INC0003453,4,8,1,0.9971271
INC0003453,5,8,1,0.9991774
INC0003453,6,8,1,0.99918836
INC0003453,7,8,1,0.99921036
INC0003453,8,8,1,0.9990114
INC0003479,1,6,1,0.9888821
INC0003479,2,6,1,0.98777187
INC0003479,3,6,1,0.99111956
INC0003479,4,6,1,0.9952419
INC0003479,5,6,1,0.9981798
INC0003479,6,6,1,0.9992132
INC0003498,1,5,1,0.99052876
INC0003498,2,5,1,0.9889158
INC0003498,3,5,1,0.9908346
INC0003498,4,5,1,0.99911684
INC0003498,5,5,1,0.99913365
INC0003502,1,8,1,0.9858629
INC0003502,2,8,1,0.98550016
INC0003502,3,8,1,0.9835487
INC0003502,4,8,1,0.9928468
INC0003502,5,8,1,0.99409604
INC0003502,6,8,1,0.9991047
INC0003502,7,8,1,0.99928916
INC0003502,8,8,1,0.99925655
INC0003516,1,10,1,0.98516
INC0003516,2,10,1,0.9843232
INC0003516,3,10,1,0.98619425
INC0003516,4,10,1,0.996619
INC0003516,5,10,1,0.9953442
INC0003516,6,10,1,0.9875051
INC0003516,7,10,1,0.98903614
INC0003516,8,10,1,0.9778196
INC0003517,1,3,1,0.98886174
INC0003517,2,3,1,0.9873695
INC0003517,3,3,1,0.9843577
INC0003521,1,2,1,0.99737704
INC0003521,2,2,1,0.9994961
INC0003526,1,6,1,0.9985984
INC0003526,2,6,1,0.99823254
INC0003526,3,6,1,0.99578696
INC0003526,4,6,1,0.9978225
INC0003526,5,6,1,0.9989536
INC0003526,6,6,1,0.99860364
INC0003537,1,7,1,0.99064004
INC0003537,2,7,1,0.98233646
INC0003537,3,7,1,0.98233646
INC0003537,4,7,1,0.9920493
INC0003537,5,7,1,0.9932567
INC0003537,6,7,1,0.9944359
INC0003537,7,7,1,0.99983263
INC0003547,1,3,1,0.99763227
INC0003547,2,3,1,0.999589
INC0003547,3,3,1,0.9991221
INC0003567,1,6,1,0.99449867
INC0003567,2,6,1,0.9930228
INC0003567,3,6,1,0.99883777
INC0003567,4,6,1,0.99953246
INC0003567,5,6,1,0.9992822
INC0003567,6,6,1,0.9993886
INC0003613,1,3,1,0.99700075
INC0003613,2,3,1,0.99954885
INC0003613,3,3,1,0.99903107
INC0003620,1,6,1,0.9880557
INC0003620,2,6,1,0.98654884
INC0003620,3,6,1,0.9817868
INC0003620,4,6,1,0.98505986
INC0003620,5,6,1,0.9808218
INC0003620,6,6,1,0.9819166
INC0003634,1,4,1,0.9781749
INC0003634,2,4,1,0.971312
INC0003634,3,4,1,0.9153611
INC0003634,4,4,1,0.9150335
INC0003638,1,3,1,0.98837703
INC0003638,2,3,1,0.987186
INC0003638,3,3,1,0.9897379
INC0003655,1,2,1,0.9873882
INC0003655,2,2,1,0.98251593
INC0003658,1,23,1,0.99058986
INC0003658,2,23,1,0.987939
INC0003658,3,23,1,0.98892856
INC0003658,4,23,1,0.98834187
INC0003658,5,23,1,0.98825395
INC0003658,6,23,1,0.9924994
INC0003658,7,23,1,0.9945241
INC0003658,8,23,1,0.99457574
INC0003666,1,10,1,0.98930025
INC0003666,2,10,1,0.98349774
INC0003666,3,10,1,0.99721956
INC0003666,4,10,1,0.99895966
INC0003666,5,10,1,0.9987495
INC0003666,6,10,1,0.99884605
INC0003666,7,10,1,0.99917454
INC0003666,8,10,1,0.99888045
INC0003668,1,4,1,0.99397993
INC0003668,2,4,1,0.99380857
INC0003668,3,4,1,0.99407864
INC0003668,4,4,1,0.9955409
INC0003670,1,9,1,0.99117213
INC0003670,2,9,1,0.9799105
INC0003670,3,9,1,0.9831045
INC0003670,4,9,1,0.99805045
INC0003670,5,9,1,0.9983779
INC0003670,6,9,1,0.9977931
INC0003670,7,9,1,0.9978618
INC0003670,8,9,1,0.9988072
INC0003673,1,12,1,0.9891777
INC0003673,2,12,1,0.9830535
INC0003673,3,12,1,0.98866934
INC0003673,4,12,1,0.99231976
INC0003673,5,12,1,0.99716693
INC0003673,6,12,1,0.99815756
INC0003673,7,12,1,0.99867094
INC0003673,8,12,1,0.9987344
INC0003689,1,2,1,0.9845094
INC0003689,2,2,1,0.9835227
INC0003693,1,5,1,0.99048436
INC0003693,2,5,1,0.9830058
INC0003693,3,5,1,0.9830058
INC0003693,4,5,1,0.9919618
INC0003693,5,5,1,0.9921956
INC0003694,1,3,1,0.9932313
INC0003694,2,3,1,0.9928537
INC0003694,3,3,1,0.9938061
INC0003703,1,11,1,0.975997
INC0003703,2,11,1,0.98170024
INC0003703,3,11,1,0.9823313
INC0003703,4,11,1,0.982373
INC0003703,5,11,1,0.98834294
INC0003703,6,11,1,0.9906758
INC0003703,7,11,1,0.9930911
INC0003703,8,11,1,0.99587566
INC0003709,1,2,1,0.9872891
INC0003709,2,2,1,0.9878293
INC0003721,1,6,1,0.9926292
INC0003721,2,6,1,0.9950394
INC0003721,3,6,1,0.9911151
INC0003721,4,6,1,0.9908709
INC0003721,5,6,1,0.99197406
INC0003721,6,6,1,0.99916804
INC0003735,1,17,1,0.98915803
INC0003735,2,17,1,0.98702776
INC0003735,3,17,1,0.98695314
INC0003735,4,17,1,0.98317796
INC0003735,5,17,1,0.98484266
INC0003735,6,17,1,0.9930829
INC0003735,7,17,1,0.99303234
INC0003735,8,17,1,0.9949014
INC0003751,1,2,1,0.9984181
INC0003751,2,2,1,0.9986626
INC0003765,1,1,1,0.9888488
INC0003812,1,7,1,0.99079835
INC0003812,2,7,1,0.98745036
INC0003812,3,7,1,0.9870934
INC0003812,4,7,1,0.9918629
INC0003812,5,7,1,0.99021053
INC0003812,6,7,1,0.9988067
INC0003812,7,7,1,0.9988262
INC0003813,1,5,1,0.99070966
INC0003813,2,5,1,0.9909888
INC0003813,3,5,1,0.9898234
INC0003813,4,5,1,0.9997155
INC0003813,5,5,1,0.999746
INC0003836,1,4,1,0.9964923
INC0003836,2,4,1,0.99448085
INC0003836,3,4,1,0.99536467
INC0003836,4,4,1,0.99344593
INC0003842,1,5,1,0.9945562
INC0003842,2,5,1,0.99382836
INC0003842,3,5,1,0.9931814
INC0003842,4,5,1,0.9917926
INC0003842,5,5,1,0.9987336
INC0003848,1,1,1,0.9957546
INC0003873,1,5,1,0.990355
INC0003873,2,5,1,0.9875451
INC0003873,3,5,1,0.9872717
INC0003873,4,5,1,0.9871048
INC0003873,5,5,1,0.9872388
INC0003893,1,12,1,0.9838853
INC0003893,2,12,1,0.9876951
INC0003893,3,12,1,0.98674554
INC0003893,4,12,1,0.99974614
INC0003893,5,12,1,0.999788
INC0003893,6,12,1,0.99931943
INC0003893,7,12,1,0.99941087
INC0003893,8,12,1,0.9996705
INC0003935,1,7,1,0.98904574
INC0003935,2,7,1,0.9899193
INC0003935,3,7,1,0.9926448
INC0003935,4,7,1,0.9939692
INC0003935,5,7,1,0.9949726
INC0003935,6,7,1,0.99929655
INC0003935,7,7,1,0.99921143
INC0003946,1,7,1,0.41636446
INC0003946,2,7,1,0.48969966
INC0003946,3,7,1,0.5153451
INC0003946,4,7,1,0.4724283
INC0003946,5,7,1,0.467948
INC0003946,6,7,1,0.519415
INC0003946,7,7,1,0.99953747
INC0003947,1,7,1,0.98841095
INC0003947,2,7,1,0.9836089
INC0003947,3,7,1,0.98988825
INC0003947,4,7,1,0.9929575
INC0003947,5,7,1,0.99984634
INC0003947,6,7,1,0.9998374
INC0003947,7,7,1,0.9998374
INC0003951,1,3,1,0.9903528
INC0003951,2,3,1,0.9916957
INC0003951,3,3,1,0.9925332
INC0003960,1,2,1,0.99867356
INC0003960,2,2,1,0.9989779
INC0003965,1,6,0,0.9933328
INC0003965,2,6,0,0.9905652
INC0003965,3,6,0,0.98739994
INC0003965,4,6,0,0.9917921
INC0003965,5,6,0,0.99425465
INC0003965,6,6,0,0.9937925
INC0003981,1,3,1,0.98344374
INC0003981,2,3,1,0.9878221
INC0003981,3,3,1,0.98275673
INC0003986,1,16,1,0.98851085
INC0003986,2,16,1,0.9903634
INC0003986,3,16,1,0.99114054
INC0003986,4,16,1,0.99892884
INC0003986,5,16,1,0.99947065
INC0003986,6,16,1,0.9994437
INC0003986,7,16,1,0.9993705
INC0003986,8,16,1,0.999172
INC0003993,1,7,1,0.9879276
INC0003993,2,7,1,0.99183935
INC0003993,3,7,1,0.9929014
INC0003993,4,7,1,0.99587244
INC0003993,5,7,1,0.9980343
INC0003993,6,7,1,0.9964361
INC0003993,7,7,1,0.9979627
INC0004006,1,2,1,0.9884426
INC0004006,2,2,1,0.98469466
INC0004011,1,8,1,0.974703
INC0004011,2,8,1,0.9873146
INC0004011,3,8,1,0.9920041
INC0004011,4,8,1,0.99294704
INC0004011,5,8,1,0.99382377
INC0004011,6,8,1,0.9993291
INC0004011,7,8,1,0.99917835
INC0004011,8,8,1,0.99915195
INC0004015,1,8,1,0.98721886
INC0004015,2,8,1,0.9859956
INC0004015,3,8,1,0.9904164
INC0004015,4,8,1,0.9906466
INC0004015,5,8,1,0.9920872
INC0004015,6,8,1,0.99233425
INC0004015,7,8,1,0.993968
INC0004015,8,8,1,0.9995128
INC0004027,1,8,1,0.9886303
INC0004027,2,8,1,0.9908317
INC0004027,3,8,1,0.99144906
INC0004027,4,8,1,0.99266785
INC0004027,5,8,1,0.99818736
INC0004027,6,8,1,0.99814713
INC0004027,7,8,1,0.9980964
INC0004027,8,8,1,0.9978114
INC0004062,1,3,1,0.97429127
INC0004062,2,3,1,0.9899676
INC0004062,3,3,1,0.98975974
INC0004082,1,4,1,0.9872579
INC0004082,2,4,1,0.98962796
INC0004082,3,4,1,0.99019617
INC0004082,4,4,1,0.9920325
INC0004089,1,7,1,0.99020725
INC0004089,2,7,1,0.982239
INC0004089,3,7,1,0.98226845
INC0004089,4,7,1,0.9803305
INC0004089,5,7,1,0.98960716
INC0004089,6,7,1,0.99136204
INC0004089,7,7,1,0.992027
INC0004097,1,8,1,0.9742537
INC0004097,2,8,1,0.9899526
INC0004097,3,8,1,0.99104273
INC0004097,4,8,1,0.9932701
INC0004097,5,8,1,0.9908835
INC0004097,6,8,1,0.9942883
INC0004097,7,8,1,0.995218
INC0004097,8,8,1,0.9993193
INC0004110,1,4,1,0.9948402
INC0004110,2,4,1,0.99434847
INC0004110,3,4,1,0.995786
INC0004110,4,4,1,0.9968104
INC0004139,1,3,1,0.98607594
INC0004139,2,3,1,0.98780173
INC0004139,3,3,1,0.9896624
INC0004146,1,3,1,0.99133825
INC0004146,2,3,1,0.99981457
INC0004146,3,3,1,0.9998087
INC0004148,1,2,1,0.9881572
INC0004148,2,2,1,0.99842846
INC0004156,1,8,1,0.98804736
INC0004156,2,8,1,0.9908317
INC0004156,3,8,1,0.991734
INC0004156,4,8,1,0.9899352
INC0004156,5,8,1,0.9881542
INC0004156,6,8,1,0.98867524
INC0004156,7,8,1,0.9904441
INC0004156,8,8,1,0.99907565
INC0004164,1,7,1,0.9858889
INC0004164,2,7,1,0.9831185
INC0004164,3,7,1,0.9835976
INC0004164,4,7,1,0.9956109
INC0004164,5,7,1,0.9953961
INC0004164,6,7,1,0.99642193
INC0004164,7,7,1,0.9985398
INC0004167,1,7,1,0.9678799
INC0004167,2,7,1,0.9863745
INC0004167,3,7,1,0.9882604
INC0004167,4,7,1,0.98460776
INC0004167,5,7,1,0.98540765
INC0004167,6,7,1,0.9965468
INC0004167,7,7,1,0.99647504
INC0004172,1,6,1,0.994132
INC0004172,2,6,1,0.99408346
INC0004172,3,6,1,0.99432737
INC0004172,4,6,1,0.997962
INC0004172,5,6,1,0.9985292
INC0004172,6,6,1,0.9995202
INC0004176,1,3,1,0.9902147
INC0004176,2,3,1,0.9369538
INC0004176,3,3,1,0.93974257
INC0004196,1,1,1,0.98854303
INC0004202,1,6,1,0.99492466
INC0004202,2,6,1,0.9934953
INC0004202,3,6,1,0.99321485
INC0004202,4,6,1,0.9956285
INC0004202,5,6,1,0.9954425
INC0004202,6,6,1,0.9956474
INC0004213,1,9,1,0.98167247
INC0004213,2,9,1,0.97776836
INC0004213,3,9,1,0.9795106
INC0004213,4,9,1,0.97925067
INC0004213,5,9,1,0.9847149
INC0004213,6,9,1,0.98361397
INC0004213,7,9,1,0.9870724
INC0004213,8,9,1,0.9889866
INC0004215,1,6,1,0.98618025
INC0004215,2,6,1,0.99012613
INC0004215,3,6,1,0.99018985
INC0004215,4,6,1,0.9962406
INC0004215,5,6,1,0.99660325
INC0004215,6,6,1,0.9991066
INC0004235,1,1,1,0.98933476
INC0004243,1,5,1,0.9907539
INC0004243,2,5,1,0.98572564
INC0004243,3,5,1,0.98902446
INC0004243,4,5,1,0.98815256
INC0004243,5,5,1,0.98756826
INC0004259,1,3,1,0.99164563
INC0004259,2,3,1,0.99052095
INC0004259,3,3,1,0.99387944
INC0004271,1,2,1,0.9807539
INC0004271,2,2,1,0.974644
INC0004295,1,16,1,0.9929865
INC0004295,2,16,1,0.99142015
INC0004295,3,16,1,0.99366003
INC0004295,4,16,1,0.99417925
INC0004295,5,16,1,0.9990907
INC0004295,6,16,1,0.9992398
INC0004295,7,16,1,0.99905473
INC0004295,8,16,1,0.99901056
INC0004317,1,7,1,0.99355304
INC0004317,2,7,1,0.9915366
INC0004317,3,7,1,0.9914888
INC0004317,4,7,1,0.99306893
INC0004317,5,7,1,0.9980083
INC0004317,6,7,1,0.9996289
INC0004317,7,7,1,0.99924064
INC0004337,1,2,1,0.9703231
INC0004337,2,2,1,0.97297657
INC0004341,1,9,1,0.99117404
INC0004341,2,9,1,0.9913237
INC0004341,3,9,1,0.99147284
INC0004341,4,9,1,0.99136376
INC0004341,5,9,1,0.9916586
INC0004341,6,9,1,0.99137795
INC0004341,7,9,1,0.99239916
INC0004341,8,9,1,0.9992459
INC0004347,1,2,1,0.9924313
INC0004347,2,2,1,0.99760795
INC0004368,1,8,1,0.99665666
INC0004368,2,8,1,0.995836
INC0004368,3,8,1,0.9998529
INC0004368,4,8,1,0.99931467
INC0004368,5,8,1,0.9992976
INC0004368,6,8,1,0.9990761
INC0004368,7,8,1,0.9993709
INC0004368,8,8,1,0.99913424
INC0004421,1,7,1,0.9875066
INC0004421,2,7,1,0.98337066
INC0004421,3,7,1,0.9887705
INC0004421,4,7,1,0.98803025
INC0004421,5,7,1,0.9878685
INC0004421,6,7,1,0.985788
INC0004421,7,7,1,0.9929053
INC0004433,1,4,1,0.9886939
INC0004433,2,4,1,0.9825727
INC0004433,3,4,1,0.9877566
INC0004433,4,4,1,0.98214173
INC0004444,1,11,1,0.98848933
INC0004444,2,11,1,0.9898471
INC0004444,3,11,1,0.9904632
INC0004444,4,11,1,0.9881691
INC0004444,5,11,1,0.9925869
INC0004444,6,11,1,0.99334997
INC0004444,7,11,1,0.99217016
INC0004444,8,11,1,0.99854624
INC0004448,1,2,1,0.98321944
INC0004448,2,2,1,0.98029226
INC0004469,1,9,1,0.99009514
INC0004469,2,9,1,0.9887882
INC0004469,3,9,1,0.99030507
INC0004469,4,9,1,0.9949201
INC0004469,5,9,1,0.9947907
INC0004469,6,9,1,0.9955966
INC0004469,7,9,1,0.9959538
INC0004469,8,9,1,0.9993851
INC0004474,1,9,1,0.9969723
INC0004474,2,9,1,0.99624676
INC0004474,3,9,1,0.99621284
INC0004474,4,9,1,0.99682885
INC0004474,5,9,1,0.9978928
INC0004474,6,9,1,0.9981408
INC0004474,7,9,1,0.99842167
INC0004474,8,9,1,0.9985013
INC0004483,1,3,1,0.99427915
INC0004483,2,3,1,0.9952865
INC0004483,3,3,1,0.9930797
INC0004487,1,4,1,0.99176675
INC0004487,2,4,1,0.98866326
INC0004487,3,4,1,0.98896503
INC0004487,4,4,1,0.98896503
INC0004500,1,2,1,0.98238915
INC0004500,2,2,1,0.98824525
INC0004507,1,14,1,0.9922053
INC0004507,2,14,1,0.9923234
INC0004507,3,14,1,0.992725
INC0004507,4,14,1,0.99587065
INC0004507,5,14,1,0.99617416
INC0004507,6,14,1,0.99537873
INC0004507,7,14,1,0.9967435
INC0004507,8,14,1,0.9958823
INC0004508,1,3,1,0.99303025
INC0004508,2,3,1,0.9930825
INC0004508,3,3,1,0.9927322
INC0004588,1,6,1,0.9900585
INC0004588,2,6,1,0.9950039
INC0004588,3,6,1,0.9956768
INC0004588,4,6,1,0.9963726
INC0004588,5,6,1,0.99679846
INC0004588,6,6,1,0.9993591
INC0004601,1,4,1,0.98304695
INC0004601,2,4,1,0.994445
INC0004601,3,4,1,0.99465275
INC0004601,4,4,1,0.99800736
INC0004603,1,1,0,0.06165155
INC0004617,1,7,1,0.98041624
INC0004617,2,7,1,0.9771444
INC0004617,3,7,1,0.9827911
INC0004617,4,7,1,0.968977
INC0004617,5,7,1,0.9771563
INC0004617,6,7,1,0.99037874
INC0004617,7,7,1,0.9890325
INC0004618,1,6,1,0.98996323
INC0004618,2,6,1,0.99536407
INC0004618,3,6,1,0.9977458
INC0004618,4,6,1,0.9976878
INC0004618,5,6,1,0.99925536
INC0004618,6,6,1,0.99907625
INC0004622,1,7,1,0.98790246
INC0004622,2,7,1,0.9935846
INC0004622,3,7,1,0.9939208
INC0004622,4,7,1,0.99706274
INC0004622,5,7,1,0.99659675
INC0004622,6,7,1,0.9990447
INC0004622,7,7,1,0.999228
INC0004645,1,5,1,0.9901265
INC0004645,2,5,1,0.98565906
INC0004645,3,5,1,0.98577046
INC0004645,4,5,1,0.99247676
INC0004645,5,5,1,0.98943883
INC0004667,1,5,1,0.99542904
INC0004667,2,5,1,0.9994281
INC0004667,3,5,1,0.999571
INC0004667,4,5,1,0.9992625
INC0004667,5,5,1,0.9993419
INC0004690,1,2,1,0.9928162
INC0004690,2,2,1,0.9944642
INC0004708,1,6,1,0.99169767
INC0004708,2,6,1,0.99313366
INC0004708,3,6,1,0.9967123
INC0004708,4,6,1,0.9969915
INC0004708,5,6,1,0.99839205
INC0004708,6,6,1,0.998973
INC0004739,1,10,1,0.98409975
INC0004739,2,10,1,0.99527067
INC0004739,3,10,1,0.99551314
INC0004739,4,10,1,0.99722785
INC0004739,5,10,1,0.9982969
INC0004739,6,10,1,0.99949837
INC0004739,7,10,1,0.99957484
INC0004739,8,10,1,0.99928635
INC0004751,1,5,1,0.99263895
INC0004751,2,5,1,0.99032545
INC0004751,3,5,1,0.9852588
INC0004751,4,5,1,0.9830905
INC0004751,5,5,1,0.9830905
INC0004752,1,2,1,0.9938352
INC0004752,2,2,1,0.9928243
INC0004768,1,4,1,0.9937302
INC0004768,2,4,1,0.99767774
INC0004768,3,4,1,0.99766773
INC0004768,4,4,1,0.9991928
INC0004838,1,4,1,0.9861146
INC0004838,2,4,1,0.9845167
INC0004838,3,4,1,0.97854316
INC0004838,4,4,1,0.9808163
INC0004844,1,2,1,0.99111664
INC0004844,2,2,1,0.99849975
INC0004846,1,7,1,0.99516124
INC0004846,2,7,1,0.99380094
INC0004846,3,7,1,0.99685425
INC0004846,4,7,1,0.9978283
INC0004846,5,7,1,0.99872524
INC0004846,6,7,1,0.99930763
INC0004846,7,7,1,0.99949014
INC0004857,1,2,1,0.9868618
INC0004857,2,2,1,0.9840996
INC0004860,1,3,1,0.9951564
INC0004860,2,3,1,0.995911
INC0004860,3,3,1,0.99694735
INC0004862,1,4,1,0.9920094
INC0004862,2,4,1,0.9919898
INC0004862,3,4,1,0.9833165
INC0004862,4,4,1,0.9833745
INC0004873,1,9,1,0.9949444
INC0004873,2,9,1,0.9977702
INC0004873,3,9,1,0.99814177
INC0004873,4,9,1,0.9992561
INC0004873,5,9,1,0.9987489
INC0004873,6,9,1,0.9987465
INC0004873,7,9,1,0.99911886
INC0004873,8,9,1,0.9987465
INC0004882,1,6,1,0.9948632
INC0004882,2,6,1,0.9965634
INC0004882,3,6,1,0.9965783
INC0004882,4,6,1,0.9965783
INC0004882,5,6,1,0.99709535
INC0004882,6,6,1,0.996269
INC0004886,1,4,1,0.9936971
INC0004886,2,4,1,0.9901086
INC0004886,3,4,1,0.98988825
INC0004886,4,4,1,0.99178445
INC0004940,1,14,1,0.9944823
INC0004940,2,14,1,0.9953505
INC0004940,3,14,1,0.99634093
INC0004940,4,14,1,0.99666804
INC0004940,5,14,1,0.9983997
INC0004940,6,14,1,0.99642426
INC0004940,7,14,1,0.9962773
INC0004940,8,14,1,0.9979153
INC0004952,1,3,1,0.98166186
INC0004952,2,3,1,0.9921733
INC0004952,3,3,1,0.9972166
INC0004955,1,1,1,0.9986902
INC0004956,1,13,1,0.9921862
INC0004956,2,13,1,0.99258935
INC0004956,3,13,1,0.99369377
INC0004956,4,13,1,0.9933374
INC0004956,5,13,1,0.9971981
INC0004956,6,13,1,0.99709857
INC0004956,7,13,1,0.9963076
INC0004956,8,13,1,0.9968509
INC0004959,1,2,1,0.9981325
INC0004959,2,2,1,0.9996295
INC0004965,1,14,1,0.9944179
INC0004965,2,14,1,0.9975293
INC0004965,3,14,1,0.9975677
INC0004965,4,14,1,0.997815
INC0004965,5,14,1,0.99864453
INC0004965,6,14,1,0.99865985
INC0004965,7,14,1,0.99886477
INC0004965,8,14,1,0.9989316
INC0004985,1,2,1,0.99496317
INC0004985,2,2,1,0.9984327
INC0004994,1,8,1,0.9909252
INC0004994,2,8,1,0.99090356
INC0004994,3,8,1,0.9928133
INC0004994,4,8,1,0.9961344
INC0004994,5,8,1,0.99365026
INC0004994,6,8,1,0.99369097
INC0004994,7,8,1,0.99357694
INC0004994,8,8,1,0.992904
INC0005034,1,8,1,0.99213165
INC0005034,2,8,1,0.98987854
INC0005034,3,8,1,0.98771393
INC0005034,4,8,1,0.9899458
INC0005034,5,8,1,0.9914989
INC0005034,6,8,1,0.9974872
INC0005034,7,8,1,0.99820995
INC0005034,8,8,1,0.99843615
INC0005041,1,2,1,0.9975079
INC0005041,2,2,1,0.9969957
INC0005044,1,5,1,0.9912349
INC0005044,2,5,1,0.9929745
INC0005044,3,5,1,0.9979728
INC0005044,4,5,1,0.99763834
INC0005044,5,5,1,0.99721175
INC0005057,1,9,1,0.9946353
INC0005057,2,9,1,0.9962495
INC0005057,3,9,1,0.99842876
INC0005057,4,9,1,0.99908876
INC0005057,5,9,1,0.9988207
INC0005057,6,9,1,0.9987999
INC0005057,7,9,1,0.9992899
INC0005057,8,9,1,0.9991874
INC0005074,1,14,1,0.9947813
INC0005074,2,14,1,0.99313533
INC0005074,3,14,1,0.9929884
INC0005074,4,14,1,0.99566984
INC0005074,5,14,1,0.9981249
INC0005074,6,14,1,0.9964966
INC0005074,7,14,1,0.99810517
INC0005074,8,14,1,0.9962108
INC0005082,1,3,0,0.98965144
INC0005082,2,3,0,0.99186665
INC0005082,3,3,0,0.99197406
INC0005088,1,6,1,0.9934917
INC0005088,2,6,1,0.99774456
INC0005088,3,6,1,0.99806863
INC0005088,4,6,1,0.99865305
INC0005088,5,6,1,0.9989261
INC0005088,6,6,1,0.9987005
INC0005098,1,7,1,0.99487644
INC0005098,2,7,1,0.99760914
INC0005098,3,7,1,0.9976604
INC0005098,4,7,1,0.9982822
INC0005098,5,7,1,0.99800235
INC0005098,6,7,1,0.99920386
INC0005098,7,7,1,0.998926
INC0005136,1,4,1,0.9937714
INC0005136,2,4,1,0.9989612
INC0005136,3,4,1,0.9995596
INC0005136,4,4,1,0.99795985
INC0005150,1,11,1,0.98996735
INC0005150,2,11,1,0.98935086
INC0005150,3,11,1,0.99174833
INC0005150,4,11,1,0.99773395
INC0005150,5,11,1,0.9989674
INC0005150,6,11,1,0.9973574
INC0005150,7,11,1,0.9994716
INC0005150,8,11,1,0.99946314
INC0005181,1,4,1,0.98688275
INC0005181,2,4,1,0.9913863
INC0005181,3,4,1,0.9964502
INC0005181,4,4,1,0.99672735
INC0005192,1,3,1,0.99680483
INC0005192,2,3,1,0.9973224
INC0005192,3,3,1,0.9973224
INC0005203,1,7,1,0.99271905
INC0005203,2,7,1,0.9982394
INC0005203,3,7,1,0.987041
INC0005203,4,7,1,0.99779534
INC0005203,5,7,1,0.997182
INC0005203,6,7,1,0.9968233
INC0005203,7,7,1,0.9979644
INC0005206,1,4,1,0.9888032
INC0005206,2,4,1,0.99020433
INC0005206,3,4,1,0.9974778
INC0005206,4,4,1,0.9988117
INC0005217,1,9,1,0.9929784
INC0005217,2,9,1,0.9927938
INC0005217,3,9,1,0.9914659
INC0005217,4,9,1,0.9934521
INC0005217,5,9,1,0.9958702
INC0005217,6,9,1,0.99170977
INC0005217,7,9,1,0.9832706
INC0005217,8,9,1,0.9972799
INC0005225,1,3,1,0.99422014
INC0005225,2,3,1,0.9980743
INC0005225,3,3,1,0.9980805
INC0005231,1,4,1,0.99595404
INC0005231,2,4,1,0.9986791
INC0005231,3,4,1,0.99378103
INC0005231,4,4,1,0.9988079
INC0005254,1,7,1,0.99486524
INC0005254,2,7,1,0.99819463
INC0005254,3,7,1,0.9981604
INC0005254,4,7,1,0.9977391
INC0005254,5,7,1,0.9987839
INC0005254,6,7,1,0.99896145
INC0005254,7,7,1,0.9986318
INC0005260,1,2,1,0.98783475
INC0005260,2,2,1,0.9955551
INC0005271,1,7,1,0.99387085
INC0005271,2,7,1,0.9848114
INC0005271,3,7,1,0.9907877
INC0005271,4,7,1,0.99052835
INC0005271,5,7,1,0.99735117
INC0005271,6,7,1,0.992782
INC0005271,7,7,1,0.99368143
INC0005282,1,2,1,0.99658066
INC0005282,2,2,1,0.9984372
INC0005298,1,1,1,0.998869
INC0005313,1,4,1,0.9971517
INC0005313,2,4,1,0.9964993
INC0005313,3,4,1,0.9984987
INC0005313,4,4,1,0.97958755
INC0005316,1,2,1,0.9974492
INC0005316,2,2,1,0.99355435
INC0005349,1,2,1,0.99789125
INC0005349,2,2,1,0.9975495
INC0005353,1,1,1,0.99672985
INC0005356,1,3,1,0.9976744
INC0005356,2,3,1,0.9968828
INC0005356,3,3,1,0.9970504
INC0005362,1,4,1,0.9978867
INC0005362,2,4,1,0.99840516
INC0005362,3,4,1,0.99821645
INC0005362,4,4,1,0.9982938
INC0005363,1,5,1,0.9981267
INC0005363,2,5,1,0.9923861
INC0005363,3,5,1,0.9984409
INC0005363,4,5,1,0.9990037
INC0005363,5,5,1,0.9992649
INC0005374,1,2,1,0.99729174
INC0005374,2,2,1,0.996564
INC0005380,1,8,1,0.998139
INC0005380,2,8,1,0.998828
INC0005380,3,8,1,0.99882406
INC0005380,4,8,1,0.9987993
INC0005380,5,8,1,0.999064
INC0005380,6,8,1,0.9994254
INC0005380,7,8,1,0.99911016
INC0005380,8,8,1,0.99918455
INC0005398,1,8,1,0.9948048
INC0005398,2,8,1,0.9960969
INC0005398,3,8,1,0.99694073
INC0005398,4,8,1,0.9977068
INC0005398,5,8,1,0.9974044
INC0005398,6,8,1,0.9976672
INC0005398,7,8,1,0.99035066
INC0005398,8,8,1,0.9978514
INC0005421,1,12,1,0.9935202
INC0005421,2,12,1,0.99560994
INC0005421,3,12,1,0.9967349
INC0005421,4,12,1,0.99725467
INC0005421,5,12,1,0.99429494
INC0005421,6,12,1,0.9944147
INC0005421,7,12,1,0.99604553
INC0005421,8,12,1,0.9961287
INC0005438,1,2,1,0.99781907
INC0005438,2,2,1,0.99847454
INC0005447,1,9,1,0.9956275
INC0005447,2,9,1,0.9941989
INC0005447,3,9,1,0.99390066
INC0005447,4,9,1,0.99522555
INC0005447,5,9,1,0.9865437
INC0005447,6,9,1,0.99842656
INC0005447,7,9,1,0.99862134
INC0005447,8,9,1,0.9981838
INC0005457,1,7,1,0.99873763
INC0005457,2,7,1,0.9987299
INC0005457,3,7,1,0.9986053
INC0005457,4,7,1,0.9984926
INC0005457,5,7,1,0.9920208
INC0005457,6,7,1,0.9991253
INC0005457,7,7,1,0.99936146
INC0005466,1,2,1,0.9973882
INC0005466,2,2,1,0.99912626
INC0005511,1,6,1,0.9973749
INC0005511,2,6,1,0.99632937
INC0005511,3,6,1,0.9967278
INC0005511,4,6,1,0.99724895
INC0005511,5,6,1,0.99724895
INC0005511,6,6,1,0.99703145
INC0005525,1,5,1,0.998314
INC0005525,2,5,1,0.99922633
INC0005525,3,5,1,0.99818087
INC0005525,4,5,1,0.99846786
INC0005525,5,5,1,0.9983437
INC0005558,1,8,1,0.99424356
INC0005558,2,8,1,0.9961318
INC0005558,3,8,1,0.99559444
INC0005558,4,8,1,0.99646986
INC0005558,5,8,1,0.9898874
INC0005558,6,8,1,0.998895
INC0005558,7,8,1,0.9975442
INC0005558,8,8,1,0.9974113
INC0005580,1,2,1,0.9969562
INC0005580,2,2,1,0.99685764
INC0005602,1,6,1,0.997825
INC0005602,2,6,1,0.9968182
INC0005602,3,6,1,0.9873116
INC0005602,4,6,1,0.9409347
INC0005602,5,6,1,0.96852344
INC0005602,6,6,1,0.97525626
INC0005626,1,6,1,0.99802256
INC0005626,2,6,1,0.9963356
INC0005626,3,6,1,0.99535745
INC0005626,4,6,1,0.9780321
INC0005626,5,6,1,0.99726784
INC0005626,6,6,1,0.9981065
INC0005628,1,10,1,0.9951623
INC0005628,2,10,1,0.9972217
INC0005628,3,10,1,0.9975541
INC0005628,4,10,1,0.99398077
INC0005628,5,10,1,0.9789386
INC0005628,6,10,1,0.971105
INC0005628,7,10,1,0.98591924
INC0005628,8,10,1,0.9917926
INC0005699,1,1,1,0.9916385
INC0005700,1,3,0,0.98541117
INC0005700,2,3,0,0.9911254
INC0005700,3,3,0,0.9911417
INC0005721,1,8,1,0.98699516
INC0005721,2,8,1,0.9397079
INC0005721,3,8,1,0.8792565
INC0005721,4,8,1,0.9141439
INC0005721,5,8,1,0.7342264
INC0005721,6,8,1,0.79446876
INC0005721,7,8,1,0.795841
INC0005721,8,8,1,0.78254837
INC0005746,1,7,1,0.98202884
INC0005746,2,7,1,0.9938896
INC0005746,3,7,1,0.9908743
INC0005746,4,7,1,0.98986673
INC0005746,5,7,1,0.9874495
INC0005746,6,7,1,0.9874495
INC0005746,7,7,1,0.9911623
INC0005762,1,9,1,0.99023855
INC0005762,2,9,1,0.9987429
INC0005762,3,9,1,0.9987841
INC0005762,4,9,1,0.96844065
INC0005762,5,9,1,0.9698118
INC0005762,6,9,1,0.98590684
INC0005762,7,9,1,0.99606687
INC0005762,8,9,1,0.99589974
INC0005790,1,5,1,0.99110085
INC0005790,2,5,1,0.97663945
INC0005790,3,5,1,0.30617502
INC0005790,4,5,1,0.8771936
INC0005790,5,5,1,0.9907817
INC0005802,1,8,1,0.9893639
INC0005802,2,8,1,0.99012786
INC0005802,3,8,1,0.9731303
INC0005802,4,8,1,0.5088449
INC0005802,5,8,1,0.43971536
INC0005802,6,8,1,0.43971536
INC0005802,7,8,1,0.9922037
INC0005802,8,8,1,0.99184275
INC0005809,1,3,1,0.9920398
INC0005809,2,3,1,0.9901398
INC0005809,3,3,1,0.9636599
INC0005812,1,12,1,0.9931965
INC0005812,2,12,1,0.75288975
INC0005812,3,12,1,0.97025585
INC0005812,4,12,1,0.9137131
INC0005812,5,12,1,0.9360309
INC0005812,6,12,1,0.9420308
INC0005812,7,12,1,0.9987716
INC0005812,8,12,1,0.99733377
INC0005836,1,4,1,0.99080735
INC0005836,2,4,1,0.91951966
INC0005836,3,4,1,0.92904013
INC0005836,4,4,1,0.92765534
INC0005864,1,4,1,0.9901196
INC0005864,2,4,1,0.96756965
INC0005864,3,4,1,0.93392336
INC0005864,4,4,1,0.94594467
INC0005873,1,8,1,0.987123
INC0005873,2,8,1,0.98688406
INC0005873,3,8,1,0.982834
INC0005873,4,8,1,0.982704
INC0005873,5,8,1,0.46909153
INC0005873,6,8,1,0.9980007
INC0005873,7,8,1,0.9934807
INC0005873,8,8,1,0.9933339
INC0005884,1,4,1,0.97720313
INC0005884,2,4,1,0.99671644
INC0005884,3,4,1,0.95851064
INC0005884,4,4,1,0.9573725
INC0005894,1,4,1,0.9901636
INC0005894,2,4,1,0.9868918
INC0005894,3,4,1,0.9537442
INC0005894,4,4,1,0.9492937
INC0005918,1,10,1,0.99172145
INC0005918,2,10,1,0.95971835
INC0005918,3,10,1,0.8423596
INC0005918,4,10,1,0.88140905
INC0005918,5,10,1,0.93661606
INC0005918,6,10,1,0.96079445
INC0005918,7,10,1,0.9961671
INC0005918,8,10,1,0.99601364
INC0005926,1,2,1,0.99496233
INC0005926,2,2,1,0.99572855
INC0005943,1,10,1,0.9903554
INC0005943,2,10,1,0.9932193
INC0005943,3,10,1,0.9945537
INC0005943,4,10,1,0.6385374
INC0005943,5,10,1,0.6736444
INC0005943,6,10,1,0.6981532
INC0005943,7,10,1,0.84752613
INC0005943,8,10,1,0.81752384
INC0005958,1,3,1,0.9900525
INC0005958,2,3,1,0.9921406
INC0005958,3,3,1,0.99280566
INC0005972,1,7,0,0.009821552
INC0005972,2,7,0,0.0093725175
INC0005972,3,7,0,0.011392553
INC0005972,4,7,0,0.01043771
INC0005972,5,7,0,0.010418585
INC0005972,6,7,0,0.015097092
INC0005972,7,7,0,0.016871033
INC0005999,1,5,1,0.9932634
INC0005999,2,5,1,0.99267983
INC0005999,3,5,1,0.9965592
INC0005999,4,5,1,0.9861407
INC0005999,5,5,1,0.935725
INC0006023,1,8,1,0.99284303
INC0006023,2,8,1,0.9489266
INC0006023,3,8,1,0.9362363
INC0006023,4,8,1,0.9948862
INC0006023,5,8,1,0.99483407
INC0006023,6,8,1,0.99562657
INC0006023,7,8,1,0.99352854
INC0006023,8,8,1,0.9945228
INC0006064,1,8,1,0.9932279
INC0006064,2,8,1,0.9914676
INC0006064,3,8,1,0.99035674
INC0006064,4,8,1,0.992849
INC0006064,5,8,1,0.992539
INC0006064,6,8,1,0.96750367
INC0006064,7,8,1,0.968863
INC0006064,8,8,1,0.92111367
INC0006074,1,1,1,0.98727673
INC0006082,1,14,1,0.9929016
INC0006082,2,14,1,0.96359557
INC0006082,3,14,1,0.96548784
INC0006082,4,14,1,0.9294525
INC0006082,5,14,1,0.93183863
INC0006082,6,14,1,0.94118536
INC0006082,7,14,1,0.95296174
INC0006082,8,14,1,0.9497501
INC0006093,1,3,1,0.99181646
INC0006093,2,3,1,0.9429726
INC0006093,3,3,1,0.98562545
INC0006100,1,2,1,0.9908791
INC0006100,2,2,1,0.9944847
INC0006117,1,2,1,0.99751246
INC0006117,2,2,1,0.87696326
INC0006125,1,7,1,0.96203154
INC0006125,2,7,1,0.953487
INC0006125,3,7,1,0.9409725
INC0006125,4,7,1,0.96202457
INC0006125,5,7,1,0.2704783
INC0006125,6,7,1,0.83079016
INC0006125,7,7,1,0.9914746
INC0006136,1,8,1,0.9930225
INC0006136,2,8,1,0.9531776
INC0006136,3,8,1,0.8948803
INC0006136,4,8,1,0.90929663
INC0006136,5,8,1,0.8867346
INC0006136,6,8,1,0.8863165
INC0006136,7,8,1,0.9617206
INC0006136,8,8,1,0.9932153
INC0006139,1,3,1,0.95969033
INC0006139,2,3,1,0.9190628
INC0006139,3,3,1,0.94349164
INC0006140,1,7,1,0.9621043
INC0006140,2,7,1,0.96293163
INC0006140,3,7,1,0.95185393
INC0006140,4,7,1,0.9514688
INC0006140,5,7,1,0.71745914
INC0006140,6,7,1,0.87179697
INC0006140,7,7,1,0.95418894
INC0006141,1,3,1,0.9270006
INC0006141,2,3,1,0.9370053
INC0006141,3,3,1,0.9277144
INC0006155,1,1,1,0.9728018
INC0006172,1,12,1,0.9684798
INC0006172,2,12,1,0.95228976
INC0006172,3,12,1,0.95228976
INC0006172,4,12,1,0.9584817
INC0006172,5,12,1,0.91613096
INC0006172,6,12,1,0.8422317
INC0006172,7,12,1,0.72216815
INC0006172,8,12,1,0.9934735
INC0006175,1,6,1,0.9670273
INC0006175,2,6,1,0.96872354
INC0006175,3,6,1,0.9888311
INC0006175,4,6,1,0.8702733
INC0006175,5,6,1,0.9615933
INC0006175,6,6,1,0.59079045
INC0006178,1,9,1,0.958496
INC0006178,2,9,1,0.9349366
INC0006178,3,9,1,0.95319045
INC0006178,4,9,1,0.48584694
INC0006178,5,9,1,0.5278605
INC0006178,6,9,1,0.6049502
INC0006178,7,9,1,0.86866385
INC0006178,8,9,1,0.7580056
INC0006186,1,7,1,0.94612306
INC0006186,2,7,1,0.93888384
INC0006186,3,7,1,0.9041681
INC0006186,4,7,1,0.97151965
INC0006186,5,7,1,0.968889
INC0006186,6,7,1,0.9681006
INC0006186,7,7,1,0.967198
INC0006193,1,1,1,0.9266469
INC0006199,1,9,1,0.9563038
INC0006199,2,9,1,0.873032
INC0006199,3,9,1,0.95927036
INC0006199,4,9,1,0.9725265
INC0006199,5,9,1,0.6917366
INC0006199,6,9,1,0.74905366
INC0006199,7,9,1,0.94852614
INC0006199,8,9,1,0.9972268
INC0006200,1,3,1,0.9587205
INC0006200,2,3,1,0.9965849
INC0006200,3,3,1,0.99332446
INC0006215,1,4,1,0.95010346
INC0006215,2,4,1,0.9522154
INC0006215,3,4,1,0.93261427
INC0006215,4,4,1,0.49116817
INC0006220,1,5,1,0.99029493
INC0006220,2,5,1,0.9863679
INC0006220,3,5,1,0.9739561
INC0006220,4,5,1,0.7782363
INC0006220,5,5,1,0.99732566
INC0006224,1,15,1,0.9220949
INC0006224,2,15,1,0.98233503
INC0006224,3,15,1,0.6675401
INC0006224,4,15,1,0.910989
INC0006224,5,15,1,0.9940042
INC0006224,6,15,1,0.99386805
INC0006224,7,15,1,0.9948437
INC0006224,8,15,1,0.9954074
INC0006229,1,4,1,0.94426197
INC0006229,2,4,1,0.9369826
INC0006229,3,4,1,0.80253047
INC0006229,4,4,1,0.80048615
INC0006245,1,1,1,0.6816914
INC0006257,1,4,1,0.8373858
INC0006257,2,4,1,0.83128226
INC0006257,3,4,1,0.9045626
INC0006257,4,4,1,0.9442404
INC0006273,1,1,1,0.6930832
INC0006281,1,6,1,0.80953383
INC0006281,2,6,1,0.91688114
INC0006281,3,6,1,0.9605127
INC0006281,4,6,1,0.9644456
INC0006281,5,6,1,0.99756134
INC0006281,6,6,1,0.99700886
INC0006295,1,4,1,0.6800669
INC0006295,2,4,1,0.8643867
INC0006295,3,4,1,0.85998034
INC0006295,4,4,1,0.8590532
INC0006349,1,2,1,0.8527379
INC0006349,2,2,1,0.9676802
INC0006381,1,1,0,0.06790277
INC0006394,1,4,1,0.9833054
INC0006394,2,4,1,0.9841877
INC0006394,3,4,1,0.8760578
INC0006394,4,4,1,0.9092711
INC0006419,1,8,1,0.75612444
INC0006419,2,8,1,0.56522036
INC0006419,3,8,1,0.8638267
INC0006419,4,8,1,0.88637364
INC0006419,5,8,1,0.9987651
INC0006419,6,8,1,0.99884903
INC0006419,7,8,1,0.99893564
INC0006419,8,8,1,0.9988236
INC0006424,1,3,1,0.98142344
INC0006424,2,3,1,0.85123074
INC0006424,3,3,1,0.97324187
INC0006435,1,7,1,0.9308246
INC0006435,2,7,1,0.80901533
INC0006435,3,7,1,0.7731455
INC0006435,4,7,1,0.7708083
INC0006435,5,7,1,0.7837862
INC0006435,6,7,1,0.8161408
INC0006435,7,7,1,0.8156345
INC0006446,1,3,1,0.85062444
INC0006446,2,3,1,0.8265193
INC0006446,3,3,1,0.47932482
INC0006450,1,5,1,0.9654915
INC0006450,2,5,1,0.96577126
INC0006450,3,5,1,0.9606519
INC0006450,4,5,1,0.96443105
INC0006450,5,5,1,0.96643114
INC0006455,1,3,1,0.847657
INC0006455,2,3,1,0.79067975
INC0006455,3,3,1,0.21452226
INC0006467,1,3,1,0.98341364
INC0006467,2,3,1,0.97861576
INC0006467,3,3,1,0.91607815
INC0006494,1,3,1,0.98581123
INC0006494,2,3,1,0.995096
INC0006494,3,3,1,0.998922
INC0006508,1,5,1,0.9575606
INC0006508,2,5,1,0.97496253
INC0006508,3,5,1,0.97416276
INC0006508,4,5,1,0.9739217
INC0006508,5,5,1,0.9739217
INC0006509,1,4,1,0.96166086
INC0006509,2,4,1,0.9946655
INC0006509,3,4,1,0.9987638
INC0006509,4,4,1,0.9990398
INC0006514,1,1,1,0.918083
INC0006520,1,7,1,0.9848018
INC0006520,2,7,1,0.98039424
INC0006520,3,7,1,0.9806029
INC0006520,4,7,1,0.8609586
INC0006520,5,7,1,0.8582995
INC0006520,6,7,1,0.8462829
INC0006520,7,7,1,0.8658128
INC0006532,1,4,1,0.9307267
INC0006532,2,4,1,0.8703094
INC0006532,3,4,1,0.712196
INC0006532,4,4,1,0.74193734
INC0006549,1,1,1,0.81025416
INC0006550,1,6,1,0.9800789
INC0006550,2,6,1,0.96992457
INC0006550,3,6,1,0.95113677
INC0006550,4,6,1,0.8956923
INC0006550,5,6,1,0.90544367
INC0006550,6,6,1,0.9413144
INC0006555,1,3,1,0.92854065
INC0006555,2,3,1,0.8317666
INC0006555,3,3,1,0.87492704
INC0006562,1,6,1,0.52100116
INC0006562,2,6,1,0.6539964
INC0006562,3,6,1,0.3612202
INC0006562,4,6,1,0.7079477
INC0006562,5,6,1,0.76332366
INC0006562,6,6,1,0.776705
INC0006566,1,4,1,0.98472637
INC0006566,2,4,1,0.9108723
INC0006566,3,4,1,0.9944013
INC0006566,4,4,1,0.99830353
INC0006569,1,2,1,0.83660465
INC0006569,2,2,1,0.3488593
INC0006580,1,2,0,0.036117602
INC0006580,2,2,0,0.024356073
INC0006583,1,1,1,0.88586986
INC0006584,1,6,1,0.8442839
INC0006584,2,6,1,0.6109201
INC0006584,3,6,1,0.76560974
INC0006584,4,6,1,0.77227354
INC0006584,5,6,1,0.77022004
INC0006584,6,6,1,0.77022004
INC0006585,1,9,1,0.9193603
INC0006585,2,9,1,0.82110846
INC0006585,3,9,1,0.8722454
INC0006585,4,9,1,0.99793434
INC0006585,5,9,1,0.9975381
INC0006585,6,9,1,0.9974934
INC0006585,7,9,1,0.99737036
INC0006585,8,9,1,0.9978388
INC0006588,1,4,1,0.7316673
INC0006588,2,4,1,0.75532407
INC0006588,3,4,1,0.27766874
INC0006588,4,4,1,0.41816133
INC0006603,1,2,1,0.69559145
INC0006603,2,2,1,0.26569217
INC0006609,1,5,1,0.7899931
INC0006609,2,5,1,0.49469694
INC0006609,3,5,1,0.5662284
INC0006609,4,5,1,0.7081169
INC0006609,5,5,1,0.80829716
INC0006622,1,4,1,0.93267703
INC0006622,2,4,1,0.99379265
INC0006622,3,4,1,0.998582
INC0006622,4,4,1,0.9990345
INC0006629,1,2,1,0.53711665
INC0006629,2,2,1,0.65390164
INC0006651,1,1,1,0.22869186
INC0006654,1,3,1,0.9739605
INC0006654,2,3,1,0.9920963
INC0006654,3,3,1,0.99258703
INC0006661,1,10,1,0.5499006
INC0006661,2,10,1,0.8198595
INC0006661,3,10,1,0.8259743
INC0006661,4,10,1,0.99795675
INC0006661,5,10,1,0.99793077
INC0006661,6,10,1,0.9979346
INC0006661,7,10,1,0.99832565
INC0006661,8,10,1,0.9986136
INC0006663,1,7,1,0.6327843
INC0006663,2,7,1,0.6185935
INC0006663,3,7,1,0.74176943
INC0006663,4,7,1,0.9075003
INC0006663,5,7,1,0.9990326
INC0006663,6,7,1,0.99898905
INC0006663,7,7,1,0.99897075
INC0006708,1,1,1,0.4655954
INC0006736,1,6,1,0.5149293
INC0006736,2,6,1,0.5028686
INC0006736,3,6,1,0.84280723
INC0006736,4,6,1,0.9583575
INC0006736,5,6,1,0.9784781
INC0006736,6,6,1,0.9962437
INC0006760,1,4,1,0.34797782
INC0006760,2,4,1,0.33579347
INC0006760,3,4,1,0.87205034
INC0006760,4,4,1,0.99794036
INC0006767,1,2,1,0.5046283
INC0006767,2,2,1,0.86897415
INC0006768,1,7,1,0.33071285
INC0006768,2,7,1,0.40195066
INC0006768,3,7,1,0.8044476
INC0006768,4,7,1,0.81878716
INC0006768,5,7,1,0.86294067
INC0006768,6,7,1,0.86294067
INC0006768,7,7,1,0.86294067
INC0006782,1,2,1,0.20121768
INC0006782,2,2,1,0.5717204
INC0006787,1,2,1,0.47290018
INC0006787,2,2,1,0.5824866
INC0006788,1,3,1,0.5161794
INC0006788,2,3,1,0.5218028
INC0006788,3,3,1,0.9005296
INC0006802,1,4,1,0.31284538
INC0006802,2,4,1,0.2805325
INC0006802,3,4,1,0.83252686
INC0006802,4,4,1,0.7504458
INC0006809,1,9,1,0.5518215
INC0006809,2,9,1,0.5623239
INC0006809,3,9,1,0.7368018
INC0006809,4,9,1,0.8012326
INC0006809,5,9,1,0.8257664
INC0006809,6,9,1,0.85354555
INC0006809,7,9,1,0.830643
INC0006809,8,9,1,0.945238
INC0006820,1,3,1,0.29243207
INC0006820,2,3,1,0.4159503
INC0006820,3,3,1,0.86470795
INC0006869,1,7,1,0.71540165
INC0006869,2,7,1,0.9267673
INC0006869,3,7,1,0.842687
INC0006869,4,7,1,0.8939729
INC0006869,5,7,1,0.85769963
INC0006869,6,7,1,0.85400414
INC0006869,7,7,1,0.84841216
INC0006872,1,5,1,0.6559808
INC0006872,2,5,1,0.6142753
INC0006872,3,5,1,0.90862226
INC0006872,4,5,1,0.92156297
INC0006872,5,5,1,0.86005336
INC0006893,1,2,1,0.9009694
INC0006893,2,2,1,0.9503515
INC0006909,1,4,1,0.67702526
INC0006909,2,4,1,0.6752213
INC0006909,3,4,1,0.7850265
INC0006909,4,4,1,0.7843217
INC0006941,1,2,1,0.49139524
INC0006941,2,2,1,0.7070126
INC0006942,1,1,1,0.8594039
INC0006944,1,3,1,0.60028714
INC0006944,2,3,1,0.6674389
INC0006944,3,3,1,0.5847035
INC0006951,1,4,1,0.7691899
INC0006951,2,4,1,0.72657424
INC0006951,3,4,1,0.76169616
INC0006951,4,4,1,0.99845636
INC0006962,1,2,1,0.51933277
INC0006962,2,2,1,0.76846135
INC0006968,1,5,1,0.94140196
INC0006968,2,5,1,0.949228
INC0006968,3,5,1,0.9249601
INC0006968,4,5,1,0.76574975
INC0006968,5,5,1,0.7796976
INC0006974,1,1,1,0.62971026
INC0006983,1,7,1,0.9211652
INC0006983,2,7,1,0.92535543
INC0006983,3,7,1,0.95055825
INC0006983,4,7,1,0.9524711
INC0006983,5,7,1,0.97976345
INC0006983,6,7,1,0.98057383
INC0006983,7,7,1,0.89261514
INC0006996,1,5,1,0.97225046
INC0006996,2,5,1,0.9921944
INC0006996,3,5,1,0.9979584
INC0006996,4,5,1,0.99812573
INC0006996,5,5,1,0.99799585
INC0007016,1,6,1,0.86067194
INC0007016,2,6,1,0.91841197
INC0007016,3,6,1,0.8888285
INC0007016,4,6,1,0.8767077
INC0007016,5,6,1,0.9981706
INC0007016,6,6,1,0.9981741
INC0007024,1,5,1,0.9600606
INC0007024,2,5,1,0.96637094
INC0007024,3,5,1,0.9875896
INC0007024,4,5,1,0.99938583
INC0007024,5,5,1,0.9994386
INC0007037,1,7,1,0.55476123
INC0007037,2,7,1,0.7331383
INC0007037,3,7,1,0.8415237
INC0007037,4,7,1,0.8304745
INC0007037,5,7,1,0.8403334
INC0007037,6,7,1,0.7303516
INC0007037,7,7,1,0.80267096
INC0007058,1,3,0,0.83721155
INC0007058,2,3,0,0.94302773
INC0007058,3,3,0,0.9436413
INC0007063,1,7,1,0.86495763
INC0007063,2,7,1,0.937659
INC0007063,3,7,1,0.77645594
INC0007063,4,7,1,0.8150965
INC0007063,5,7,1,0.84832454
INC0007063,6,7,1,0.8388687
INC0007063,7,7,1,0.87409997
INC0007076,1,1,1,0.83446616
INC0007084,1,1,1,0.80946803
INC0007086,1,1,1,0.80189747
INC0007102,1,1,1,0.92369896
INC0007104,1,6,1,0.98118883
INC0007104,2,6,1,0.9839516
INC0007104,3,6,1,0.98648083
INC0007104,4,6,1,0.89787126
INC0007104,5,6,1,0.9230213
INC0007104,6,6,1,0.95469695
INC0007108,1,7,1,0.99063474
INC0007108,2,7,1,0.992077
INC0007108,3,7,1,0.9852961
INC0007108,4,7,1,0.9498365
INC0007108,5,7,1,0.96625715
INC0007108,6,7,1,0.9690048
INC0007108,7,7,1,0.9039816
INC0007114,1,6,1,0.8442966
INC0007114,2,6,1,0.8821103
INC0007114,3,6,1,0.7186935
INC0007114,4,6,1,0.71659696
INC0007114,5,6,1,0.7333926
INC0007114,6,6,1,0.74530023
INC0007128,1,1,1,0.89256513
INC0007141,1,5,1,0.94511604
INC0007141,2,5,1,0.9445737
INC0007141,3,5,1,0.9364824
INC0007141,4,5,1,0.88016427
INC0007141,5,5,1,0.7641063
INC0007155,1,8,1,0.8914699
INC0007155,2,8,1,0.92397475
INC0007155,3,8,1,0.75067014
INC0007155,4,8,1,0.8190202
INC0007155,5,8,1,0.8201206
INC0007155,6,8,1,0.8370251
INC0007155,7,8,1,0.8823344
INC0007155,8,8,1,0.8932518
INC0007162,1,2,1,0.7690909
INC0007162,2,2,1,0.8325483
INC0007165,1,4,1,0.96915555
INC0007165,2,4,1,0.9793785
INC0007165,3,4,1,0.9778786
INC0007165,4,4,1,0.99839634
INC0007169,1,4,1,0.8894104
INC0007169,2,4,1,0.8451147
INC0007169,3,4,1,0.8741721
INC0007169,4,4,1,0.8755123
INC0007174,1,8,1,0.61057943
INC0007174,2,8,1,0.7488591
INC0007174,3,8,1,0.7095326
INC0007174,4,8,1,0.85439706
INC0007174,5,8,1,0.90305537
INC0007174,6,8,1,0.73583823
INC0007174,7,8,1,0.8531136
INC0007174,8,8,1,0.8535693
INC0007187,1,8,1,0.94217944
INC0007187,2,8,1,0.7807721
INC0007187,3,8,1,0.8281873
INC0007187,4,8,1,0.99819607
INC0007187,5,8,1,0.9983499
INC0007187,6,8,1,0.9981225
INC0007187,7,8,1,0.9982186
INC0007187,8,8,1,0.9982424
INC0007198,1,7,0,0.05595847
INC0007198,2,7,0,0.1221462
INC0007198,3,7,0,0.14961773
INC0007198,4,7,0,0.16616936
INC0007198,5,7,0,0.08234571
INC0007198,6,7,0,0.07169043
INC0007198,7,7,0,0.06793108
INC0007208,1,10,1,0.9255128
INC0007208,2,10,1,0.5086172
INC0007208,3,10,1,0.488915
INC0007208,4,10,1,0.4602578
INC0007208,5,10,1,0.41861305
INC0007208,6,10,1,0.483465
INC0007208,7,10,1,0.996119
INC0007208,8,10,1,0.99565035
INC0007224,1,14,1,0.9292168
INC0007224,2,14,1,0.9074907
INC0007224,3,14,1,0.9321138
INC0007224,4,14,1,0.99783957
INC0007224,5,14,1,0.9978296
INC0007224,6,14,1,0.99770135
INC0007224,7,14,1,0.9978163
INC0007224,8,14,1,0.99829465
INC0007228,1,5,1,0.89382875
INC0007228,2,5,1,0.90715945
INC0007228,3,5,1,0.7916437
INC0007228,4,5,1,0.7792415
INC0007228,5,5,1,0.79530585
INC0007253,1,4,1,0.79808503
INC0007253,2,4,1,0.49940407
INC0007253,3,4,1,0.50022376
INC0007253,4,4,1,0.399109
INC0007300,1,8,1,0.9222832
INC0007300,2,8,1,0.9053162
INC0007300,3,8,1,0.93455887
INC0007300,4,8,1,0.9612628
INC0007300,5,8,1,0.9144116
INC0007300,6,8,1,0.8592313
INC0007300,7,8,1,0.9000847
INC0007300,8,8,1,0.91753364
INC0007328,1,3,1,0.8392714
INC0007328,2,3,1,0.9369401
INC0007328,3,3,1,0.9532152
INC0007330,1,7,1,0.35115454
INC0007330,2,7,1,0.6641286
INC0007330,3,7,1,0.7079982
INC0007330,4,7,1,0.74304104
INC0007330,5,7,1,0.8136951
INC0007330,6,7,1,0.9976515
INC0007330,7,7,1,0.9977811
INC0007332,1,2,1,0.6760399
INC0007332,2,2,1,0.77872175
INC0007334,1,2,1,0.8005838
INC0007334,2,2,1,0.99769163
INC0007368,1,5,1,0.89096034
INC0007368,2,5,1,0.92582643
INC0007368,3,5,1,0.9329202
INC0007368,4,5,1,0.9480061
INC0007368,5,5,1,0.99850756
INC0007382,1,3,1,0.94877386
INC0007382,2,3,1,0.95704985
INC0007382,3,3,1,0.9691852
INC0007400,1,5,1,0.7580368
INC0007400,2,5,1,0.82929045
INC0007400,3,5,1,0.91389406
INC0007400,4,5,1,0.9984439
INC0007400,5,5,1,0.9983759
INC0007402,1,11,1,0.9414061
INC0007402,2,11,1,0.952915
INC0007402,3,11,1,0.96021485
INC0007402,4,11,1,0.9391688
INC0007402,5,11,1,0.9332047
INC0007402,6,11,1,0.9453287
INC0007402,7,11,1,0.9655565
INC0007402,8,11,1,0.97062016
INC0007414,1,6,1,0.6717854
INC0007414,2,6,1,0.58179593
INC0007414,3,6,1,0.8107665
INC0007414,4,6,1,0.99656713
INC0007414,5,6,1,0.99757177
INC0007414,6,6,1,0.9974088
INC0007421,1,3,1,0.6625852
INC0007421,2,3,1,0.70165426
INC0007421,3,3,1,0.60788894
INC0007428,1,11,1,0.4878092
INC0007428,2,11,1,0.8092386
INC0007428,3,11,1,0.8107348
INC0007428,4,11,1,0.90641814
INC0007428,5,11,1,0.9069599
INC0007428,6,11,1,0.9205155
INC0007428,7,11,1,0.9970776
INC0007428,8,11,1,0.99660385
INC0007429,1,6,1,0.66527647
INC0007429,2,6,1,0.7612659
INC0007429,3,6,1,0.7965502
INC0007429,4,6,1,0.8047076
INC0007429,5,6,1,0.82450604
INC0007429,6,6,1,0.8836352
INC0007445,1,7,1,0.7241342
INC0007445,2,7,1,0.80089194
INC0007445,3,7,1,0.997846
INC0007445,4,7,1,0.9978703
INC0007445,5,7,1,0.9978703
INC0007445,6,7,1,0.9978703
INC0007445,7,7,1,0.9985202
INC0007481,1,3,0,0.5806365
INC0007481,2,3,0,0.5111178
INC0007481,3,3,0,0.5111178
INC0007504,1,8,1,0.1441521
INC0007504,2,8,1,0.23128107
INC0007504,3,8,1,0.41448197
INC0007504,4,8,1,0.7784282
INC0007504,5,8,1,0.9971962
INC0007504,6,8,1,0.99760395
INC0007504,7,8,1,0.99748933
INC0007504,8,8,1,0.9964424
INC0007521,1,16,1,0.3977746
INC0007521,2,16,1,0.31495276
INC0007521,3,16,1,0.31335327
INC0007521,4,16,1,0.3679865
INC0007521,5,16,1,0.36841768
INC0007521,6,16,1,0.5042147
INC0007521,7,16,1,0.49616006
INC0007521,8,16,1,0.9809521
INC0007542,1,1,0,0.036155943
INC0007561,1,5,1,0.58071464
INC0007561,2,5,1,0.71339417
INC0007561,3,5,1,0.72448033
INC0007561,4,5,1,0.924236
INC0007561,5,5,1,0.9670027
INC0007562,1,5,0,0.3977144
INC0007562,2,5,0,0.42193136
INC0007562,3,5,0,0.44267705
INC0007562,4,5,0,0.4693761
INC0007562,5,5,0,0.56380063
INC0007565,1,3,0,0.07570478
INC0007565,2,3,0,0.16408445
INC0007565,3,3,0,0.15571564
INC0007566,1,3,1,0.61756575
INC0007566,2,3,1,0.54904234
INC0007566,3,3,1,0.9985178
INC0007573,1,2,0,0.52496994
INC0007573,2,2,0,0.39524326
INC0007582,1,1,0,0.47681227
INC0007592,1,3,1,0.6423756
INC0007592,2,3,1,0.56759
INC0007592,3,3,1,0.9798415
INC0007598,1,6,1,0.49054947
INC0007598,2,6,1,0.44196
INC0007598,3,6,1,0.5927035
INC0007598,4,6,1,0.77063876
INC0007598,5,6,1,0.9981501
INC0007598,6,6,1,0.9981184
INC0007621,1,1,0,0.033532597
INC0007632,1,7,1,0.3962811
INC0007632,2,7,1,0.7786185
INC0007632,3,7,1,0.8690698
INC0007632,4,7,1,0.896684
INC0007632,5,7,1,0.99849474
INC0007632,6,7,1,0.99885666
INC0007632,7,7,1,0.99861825
INC0007643,1,4,1,0.44292256
INC0007643,2,4,1,0.9975146
INC0007643,3,4,1,0.99786156
INC0007643,4,4,1,0.99660695
INC0007663,1,3,0,0.5836539
INC0007663,2,3,0,0.70352316
INC0007663,3,3,0,0.8875364
INC0007664,1,5,0,0.5675958
INC0007664,2,5,0,0.5707668
INC0007664,3,5,0,0.5809919
INC0007664,4,5,0,0.6572338
INC0007664,5,5,0,0.7416495
INC0007673,1,2,1,0.5913825
INC0007673,2,2,1,0.8388269
INC0007681,1,1,0,0.56808853
INC0007696,1,6,1,0.67064756
INC0007696,2,6,1,0.6648072
INC0007696,3,6,1,0.998982
INC0007696,4,6,1,0.99906987
INC0007696,5,6,1,0.9991284
INC0007696,6,6,1,0.9985038
INC0007734,1,1,0,0.012430152
INC0007748,1,1,0,0.42624104
INC0007762,1,2,0,0.37642768
INC0007762,2,2,0,0.4608619
INC0007767,1,7,1,0.4817192
INC0007767,2,7,1,0.39699653
INC0007767,3,7,1,0.5069875
INC0007767,4,7,1,0.88029957
INC0007767,5,7,1,0.99830085
INC0007767,6,7,1,0.99798596
INC0007767,7,7,1,0.9978618
INC0007788,1,5,0,0.55638427
INC0007788,2,5,0,0.6164463
INC0007788,3,5,0,0.59352136
INC0007788,4,5,0,0.65845096
INC0007788,5,5,0,0.63532627
INC0007798,1,3,1,0.45671585
INC0007798,2,3,1,0.7249089
INC0007798,3,3,1,0.9965689
INC0007841,1,2,0,0.5766285
INC0007841,2,2,0,0.46927512
INC0007847,1,3,1,0.98955345
INC0007847,2,3,1,0.99136555
INC0007847,3,3,1,0.99161947
INC0007853,1,5,1,0.59673065
INC0007853,2,5,1,0.74020797
INC0007853,3,5,1,0.8670144
INC0007853,4,5,1,0.896266
INC0007853,5,5,1,0.97762144
INC0007859,1,6,0,0.6021075
INC0007859,2,6,0,0.6217897
INC0007859,3,6,0,0.6608635
INC0007859,4,6,0,0.5991258
INC0007859,5,6,0,0.7998457
INC0007859,6,6,0,0.5843188
INC0007860,1,7,1,0.32362252
INC0007860,2,7,1,0.49406353
INC0007860,3,7,1,0.692448
INC0007860,4,7,1,0.78853714
INC0007860,5,7,1,0.79377013
INC0007860,6,7,1,0.83753973
INC0007860,7,7,1,0.9979291
INC0007868,1,1,0,0.06628313
INC0007869,1,2,0,0.5835055
INC0007869,2,2,0,0.73693925
INC0007904,1,4,0,0.5375665
INC0007904,2,4,0,0.5432768
INC0007904,3,4,0,0.5212885
INC0007904,4,4,0,0.5037421
INC0007935,1,3,0,0.46891373
INC0007935,2,3,0,0.45582145
INC0007935,3,3,0,0.38220978
INC0007956,1,5,1,0.62377894
INC0007956,2,5,1,0.57096994
INC0007956,3,5,1,0.56740606
INC0007956,4,5,1,0.6128826
INC0007956,5,5,1,0.9984314
INC0007975,1,7,1,0.6611393
INC0007975,2,7,1,0.69138634
INC0007975,3,7,1,0.72606736
INC0007975,4,7,1,0.7612673
INC0007975,5,7,1,0.73306084
INC0007975,6,7,1,0.7994219
INC0007975,7,7,1,0.9986767
INC0008014,1,8,0,0.61641544
INC0008014,2,8,0,0.6038581
INC0008014,3,8,0,0.62084454
INC0008014,4,8,0,0.6409722
INC0008014,5,8,0,0.6742169
INC0008014,6,8,0,0.67047083
INC0008014,7,8,0,0.67667335
INC0008014,8,8,0,0.4780815
INC0008039,1,10,1,0.47944367
INC0008039,2,10,1,0.32008472
INC0008039,3,10,1,0.57216483
INC0008039,4,10,1,0.67392826
INC0008039,5,10,1,0.68554574
INC0008039,6,10,1,0.6819808
INC0008039,7,10,1,0.6509016
INC0008039,8,10,1,0.9566258
INC0008070,1,5,0,0.28119048
INC0008070,2,5,0,0.3034895
INC0008070,3,5,0,0.40696806
INC0008070,4,5,0,0.29121017
INC0008070,5,5,0,0.30184063
INC0008106,1,3,0,0.49766144
INC0008106,2,3,0,0.7578609
INC0008106,3,3,0,0.7558451
INC0008119,1,8,1,0.14937463
INC0008119,2,8,1,0.26607597
INC0008119,3,8,1,0.26607597
INC0008119,4,8,1,0.29313672
INC0008119,5,8,1,0.29948568
INC0008119,6,8,1,0.32469666
INC0008119,7,8,1,0.46337196
INC0008119,8,8,1,0.94760203
INC0008126,1,3,0,0.18933983
INC0008126,2,3,0,0.61240953
INC0008126,3,3,0,0.69684696
INC0008133,1,1,0,0.23232533
INC0008140,1,14,0,0.0803905
INC0008140,2,14,0,0.10469919
INC0008140,3,14,0,0.28991205
INC0008140,4,14,0,0.28475252
INC0008140,5,14,0,0.10024032
INC0008140,6,14,0,0.10593921
INC0008140,7,14,0,0.09440004
INC0008140,8,14,0,0.0908604
INC0008141,1,1,0,0.031513587
INC0008150,1,2,0,0.7286359
INC0008150,2,2,0,0.5657207
INC0008151,1,4,1,0.76147085
INC0008151,2,4,1,0.9986154
INC0008151,3,4,1,0.9989029
INC0008151,4,4,1,0.99800843
INC0008154,1,1,0,0.031515248
INC0008164,1,1,0,0.038234282
INC0008189,1,4,1,0.5805666
INC0008189,2,4,1,0.961229
INC0008189,3,4,1,0.97688884
INC0008189,4,4,1,0.97898805
INC0008207,1,4,0,0.41404876
INC0008207,2,4,0,0.3505381
INC0008207,3,4,0,0.33635938
INC0008207,4,4,0,0.6099364
INC0008224,1,1,1,0.45962128
INC0008227,1,5,1,0.46630174
INC0008227,2,5,1,0.38905197
INC0008227,3,5,1,0.49834538
INC0008227,4,5,1,0.99737906
INC0008227,5,5,1,0.9978017
INC0008232,1,13,1,0.38440445
INC0008232,2,13,1,0.34631962
INC0008232,3,13,1,0.4127825
INC0008232,4,13,1,0.52588975
INC0008232,5,13,1,0.997416
INC0008232,6,13,1,0.9972851
INC0008232,7,13,1,0.9979042
INC0008232,8,13,1,0.99765825
INC0008236,1,8,1,0.7613651
INC0008236,2,8,1,0.6110534
INC0008236,3,8,1,0.60253984
INC0008236,4,8,1,0.66251916
INC0008236,5,8,1,0.89675975
INC0008236,6,8,1,0.89675975
INC0008236,7,8,1,0.90970254
INC0008236,8,8,1,0.96739274
INC0008238,1,3,0,0.44992787
INC0008238,2,3,0,0.46532422
INC0008238,3,3,0,0.86846155
INC0008254,1,4,1,0.99029315
INC0008254,2,4,1,0.99207824
INC0008254,3,4,1,0.99927515
INC0008254,4,4,1,0.9993325
INC0008272,1,1,0,0.030717168
INC0008312,1,2,0,0.035277132
INC0008312,2,2,0,0.08073377
INC0008313,1,10,1,0.49532568
INC0008313,2,10,1,0.42330268
INC0008313,3,10,1,0.50977224
INC0008313,4,10,1,0.6661737
INC0008313,5,10,1,0.75983244
INC0008313,6,10,1,0.8857084
INC0008313,7,10,1,0.8846882
INC0008313,8,10,1,0.87984097
INC0008323,1,5,1,0.6653358
INC0008323,2,5,1,0.7528052
INC0008323,3,5,1,0.9769909
INC0008323,4,5,1,0.9975165
INC0008323,5,5,1,0.996229
INC0008325,1,13,1,0.50045514
INC0008325,2,13,1,0.5346356
INC0008325,3,13,1,0.66000664
INC0008325,4,13,1,0.71769077
INC0008325,5,13,1,0.949451
INC0008325,6,13,1,0.99607855
INC0008325,7,13,1,0.99635893
INC0008325,8,13,1,0.9967918
INC0008327,1,2,0,0.46916708
INC0008327,2,2,0,0.38248086
INC0008355,1,3,1,0.54958475
INC0008355,2,3,1,0.75055903
INC0008355,3,3,1,0.6628233
INC0008362,1,1,0,0.62716717
INC0008370,1,4,1,0.33919498
INC0008370,2,4,1,0.9954965
INC0008370,3,4,1,0.9941369
INC0008370,4,4,1,0.9941369
INC0008373,1,2,0,0.51301515
INC0008373,2,2,0,0.28577182
INC0008382,1,1,0,0.40026078
INC0008385,1,7,1,0.607752
INC0008385,2,7,1,0.71222156
INC0008385,3,7,1,0.71697503
INC0008385,4,7,1,0.7293602
INC0008385,5,7,1,0.72948205
INC0008385,6,7,1,0.94486564
INC0008385,7,7,1,0.92306966
INC0008402,1,8,0,0.43836725
INC0008402,2,8,0,0.366123
INC0008402,3,8,0,0.2553983
INC0008402,4,8,0,0.30537257
INC0008402,5,8,0,0.54984045
INC0008402,6,8,0,0.5697317
INC0008402,7,8,0,0.52112466
INC0008402,8,8,0,0.6630114
INC0008436,1,7,1,0.404772
INC0008436,2,7,1,0.44417918
INC0008436,3,7,1,0.5159013
INC0008436,4,7,1,0.43243697
INC0008436,5,7,1,0.8119663
INC0008436,6,7,1,0.8116557
INC0008436,7,7,1,0.9368783
INC0008437,1,8,1,0.6183181
INC0008437,2,8,1,0.96733665
INC0008437,3,8,1,0.9562009
INC0008437,4,8,1,0.95634913
INC0008437,5,8,1,0.96155185
INC0008437,6,8,1,0.9974402
INC0008437,7,8,1,0.99635637
INC0008437,8,8,1,0.9973531
INC0008438,1,4,0,0.6601226
INC0008438,2,4,0,0.79539764
INC0008438,3,4,0,0.858191
INC0008438,4,4,0,0.85563856
INC0008448,1,8,1,0.84946036
INC0008448,2,8,1,0.8430078
INC0008448,3,8,1,0.9985238
INC0008448,4,8,1,0.9989858
INC0008448,5,8,1,0.99879825
INC0008448,6,8,1,0.998684
INC0008448,7,8,1,0.9988281
INC0008448,8,8,1,0.99869955
INC0008454,1,2,0,0.4603302
INC0008454,2,2,0,0.56741846
INC0008456,1,3,0,0.16912591
INC0008456,2,3,0,0.23251171
INC0008456,3,3,0,0.22561574
INC0008457,1,5,0,0.20620055
INC0008457,2,5,0,0.3203597
INC0008457,3,5,0,0.7219184
INC0008457,4,5,0,0.8793243
INC0008457,5,5,0,0.86201876
INC0008465,1,8,0,0.27760762
INC0008465,2,8,0,0.17774148
INC0008465,3,8,0,0.2356955
INC0008465,4,8,0,0.23542273
INC0008465,5,8,0,0.3701636
INC0008465,6,8,0,0.37153542
INC0008465,7,8,0,0.33833146
INC0008465,8,8,0,0.5116253
INC0008467,1,4,1,0.46729338
INC0008467,2,4,1,0.4083096
INC0008467,3,4,1,0.9980312
INC0008467,4,4,1,0.9978801
INC0008479,1,1,1,0.5195223
INC0008485,1,18,0,0.37025955
INC0008485,2,18,0,0.31875697
INC0008485,3,18,0,0.42606622
INC0008485,4,18,0,0.6627528
INC0008485,5,18,0,0.62406176
INC0008485,6,18,0,0.6732722
INC0008485,7,18,0,0.67367977
INC0008485,8,18,0,0.75126576
INC0008512,1,1,0,0.17525442
INC0008514,1,1,0,0.52741563
INC0008518,1,1,0,0.1367159
INC0008535,1,4,0,0.9138951
INC0008535,2,4,0,0.9183863
INC0008535,3,4,0,0.9176945
INC0008535,4,4,0,0.56897604
INC0008543,1,10,1,0.71496725
INC0008543,2,10,1,0.74712986
INC0008543,3,10,1,0.75854456
INC0008543,4,10,1,0.73706764
INC0008543,5,10,1,0.79677135
INC0008543,6,10,1,0.8892639
INC0008543,7,10,1,0.9732774
INC0008543,8,10,1,0.99839634
INC0008545,1,3,1,0.41043514
INC0008545,2,3,1,0.39310884
INC0008545,3,3,1,0.60506433
INC0008568,1,6,1,0.51407504
INC0008568,2,6,1,0.5988664
INC0008568,3,6,1,0.8733428
INC0008568,4,6,1,0.99667066
INC0008568,5,6,1,0.9951139
INC0008568,6,6,1,0.9952245
INC0008585,1,3,1,0.5887098
INC0008585,2,3,1,0.57458335
INC0008585,3,3,1,0.9114775
INC0008587,1,3,0,0.38729742
INC0008587,2,3,0,0.36353084
INC0008587,3,3,0,0.45874298
INC0008588,1,18,1,0.601564
INC0008588,2,18,1,0.6208963
INC0008588,3,18,1,0.5939934
INC0008588,4,18,1,0.9324206
INC0008588,5,18,1,0.9990096
INC0008588,6,18,1,0.9978763
INC0008588,7,18,1,0.99785006
INC0008588,8,18,1,0.99791247
INC0008591,1,8,0,0.58999145
INC0008591,2,8,0,0.22059639
INC0008591,3,8,0,0.5523413
INC0008591,4,8,0,0.6141954
INC0008591,5,8,0,0.729422
INC0008591,6,8,0,0.47264105
INC0008591,7,8,0,0.63255817
INC0008591,8,8,0,0.6267835
INC0008598,1,4,1,0.95469904
INC0008598,2,4,1,0.94713277
INC0008598,3,4,1,0.94722545
INC0008598,4,4,1,0.99823356
INC0008599,1,3,0,0.40554777
INC0008599,2,3,0,0.40540594
INC0008599,3,3,0,0.40238073
INC0008610,1,8,1,0.55546623
INC0008610,2,8,1,0.55575204
INC0008610,3,8,1,0.7443979
INC0008610,4,8,1,0.99747723
INC0008610,5,8,1,0.9966576
INC0008610,6,8,1,0.99289227
INC0008610,7,8,1,0.9961047
INC0008610,8,8,1,0.9946031
INC0008611,1,10,1,0.39273944
INC0008611,2,10,1,0.48048782
INC0008611,3,10,1,0.5779363
INC0008611,4,10,1,0.75226635
INC0008611,5,10,1,0.7479317
INC0008611,6,10,1,0.7456498
INC0008611,7,10,1,0.82461727
INC0008611,8,10,1,0.92478985
INC0008615,1,2,1,0.97835004
INC0008615,2,2,1,0.98216355
INC0008644,1,1,0,0.018464327
INC0008648,1,10,1,0.4986951
INC0008648,2,10,1,0.44552904
INC0008648,3,10,1,0.5028146
INC0008648,4,10,1,0.9972174
INC0008648,5,10,1,0.9981477
INC0008648,6,10,1,0.99785596
INC0008648,7,10,1,0.99817026
INC0008648,8,10,1,0.9972498
INC0008649,1,4,1,0.47556156
INC0008649,2,4,1,0.6174157
INC0008649,3,4,1,0.68279135
INC0008649,4,4,1,0.9938685
INC0008656,1,5,1,0.40649086
INC0008656,2,5,1,0.9970482
INC0008656,3,5,1,0.99782026
INC0008656,4,5,1,0.99745446
INC0008656,5,5,1,0.9970419
INC0008695,1,4,1,0.54706436
INC0008695,2,4,1,0.9975223
INC0008695,3,4,1,0.9977742
INC0008695,4,4,1,0.9977138
INC0008707,1,8,1,0.10823526
INC0008707,2,8,1,0.74069595
INC0008707,3,8,1,0.890151
INC0008707,4,8,1,0.8659414
INC0008707,5,8,1,0.8740374
INC0008707,6,8,1,0.8611456
INC0008707,7,8,1,0.99493945
INC0008707,8,8,1,0.996675
INC0008741,1,2,1,0.55323774
INC0008741,2,2,1,0.73074335
INC0008743,1,5,1,0.35264942
INC0008743,2,5,1,0.5031301
INC0008743,3,5,1,0.9937581
INC0008743,4,5,1,0.9966633
INC0008743,5,5,1,0.9939809
INC0008752,1,7,1,0.39759383
INC0008752,2,7,1,0.34357387
INC0008752,3,7,1,0.34631246
INC0008752,4,7,1,0.44748265
INC0008752,5,7,1,0.7944445
INC0008752,6,7,1,0.99248344
INC0008752,7,7,1,0.99328303
INC0008753,1,4,0,0.41468123
INC0008753,2,4,0,0.5599051
INC0008753,3,4,0,0.5699954
INC0008753,4,4,0,0.5570987
INC0008782,1,2,1,0.30709907
INC0008782,2,2,1,0.3520606
INC0008795,1,9,1,0.73722035
INC0008795,2,9,1,0.6763933
INC0008795,3,9,1,0.3496456
INC0008795,4,9,1,0.37803388
INC0008795,5,9,1,0.59456486
INC0008795,6,9,1,0.9966556
INC0008795,7,9,1,0.9965056
INC0008795,8,9,1,0.9942086
INC0008818,1,5,1,0.45950705
INC0008818,2,5,1,0.4539247
INC0008818,3,5,1,0.57095546
INC0008818,4,5,1,0.7692108
INC0008818,5,5,1,0.9946079
INC0008863,1,3,0,0.36850396
INC0008863,2,3,0,0.7198856
INC0008863,3,3,0,0.85388595
INC0008887,1,4,1,0.5321638
INC0008887,2,4,1,0.4737836
INC0008887,3,4,1,0.65407056
INC0008887,4,4,1,0.8099038
INC0008897,1,4,1,0.2962687
INC0008897,2,4,1,0.3610731
INC0008897,3,4,1,0.488772
INC0008897,4,4,1,0.82567215
INC0008900,1,4,0,0.23837888
INC0008900,2,4,0,0.30384547
INC0008900,3,4,0,0.3260055
INC0008900,4,4,0,0.3260055
INC0008925,1,5,1,0.5237748
INC0008925,2,5,1,0.728621
INC0008925,3,5,1,0.72521764
INC0008925,4,5,1,0.78671646
INC0008925,5,5,1,0.9969336
INC0008926,1,2,0,0.3707752
INC0008926,2,2,0,0.30479735
INC0008963,1,6,1,0.38969886
INC0008963,2,6,1,0.3744156
INC0008963,3,6,1,0.9941858
INC0008963,4,6,1,0.99547064
INC0008963,5,6,1,0.99381953
INC0008963,6,6,1,0.99604046
INC0008986,1,3,0,0.45563617
INC0008986,2,3,0,0.48235422
INC0008986,3,3,0,0.58913606
INC0008990,1,3,0,0.2560881
INC0008990,2,3,0,0.2965417
INC0008990,3,3,0,0.30428955
INC0009037,1,4,0,0.4596536
INC0009037,2,4,0,0.32072496
INC0009037,3,4,0,0.4759131
INC0009037,4,4,0,0.439717
INC0009070,1,12,0,0.4689965
INC0009070,2,12,0,0.4256949
INC0009070,3,12,0,0.48763287
INC0009070,4,12,0,0.56847185
INC0009070,5,12,0,0.5650147
INC0009070,6,12,0,0.5618158
INC0009070,7,12,0,0.5944698
INC0009070,8,12,0,0.5944698
INC0009071,1,2,0,0.43624485
INC0009071,2,2,0,0.18919568
INC0009089,1,8,1,0.46753237
INC0009089,2,8,1,0.6062272
INC0009089,3,8,1,0.5863579
INC0009089,4,8,1,0.6575209
INC0009089,5,8,1,0.9967353
INC0009089,6,8,1,0.9972785
INC0009089,7,8,1,0.996772
INC0009089,8,8,1,0.99677795
INC0009112,1,1,0,0.020508382
INC0009146,1,6,1,0.37492794
INC0009146,2,6,1,0.5116102
INC0009146,3,6,1,0.54612154
INC0009146,4,6,1,0.50655955
INC0009146,5,6,1,0.99688977
INC0009146,6,6,1,0.9970703
INC0009147,1,4,1,0.93773437
INC0009147,2,4,1,0.9826378
INC0009147,3,4,1,0.9787431
INC0009147,4,4,1,0.97702074
INC0009154,1,2,0,0.38750738
INC0009154,2,2,0,0.6478261
INC0009159,1,3,0,0.2888922
INC0009159,2,3,0,0.25382447
INC0009159,3,3,0,0.23170727
INC0009169,1,1,0,0.019727666
INC0009172,1,5,1,0.15774986
INC0009172,2,5,1,0.27514657
INC0009172,3,5,1,0.31618124
INC0009172,4,5,1,0.43020126
INC0009172,5,5,1,0.50172853
INC0009194,1,1,0,0.14782798
INC0009199,1,5,0,0.38054565
INC0009199,2,5,0,0.32286948
INC0009199,3,5,0,0.5996495
INC0009199,4,5,0,0.62624
INC0009199,5,5,0,0.6330435
INC0009214,1,1,0,0.18939187
INC0009225,1,6,0,0.16150162
INC0009225,2,6,0,0.35646662
INC0009225,3,6,0,0.24603717
INC0009225,4,6,0,0.2883738
INC0009225,5,6,0,0.40761226
INC0009225,6,6,0,0.38391924
INC0009245,1,3,1,0.45818636
INC0009245,2,3,1,0.66222245
INC0009245,3,3,1,0.92323244
INC0009255,1,1,0,0.13674995
INC0009264,1,1,0,0.2017177
INC0009276,1,1,0,0.025789931
INC0009292,1,6,0,0.32366824
INC0009292,2,6,0,0.5365116
INC0009292,3,6,0,0.67442274
INC0009292,4,6,0,0.76393336
INC0009292,5,6,0,0.83275694
INC0009292,6,6,0,0.8691909
INC0009294,1,1,0,0.04208245
INC0009299,1,1,0,0.43696234
INC0009301,1,11,0,0.3665633
INC0009301,2,11,0,0.41597307
INC0009301,3,11,0,0.44685972
INC0009301,4,11,0,0.24310708
INC0009301,5,11,0,0.24301332
INC0009301,6,11,0,0.23131931
INC0009301,7,11,0,0.26303434
INC0009301,8,11,0,0.3140768
INC0009316,1,1,0,0.02825015
INC0009319,1,3,0,0.5557698
INC0009319,2,3,0,0.6605992
INC0009319,3,3,0,0.74464995
INC0009327,1,4,0,0.32757142
INC0009327,2,4,0,0.3036055
INC0009327,3,4,0,0.29138744
INC0009327,4,4,0,0.36642918
INC0009329,1,2,0,0.22588718
INC0009329,2,2,0,0.3783107
INC0009337,1,3,1,0.45592225
INC0009337,2,3,1,0.42400044
INC0009337,3,3,1,0.68360996
INC0009356,1,5,0,0.37278792
INC0009356,2,5,0,0.5351676
INC0009356,3,5,0,0.73449224
INC0009356,4,5,0,0.811383
INC0009356,5,5,0,0.85356814
INC0009360,1,3,1,0.4050984
INC0009360,2,3,1,0.9588416
INC0009360,3,3,1,0.97505265
INC0009367,1,1,0,0.16832392
INC0009370,1,6,1,0.5015914
INC0009370,2,6,1,0.4871362
INC0009370,3,6,1,0.548472
INC0009370,4,6,1,0.575247
INC0009370,5,6,1,0.7051404
INC0009370,6,6,1,0.7763829
INC0009378,1,6,1,0.59862787
INC0009378,2,6,1,0.34068018
INC0009378,3,6,1,0.40270048
INC0009378,4,6,1,0.61153
INC0009378,5,6,1,0.67825955
INC0009378,6,6,1,0.9974995
INC0009382,1,3,0,0.47835743
INC0009382,2,3,0,0.2854562
INC0009382,3,3,0,0.34766194
INC0009397,1,1,0,0.15054548
INC0009414,1,5,0,0.45426434
INC0009414,2,5,0,0.71647197
INC0009414,3,5,0,0.6730199
INC0009414,4,5,0,0.7425704
INC0009414,5,5,0,0.9150118
INC0009418,1,3,0,0.5465968
INC0009418,2,3,0,0.3561676
INC0009418,3,3,0,0.43374315
INC0009437,1,2,0,0.6034603
INC0009437,2,2,0,0.35794064
INC0009446,1,2,1,0.4961825
INC0009446,2,2,1,0.9980075
INC0009451,1,3,0,0.23243874
INC0009451,2,3,0,0.38648453
INC0009451,3,3,0,0.4462962
INC0009502,1,6,0,0.38859108
INC0009502,2,6,0,0.3411297
INC0009502,3,6,0,0.34154636
INC0009502,4,6,0,0.3387126
INC0009502,5,6,0,0.39235875
INC0009502,6,6,0,0.44413865
INC0009503,1,3,1,0.54383945
INC0009503,2,3,1,0.5129106
INC0009503,3,3,1,0.9979481
INC0009531,1,3,0,0.48975053
INC0009531,2,3,0,0.29486343
INC0009531,3,3,0,0.28240725
INC0009532,1,20,1,0.6291247
INC0009532,2,20,1,0.5856173
INC0009532,3,20,1,0.58833176
INC0009532,4,20,1,0.82887
INC0009532,5,20,1,0.82070386
INC0009532,6,20,1,0.8575663
INC0009532,7,20,1,0.8484514
INC0009532,8,20,1,0.9986125
INC0009586,1,3,1,0.5193845
INC0009586,2,3,1,0.39537185
INC0009586,3,3,1,0.6412693
INC0009613,1,2,1,0.5276578
INC0009613,2,2,1,0.48833892
INC0009652,1,6,0,0.54363275
INC0009652,2,6,0,0.4274101
INC0009652,3,6,0,0.41200855
INC0009652,4,6,0,0.4100881
INC0009652,5,6,0,0.43697548
INC0009652,6,6,0,0.5048853
INC0009690,1,3,0,0.6594945
INC0009690,2,3,0,0.41313294
INC0009690,3,3,0,0.46786913
INC0009695,1,2,0,0.51327926
INC0009695,2,2,0,0.58350766
INC0009704,1,7,0,0.50543225
INC0009704,2,7,0,0.4496877
INC0009704,3,7,0,0.5411638
INC0009704,4,7,0,0.5551193
INC0009704,5,7,0,0.5475132
INC0009704,6,7,0,0.54335123
INC0009704,7,7,0,0.36816683
INC0009719,1,1,0,0.33148104
INC0009746,1,1,0,0.19957949
INC0009772,1,3,0,0.52729404
INC0009772,2,3,0,0.4529477
INC0009772,3,3,0,0.449758
INC0009787,1,3,1,0.3884403
INC0009787,2,3,1,0.32708374
INC0009787,3,3,1,0.61695564
INC0009818,1,3,0,0.6254361
INC0009818,2,3,0,0.32151932
INC0009818,3,3,0,0.37105703
INC0009830,1,8,1,0.7862726
INC0009830,2,8,1,0.5661316
INC0009830,3,8,1,0.7567729
INC0009830,4,8,1,0.8085436
INC0009830,5,8,1,0.6946366
INC0009830,6,8,1,0.72409916
INC0009830,7,8,1,0.9988047
INC0009830,8,8,1,0.9989882
INC0009857,1,3,0,0.69600475
INC0009857,2,3,0,0.6711906
INC0009857,3,3,0,0.6836258
INC0009866,1,1,0,0.11605531
INC0009870,1,3,0,0.5839614
INC0009870,2,3,0,0.6645235
INC0009870,3,3,0,0.52658564
INC0009877,1,6,1,0.72871983
INC0009877,2,6,1,0.5193118
INC0009877,3,6,1,0.5461978
INC0009877,4,6,1,0.84863746
INC0009877,5,6,1,0.52500385
INC0009877,6,6,1,0.5284177
INC0009888,1,1,0,0.028380662
INC0009896,1,2,0,0.56541425
INC0009896,2,2,0,0.6287091
INC0009909,1,1,1,0.7338814
INC0009926,1,7,0,0.5772858
INC0009926,2,7,0,0.51462287
INC0009926,3,7,0,0.25461206
INC0009926,4,7,0,0.36566672
INC0009926,5,7,0,0.31935877
INC0009926,6,7,0,0.31976175
INC0009926,7,7,0,0.31935877
INC0009938,1,4,0,0.28153038
INC0009938,2,4,0,0.1865146
INC0009938,3,4,0,0.2713634
INC0009938,4,4,0,0.23260605
INC0009940,1,13,1,0.29573977
INC0009940,2,13,1,0.52346003
INC0009940,3,13,1,0.81879455
INC0009940,4,13,1,0.99799675
INC0009940,5,13,1,0.9969784
INC0009940,6,13,1,0.99837023
INC0009940,7,13,1,0.9985739
INC0009940,8,13,1,0.9985468
INC0009955,1,1,0,0.18614252
INC0009957,1,2,0,0.23055427
INC0009957,2,2,0,0.6070763
INC0009960,1,16,1,0.4454566
INC0009960,2,16,1,0.45740238
INC0009960,3,16,1,0.643995
INC0009960,4,16,1,0.74247646
INC0009960,5,16,1,0.78100806
INC0009960,6,16,1,0.99908245
INC0009960,7,16,1,0.9989427
INC0009960,8,16,1,0.99881434
INC0009968,1,4,0,0.48035872
INC0009968,2,4,0,0.5333123
INC0009968,3,4,0,0.5089488
INC0009968,4,4,0,0.6371556
INC0009971,1,1,0,0.03300753
INC0010026,1,1,0,0.18467659
INC0010040,1,5,1,0.57651603
INC0010040,2,5,1,0.6447085
INC0010040,3,5,1,0.7469388
INC0010040,4,5,1,0.9975719
INC0010040,5,5,1,0.99745065
INC0010068,1,2,0,0.5410829
INC0010068,2,2,0,0.4882032
INC0010073,1,3,1,0.77679634
INC0010073,2,3,1,0.99929476
INC0010073,3,3,1,0.9993224
INC0010101,1,9,1,0.5225959
INC0010101,2,9,1,0.5930959
INC0010101,3,9,1,0.49692854
INC0010101,4,9,1,0.5654847
INC0010101,5,9,1,0.6388474
INC0010101,6,9,1,0.6951133
INC0010101,7,9,1,0.99775225
INC0010101,8,9,1,0.9972958
INC0010111,1,2,0,0.40790674
INC0010111,2,2,0,0.741909
INC0010115,1,2,1,0.5532849
INC0010115,2,2,1,0.99534446
INC0010140,1,2,0,0.35938302
INC0010140,2,2,0,0.38498122
INC0010160,1,2,0,0.6168595
INC0010160,2,2,0,0.6942808
INC0010175,1,6,0,0.64854217
INC0010175,2,6,0,0.54428357
INC0010175,3,6,0,0.5167943
INC0010175,4,6,0,0.6016887
INC0010175,5,6,0,0.49497858
INC0010175,6,6,0,0.61153847
INC0010180,1,4,0,0.5087862
INC0010180,2,4,0,0.5745647
INC0010180,3,4,0,0.69607365
INC0010180,4,4,0,0.7720347
INC0010208,1,13,0,0.46538657
INC0010208,2,13,0,0.6495258
INC0010208,3,13,0,0.8273216
INC0010208,4,13,0,0.79694295
INC0010208,5,13,0,0.9900579
INC0010208,6,13,0,0.98986685
INC0010208,7,13,0,0.989938
INC0010208,8,13,0,0.98814374
INC0010240,1,1,0,0.12766485
INC0010241,1,4,1,0.2520815
INC0010241,2,4,1,0.23203188
INC0010241,3,4,1,0.22799061
INC0010241,4,4,1,0.3055528
INC0010250,1,3,0,0.10804706
INC0010250,2,3,0,0.1063425
INC0010250,3,3,0,0.10651875
INC0010253,1,2,0,0.48558122
INC0010253,2,2,0,0.24565053
INC0010269,1,3,0,0.25133905
INC0010269,2,3,0,0.24743539
INC0010269,3,3,0,0.29982883
INC0010281,1,2,0,0.36332074
INC0010281,2,2,0,0.4042526
INC0010298,1,2,0,0.7621979
INC0010298,2,2,0,0.6734414
INC0010316,1,3,1,0.8855728
INC0010316,2,3,1,0.9991648
INC0010316,3,3,1,0.9991497
INC0010330,1,9,1,0.3590228
INC0010330,2,9,1,0.2487248
INC0010330,3,9,1,0.2546011
INC0010330,4,9,1,0.3939709
INC0010330,5,9,1,0.8048417
INC0010330,6,9,1,0.802359
INC0010330,7,9,1,0.99841
INC0010330,8,9,1,0.9970504
INC0010353,1,7,0,0.061061163
INC0010353,2,7,0,0.05203705
INC0010353,3,7,0,0.11220698
INC0010353,4,7,0,0.10168362
INC0010353,5,7,0,0.12076608
INC0010353,6,7,0,0.2948042
INC0010353,7,7,0,0.5743902
INC0010355,1,8,1,0.405685
INC0010355,2,8,1,0.28503296
INC0010355,3,8,1,0.35137808
INC0010355,4,8,1,0.33566108
INC0010355,5,8,1,0.34870386
INC0010355,6,8,1,0.34479794
INC0010355,7,8,1,0.96470094
INC0010355,8,8,1,0.9638935
INC0010362,1,7,1,0.47154853
INC0010362,2,7,1,0.43456444
INC0010362,3,7,1,0.4758185
INC0010362,4,7,1,0.475304
INC0010362,5,7,1,0.7244469
INC0010362,6,7,1,0.998621
INC0010362,7,7,1,0.9985838
INC0010411,1,11,1,0.5328382
INC0010411,2,11,1,0.7280113
INC0010411,3,11,1,0.9982083
INC0010411,4,11,1,0.998268
INC0010411,5,11,1,0.9977842
INC0010411,6,11,1,0.9977842
INC0010411,7,11,1,0.9983931
INC0010411,8,11,1,0.9976126
INC0010420,1,1,0,0.22991993
INC0010423,1,11,1,0.35149387
INC0010423,2,11,1,0.6569875
INC0010423,3,11,1,0.62388134
INC0010423,4,11,1,0.96565074
INC0010423,5,11,1,0.9977239
INC0010423,6,11,1,0.9979108
INC0010423,7,11,1,0.9979108
INC0010423,8,11,1,0.9976676
INC0010455,1,3,0,0.21261543
INC0010455,2,3,0,0.1674793
INC0010455,3,3,0,0.1674793
INC0010472,1,1,1,0.674043
INC0010489,1,3,0,0.23060106
INC0010489,2,3,0,0.23304509
INC0010489,3,3,0,0.25842294
INC0010507,1,12,1,0.49213162
INC0010507,2,12,1,0.42669997
INC0010507,3,12,1,0.40215632
INC0010507,4,12,1,0.58008915
INC0010507,5,12,1,0.56921554
INC0010507,6,12,1,0.99838936
INC0010507,7,12,1,0.99804664
INC0010507,8,12,1,0.9981452
INC0010535,1,4,1,0.57412595
INC0010535,2,4,1,0.8081729
INC0010535,3,4,1,0.9988166
INC0010535,4,4,1,0.9988257
INC0010565,1,13,1,0.5428396
INC0010565,2,13,1,0.53336865
INC0010565,3,13,1,0.5060945
INC0010565,4,13,1,0.7385983
INC0010565,5,13,1,0.7755573
INC0010565,6,13,1,0.9614067
INC0010565,7,13,1,0.99511707
INC0010565,8,13,1,0.9949527
INC0010582,1,1,0,0.5753644
INC0010583,1,1,0,0.3168235
INC0010595,1,1,0,0.57940155
INC0010607,1,2,1,0.6071243
INC0010607,2,2,1,0.92324716
INC0010631,1,6,1,0.5746407
INC0010631,2,6,1,0.5667301
INC0010631,3,6,1,0.5953159
INC0010631,4,6,1,0.6669566
INC0010631,5,6,1,0.99872214
INC0010631,6,6,1,0.99880445
INC0010638,1,17,1,0.5214251
INC0010638,2,17,1,0.7678218
INC0010638,3,17,1,0.9985298
INC0010638,4,17,1,0.99883956
INC0010638,5,17,1,0.9989722
INC0010638,6,17,1,0.99716383
INC0010638,7,17,1,0.9975399
INC0010638,8,17,1,0.9975412
INC0010659,1,1,0,0.20402482
INC0010662,1,2,0,0.70989454
INC0010662,2,2,0,0.55457085
INC0010673,1,5,0,0.41758958
INC0010673,2,5,0,0.4552133
INC0010673,3,5,0,0.42778552
INC0010673,4,5,0,0.43021742
INC0010673,5,5,0,0.33141997
INC0010676,1,18,1,0.7487607
INC0010676,2,18,1,0.8313851
INC0010676,3,18,1,0.8724377
INC0010676,4,18,1,0.9990816
INC0010676,5,18,1,0.99899644
INC0010676,6,18,1,0.9986601
INC0010676,7,18,1,0.99883264
INC0010676,8,18,1,0.9983046
INC0010699,1,4,1,0.77144074
INC0010699,2,4,1,0.99934596
INC0010699,3,4,1,0.9993356
INC0010699,4,4,1,0.99781907
INC0010704,1,14,1,0.50765276
INC0010704,2,14,1,0.45641813
INC0010704,3,14,1,0.4709093
INC0010704,4,14,1,0.64299864
INC0010704,5,14,1,0.9970605
INC0010704,6,14,1,0.9973673
INC0010704,7,14,1,0.9976199
INC0010704,8,14,1,0.99741495
INC0010717,1,2,0,0.51997536
INC0010717,2,2,0,0.59154373
INC0010733,1,1,0,0.40355983
INC0010737,1,2,0,0.48043266
INC0010737,2,2,0,0.52403075
INC0010782,1,3,1,0.41073635
INC0010782,2,3,1,0.9144049
INC0010782,3,3,1,0.9957949
INC0010786,1,6,1,0.44022274
INC0010786,2,6,1,0.6298201
INC0010786,3,6,1,0.61867553
INC0010786,4,6,1,0.85102797
INC0010786,5,6,1,0.9992804
INC0010786,6,6,1,0.9985832
INC0010801,1,2,0,0.1220826
INC0010801,2,2,0,0.118669294
INC0010809,1,2,0,0.5237766
INC0010809,2,2,0,0.56066513
INC0010823,1,6,0,0.46059415
INC0010823,2,6,0,0.49569649
INC0010823,3,6,0,0.63796496
INC0010823,4,6,0,0.39188942
INC0010823,5,6,0,0.38325176
INC0010823,6,6,0,0.3738125
INC0010825,1,5,0,0.43615934
INC0010825,2,5,0,0.3398529
INC0010825,3,5,0,0.3398529
INC0010825,4,5,0,0.4127688
INC0010825,5,5,0,0.39097404
INC0010852,1,5,1,0.5180986
INC0010852,2,5,1,0.5647172
INC0010852,3,5,1,0.50249505
INC0010852,4,5,1,0.56515026
INC0010852,5,5,1,0.52161765
INC0010898,1,7,1,0.7669356
INC0010898,2,7,1,0.99531496
INC0010898,3,7,1,0.9915971
INC0010898,4,7,1,0.9918333
INC0010898,5,7,1,0.9929771
INC0010898,6,7,1,0.99330163
INC0010898,7,7,1,0.99378705
INC0010899,1,1,0,0.021522727
INC0010941,1,2,0,0.4277662
INC0010941,2,2,0,0.6330442
INC0010946,1,5,1,0.5898729
INC0010946,2,5,1,0.7893954
INC0010946,3,5,1,0.99770063
INC0010946,4,5,1,0.99745077
INC0010946,5,5,1,0.9970789
INC0010972,1,4,1,0.5554716
INC0010972,2,4,1,0.6116677
INC0010972,3,4,1,0.49468687
INC0010972,4,4,1,0.99826235
INC0010982,1,3,0,0.4008788
INC0010982,2,3,0,0.6175483
INC0010982,3,3,0,0.71259
INC0010984,1,3,1,0.47872046
INC0010984,2,3,1,0.580401
INC0010984,3,3,1,0.9962148
INC0010990,1,2,0,0.36533904
INC0010990,2,2,0,0.17524506
INC0011005,1,1,0,0.02282312
INC0011034,1,2,0,0.47907215
INC0011034,2,2,0,0.5427564
INC0011038,1,1,0,0.35432094
INC0011045,1,2,1,0.65284026
INC0011045,2,2,1,0.6526823
INC0011064,1,3,0,0.41498357
INC0011064,2,3,0,0.3862593
INC0011064,3,3,0,0.46376964
INC0011090,1,4,0,0.4164947
INC0011090,2,4,0,0.2910851
INC0011090,3,4,0,0.28955555
INC0011090,4,4,0,0.29776272
INC0011091,1,5,0,0.5310269
INC0011091,2,5,0,0.51763266
INC0011091,3,5,0,0.51595473
INC0011091,4,5,0,0.48997092
INC0011091,5,5,0,0.48444107
INC0011100,1,2,1,0.54931825
INC0011100,2,2,1,0.60410136
INC0011129,1,10,1,0.62568885
INC0011129,2,10,1,0.66316944
INC0011129,3,10,1,0.7836895
INC0011129,4,10,1,0.8075251
INC0011129,5,10,1,0.9745275
INC0011129,6,10,1,0.9975604
INC0011129,7,10,1,0.9974953
INC0011129,8,10,1,0.99472225
INC0011147,1,5,1,0.4662793
INC0011147,2,5,1,0.5668612
INC0011147,3,5,1,0.68998915
INC0011147,4,5,1,0.79129994
INC0011147,5,5,1,0.9775914
INC0011189,1,11,1,0.5692919
INC0011189,2,11,1,0.5290674
INC0011189,3,11,1,0.5406041
INC0011189,4,11,1,0.6179309
INC0011189,5,11,1,0.621003
INC0011189,6,11,1,0.6163682
INC0011189,7,11,1,0.9941478
INC0011189,8,11,1,0.994007
INC0011193,1,3,0,0.39414415
INC0011193,2,3,0,0.61285
INC0011193,3,3,0,0.5376126
INC0011197,1,2,0,0.49338543
INC0011197,2,2,0,0.5409784
INC0011218,1,5,1,0.42620224
INC0011218,2,5,1,0.60074687
INC0011218,3,5,1,0.99728525
INC0011218,4,5,1,0.9978586
INC0011218,5,5,1,0.99776125
INC0011222,1,3,0,0.324286
INC0011222,2,3,0,0.4284013
INC0011222,3,3,0,0.8357936
INC0011242,1,7,0,0.38846642
INC0011242,2,7,0,0.37735873
INC0011242,3,7,0,0.47629875
INC0011242,4,7,0,0.34931988
INC0011242,5,7,0,0.38548675
INC0011242,6,7,0,0.48414052
INC0011242,7,7,0,0.48414052
INC0011249,1,2,0,0.8851214
INC0011249,2,2,0,0.9345756
INC0011268,1,7,1,0.2666785
INC0011268,2,7,1,0.57191914
INC0011268,3,7,1,0.96323264
INC0011268,4,7,1,0.97701514
INC0011268,5,7,1,0.9965432
INC0011268,6,7,1,0.99769336
INC0011268,7,7,1,0.9981894
INC0011269,1,3,0,0.44472426
INC0011269,2,3,0,0.4005946
INC0011269,3,3,0,0.38522193
INC0011280,1,3,1,0.43841234
INC0011280,2,3,1,0.553364
INC0011280,3,3,1,0.9929016
INC0011284,1,6,1,0.48406777
INC0011284,2,6,1,0.46241593
INC0011284,3,6,1,0.49575683
INC0011284,4,6,1,0.9912703
INC0011284,5,6,1,0.97764856
INC0011284,6,6,1,0.9741769
INC0011320,1,4,1,0.51002306
INC0011320,2,4,1,0.25097194
INC0011320,3,4,1,0.9932701
INC0011320,4,4,1,0.9934685
INC0011321,1,3,1,0.3995468
INC0011321,2,3,1,0.53227895
INC0011321,3,3,1,0.53740907
INC0011354,1,2,0,0.13064651
INC0011354,2,2,0,0.20813476
INC0011375,1,2,0,0.16341008
INC0011375,2,2,0,0.29080155
INC0011381,1,5,1,0.34970388
INC0011381,2,5,1,0.5062287
INC0011381,3,5,1,0.5132915
INC0011381,4,5,1,0.5110219
INC0011381,5,5,1,0.6191788
INC0011435,1,2,0,0.012583474
INC0011435,2,2,0,0.023608537
INC0011436,1,5,1,0.13539292
INC0011436,2,5,1,0.26512805
INC0011436,3,5,1,0.35608077
INC0011436,4,5,1,0.99405426
INC0011436,5,5,1,0.9937882
INC0011441,1,1,0,0.011979585
INC0011457,1,4,0,0.26878548
INC0011457,2,4,0,0.19697413
INC0011457,3,4,0,0.19726743
INC0011457,4,4,0,0.1954707
INC0011472,1,1,0,0.014282861
INC0011486,1,1,0,0.015152588
INC0011491,1,3,0,0.39770964
INC0011491,2,3,0,0.3549895
INC0011491,3,3,0,0.42331487
INC0011536,1,1,0,0.21494427
INC0011550,1,3,1,0.34923506
INC0011550,2,3,1,0.5261834
INC0011550,3,3,1,0.5510432
INC0011559,1,1,0,0.014282861
INC0011584,1,1,0,0.21349448
INC0011599,1,1,0,0.088511504
INC0011616,1,2,0,0.15755758
INC0011616,2,2,0,0.21570702
INC0011617,1,1,0,0.036391344
INC0011619,1,3,0,0.45981908
INC0011619,2,3,0,0.7971892
INC0011619,3,3,0,0.90924764
INC0011643,1,5,0,0.3604224
INC0011643,2,5,0,0.29648584
INC0011643,3,5,0,0.28116184
INC0011643,4,5,0,0.3308001
INC0011643,5,5,0,0.3367067
INC0011651,1,2,0,0.10187056
INC0011651,2,2,0,0.22104824
INC0011654,1,5,0,0.356415
INC0011654,2,5,0,0.4139971
INC0011654,3,5,0,0.5626434
INC0011654,4,5,0,0.559612
INC0011654,5,5,0,0.5546123
INC0011667,1,2,0,0.12846296
INC0011667,2,2,0,0.25414073
INC0011688,1,8,1,0.121288896
INC0011688,2,8,1,0.51241285
INC0011688,3,8,1,0.69963276
INC0011688,4,8,1,0.7769681
INC0011688,5,8,1,0.99776006
INC0011688,6,8,1,0.9977812
INC0011688,7,8,1,0.9969151
INC0011688,8,8,1,0.9965598
INC0011714,1,2,0,0.39449984
INC0011714,2,2,0,0.81468636
INC0011725,1,3,1,0.31529832
INC0011725,2,3,1,0.30560777
INC0011725,3,3,1,0.50917405
INC0011730,1,9,1,0.2186066
INC0011730,2,9,1,0.49309447
INC0011730,3,9,1,0.8412346
INC0011730,4,9,1,0.9971238
INC0011730,5,9,1,0.9962064
INC0011730,6,9,1,0.995814
INC0011730,7,9,1,0.9961056
INC0011730,8,9,1,0.99563086
INC0011731,1,7,1,0.4312102
INC0011731,2,7,1,0.5894269
INC0011731,3,7,1,0.9985683
INC0011731,4,7,1,0.9984493
INC0011731,5,7,1,0.99847025
INC0011731,6,7,1,0.99861395
INC0011731,7,7,1,0.9981633
INC0011732,1,2,0,0.019413434
INC0011732,2,2,0,0.046248008
INC0011733,1,3,0,0.33342645
INC0011733,2,3,0,0.31985876
INC0011733,3,3,0,0.2452884
INC0011740,1,2,0,0.19432144
INC0011740,2,2,0,0.25071815
INC0011753,1,3,0,0.20953768
INC0011753,2,3,0,0.20120017
INC0011753,3,3,0,0.19214536
INC0011756,1,3,1,0.36500034
INC0011756,2,3,1,0.38078728
INC0011756,3,3,1,0.9545023
INC0011795,1,4,1,0.50948507
INC0011795,2,4,1,0.66223365
INC0011795,3,4,1,0.6568126
INC0011795,4,4,1,0.95927197
INC0011801,1,1,0,0.32944012
INC0011802,1,1,0,0.12960249
INC0011823,1,4,1,0.527918
INC0011823,2,4,1,0.47035736
INC0011823,3,4,1,0.9477519
INC0011823,4,4,1,0.94626075
INC0011829,1,10,1,0.40534294
INC0011829,2,10,1,0.56693065
INC0011829,3,10,1,0.58350945
INC0011829,4,10,1,0.71895266
INC0011829,5,10,1,0.68093467
INC0011829,6,10,1,0.9987815
INC0011829,7,10,1,0.9988533
INC0011829,8,10,1,0.99845505
INC0011836,1,1,1,0.46638605
INC0011854,1,7,1,0.38442186
INC0011854,2,7,1,0.662209
INC0011854,3,7,1,0.7094697
INC0011854,4,7,1,0.69166815
INC0011854,5,7,1,0.68547195
INC0011854,6,7,1,0.67709285
INC0011854,7,7,1,0.9978137
INC0011857,1,3,0,0.21148409
INC0011857,2,3,0,0.28357473
INC0011857,3,3,0,0.42874146
INC0011858,1,9,0,0.37361676
INC0011858,2,9,0,0.31473148
INC0011858,3,9,0,0.42779723
INC0011858,4,9,0,0.46875557
INC0011858,5,9,0,0.47648883
INC0011858,6,9,0,0.44321436
INC0011858,7,9,0,0.4543761
INC0011858,8,9,0,0.46292135
INC0011868,1,9,1,0.5821535
INC0011868,2,9,1,0.69887257
INC0011868,3,9,1,0.9982723
INC0011868,4,9,1,0.9981046
INC0011868,5,9,1,0.99673647
INC0011868,6,9,1,0.9982128
INC0011868,7,9,1,0.99738044
INC0011868,8,9,1,0.99861455
INC0011873,1,1,0,0.30952844
INC0011880,1,3,0,0.047183953
INC0011880,2,3,0,0.104694456
INC0011880,3,3,0,0.11507186
INC0011887,1,2,0,0.18170284
INC0011887,2,2,0,0.1759535
INC0011890,1,2,0,0.4608183
INC0011890,2,2,0,0.47813424
INC0011895,1,1,0,0.32253945
INC0011919,1,1,0,0.20064963
INC0011948,1,7,1,0.4199669
INC0011948,2,7,1,0.5644194
INC0011948,3,7,1,0.7598627
INC0011948,4,7,1,0.9976114
INC0011948,5,7,1,0.996648
INC0011948,6,7,1,0.9969984
INC0011948,7,7,1,0.9971002
INC0011970,1,1,0,0.46737593
INC0011989,1,2,1,0.42947787
INC0011989,2,2,1,0.64562017
INC0011994,1,2,0,0.32516295
INC0011994,2,2,0,0.45383456
INC0012045,1,3,0,0.5025199
INC0012045,2,3,0,0.5035906
INC0012045,3,3,0,0.57782155
INC0012053,1,2,0,0.18110025
INC0012053,2,2,0,0.32228598
INC0012062,1,9,0,0.38032928
INC0012062,2,9,0,0.42953336
INC0012062,3,9,0,0.60162336
INC0012062,4,9,0,0.58569545
INC0012062,5,9,0,0.5827548
INC0012062,6,9,0,0.6557651
INC0012062,7,9,0,0.44190964
INC0012062,8,9,0,0.43077636
INC0012084,1,1,0,0.34228045
INC0012092,1,4,0,0.19406003
INC0012092,2,4,0,0.4149127
INC0012092,3,4,0,0.45383784
INC0012092,4,4,0,0.45425048
INC0012098,1,3,1,0.54153925
INC0012098,2,3,1,0.99857795
INC0012098,3,3,1,0.99855596
INC0012175,1,1,0,0.23358424
INC0012209,1,10,1,0.38810834
INC0012209,2,10,1,0.45788124
INC0012209,3,10,1,0.5391768
INC0012209,4,10,1,0.54902685
INC0012209,5,10,1,0.58970684
INC0012209,6,10,1,0.44855145
INC0012209,7,10,1,0.49631402
INC0012209,8,10,1,0.5292541
INC0012294,1,4,0,0.3319877
INC0012294,2,4,0,0.27347234
INC0012294,3,4,0,0.32565427
INC0012294,4,4,0,0.5516837
INC0012300,1,3,0,0.1244867
INC0012300,2,3,0,0.19853258
INC0012300,3,3,0,0.2500611
INC0012311,1,7,0,0.513048
INC0012311,2,7,0,0.35012445
INC0012311,3,7,0,0.63009834
INC0012311,4,7,0,0.48705757
INC0012311,5,7,0,0.4875206
INC0012311,6,7,0,0.66201794
INC0012311,7,7,0,0.5607265
INC0012313,1,1,0,0.13272054
INC0012326,1,1,0,0.32893133
INC0012333,1,7,1,0.58976686
INC0012333,2,7,1,0.2540404
INC0012333,3,7,1,0.24989705
INC0012333,4,7,1,0.61569107
INC0012333,5,7,1,0.5854007
INC0012333,6,7,1,0.99726367
INC0012333,7,7,1,0.99777335
INC0012411,1,4,0,0.325459
INC0012411,2,4,0,0.27757204
INC0012411,3,4,0,0.24356878
INC0012411,4,4,0,0.24147718
INC0012433,1,6,0,0.10076219
INC0012433,2,6,0,0.087662786
INC0012433,3,6,0,0.08823156
INC0012433,4,6,0,0.062638864
INC0012433,5,6,0,0.11372276
INC0012433,6,6,0,0.16912977
INC0012462,1,7,0,0.30463326
INC0012462,2,7,0,0.34814662
INC0012462,3,7,0,0.40738216
INC0012462,4,7,0,0.390485
INC0012462,5,7,0,0.3278599
INC0012462,6,7,0,0.34195703
INC0012462,7,7,0,0.360579
INC0012471,1,3,1,0.45791784
INC0012471,2,3,1,0.26474452
INC0012471,3,3,1,0.9973629
INC0012472,1,2,0,0.038345035
INC0012472,2,2,0,0.08272656
INC0012479,1,2,1,0.28986648
INC0012479,2,2,1,0.9954235
INC0012517,1,3,0,0.18335482
INC0012517,2,3,0,0.21386276
INC0012517,3,3,0,0.21486047
INC0012538,1,8,1,0.35202283
INC0012538,2,8,1,0.2675907
INC0012538,3,8,1,0.19913398
INC0012538,4,8,1,0.20566851
INC0012538,5,8,1,0.1824483
INC0012538,6,8,1,0.24306642
INC0012538,7,8,1,0.26381665
INC0012538,8,8,1,0.9958645
INC0012551,1,4,1,0.21178827
INC0012551,2,4,1,0.18280819
INC0012551,3,4,1,0.26928845
INC0012551,4,4,1,0.3090514
INC0012561,1,2,0,0.36874753
INC0012561,2,2,0,0.14115159
INC0012566,1,3,0,0.41242608
INC0012566,2,3,0,0.32746828
INC0012566,3,3,0,0.327602
INC0012585,1,3,0,0.40102437
INC0012585,2,3,0,0.20397209
INC0012585,3,3,0,0.24252662
INC0012610,1,7,1,0.50711477
INC0012610,2,7,1,0.45952377
INC0012610,3,7,1,0.44808364
INC0012610,4,7,1,0.9975943
INC0012610,5,7,1,0.9940654
INC0012610,6,7,1,0.99387676
INC0012610,7,7,1,0.99425286
INC0012615,1,2,1,0.41399425
INC0012615,2,2,1,0.997883
INC0012625,1,9,0,0.38040859
INC0012625,2,9,0,0.35347506
INC0012625,3,9,0,0.36692235
INC0012625,4,9,0,0.3709423
INC0012625,5,9,0,0.3802593
INC0012625,6,9,0,0.37177974
INC0012625,7,9,0,0.5023139
INC0012625,8,9,0,0.5529981
INC0012631,1,1,0,0.07294202
INC0012659,1,2,0,0.7739645
INC0012659,2,2,0,0.8244613
INC0012666,1,5,1,0.19132638
INC0012666,2,5,1,0.41720074
INC0012666,3,5,1,0.46555933
INC0012666,4,5,1,0.40615633
INC0012666,5,5,1,0.5258037
INC0012668,1,2,0,0.15691693
INC0012668,2,2,0,0.12411369
INC0012672,1,1,1,0.48835605
INC0012704,1,6,0,0.7074888
INC0012704,2,6,0,0.6890889
INC0012704,3,6,0,0.7797971
INC0012704,4,6,0,0.6959462
INC0012704,5,6,0,0.79689246
INC0012704,6,6,0,0.82893014
INC0012723,1,2,0,0.074554116
INC0012723,2,2,0,0.10020508
INC0012781,1,3,0,0.042781923
INC0012781,2,3,0,0.034129508
INC0012781,3,3,0,0.03516551
INC0012789,1,6,0,0.3849733
INC0012789,2,6,0,0.23644607
INC0012789,3,6,0,0.33524874
INC0012789,4,6,0,0.33201268
INC0012789,5,6,0,0.3803141
INC0012789,6,6,0,0.4266145
INC0012809,1,6,0,0.2164967
INC0012809,2,6,0,0.12535816
INC0012809,3,6,0,0.16613206
INC0012809,4,6,0,0.165071
INC0012809,5,6,0,0.19686612
INC0012809,6,6,0,0.2091696
INC0012877,1,3,0,0.47175545
INC0012877,2,3,0,0.34885404
INC0012877,3,3,0,0.16574459
INC0012884,1,7,1,0.21508686
INC0012884,2,7,1,0.58023536
INC0012884,3,7,1,0.6457027
INC0012884,4,7,1,0.99714464
INC0012884,5,7,1,0.99699485
INC0012884,6,7,1,0.99664575
INC0012884,7,7,1,0.9980982
INC0012891,1,6,1,0.14344217
INC0012891,2,6,1,0.41248935
INC0012891,3,6,1,0.59889644
INC0012891,4,6,1,0.9958691
INC0012891,5,6,1,0.9932401
INC0012891,6,6,1,0.99277943
INC0012895,1,29,1,0.34424105
INC0012895,2,29,1,0.61271954
INC0012895,3,29,1,0.5594129
INC0012895,4,29,1,0.5657333
INC0012895,5,29,1,0.58908886
INC0012895,6,29,1,0.5422666
INC0012895,7,29,1,0.5170729
INC0012895,8,29,1,0.6319354
INC0012900,1,2,1,0.97988373
INC0012900,2,2,1,0.9528385
INC0012904,1,2,0,0.024957856
INC0012904,2,2,0,0.056057334
INC0012912,1,4,0,0.37224895
INC0012912,2,4,0,0.22215414
INC0012912,3,4,0,0.17292643
INC0012912,4,4,0,0.20595637
INC0012967,1,13,1,0.16138376
INC0012967,2,13,1,0.43201774
INC0012967,3,13,1,0.43357396
INC0012967,4,13,1,0.43711156
INC0012967,5,13,1,0.4553116
INC0012967,6,13,1,0.4629674
INC0012967,7,13,1,0.5517917
INC0012967,8,13,1,0.5409267
INC0012973,1,12,1,0.37406173
INC0012973,2,12,1,0.39472666
INC0012973,3,12,1,0.9846731
INC0012973,4,12,1,0.9971908
INC0012973,5,12,1,0.998171
INC0012973,6,12,1,0.99841356
INC0012973,7,12,1,0.998505
INC0012973,8,12,1,0.9984975
INC0012979,1,8,0,0.2102089
INC0012979,2,8,0,0.16646288
INC0012979,3,8,0,0.17659761
INC0012979,4,8,0,0.19148639
INC0012979,5,8,0,0.19817239
INC0012979,6,8,0,0.21200326
INC0012979,7,8,0,0.21200326
INC0012979,8,8,0,0.24950705
INC0012980,1,14,1,0.34895727
INC0012980,2,14,1,0.2962128
INC0012980,3,14,1,0.30498385
INC0012980,4,14,1,0.48706222
INC0012980,5,14,1,0.47308454
INC0012980,6,14,1,0.45073202
INC0012980,7,14,1,0.42745614
INC0012980,8,14,1,0.70053655
INC0013004,1,4,0,0.57159144
INC0013004,2,4,0,0.31453687
INC0013004,3,4,0,0.31453687
INC0013004,4,4,0,0.42395023
INC0013029,1,2,0,0.18761598
INC0013029,2,2,0,0.16132805
INC0013049,1,2,0,0.5909901
INC0013049,2,2,0,0.2746692
INC0013060,1,1,0,0.22919862
INC0013112,1,7,1,0.47357318
INC0013112,2,7,1,0.6603366
INC0013112,3,7,1,0.73705065
INC0013112,4,7,1,0.97773093
INC0013112,5,7,1,0.9971374
INC0013112,6,7,1,0.9976471
INC0013112,7,7,1,0.9973537
INC0013127,1,2,0,0.1022532
INC0013127,2,2,0,0.11486491
INC0013169,1,3,1,0.6530504
INC0013169,2,3,1,0.9029006
INC0013169,3,3,1,0.9284843
INC0013197,1,2,1,0.40455827
INC0013197,2,2,1,0.5754098
INC0013217,1,2,0,0.061167765
INC0013217,2,2,0,0.08086916
INC0013234,1,2,0,0.4092856
INC0013234,2,2,0,0.42602593
INC0013235,1,2,1,0.38418654
INC0013235,2,2,1,0.9963236
INC0013245,1,2,0,0.39441288
INC0013245,2,2,0,0.14761725
INC0013251,1,7,1,0.3217623
INC0013251,2,7,1,0.2938877
INC0013251,3,7,1,0.40453643
INC0013251,4,7,1,0.59042025
INC0013251,5,7,1,0.84928894
INC0013251,6,7,1,0.98539597
INC0013251,7,7,1,0.98512065
INC0013262,1,4,0,0.19953147
INC0013262,2,4,0,0.17538938
INC0013262,3,4,0,0.17226572
INC0013262,4,4,0,0.20706064
INC0013263,1,3,1,0.1711622
INC0013263,2,3,1,0.3745681
INC0013263,3,3,1,0.3608492
INC0013317,1,7,1,0.3992047
INC0013317,2,7,1,0.48466182
INC0013317,3,7,1,0.47534424
INC0013317,4,7,1,0.33938837
INC0013317,5,7,1,0.4892448
INC0013317,6,7,1,0.4829028
INC0013317,7,7,1,0.9553454
INC0013325,1,3,0,0.4074562
INC0013325,2,3,0,0.33497605
INC0013325,3,3,0,0.31554124
INC0013331,1,14,1,0.60070217
INC0013331,2,14,1,0.6196262
INC0013331,3,14,1,0.7166908
INC0013331,4,14,1,0.29615086
INC0013331,5,14,1,0.75228417
INC0013331,6,14,1,0.7494139
INC0013331,7,14,1,0.8508054
INC0013331,8,14,1,0.9110517
INC0013342,1,9,1,0.3425438
INC0013342,2,9,1,0.27717865
INC0013342,3,9,1,0.34622833
INC0013342,4,9,1,0.67870796
INC0013342,5,9,1,0.47337008
INC0013342,6,9,1,0.77517503
INC0013342,7,9,1,0.8138357
INC0013342,8,9,1,0.77397734
INC0013374,1,6,0,0.35632032
INC0013374,2,6,0,0.37602124
INC0013374,3,6,0,0.36818498
INC0013374,4,6,0,0.2959232
INC0013374,5,6,0,0.316482
INC0013374,6,6,0,0.4074023
INC0013385,1,4,1,0.37105998
INC0013385,2,4,1,0.43192458
INC0013385,3,4,1,0.5221888
INC0013385,4,4,1,0.6455383
INC0013394,1,7,1,0.33929756
INC0013394,2,7,1,0.2764339
INC0013394,3,7,1,0.33410844
INC0013394,4,7,1,0.43182573
INC0013394,5,7,1,0.473983
INC0013394,6,7,1,0.473983
INC0013394,7,7,1,0.5690447
INC0013404,1,4,0,0.3604164
INC0013404,2,4,0,0.28934103
INC0013404,3,4,0,0.2538038
INC0013404,4,4,0,0.34386852
INC0013410,1,8,1,0.36135408
INC0013410,2,8,1,0.3564422
INC0013410,3,8,1,0.35059646
INC0013410,4,8,1,0.34337503
INC0013410,5,8,1,0.3976576
INC0013410,6,8,1,0.42831585
INC0013410,7,8,1,0.7987833
INC0013410,8,8,1,0.7980879
INC0013450,1,2,0,0.18881014
INC0013450,2,2,0,0.257954
INC0013459,1,1,0,0.046868257
INC0013478,1,2,1,0.5270474
INC0013478,2,2,1,0.42224082
INC0013495,1,5,0,0.3630077
INC0013495,2,5,0,0.3370739
INC0013495,3,5,0,0.32896894
INC0013495,4,5,0,0.40406448
INC0013495,5,5,0,0.4109708
INC0013499,1,9,1,0.4686034
INC0013499,2,9,1,0.5302866
INC0013499,3,9,1,0.53307456
INC0013499,4,9,1,0.5718476
INC0013499,5,9,1,0.6543684
INC0013499,6,9,1,0.9982461
INC0013499,7,9,1,0.9981665
INC0013499,8,9,1,0.9977245
INC0013526,1,1,0,0.08920018
INC0013542,1,6,1,0.29646173
INC0013542,2,6,1,0.48357737
INC0013542,3,6,1,0.40942425
INC0013542,4,6,1,0.52767533
INC0013542,5,6,1,0.9956512
INC0013542,6,6,1,0.995989
INC0013550,1,2,0,0.37540394
INC0013550,2,2,0,0.3835236
INC0013551,1,3,0,0.84938276
INC0013551,2,3,0,0.7598644
INC0013551,3,3,0,0.7555162
INC0013576,1,5,1,0.28203344
INC0013576,2,5,1,0.38167822
INC0013576,3,5,1,0.53111863
INC0013576,4,5,1,0.54148465
INC0013576,5,5,1,0.6319891
INC0013583,1,2,0,0.059247058
INC0013583,2,2,0,0.07815311
INC0013586,1,12,1,0.47748798
INC0013586,2,12,1,0.39832923
INC0013586,3,12,1,0.39211276
INC0013586,4,12,1,0.38688543
INC0013586,5,12,1,0.46157122
INC0013586,6,12,1,0.24609075
INC0013586,7,12,1,0.17854363
INC0013586,8,12,1,0.42351478
INC0013593,1,5,0,0.4404475
INC0013593,2,5,0,0.34089252
INC0013593,3,5,0,0.3392265
INC0013593,4,5,0,0.33709306
INC0013593,5,5,0,0.3321984
INC0013600,1,3,1,0.43894386
INC0013600,2,3,1,0.62430066
INC0013600,3,3,1,0.73652744
INC0013610,1,3,1,0.4706722
INC0013610,2,3,1,0.56697553
INC0013610,3,3,1,0.99727374
INC0013628,1,1,0,0.17848876
INC0013631,1,4,0,0.14492276
INC0013631,2,4,0,0.119545154
INC0013631,3,4,0,0.11339335
INC0013631,4,4,0,0.11120215
INC0013648,1,1,0,0.051785693
INC0013656,1,2,0,0.27796856
INC0013656,2,2,0,0.25653934
INC0013667,1,1,0,0.2621056
INC0013673,1,4,0,0.20967828
INC0013673,2,4,0,0.09323886
INC0013673,3,4,0,0.12499195
INC0013673,4,4,0,0.12395313
INC0013677,1,3,1,0.8904592
INC0013677,2,3,1,0.845829
INC0013677,3,3,1,0.99941266
INC0013685,1,3,1,0.89907646
INC0013685,2,3,1,0.8526342
INC0013685,3,3,1,0.9992287
INC0013693,1,17,1,0.404966
INC0013693,2,17,1,0.31732798
INC0013693,3,17,1,0.41479793
INC0013693,4,17,1,0.45390415
INC0013693,5,17,1,0.54523546
INC0013693,6,17,1,0.5150699
INC0013693,7,17,1,0.5150699
INC0013693,8,17,1,0.524037
INC0013765,1,1,0,0.10665497
INC0013773,1,2,0,0.40727392
INC0013773,2,2,0,0.20489417
INC0013784,1,5,0,0.29264525
INC0013784,2,5,0,0.25268713
INC0013784,3,5,0,0.24531467
INC0013784,4,5,0,0.2435542
INC0013784,5,5,0,0.30427027
INC0013798,1,4,0,0.2971125
INC0013798,2,4,0,0.27842382
INC0013798,3,4,0,0.29263625
INC0013798,4,4,0,0.61876506
INC0013813,1,6,1,0.3492356
INC0013813,2,6,1,0.36269408
INC0013813,3,6,1,0.34610832
INC0013813,4,6,1,0.59763414
INC0013813,5,6,1,0.884557
INC0013813,6,6,1,0.99218667
INC0013817,1,9,1,0.3894767
INC0013817,2,9,1,0.50101614
INC0013817,3,9,1,0.55359906
INC0013817,4,9,1,0.42086226
INC0013817,5,9,1,0.32346156
INC0013817,6,9,1,0.40191418
INC0013817,7,9,1,0.45956188
INC0013817,8,9,1,0.66990125
INC0013823,1,2,0,0.27421513
INC0013823,2,2,0,0.23352873
INC0013826,1,2,0,0.022503315
INC0013826,2,2,0,0.051004287
INC0013847,1,3,0,0.3142555
INC0013847,2,3,0,0.16090918
INC0013847,3,3,0,0.15834744
INC0013866,1,2,0,0.18867676
INC0013866,2,2,0,0.15046117
INC0013872,1,3,0,0.14935876
INC0013872,2,3,0,0.27329358
INC0013872,3,3,0,0.2744143
INC0013880,1,1,0,0.038742676
INC0013886,1,1,0,0.021011388
INC0013893,1,2,1,0.44309214
INC0013893,2,2,1,0.35990876
INC0013910,1,3,0,0.1676735
INC0013910,2,3,0,0.14389907
INC0013910,3,3,0,0.13531923
INC0013922,1,3,0,0.3580756
INC0013922,2,3,0,0.48726
INC0013922,3,3,0,0.4238389
INC0013932,1,4,1,0.97303313
INC0013932,2,4,1,0.9706873
INC0013932,3,4,1,0.9599969
INC0013932,4,4,1,0.9612049
INC0013944,1,4,0,0.19191329
INC0013944,2,4,0,0.10846601
INC0013944,3,4,0,0.2015278
INC0013944,4,4,0,0.20282684
INC0013948,1,5,0,0.2749567
INC0013948,2,5,0,0.22354399
INC0013948,3,5,0,0.19007403
INC0013948,4,5,0,0.21569508
INC0013948,5,5,0,0.20432013
INC0013975,1,5,0,0.2682745
INC0013975,2,5,0,0.18989676
INC0013975,3,5,0,0.22755131
INC0013975,4,5,0,0.334993
INC0013975,5,5,0,0.32849264
INC0013982,1,2,0,0.24732462
INC0013982,2,2,0,0.22770157
INC0014005,1,7,0,0.2317379
INC0014005,2,7,0,0.09642789
INC0014005,3,7,0,0.33725
INC0014005,4,7,0,0.40570107
INC0014005,5,7,0,0.30205724
INC0014005,6,7,0,0.28376055
INC0014005,7,7,0,0.3067279
INC0014007,1,6,1,0.30468246
INC0014007,2,6,1,0.9957814
INC0014007,3,6,1,0.9954855
INC0014007,4,6,1,0.9963355
INC0014007,5,6,1,0.9968947
INC0014007,6,6,1,0.99757284
INC0014018,1,2,1,0.40176392
INC0014018,2,2,1,0.32147127
INC0014048,1,4,0,0.3040167
INC0014048,2,4,0,0.2311596
INC0014048,3,4,0,0.3961634
INC0014048,4,4,0,0.39432788
INC0014082,1,1,0,0.071412794
INC0014085,1,4,0,0.33265603
INC0014085,2,4,0,0.51299876
INC0014085,3,4,0,0.45054844
INC0014085,4,4,0,0.5504733
INC0014089,1,1,0,0.07067212
INC0014098,1,2,0,0.0761334
INC0014098,2,2,0,0.16586235
INC0014104,1,10,1,0.24448891
INC0014104,2,10,1,0.40203816
INC0014104,3,10,1,0.40498233
INC0014104,4,10,1,0.43249643
INC0014104,5,10,1,0.26592958
INC0014104,6,10,1,0.7876699
INC0014104,7,10,1,0.98390955
INC0014104,8,10,1,0.9908958
INC0014112,1,7,1,0.09685456
INC0014112,2,7,1,0.1185898
INC0014112,3,7,1,0.16132529
INC0014112,4,7,1,0.34924787
INC0014112,5,7,1,0.9852491
INC0014112,6,7,1,0.98998415
INC0014112,7,7,1,0.986406
INC0014124,1,2,0,0.23671968
INC0014124,2,2,0,0.29734042
INC0014134,1,3,1,0.26059332
INC0014134,2,3,1,0.2796191
INC0014134,3,3,1,0.99738115
INC0014175,1,1,0,0.08503933
INC0014176,1,1,0,0.08785884
INC0014191,1,9,1,0.5348552
INC0014191,2,9,1,0.44283915
INC0014191,3,9,1,0.45190707
INC0014191,4,9,1,0.45179647
INC0014191,5,9,1,0.4864476
INC0014191,6,9,1,0.9966581
INC0014191,7,9,1,0.99682033
INC0014191,8,9,1,0.99785775
INC0014201,1,4,0,0.16015308
INC0014201,2,4,0,0.2369591
INC0014201,3,4,0,0.2368287
INC0014201,4,4,0,0.20820728
INC0014204,1,3,0,0.31719068
INC0014204,2,3,0,0.67274475
INC0014204,3,3,0,0.502983
INC0014230,1,3,1,0.81901294
INC0014230,2,3,1,0.8363229
INC0014230,3,3,1,0.99952126
INC0014231,1,1,0,0.076414816
INC0014237,1,6,0,0.39888427
INC0014237,2,6,0,0.42781472
INC0014237,3,6,0,0.3363514
INC0014237,4,6,0,0.8177303
INC0014237,5,6,0,0.8632592
INC0014237,6,6,0,0.9580374
INC0014270,1,3,0,0.2660409
INC0014270,2,3,0,0.25156656
INC0014270,3,3,0,0.22786479
INC0014275,1,1,0,0.015010779
INC0014286,1,4,0,0.40191552
INC0014286,2,4,0,0.3062727
INC0014286,3,4,0,0.3437936
INC0014286,4,4,0,0.3437936
INC0014309,1,2,0,0.28687757
INC0014309,2,2,0,0.2744411
INC0014318,1,1,0,0.105988786
INC0014320,1,5,0,0.30143085
INC0014320,2,5,0,0.24992909
INC0014320,3,5,0,0.19070712
INC0014320,4,5,0,0.18647747
INC0014320,5,5,0,0.16671534
INC0014338,1,1,0,0.20003398
INC0014344,1,2,0,0.08344909
INC0014344,2,2,0,0.07928267
INC0014345,1,1,0,0.04905773
INC0014346,1,2,0,0.31774175
INC0014346,2,2,0,0.30814603
INC0014357,1,2,0,0.2615742
INC0014357,2,2,0,0.24057043
INC0014364,1,1,0,0.015861379
INC0014366,1,1,0,0.01214177
INC0014374,1,1,0,0.011670712
INC0014375,1,1,0,0.014010706
INC0014376,1,2,0,0.012364315
INC0014376,2,2,0,0.031811856
INC0014377,1,2,0,0.040504124
INC0014377,2,2,0,0.06989065
INC0014378,1,1,0,0.0027079633
INC0014386,1,1,0,0.01244531
INC0014393,1,1,0,0.015465927
INC0014413,1,1,0,0.097033374
INC0014418,1,8,0,0.35787413
INC0014418,2,8,0,0.41858745
INC0014418,3,8,0,0.3977859
INC0014418,4,8,0,0.2493364
INC0014418,5,8,0,0.32158467
INC0014418,6,8,0,0.32535467
INC0014418,7,8,0,0.27347526
INC0014418,8,8,0,0.36181918
INC0014423,1,5,0,0.21426672
INC0014423,2,5,0,0.38684705
INC0014423,3,5,0,0.2219528
INC0014423,4,5,0,0.21358976
INC0014423,5,5,0,0.1914956
INC0014425,1,3,0,0.26446727
INC0014425,2,3,0,0.17427988
INC0014425,3,3,0,0.18013814
INC0014426,1,7,0,0.061652467
INC0014426,2,7,0,0.38294795
INC0014426,3,7,0,0.3876379
INC0014426,4,7,0,0.40509716
INC0014426,5,7,0,0.17645572
INC0014426,6,7,0,0.19764343
INC0014426,7,7,0,0.43118972
INC0014429,1,3,0,0.3902092
INC0014429,2,3,0,0.43592396
INC0014429,3,3,0,0.47571683
INC0014446,1,11,0,0.49007988
INC0014446,2,11,0,0.6706117
INC0014446,3,11,0,0.6633892
INC0014446,4,11,0,0.50692964
INC0014446,5,11,0,0.49727166
INC0014446,6,11,0,0.27990505
INC0014446,7,11,0,0.2787673
INC0014446,8,11,0,0.18783167
INC0014454,1,1,0,0.121654004
INC0014463,1,2,0,0.012708856
INC0014463,2,2,0,0.03225621
INC0014479,1,3,0,0.3139027
INC0014479,2,3,0,0.32965988
INC0014479,3,3,0,0.36771613
INC0014503,1,1,0,0.027232679
INC0014509,1,2,1,0.2732947
INC0014509,2,2,1,0.9931257
INC0014517,1,1,0,0.34313884
INC0014543,1,1,0,0.004213667
INC0014545,1,4,1,0.29723278
INC0014545,2,4,1,0.39618218
INC0014545,3,4,1,0.997888
INC0014545,4,4,1,0.99671435
INC0014558,1,5,0,0.2720117
INC0014558,2,5,0,0.24635881
INC0014558,3,5,0,0.22969726
INC0014558,4,5,0,0.22768897
INC0014558,5,5,0,0.2061946
INC0014560,1,12,1,0.40046448
INC0014560,2,12,1,0.41584605
INC0014560,3,12,1,0.48159972
INC0014560,4,12,1,0.5769554
INC0014560,5,12,1,0.40538386
INC0014560,6,12,1,0.99789065
INC0014560,7,12,1,0.9982668
INC0014560,8,12,1,0.99808276
INC0014564,1,3,1,0.10528434
INC0014564,2,3,1,0.097063795
INC0014564,3,3,1,0.4019839
INC0014581,1,1,0,0.112177566
INC0014589,1,4,0,0.29517823
INC0014589,2,4,0,0.2596183
INC0014589,3,4,0,0.24631356
INC0014589,4,4,0,0.30680412
INC0014590,1,2,0,0.32142115
INC0014590,2,2,0,0.25731498
INC0014599,1,4,0,0.24555492
INC0014599,2,4,0,0.2161548
INC0014599,3,4,0,0.19033337
INC0014599,4,4,0,0.27795863
INC0014602,1,1,0,0.3493035
INC0014646,1,1,0,0.1083631
INC0014656,1,9,0,0.23909125
INC0014656,2,9,0,0.30125734
INC0014656,3,9,0,0.3495237
INC0014656,4,9,0,0.27624428
INC0014656,5,9,0,0.26163462
INC0014656,6,9,0,0.17834833
INC0014656,7,9,0,0.18136984
INC0014656,8,9,0,0.21719375
INC0014658,1,4,0,0.11793353
INC0014658,2,4,0,0.24792753
INC0014658,3,4,0,0.24847634
INC0014658,4,4,0,0.28744164
INC0014665,1,4,1,0.39962694
INC0014665,2,4,1,0.32814923
INC0014665,3,4,1,0.37952635
INC0014665,4,4,1,0.76808554
INC0014698,1,1,0,0.05954945
INC0014701,1,2,0,0.22729999
INC0014701,2,2,0,0.2019231
INC0014711,1,11,1,0.32104412
INC0014711,2,11,1,0.34933996
INC0014711,3,11,1,0.28609413
INC0014711,4,11,1,0.31837186
INC0014711,5,11,1,0.38142624
INC0014711,6,11,1,0.37975812
INC0014711,7,11,1,0.44365174
INC0014711,8,11,1,0.4554621
INC0014731,1,1,0,0.03825906
INC0014736,1,3,0,0.21513735
INC0014736,2,3,0,0.2825608
INC0014736,3,3,0,0.2514502
INC0014746,1,2,0,0.2618465
INC0014746,2,2,0,0.28718987
INC0014762,1,3,0,0.12744403
INC0014762,2,3,0,0.32671422
INC0014762,3,3,0,0.35626897
INC0014778,1,8,0,0.36886317
INC0014778,2,8,0,0.27266848
INC0014778,3,8,0,0.2749499
INC0014778,4,8,0,0.41012952
INC0014778,5,8,0,0.47474998
INC0014778,6,8,0,0.4029699
INC0014778,7,8,0,0.4004208
INC0014778,8,8,0,0.5115566
INC0014779,1,16,1,0.38772404
INC0014779,2,16,1,0.49810854
INC0014779,3,16,1,0.30912197
INC0014779,4,16,1,0.99732935
INC0014779,5,16,1,0.9964394
INC0014779,6,16,1,0.9968092
INC0014779,7,16,1,0.99608
INC0014779,8,16,1,0.9962386
INC0014786,1,1,0,0.042885046
INC0014796,1,7,0,0.35443154
INC0014796,2,7,0,0.28415903
INC0014796,3,7,0,0.2842678
INC0014796,4,7,0,0.2980915
INC0014796,5,7,0,0.29770386
INC0014796,6,7,0,0.22525476
INC0014796,7,7,0,0.21905212
INC0014797,1,1,0,0.1603552
INC0014839,1,2,0,0.3035002
INC0014839,2,2,0,0.30016562
INC0014843,1,2,1,0.50417966
INC0014843,2,2,1,0.4830603
INC0014846,1,6,1,0.47039717
INC0014846,2,6,1,0.43367475
INC0014846,3,6,1,0.3428379
INC0014846,4,6,1,0.7242485
INC0014846,5,6,1,0.99848664
INC0014846,6,6,1,0.9978313
INC0014849,1,6,0,0.3695898
INC0014849,2,6,0,0.30846578
INC0014849,3,6,0,0.21958332
INC0014849,4,6,0,0.33701545
INC0014849,5,6,0,0.3847703
INC0014849,6,6,0,0.35066533
INC0014865,1,1,0,0.12092344
INC0014875,1,2,0,0.13853979
INC0014875,2,2,0,0.2504831
INC0014877,1,2,0,0.3583754
INC0014877,2,2,0,0.26560566
INC0014895,1,1,0,0.1325159
INC0014901,1,8,0,0.4206524
INC0014901,2,8,0,0.4447452
INC0014901,3,8,0,0.45220798
INC0014901,4,8,0,0.4442479
INC0014901,5,8,0,0.43400022
INC0014901,6,8,0,0.46869734
INC0014901,7,8,0,0.4847617
INC0014901,8,8,0,0.40559962
INC0014909,1,1,0,0.14610785
INC0014912,1,4,0,0.38128635
INC0014912,2,4,0,0.3928384
INC0014912,3,4,0,0.3211815
INC0014912,4,4,0,0.4382671
INC0014915,1,9,0,0.1358063
INC0014915,2,9,0,0.40363318
INC0014915,3,9,0,0.38000187
INC0014915,4,9,0,0.39922062
INC0014915,5,9,0,0.49555796
INC0014915,6,9,0,0.6361267
INC0014915,7,9,0,0.73375726
INC0014915,8,9,0,0.6828525
INC0014927,1,4,0,0.32475358
INC0014927,2,4,0,0.32975367
INC0014927,3,4,0,0.36927322
INC0014927,4,4,0,0.7585621
INC0014937,1,2,0,0.13453019
INC0014937,2,2,0,0.29010227
INC0014947,1,1,0,0.14971438
INC0014951,1,2,0,0.46600085
INC0014951,2,2,0,0.46976885
INC0014952,1,3,0,0.147937
INC0014952,2,3,0,0.24876027
INC0014952,3,3,0,0.20249528
INC0014964,1,5,0,0.24302351
INC0014964,2,5,0,0.18317844
INC0014964,3,5,0,0.2033484
INC0014964,4,5,0,0.27672744
INC0014964,5,5,0,0.25556508
INC0014974,1,2,1,0.42124936
INC0014974,2,2,1,0.49897048
INC0014986,1,2,0,0.36942375
INC0014986,2,2,0,0.37700745
INC0014991,1,1,0,0.03801091
INC0014992,1,1,0,0.094988704
INC0014998,1,5,0,0.40209457
INC0014998,2,5,0,0.43164212
INC0014998,3,5,0,0.33258393
INC0014998,4,5,0,0.44649628
INC0014998,5,5,0,0.43576613
INC0015001,1,3,0,0.17008097
INC0015001,2,3,0,0.1659864
INC0015001,3,3,0,0.19895245
INC0015004,1,4,0,0.38698196
INC0015004,2,4,0,0.3918742
INC0015004,3,4,0,0.43212783
INC0015004,4,4,0,0.42264828
INC0015005,1,3,1,0.6284057
INC0015005,2,3,1,0.593274
INC0015005,3,3,1,0.8704738
INC0015018,1,2,0,0.07025509
INC0015018,2,2,0,0.16971293
INC0015044,1,9,0,0.32844302
INC0015044,2,9,0,0.30114928
INC0015044,3,9,0,0.31239584
INC0015044,4,9,0,0.36573553
INC0015044,5,9,0,0.3820534
INC0015044,6,9,0,0.44899473
INC0015044,7,9,0,0.5687545
INC0015044,8,9,0,0.62838507
INC0015047,1,9,1,0.25872242
INC0015047,2,9,1,0.27839988
INC0015047,3,9,1,0.27420676
INC0015047,4,9,1,0.29544225
INC0015047,5,9,1,0.6008617
INC0015047,6,9,1,0.5407012
INC0015047,7,9,1,0.7498009
INC0015047,8,9,1,0.75490904
INC0015055,1,7,0,0.22743148
INC0015055,2,7,0,0.38588187
INC0015055,3,7,0,0.4779758
INC0015055,4,7,0,0.41960847
INC0015055,5,7,0,0.43548572
INC0015055,6,7,0,0.3383814
INC0015055,7,7,0,0.30419055
INC0015061,1,1,0,0.11324688
INC0015066,1,5,0,0.05492618
INC0015066,2,5,0,0.15863128
INC0015066,3,5,0,0.10497926
INC0015066,4,5,0,0.10150642
INC0015066,5,5,0,0.09664321
INC0015068,1,8,0,0.22185832
INC0015068,2,8,0,0.17955455
INC0015068,3,8,0,0.34431443
INC0015068,4,8,0,0.46720895
INC0015068,5,8,0,0.6340037
INC0015068,6,8,0,0.5049388
INC0015068,7,8,0,0.49917963
INC0015068,8,8,0,0.5445912
INC0015092,1,1,0,0.123760216
INC0015111,1,2,0,0.3888009
INC0015111,2,2,0,0.3700518
INC0015166,1,3,1,0.1311634
INC0015166,2,3,1,0.58370787
INC0015166,3,3,1,0.5884224
INC0015189,1,1,0,0.097247705
INC0015208,1,3,0,0.30537653
INC0015208,2,3,0,0.28050768
INC0015208,3,3,0,0.3887827
INC0015216,1,1,0,0.049428105
INC0015230,1,1,0,0.20381774
INC0015244,1,3,1,0.25183833
INC0015244,2,3,1,0.3821312
INC0015244,3,3,1,0.8501782
INC0015250,1,3,0,0.17989352
INC0015250,2,3,0,0.15779433
INC0015250,3,3,0,0.3287952
INC0015252,1,3,1,0.24976115
INC0015252,2,3,1,0.5444525
INC0015252,3,3,1,0.85019404
INC0015264,1,1,0,0.07827938
INC0015267,1,2,0,0.13389449
INC0015267,2,2,0,0.17508799
INC0015271,1,1,0,0.04593946
INC0015287,1,4,0,0.1297794
INC0015287,2,4,0,0.1873385
INC0015287,3,4,0,0.25851744
INC0015287,4,4,0,0.26487657
INC0015289,1,2,0,0.26061085
INC0015289,2,2,0,0.33706498
INC0015294,1,1,1,0.87980944
INC0015296,1,1,0,0.63801926
INC0015298,1,2,0,0.22662103
INC0015298,2,2,0,0.3030235
INC0015304,1,4,0,0.21608433
INC0015304,2,4,0,0.1630577
INC0015304,3,4,0,0.23554547
INC0015304,4,4,0,0.23782805
INC0015305,1,2,0,0.23389228
INC0015305,2,2,0,0.36021224
INC0015309,1,1,0,0.060679317
INC0015310,1,3,1,0.17740291
INC0015310,2,3,1,0.36325496
INC0015310,3,3,1,0.37775874
INC0015316,1,1,0,0.043673683
INC0015332,1,1,0,0.26332143
INC0015356,1,1,0,0.039258186
INC0015363,1,3,0,0.1803988
INC0015363,2,3,0,0.17677373
INC0015363,3,3,0,0.17606294
INC0015368,1,2,0,0.10123775
INC0015368,2,2,0,0.3420457
INC0015391,1,3,0,0.12519984
INC0015391,2,3,0,0.20146388
INC0015391,3,3,0,0.19501528
INC0015396,1,1,0,0.058714256
INC0015398,1,9,1,0.38847902
INC0015398,2,9,1,0.31339252
INC0015398,3,9,1,0.17757766
INC0015398,4,9,1,0.18486197
INC0015398,5,9,1,0.27723747
INC0015398,6,9,1,0.25233096
INC0015398,7,9,1,0.24412087
INC0015398,8,9,1,0.31859165
INC0015399,1,7,0,0.1333535
INC0015399,2,7,0,0.26535687
INC0015399,3,7,0,0.41420856
INC0015399,4,7,0,0.4557947
INC0015399,5,7,0,0.45846257
INC0015399,6,7,0,0.45930943
INC0015399,7,7,0,0.40210587
INC0015406,1,4,0,0.25583762
INC0015406,2,4,0,0.18892209
INC0015406,3,4,0,0.37079403
INC0015406,4,4,0,0.37480813
INC0015416,1,4,0,0.13244103
INC0015416,2,4,0,0.31394294
INC0015416,3,4,0,0.31308344
INC0015416,4,4,0,0.3186247
INC0015418,1,2,0,0.27648112
INC0015418,2,2,0,0.211673
INC0015427,1,4,1,0.3499659
INC0015427,2,4,1,0.27500823
INC0015427,3,4,1,0.59347224
INC0015427,4,4,1,0.9988971
INC0015436,1,3,0,0.2849185
INC0015436,2,3,0,0.2797138
INC0015436,3,3,0,0.2454471
INC0015450,1,5,0,0.18942268
INC0015450,2,5,0,0.15983382
INC0015450,3,5,0,0.2332916
INC0015450,4,5,0,0.24979602
INC0015450,5,5,0,0.36783177
INC0015455,1,1,0,0.02908348
INC0015465,1,1,0,0.034994517
INC0015479,1,4,0,0.30029824
INC0015479,2,4,0,0.26445517
INC0015479,3,4,0,0.2447945
INC0015479,4,4,0,0.2355999
INC0015483,1,6,0,0.32562366
INC0015483,2,6,0,0.3440141
INC0015483,3,6,0,0.40315396
INC0015483,4,6,0,0.53592986
INC0015483,5,6,0,0.78499
INC0015483,6,6,0,0.7235601
INC0015495,1,1,0,0.068958335
INC0015496,1,1,0,0.03569185
INC0015525,1,2,0,0.18613155
INC0015525,2,2,0,0.21468908
INC0015528,1,2,0,0.272307
INC0015528,2,2,0,0.17524683
INC0015538,1,2,0,0.10785514
INC0015538,2,2,0,0.11168212
INC0015543,1,1,0,0.033008266
INC0015545,1,4,1,0.12963192
INC0015545,2,4,1,0.60150373
INC0015545,3,4,1,0.9977089
INC0015545,4,4,1,0.9967134
INC0015560,1,1,0,0.0712247
INC0015589,1,1,0,0.06597506
INC0015600,1,3,0,0.23154388
INC0015600,2,3,0,0.25842276
INC0015600,3,3,0,0.7653723
INC0015602,1,5,1,0.60335714
INC0015602,2,5,1,0.5958885
INC0015602,3,5,1,0.5757149
INC0015602,4,5,1,0.8505556
INC0015602,5,5,1,0.8306745
INC0015608,1,1,0,0.08548704
INC0015633,1,2,0,0.2724643
INC0015633,2,2,0,0.3064895
INC0015635,1,1,0,0.2748882
INC0015705,1,4,0,0.33208564
INC0015705,2,4,0,0.2711172
INC0015705,3,4,0,0.19548799
INC0015705,4,4,0,0.31500244
INC0015708,1,3,0,0.2707019
INC0015708,2,3,0,0.2239715
INC0015708,3,3,0,0.27369428
INC0015711,1,1,0,0.09502322
INC0015713,1,1,0,0.021468263
INC0015728,1,2,0,0.2619323
INC0015728,2,2,0,0.19561337
INC0015741,1,10,0,0.22115017
INC0015741,2,10,0,0.12721634
INC0015741,3,10,0,0.20631756
INC0015741,4,10,0,0.31109872
INC0015741,5,10,0,0.2478335
INC0015741,6,10,0,0.38472828
INC0015741,7,10,0,0.3359482
INC0015741,8,10,0,0.33196294
INC0015752,1,4,0,0.34339514
INC0015752,2,4,0,0.351399
INC0015752,3,4,0,0.34965768
INC0015752,4,4,0,0.4285341
INC0015769,1,6,1,0.6126281
INC0015769,2,6,1,0.9984542
INC0015769,3,6,1,0.9941294
INC0015769,4,6,1,0.9975866
INC0015769,5,6,1,0.9972475
INC0015769,6,6,1,0.99671966
INC0015809,1,1,0,0.023547007
INC0015815,1,5,1,0.42744404
INC0015815,2,5,1,0.3251459
INC0015815,3,5,1,0.25669488
INC0015815,4,5,1,0.8670011
INC0015815,5,5,1,0.99959046
INC0015818,1,9,0,0.15768597
INC0015818,2,9,0,0.42594415
INC0015818,3,9,0,0.4084498
INC0015818,4,9,0,0.39588046
INC0015818,5,9,0,0.3805737
INC0015818,6,9,0,0.37793767
INC0015818,7,9,0,0.47582403
INC0015818,8,9,0,0.5456539
INC0015833,1,1,0,0.0281185
INC0015838,1,1,0,0.029315514
INC0015864,1,8,1,0.3665484
INC0015864,2,8,1,0.2934848
INC0015864,3,8,1,0.48286727
INC0015864,4,8,1,0.47794828
INC0015864,5,8,1,0.61655915
INC0015864,6,8,1,0.9853254
INC0015864,7,8,1,0.9851222
INC0015864,8,8,1,0.9981579
INC0015886,1,1,0,0.019563476
INC0015888,1,2,1,0.5831303
INC0015888,2,2,1,0.49459523
INC0015895,1,7,1,0.3396561
INC0015895,2,7,1,0.7042505
INC0015895,3,7,1,0.9967476
INC0015895,4,7,1,0.9967535
INC0015895,5,7,1,0.99754095
INC0015895,6,7,1,0.99801743
INC0015895,7,7,1,0.99737155
INC0015906,1,1,1,0.86350834
INC0015911,1,2,0,0.02701578
INC0015911,2,2,0,0.07625292
INC0015918,1,1,0,0.083046004
INC0015931,1,9,1,0.5157903
INC0015931,2,9,1,0.41688618
INC0015931,3,9,1,0.33795258
INC0015931,4,9,1,0.36537054
INC0015931,5,9,1,0.3565464
INC0015931,6,9,1,0.34345323
INC0015931,7,9,1,0.44464567
INC0015931,8,9,1,0.713918
INC0015936,1,3,0,0.356279
INC0015936,2,3,0,0.3442575
INC0015936,3,3,0,0.37391707
INC0015987,1,6,1,0.7083792
INC0015987,2,6,1,0.6545579
INC0015987,3,6,1,0.99918526
INC0015987,4,6,1,0.9984487
INC0015987,5,6,1,0.9984042
INC0015987,6,6,1,0.9983156
INC0015990,1,2,0,0.07352064
INC0015990,2,2,0,0.16359332
INC0015991,1,16,1,0.08166967
INC0015991,2,16,1,0.27925932
INC0015991,3,16,1,0.25748828
INC0015991,4,16,1,0.23894721
INC0015991,5,16,1,0.2807324
INC0015991,6,16,1,0.42186353
INC0015991,7,16,1,0.38715845
INC0015991,8,16,1,0.46782956
INC0016008,1,1,0,0.093589276
INC0016017,1,2,0,0.253333
INC0016017,2,2,0,0.220708
INC0016026,1,5,1,0.4260624
INC0016026,2,5,1,0.37514064
INC0016026,3,5,1,0.37557516
INC0016026,4,5,1,0.97727156
INC0016026,5,5,1,0.9961063
INC0016027,1,9,1,0.4805527
INC0016027,2,9,1,0.99789006
INC0016027,3,9,1,0.9979214
INC0016027,4,9,1,0.997783
INC0016027,5,9,1,0.997783
INC0016027,6,9,1,0.99792165
INC0016027,7,9,1,0.9976882
INC0016027,8,9,1,0.99744034
INC0016029,1,1,1,0.8294367
INC0016036,1,2,0,0.3037085
INC0016036,2,2,0,0.29279298
INC0016038,1,2,0,0.1706871
INC0016038,2,2,0,0.30833408
INC0016067,1,27,1,0.40817317
INC0016067,2,27,1,0.41731477
INC0016067,3,27,1,0.55733424
INC0016067,4,27,1,0.58021986
INC0016067,5,27,1,0.5253306
INC0016067,6,27,1,0.4434962
INC0016067,7,27,1,0.44148776
INC0016067,8,27,1,0.44148776
INC0016072,1,12,1,0.3050483
INC0016072,2,12,1,0.22401215
INC0016072,3,12,1,0.25129315
INC0016072,4,12,1,0.2935196
INC0016072,5,12,1,0.26335207
INC0016072,6,12,1,0.38079247
INC0016072,7,12,1,0.3650185
INC0016072,8,12,1,0.583437
INC0016076,1,3,0,0.12733756
INC0016076,2,3,0,0.055460785
INC0016076,3,3,0,0.055460785
INC0016081,1,9,1,0.28329518
INC0016081,2,9,1,0.29169947
INC0016081,3,9,1,0.2698488
INC0016081,4,9,1,0.2721046
INC0016081,5,9,1,0.27265847
INC0016081,6,9,1,0.95462483
INC0016081,7,9,1,0.9577142
INC0016081,8,9,1,0.9659442
INC0016083,1,9,1,0.44133928
INC0016083,2,9,1,0.36144158
INC0016083,3,9,1,0.43194515
INC0016083,4,9,1,0.42668873
INC0016083,5,9,1,0.38878325
INC0016083,6,9,1,0.97018504
INC0016083,7,9,1,0.9782823
INC0016083,8,9,1,0.9758159
INC0016089,1,2,0,0.16374098
INC0016089,2,2,0,0.24400333
INC0016106,1,8,1,0.41658437
INC0016106,2,8,1,0.35857168
INC0016106,3,8,1,0.3484457
INC0016106,4,8,1,0.404044
INC0016106,5,8,1,0.49905124
INC0016106,6,8,1,0.55553246
INC0016106,7,8,1,0.54107946
INC0016106,8,8,1,0.94760233
INC0016111,1,13,1,0.40439674
INC0016111,2,13,1,0.39746687
INC0016111,3,13,1,0.51913023
INC0016111,4,13,1,0.9828163
INC0016111,5,13,1,0.9876694
INC0016111,6,13,1,0.9839579
INC0016111,7,13,1,0.983678
INC0016111,8,13,1,0.98472255
INC0016122,1,2,1,0.41612583
INC0016122,2,2,1,0.34313315
INC0016133,1,10,1,0.45773917
INC0016133,2,10,1,0.9576864
INC0016133,3,10,1,0.950338
INC0016133,4,10,1,0.96524775
INC0016133,5,10,1,0.9679842
INC0016133,6,10,1,0.9969242
INC0016133,7,10,1,0.9978212
INC0016133,8,10,1,0.9978156
INC0016142,1,4,0,0.34356534
INC0016142,2,4,0,0.3793459
INC0016142,3,4,0,0.33692947
INC0016142,4,4,0,0.36352184
INC0016165,1,1,0,0.1738287
INC0016168,1,1,0,0.6355423
INC0016203,1,2,0,0.30075377
INC0016203,2,2,0,0.34362787
INC0016209,1,9,1,0.31165296
INC0016209,2,9,1,0.29601738
INC0016209,3,9,1,0.2917533
INC0016209,4,9,1,0.31114516
INC0016209,5,9,1,0.46263975
INC0016209,6,9,1,0.4543885
INC0016209,7,9,1,0.3983128
INC0016209,8,9,1,0.9938599
INC0016236,1,4,0,0.30013672
INC0016236,2,4,0,0.31314185
INC0016236,3,4,0,0.27932176
INC0016236,4,4,0,0.3375256
INC0016264,1,1,0,0.18417883
INC0016265,1,4,0,0.8742762
INC0016265,2,4,0,0.9448449
INC0016265,3,4,0,0.9429794
INC0016265,4,4,0,0.91265994
INC0016267,1,1,0,0.2625231
INC0016286,1,1,0,0.057933893
INC0016290,1,2,0,0.122231774
INC0016290,2,2,0,0.16358449
INC0016296,1,2,0,0.114476226
INC0016296,2,2,0,0.15484923
INC0016323,1,2,0,0.15891328
INC0016323,2,2,0,0.12606296
INC0016336,1,2,0,0.09045685
INC0016336,2,2,0,0.15180564
INC0016342,1,4,1,0.1922154
INC0016342,2,4,1,0.15743178
INC0016342,3,4,1,0.13226843
INC0016342,4,4,1,0.31409112
INC0016344,1,1,0,0.10117235
INC0016346,1,1,0,0.0422252
INC0016364,1,1,0,0.022097934
INC0016370,1,1,0,0.021399867
INC0016379,1,3,1,0.21730103
INC0016379,2,3,1,0.66468596
INC0016379,3,3,1,0.6730505
INC0016387,1,1,0,0.1466289
INC0016390,1,4,1,0.3116829
INC0016390,2,4,1,0.29060468
INC0016390,3,4,1,0.28922924
INC0016390,4,4,1,0.38686907
INC0016391,1,1,0,0.022097934
INC0016392,1,2,0,0.34292698
INC0016392,2,2,0,0.26895106
INC0016417,1,5,1,0.22207955
INC0016417,2,5,1,0.9206797
INC0016417,3,5,1,0.9956809
INC0016417,4,5,1,0.9973022
INC0016417,5,5,1,0.99802977
INC0016418,1,4,1,0.23551069
INC0016418,2,4,1,0.2402548
INC0016418,3,4,1,0.9262574
INC0016418,4,4,1,0.947323
INC0016451,1,7,1,0.13814655
INC0016451,2,7,1,0.12465643
INC0016451,3,7,1,0.55906206
INC0016451,4,7,1,0.6974226
INC0016451,5,7,1,0.8743783
INC0016451,6,7,1,0.82148814
INC0016451,7,7,1,0.82148814
INC0016454,1,2,0,0.11297431
INC0016454,2,2,0,0.09740851
INC0016455,1,1,0,0.23433861
INC0016462,1,2,0,0.2414588
INC0016462,2,2,0,0.208797
INC0016463,1,2,0,0.22019288
INC0016463,2,2,0,0.1889497
INC0016468,1,5,0,0.0839894
INC0016468,2,5,0,0.067852065
INC0016468,3,5,0,0.24188836
INC0016468,4,5,0,0.24860638
INC0016468,5,5,0,0.08363228
INC0016470,1,3,0,0.2565004
INC0016470,2,3,0,0.168893
INC0016470,3,3,0,0.2228161
INC0016479,1,1,0,0.02145082
INC0016482,1,1,0,0.30959275
INC0016498,1,10,1,0.28735074
INC0016498,2,10,1,0.23712613
INC0016498,3,10,1,0.20475681
INC0016498,4,10,1,0.22008575
INC0016498,5,10,1,0.24663341
INC0016498,6,10,1,0.2130312
INC0016498,7,10,1,0.22849639
INC0016498,8,10,1,0.6348761
INC0016548,1,6,0,0.27745095
INC0016548,2,6,0,0.30670124
INC0016548,3,6,0,0.2992937
INC0016548,4,6,0,0.27166632
INC0016548,5,6,0,0.33561483
INC0016548,6,6,0,0.30217206
INC0016551,1,6,1,0.34395173
INC0016551,2,6,1,0.30357808
INC0016551,3,6,1,0.38566503
INC0016551,4,6,1,0.38383988
INC0016551,5,6,1,0.5421272
INC0016551,6,6,1,0.9467508
INC0016563,1,2,0,0.20638195
INC0016563,2,2,0,0.19061546
INC0016564,1,3,1,0.20958044
INC0016564,2,3,1,0.15578999
INC0016564,3,3,1,0.8524929
INC0016567,1,5,0,0.21481161
INC0016567,2,5,0,0.17172195
INC0016567,3,5,0,0.16410467
INC0016567,4,5,0,0.17262022
INC0016567,5,5,0,0.16360807
INC0016574,1,2,1,0.7357185
INC0016574,2,2,1,0.8167081
INC0016582,1,2,0,0.13491623
INC0016582,2,2,0,0.1645012
INC0016587,1,1,0,0.061466936
INC0016590,1,2,0,0.28740376
INC0016590,2,2,0,0.25798675
INC0016600,1,5,1,0.15749069
INC0016600,2,5,1,0.33614025
INC0016600,3,5,1,0.9979729
INC0016600,4,5,1,0.9982247
INC0016600,5,5,1,0.9980837
INC0016608,1,2,0,0.275526
INC0016608,2,2,0,0.27579013
INC0016633,1,2,0,0.18507427
INC0016633,2,2,0,0.16354881
INC0016649,1,1,0,0.09682384
INC0016655,1,4,0,0.1807801
INC0016655,2,4,0,0.3034999
INC0016655,3,4,0,0.29775274
INC0016655,4,4,0,0.3095465
INC0016661,1,4,0,0.31884608
INC0016661,2,4,0,0.3778763
INC0016661,3,4,0,0.3592934
INC0016661,4,4,0,0.3257762
INC0016664,1,5,1,0.2294373
INC0016664,2,5,1,0.27015576
INC0016664,3,5,1,0.18597305
INC0016664,4,5,1,0.21594395
INC0016664,5,5,1,0.23982707
INC0016673,1,2,0,0.1390542
INC0016673,2,2,0,0.11302389
INC0016674,1,2,0,0.23655848
INC0016674,2,2,0,0.15413764
INC0016683,1,5,0,0.17453253
INC0016683,2,5,0,0.15163152
INC0016683,3,5,0,0.15365039
INC0016683,4,5,0,0.18148875
INC0016683,5,5,0,0.20319915
INC0016686,1,5,0,0.066451326
INC0016686,2,5,0,0.14853792
INC0016686,3,5,0,0.11290616
INC0016686,4,5,0,0.08909322
INC0016686,5,5,0,0.08909322
INC0016711,1,6,0,0.28183922
INC0016711,2,6,0,0.31429568
INC0016711,3,6,0,0.15355602
INC0016711,4,6,0,0.17464434
INC0016711,5,6,0,0.14365378
INC0016711,6,6,0,0.1519911
INC0016739,1,8,0,0.37481692
INC0016739,2,8,0,0.57165337
INC0016739,3,8,0,0.55266213
INC0016739,4,8,0,0.5262033
INC0016739,5,8,0,0.5271005
INC0016739,6,8,0,0.5538292
INC0016739,7,8,0,0.81323344
INC0016739,8,8,0,0.7623036
INC0016764,1,4,1,0.40130228
INC0016764,2,4,1,0.3276638
INC0016764,3,4,1,0.38942292
INC0016764,4,4,1,0.99407494
INC0016766,1,2,0,0.07100034
INC0016766,2,2,0,0.13771525
INC0016776,1,7,1,0.5012183
INC0016776,2,7,1,0.38025638
INC0016776,3,7,1,0.5995179
INC0016776,4,7,1,0.51746166
INC0016776,5,7,1,0.99789375
INC0016776,6,7,1,0.9980889
INC0016776,7,7,1,0.9968406
INC0016787,1,1,0,0.24271104
INC0016797,1,2,0,0.123184755
INC0016797,2,2,0,0.1324283
INC0016804,1,3,0,0.36728966
INC0016804,2,3,0,0.35863072
INC0016804,3,3,0,0.414486
INC0016809,1,3,0,0.067351915
INC0016809,2,3,0,0.08729275
INC0016809,3,3,0,0.11131177
INC0016817,1,4,1,0.23251523
INC0016817,2,4,1,0.27673867
INC0016817,3,4,1,0.25143725
INC0016817,4,4,1,0.99375725
INC0016827,1,4,0,0.13082601
INC0016827,2,4,0,0.09703172
INC0016827,3,4,0,0.082082495
INC0016827,4,4,0,0.13855529
INC0016829,1,1,0,0.030817335
INC0016832,1,1,0,0.08763377
INC0016834,1,6,0,0.26665276
INC0016834,2,6,0,0.19115055
INC0016834,3,6,0,0.18972035
INC0016834,4,6,0,0.21381266
INC0016834,5,6,0,0.13944225
INC0016834,6,6,0,0.13944225
INC0016839,1,1,0,0.07431117
INC0016853,1,4,0,0.24752356
INC0016853,2,4,0,0.20785286
INC0016853,3,4,0,0.31215322
INC0016853,4,4,0,0.3073333
INC0016906,1,1,0,0.040309306
INC0016911,1,1,0,0.11011433
INC0016914,1,4,0,0.30705467
INC0016914,2,4,0,0.22910205
INC0016914,3,4,0,0.11263328
INC0016914,4,4,0,0.16178408
INC0016947,1,4,1,0.19107059
INC0016947,2,4,1,0.14199892
INC0016947,3,4,1,0.9950139
INC0016947,4,4,1,0.9912293
INC0016953,1,1,0,0.036433335
INC0016955,1,1,0,0.21737146
INC0016962,1,4,0,0.18314846
INC0016962,2,4,0,0.14606437
INC0016962,3,4,0,0.14491107
INC0016962,4,4,0,0.18922432
INC0016963,1,1,0,0.10191871
INC0016964,1,1,0,0.02013438
INC0016995,1,6,0,0.22077687
INC0016995,2,6,0,0.12885176
INC0016995,3,6,0,0.2983894
INC0016995,4,6,0,0.11615778
INC0016995,5,6,0,0.115403116
INC0016995,6,6,0,0.12987475
INC0016999,1,1,0,0.45104533
INC0017005,1,5,0,0.22058204
INC0017005,2,5,0,0.23673855
INC0017005,3,5,0,0.18629466
INC0017005,4,5,0,0.14605434
INC0017005,5,5,0,0.16570467
INC0017023,1,7,0,0.31613082
INC0017023,2,7,0,0.2521283
INC0017023,3,7,0,0.29995131
INC0017023,4,7,0,0.27264193
INC0017023,5,7,0,0.32839835
INC0017023,6,7,0,0.20733605
INC0017023,7,7,0,0.28205928
INC0017029,1,6,1,0.5605077
INC0017029,2,6,1,0.44684407
INC0017029,3,6,1,0.42501175
INC0017029,4,6,1,0.49241415
INC0017029,5,6,1,0.49391007
INC0017029,6,6,1,0.5429336
INC0017032,1,2,0,0.22356248
INC0017032,2,2,0,0.12970756
INC0017034,1,9,0,0.3244576
INC0017034,2,9,0,0.26417786
INC0017034,3,9,0,0.24836272
INC0017034,4,9,0,0.3088709
INC0017034,5,9,0,0.23029405
INC0017034,6,9,0,0.3024981
INC0017034,7,9,0,0.35859093
INC0017034,8,9,0,0.45415157
INC0017055,1,5,0,0.39754033
INC0017055,2,5,0,0.3030006
INC0017055,3,5,0,0.16916984
INC0017055,4,5,0,0.1675756
INC0017055,5,5,0,0.19807482
INC0017059,1,2,0,0.26400843
INC0017059,2,2,0,0.26080346
INC0017064,1,7,1,0.24120633
INC0017064,2,7,1,0.20868301
INC0017064,3,7,1,0.40296462
INC0017064,4,7,1,0.33170742
INC0017064,5,7,1,0.34072447
INC0017064,6,7,1,0.55088234
INC0017064,7,7,1,0.99443036
INC0017081,1,5,0,0.21674865
INC0017081,2,5,0,0.17765482
INC0017081,3,5,0,0.16468461
INC0017081,4,5,0,0.15623075
INC0017081,5,5,0,0.15623075
INC0017082,1,12,1,0.104255356
INC0017082,2,12,1,0.2686716
INC0017082,3,12,1,0.5667643
INC0017082,4,12,1,0.6288095
INC0017082,5,12,1,0.8669646
INC0017082,6,12,1,0.8820739
INC0017082,7,12,1,0.9245106
INC0017082,8,12,1,0.9484081
INC0017114,1,1,0,0.17324026
INC0017118,1,1,0,0.047733456
INC0017121,1,1,0,0.048111007
INC0017164,1,3,0,0.102093235
INC0017164,2,3,0,0.12363487
INC0017164,3,3,0,0.12561466
INC0017175,1,1,0,0.09588272
INC0017176,1,10,0,0.6614953
INC0017176,2,10,0,0.3218952
INC0017176,3,10,0,0.32532695
INC0017176,4,10,0,0.57190496
INC0017176,5,10,0,0.46853366
INC0017176,6,10,0,0.6423187
INC0017176,7,10,0,0.36811483
INC0017176,8,10,0,0.32990596
INC0017184,1,5,1,0.105309136
INC0017184,2,5,1,0.37181503
INC0017184,3,5,1,0.31116155
INC0017184,4,5,1,0.65335155
INC0017184,5,5,1,0.9967181
INC0017197,1,6,0,0.27075064
INC0017197,2,6,0,0.21442555
INC0017197,3,6,0,0.21411356
INC0017197,4,6,0,0.39356196
INC0017197,5,6,0,0.32070687
INC0017197,6,6,0,0.30474147
INC0017204,1,9,0,0.098820694
INC0017204,2,9,0,0.091759525
INC0017204,3,9,0,0.121574506
INC0017204,4,9,0,0.11662386
INC0017204,5,9,0,0.11662386
INC0017204,6,9,0,0.1352967
INC0017204,7,9,0,0.14730646
INC0017204,8,9,0,0.249954
INC0017206,1,5,0,0.14653908
INC0017206,2,5,0,0.3196091
INC0017206,3,5,0,0.33596808
INC0017206,4,5,0,0.3092199
INC0017206,5,5,0,0.41327316
INC0017209,1,1,0,0.3003044
INC0017242,1,4,1,0.22546394
INC0017242,2,4,1,0.3387515
INC0017242,3,4,1,0.30373698
INC0017242,4,4,1,0.39396164
INC0017261,1,8,1,0.16834174
INC0017261,2,8,1,0.3016717
INC0017261,3,8,1,0.3554519
INC0017261,4,8,1,0.31561214
INC0017261,5,8,1,0.46574554
INC0017261,6,8,1,0.36049268
INC0017261,7,8,1,0.839734
INC0017261,8,8,1,0.9102223
INC0017276,1,1,0,0.0883836
INC0017277,1,1,0,0.022499928
INC0017280,1,1,0,0.0720228
INC0017291,1,8,0,0.21520057
INC0017291,2,8,0,0.29576412
INC0017291,3,8,0,0.18659091
INC0017291,4,8,0,0.16809572
INC0017291,5,8,0,0.16771547
INC0017291,6,8,0,0.20323493
INC0017291,7,8,0,0.14237504
INC0017291,8,8,0,0.18643634
INC0017293,1,2,0,0.06585082
INC0017293,2,2,0,0.19093244
INC0017312,1,1,0,0.049649995
INC0017328,1,2,0,0.06972977
INC0017328,2,2,0,0.11330748
INC0017329,1,2,0,0.20423552
INC0017329,2,2,0,0.22589435
INC0017334,1,8,1,0.34335306
INC0017334,2,8,1,0.29717487
INC0017334,3,8,1,0.27000216
INC0017334,4,8,1,0.3210965
INC0017334,5,8,1,0.6304332
INC0017334,6,8,1,0.87962186
INC0017334,7,8,1,0.9954939
INC0017334,8,8,1,0.9969579
INC0017355,1,2,0,0.17298795
INC0017355,2,2,0,0.13908477
INC0017382,1,4,0,0.32075942
INC0017382,2,4,0,0.27465045
INC0017382,3,4,0,0.49388388
INC0017382,4,4,0,0.35427567
INC0017387,1,2,0,0.12557946
INC0017387,2,2,0,0.2183943
INC0017388,1,4,1,0.34322825
INC0017388,2,4,1,0.82804364
INC0017388,3,4,1,0.7944433
INC0017388,4,4,1,0.99939406
INC0017403,1,3,0,0.39572468
INC0017403,2,3,0,0.44553983
INC0017403,3,3,0,0.5647082
INC0017416,1,1,0,0.06864735
INC0017417,1,4,0,0.13277143
INC0017417,2,4,0,0.23200402
INC0017417,3,4,0,0.3353085
INC0017417,4,4,0,0.2905851
INC0017419,1,1,0,0.1489128
INC0017420,1,3,1,0.30536914
INC0017420,2,3,1,0.32982036
INC0017420,3,3,1,0.99769896
INC0017450,1,3,0,0.0428559
INC0017450,2,3,0,0.20086728
INC0017450,3,3,0,0.20532808
INC0017464,1,5,0,0.35329142
INC0017464,2,5,0,0.4560661
INC0017464,3,5,0,0.46573395
INC0017464,4,5,0,0.41051167
INC0017464,5,5,0,0.54012847
INC0017486,1,2,0,0.24948652
INC0017486,2,2,0,0.20902759
INC0017487,1,2,0,0.27918193
INC0017487,2,2,0,0.24562792
INC0017526,1,1,0,0.021855885
INC0017542,1,3,0,0.3549705
INC0017542,2,3,0,0.45222864
INC0017542,3,3,0,0.47316587
INC0017543,1,2,0,0.13140859
INC0017543,2,2,0,0.23019873
INC0017548,1,7,1,0.5158116
INC0017548,2,7,1,0.41200703
INC0017548,3,7,1,0.46474737
INC0017548,4,7,1,0.6035542
INC0017548,5,7,1,0.611431
INC0017548,6,7,1,0.598674
INC0017548,7,7,1,0.9978295
INC0017556,1,1,0,0.25614107
INC0017562,1,1,0,0.028159231
INC0017579,1,1,0,0.05266223
INC0017590,1,3,0,0.24516355
INC0017590,2,3,0,0.1673001
INC0017590,3,3,0,0.27690032
INC0017600,1,4,1,0.041203488
INC0017600,2,4,1,0.086116776
INC0017600,3,4,1,0.07432314
INC0017600,4,4,1,0.022717234
INC0017606,1,2,0,0.30671173
INC0017606,2,2,0,0.38517278
INC0017613,1,3,0,0.34533054
INC0017613,2,3,0,0.32410628
INC0017613,3,3,0,0.2982875
INC0017668,1,4,1,0.4997036
INC0017668,2,4,1,0.4908851
INC0017668,3,4,1,0.47575065
INC0017668,4,4,1,0.43330455
INC0017681,1,3,0,0.51885587
INC0017681,2,3,0,0.63759
INC0017681,3,3,0,0.62753826
INC0017689,1,3,1,0.26942843
INC0017689,2,3,1,0.21516669
INC0017689,3,3,1,0.9958882
INC0017692,1,2,0,0.13199063
INC0017692,2,2,0,0.25457883
INC0017708,1,4,0,0.24531823
INC0017708,2,4,0,0.15547629
INC0017708,3,4,0,0.19187322
INC0017708,4,4,0,0.25497663
INC0017725,1,3,0,0.43262878
INC0017725,2,3,0,0.43118033
INC0017725,3,3,0,0.36743677
INC0017750,1,6,0,0.048404377
INC0017750,2,6,0,0.062262975
INC0017750,3,6,0,0.07292243
INC0017750,4,6,0,0.07001643
INC0017750,5,6,0,0.07594263
INC0017750,6,6,0,0.08055449
INC0017756,1,6,1,0.51574594
INC0017756,2,6,1,0.46737483
INC0017756,3,6,1,0.54891044
INC0017756,4,6,1,0.6179318
INC0017756,5,6,1,0.6248089
INC0017756,6,6,1,0.70508826
INC0017760,1,7,0,0.068025954
INC0017760,2,7,0,0.048657995
INC0017760,3,7,0,0.060595997
INC0017760,4,7,0,0.04987146
INC0017760,5,7,0,0.053543948
INC0017760,6,7,0,0.048794962
INC0017760,7,7,0,0.037952743
INC0017784,1,1,0,0.40048933
INC0017794,1,3,0,0.30065963
INC0017794,2,3,0,0.424164
INC0017794,3,3,0,0.29461858
INC0017811,1,2,0,0.5035082
INC0017811,2,2,0,0.57341456
INC0017815,1,4,0,0.2470678
INC0017815,2,4,0,0.19740851
INC0017815,3,4,0,0.24909045
INC0017815,4,4,0,0.27198103
INC0017816,1,5,0,0.18643495
INC0017816,2,5,0,0.3466013
INC0017816,3,5,0,0.36611506
INC0017816,4,5,0,0.31873083
INC0017816,5,5,0,0.3179167
INC0017828,1,6,0,0.26510546
INC0017828,2,6,0,0.20471859
INC0017828,3,6,0,0.26394305
INC0017828,4,6,0,0.26394305
INC0017828,5,6,0,0.2632999
INC0017828,6,6,0,0.24430522
INC0017837,1,2,0,0.09892875
INC0017837,2,2,0,0.23704563
INC0017838,1,1,1,0.7273416
INC0017864,1,15,1,0.052355915
INC0017864,2,15,1,0.11622777
INC0017864,3,15,1,0.13128912
INC0017864,4,15,1,0.16230765
INC0017864,5,15,1,0.16358715
INC0017864,6,15,1,0.306454
INC0017864,7,15,1,0.28721863
INC0017864,8,15,1,0.38016906
INC0017877,1,2,0,0.15667468
INC0017877,2,2,0,0.044776436
INC0017918,1,1,0,0.032885347
INC0017941,1,4,0,0.2763713
INC0017941,2,4,0,0.21189167
INC0017941,3,4,0,0.3080799
INC0017941,4,4,0,0.34598795
INC0017946,1,3,0,0.1265902
INC0017946,2,3,0,0.17678541
INC0017946,3,3,0,0.13157889
INC0017947,1,6,0,0.12679848
INC0017947,2,6,0,0.25813055
INC0017947,3,6,0,0.32298744
INC0017947,4,6,0,0.6548934
INC0017947,5,6,0,0.6361
INC0017947,6,6,0,0.62740713
INC0017963,1,3,0,0.18648766
INC0017963,2,3,0,0.27966386
INC0017963,3,3,0,0.13532493
INC0017986,1,1,0,0.10388658
INC0017997,1,10,0,0.34932813
INC0017997,2,10,0,0.31712365
INC0017997,3,10,0,0.32173207
INC0017997,4,10,0,0.28207093
INC0017997,5,10,0,0.2674609
INC0017997,6,10,0,0.30073446
INC0017997,7,10,0,0.2674609
INC0017997,8,10,0,0.2674609
INC0018017,1,4,0,0.5364006
INC0018017,2,4,0,0.42028078
INC0018017,3,4,0,0.52745026
INC0018017,4,4,0,0.5475712
INC0018020,1,2,0,0.28462163
INC0018020,2,2,0,0.2872856
INC0018033,1,1,0,0.11732552
INC0018034,1,4,0,0.2899736
INC0018034,2,4,0,0.25221878
INC0018034,3,4,0,0.27040395
INC0018034,4,4,0,0.2524972
INC0018051,1,3,0,0.29439953
INC0018051,2,3,0,0.1796288
INC0018051,3,3,0,0.15268949
INC0018052,1,8,1,0.44812357
INC0018052,2,8,1,0.2524599
INC0018052,3,8,1,0.38429126
INC0018052,4,8,1,0.37263468
INC0018052,5,8,1,0.65859765
INC0018052,6,8,1,0.99787414
INC0018052,7,8,1,0.99781954
INC0018052,8,8,1,0.99824
INC0018054,1,1,1,0.68061864
INC0018072,1,2,0,0.035677064
INC0018072,2,2,0,0.0934588
INC0018094,1,2,0,0.2764236
INC0018094,2,2,0,0.24684556
INC0018096,1,6,1,0.7710927
INC0018096,2,6,1,0.89699054
INC0018096,3,6,1,0.868711
INC0018096,4,6,1,0.8969611
INC0018096,5,6,1,0.9376844
INC0018096,6,6,1,0.99911267
INC0018119,1,1,0,0.12063463
INC0018124,1,2,0,0.2950337
INC0018124,2,2,0,0.280648
INC0018173,1,1,0,0.1471236
INC0018180,1,9,0,0.33447877
INC0018180,2,9,0,0.33818668
INC0018180,3,9,0,0.33162257
INC0018180,4,9,0,0.34976003
INC0018180,5,9,0,0.44200474
INC0018180,6,9,0,0.5301315
INC0018180,7,9,0,0.55834615
INC0018180,8,9,0,0.54745907
INC0018183,1,5,0,0.39335683
INC0018183,2,5,0,0.2820395
INC0018183,3,5,0,0.34532923
INC0018183,4,5,0,0.32913288
INC0018183,5,5,0,0.43832603
INC0018193,1,2,0,0.37203255
INC0018193,2,2,0,0.32723042
INC0018201,1,1,0,0.094118446
INC0018220,1,3,0,0.33155757
INC0018220,2,3,0,0.3362297
INC0018220,3,3,0,0.45997328
INC0018227,1,1,0,0.051042452
INC0018238,1,5,1,0.691114
INC0018238,2,5,1,0.66361725
INC0018238,3,5,1,0.6794938
INC0018238,4,5,1,0.9982785
INC0018238,5,5,1,0.9977258
INC0018239,1,2,0,0.26269636
INC0018239,2,2,0,0.2445619
INC0018243,1,2,0,0.33935916
INC0018243,2,2,0,0.3856495
INC0018246,1,1,0,0.05974749
INC0018273,1,2,0,0.0365277
INC0018273,2,2,0,0.060965925
INC0018310,1,1,0,0.6014285
INC0018314,1,8,0,0.21972881
INC0018314,2,8,0,0.21542783
INC0018314,3,8,0,0.24658278
INC0018314,4,8,0,0.26046497
INC0018314,5,8,0,0.2608221
INC0018314,6,8,0,0.24999565
INC0018314,7,8,0,0.30829898
INC0018314,8,8,0,0.49736738
INC0018329,1,1,0,0.051143467
INC0018337,1,5,1,0.3069446
INC0018337,2,5,1,0.27372974
INC0018337,3,5,1,0.438531
INC0018337,4,5,1,0.5543432
INC0018337,5,5,1,0.99559397
INC0018355,1,1,0,0.0794932
INC0018360,1,2,0,0.38944072
INC0018360,2,2,0,0.34444946
INC0018363,1,1,0,0.13955788
INC0018371,1,1,1,0.70167977
INC0018381,1,4,1,0.5298942
INC0018381,2,4,1,0.49659136
INC0018381,3,4,1,0.50141144
INC0018381,4,4,1,0.99850637
INC0018399,1,1,0,0.20256306
INC0018400,1,4,0,0.26370773
INC0018400,2,4,0,0.18322843
INC0018400,3,4,0,0.15939622
INC0018400,4,4,0,0.16666609
INC0018416,1,1,0,0.030206667
INC0018420,1,1,0,0.08521952
INC0018424,1,1,0,0.012865226
INC0018426,1,2,0,0.24853761
INC0018426,2,2,0,0.2606994
INC0018429,1,1,0,0.093998075
INC0018434,1,4,0,0.1340516
INC0018434,2,4,0,0.16693051
INC0018434,3,4,0,0.19065325
INC0018434,4,4,0,0.23258305
INC0018439,1,2,0,0.07897769
INC0018439,2,2,0,0.088677034
INC0018443,1,3,0,0.27214435
INC0018443,2,3,0,0.1711679
INC0018443,3,3,0,0.32269672
INC0018450,1,6,1,0.16346157
INC0018450,2,6,1,0.1235795
INC0018450,3,6,1,0.97795415
INC0018450,4,6,1,0.9783472
INC0018450,5,6,1,0.97838646
INC0018450,6,6,1,0.9957431
INC0018465,1,1,0,0.019961495
INC0018473,1,1,0,0.02050302
INC0018488,1,2,0,0.24336329
INC0018488,2,2,0,0.086697064
INC0018496,1,9,0,0.22359198
INC0018496,2,9,0,0.20946558
INC0018496,3,9,0,0.2759435
INC0018496,4,9,0,0.27393705
INC0018496,5,9,0,0.23479334
INC0018496,6,9,0,0.22913761
INC0018496,7,9,0,0.27740657
INC0018496,8,9,0,0.47523594
INC0018508,1,7,0,0.21252646
INC0018508,2,7,0,0.19778433
INC0018508,3,7,0,0.16350256
INC0018508,4,7,0,0.162203
INC0018508,5,7,0,0.12128378
INC0018508,6,7,0,0.18472137
INC0018508,7,7,0,0.24964312
INC0018511,1,2,0,0.1009692
INC0018511,2,2,0,0.112263896
INC0018515,1,1,0,0.09994171
INC0018516,1,1,0,0.1063844
INC0018523,1,1,0,0.094424985
INC0018525,1,1,0,0.04398869
INC0018530,1,1,0,0.029493157
INC0018551,1,3,0,0.082693346
INC0018551,2,3,0,0.26414967
INC0018551,3,3,0,0.30203748
INC0018554,1,3,1,0.42521563
INC0018554,2,3,1,0.99207884
INC0018554,3,3,1,0.99762326
INC0018578,1,1,0,0.043094072
INC0018582,1,5,0,0.14069453
INC0018582,2,5,0,0.17655022
INC0018582,3,5,0,0.1629938
INC0018582,4,5,0,0.36992338
INC0018582,5,5,0,0.37205604
INC0018585,1,7,0,0.031630542
INC0018585,2,7,0,0.022021484
INC0018585,3,7,0,0.022324182
INC0018585,4,7,0,0.026278723
INC0018585,5,7,0,0.02521109
INC0018585,6,7,0,0.07375597
INC0018585,7,7,0,0.07246191
INC0018591,1,1,0,0.063577466
INC0018610,1,4,1,0.21792926
INC0018610,2,4,1,0.22121754
INC0018610,3,4,1,0.18695842
INC0018610,4,4,1,0.26956406
INC0018643,1,3,1,0.12647347
INC0018643,2,3,1,0.30698422
INC0018643,3,3,1,0.99766695
INC0018655,1,1,0,0.04308562
INC0018666,1,1,0,0.1272587
INC0018669,1,1,0,0.12410659
INC0018679,1,2,0,0.14672798
INC0018679,2,2,0,0.15357265
INC0018703,1,1,0,0.078761145
INC0018712,1,1,0,0.18624967
INC0018715,1,10,1,0.15105698
INC0018715,2,10,1,0.14797656
INC0018715,3,10,1,0.16799852
INC0018715,4,10,1,0.23277886
INC0018715,5,10,1,0.2293963
INC0018715,6,10,1,0.20458575
INC0018715,7,10,1,0.19640657
INC0018715,8,10,1,0.19640657
INC0018739,1,11,1,0.25498968
INC0018739,2,11,1,0.2395018
INC0018739,3,11,1,0.301553
INC0018739,4,11,1,0.30982438
INC0018739,5,11,1,0.3607651
INC0018739,6,11,1,0.3746317
INC0018739,7,11,1,0.43381843
INC0018739,8,11,1,0.976157
INC0018779,1,6,0,0.32285574
INC0018779,2,6,0,0.2871953
INC0018779,3,6,0,0.24984518
INC0018779,4,6,0,0.26064995
INC0018779,5,6,0,0.50560755
INC0018779,6,6,0,0.40017134
INC0018826,1,1,0,0.060723923
INC0018831,1,1,0,0.078381166
INC0018837,1,1,0,0.3083819
INC0018845,1,1,0,0.14737087
INC0018855,1,6,0,0.27975783
INC0018855,2,6,0,0.24101333
INC0018855,3,6,0,0.23547594
INC0018855,4,6,0,0.32466307
INC0018855,5,6,0,0.21603948
INC0018855,6,6,0,0.27286157
INC0018865,1,1,0,0.16157363
INC0018921,1,1,0,0.034322936
INC0018942,1,1,0,0.08466118
INC0018955,1,9,0,0.052557103
INC0018955,2,9,0,0.042775955
INC0018955,3,9,0,0.045932878
INC0018955,4,9,0,0.06024134
INC0018955,5,9,0,0.05485067
INC0018955,6,9,0,0.04664472
INC0018955,7,9,0,0.0471738
INC0018955,8,9,0,0.052633148
INC0018971,1,2,0,0.108764
INC0018971,2,2,0,0.20104332
INC0018973,1,1,0,0.2765448
INC0018977,1,1,0,0.030635566
INC0018984,1,1,0,0.17257537
INC0018989,1,2,0,0.34511465
INC0018989,2,2,0,0.24942827
INC0019000,1,3,0,0.14774615
INC0019000,2,3,0,0.10978921
INC0019000,3,3,0,0.103793815
INC0019009,1,8,1,0.19401567
INC0019009,2,8,1,0.1858917
INC0019009,3,8,1,0.42358324
INC0019009,4,8,1,0.30148518
INC0019009,5,8,1,0.32015574
INC0019009,6,8,1,0.43582582
INC0019009,7,8,1,0.880387
INC0019009,8,8,1,0.87837666
INC0019010,1,4,0,0.15123233
INC0019010,2,4,0,0.27060568
INC0019010,3,4,0,0.3197675
INC0019010,4,4,0,0.3207604
INC0019014,1,3,0,0.044693705
INC0019014,2,3,0,0.33395827
INC0019014,3,3,0,0.35829356
INC0019020,1,10,0,0.05926332
INC0019020,2,10,0,0.035561718
INC0019020,3,10,0,0.03487922
INC0019020,4,10,0,0.032292116
INC0019020,5,10,0,0.03140865
INC0019020,6,10,0,0.043548364
INC0019020,7,10,0,0.046679635
INC0019020,8,10,0,0.042429317
INC0019056,1,3,0,0.17787655
INC0019056,2,3,0,0.13279536
INC0019056,3,3,0,0.1969807
INC0019057,1,3,0,0.1755266
INC0019057,2,3,0,0.09723046
INC0019057,3,3,0,0.07224161
INC0019059,1,1,0,0.106975034
INC0019061,1,1,0,0.088500835
INC0019086,1,5,1,0.37896976
INC0019086,2,5,1,0.29951802
INC0019086,3,5,1,0.2701548
INC0019086,4,5,1,0.99903095
INC0019086,5,5,1,0.9988857
INC0019089,1,7,1,0.3506062
INC0019089,2,7,1,0.32461548
INC0019089,3,7,1,0.27018523
INC0019089,4,7,1,0.38664645
INC0019089,5,7,1,0.35822242
INC0019089,6,7,1,0.3911474
INC0019089,7,7,1,0.9487065
INC0019090,1,3,0,0.061954036
INC0019090,2,3,0,0.16895549
INC0019090,3,3,0,0.16565603
INC0019108,1,5,0,0.62288207
INC0019108,2,5,0,0.5615561
INC0019108,3,5,0,0.619603
INC0019108,4,5,0,0.66974014
INC0019108,5,5,0,0.70725125
INC0019110,1,3,0,0.27868313
INC0019110,2,3,0,0.71164453
INC0019110,3,3,0,0.2207249
INC0019113,1,1,0,0.104912676
INC0019128,1,8,0,0.309412
INC0019128,2,8,0,0.2526388
INC0019128,3,8,0,0.29940262
INC0019128,4,8,0,0.30241176
INC0019128,5,8,0,0.2833483
INC0019128,6,8,0,0.23395479
INC0019128,7,8,0,0.24122295
INC0019128,8,8,0,0.2511156
INC0019168,1,1,0,0.053863194
INC0019172,1,6,0,0.31533366
INC0019172,2,6,0,0.24672478
INC0019172,3,6,0,0.2800027
INC0019172,4,6,0,0.32452545
INC0019172,5,6,0,0.27822056
INC0019172,6,6,0,0.28799835
INC0019173,1,3,0,0.56584996
INC0019173,2,3,0,0.1840694
INC0019173,3,3,0,0.110665314
INC0019208,1,1,0,0.14872698
INC0019222,1,2,0,0.22217993
INC0019222,2,2,0,0.18300192
INC0019225,1,6,0,0.33528286
INC0019225,2,6,0,0.39922765
INC0019225,3,6,0,0.29025203
INC0019225,4,6,0,0.31616732
INC0019225,5,6,0,0.27544177
INC0019225,6,6,0,0.27544177
INC0019227,1,1,0,0.02073362
INC0019228,1,1,0,0.12197123
INC0019263,1,9,1,0.4274108
INC0019263,2,9,1,0.91433436
INC0019263,3,9,1,0.967473
INC0019263,4,9,1,0.9681379
INC0019263,5,9,1,0.94523746
INC0019263,6,9,1,0.9770643
INC0019263,7,9,1,0.99871254
INC0019263,8,9,1,0.9986525
INC0019264,1,2,1,0.11693629
INC0019264,2,2,1,0.32452017
INC0019271,1,3,0,0.31123316
INC0019271,2,3,0,0.29832742
INC0019271,3,3,0,0.31393737
INC0019278,1,2,0,0.16051292
INC0019278,2,2,0,0.14972769
INC0019295,1,7,0,0.20182914
INC0019295,2,7,0,0.13520855
INC0019295,3,7,0,0.134992
INC0019295,4,7,0,0.12747568
INC0019295,5,7,0,0.09884972
INC0019295,6,7,0,0.144668
INC0019295,7,7,0,0.40646884
INC0019300,1,1,0,0.06699118
INC0019308,1,3,0,0.58845145
INC0019308,2,3,0,0.8633445
INC0019308,3,3,0,0.9980342
INC0019323,1,1,0,0.016415808
INC0019325,1,14,1,0.76789767
INC0019325,2,14,1,0.76260805
INC0019325,3,14,1,0.95526606
INC0019325,4,14,1,0.95634395
INC0019325,5,14,1,0.99758446
INC0019325,6,14,1,0.9981997
INC0019325,7,14,1,0.99901927
INC0019325,8,14,1,0.9988218
INC0019345,1,3,0,0.13876405
INC0019345,2,3,0,0.17027847
INC0019345,3,3,0,0.16021436
INC0019348,1,5,0,0.27248445
INC0019348,2,5,0,0.19762917
INC0019348,3,5,0,0.26277098
INC0019348,4,5,0,0.1481816
INC0019348,5,5,0,0.18212123
INC0019349,1,1,0,0.054840952
INC0019355,1,3,0,0.31264472
INC0019355,2,3,0,0.23063433
INC0019355,3,3,0,0.2296474
INC0019357,1,4,0,0.45082563
INC0019357,2,4,0,0.35853827
INC0019357,3,4,0,0.3804883
INC0019357,4,4,0,0.55824655
INC0019371,1,3,0,0.28181344
INC0019371,2,3,0,0.47176912
INC0019371,3,3,0,0.47272995
INC0019380,1,10,0,0.28810036
INC0019380,2,10,0,0.24137107
INC0019380,3,10,0,0.2680657
INC0019380,4,10,0,0.25680768
INC0019380,5,10,0,0.23078977
INC0019380,6,10,0,0.24547178
INC0019380,7,10,0,0.34682333
INC0019380,8,10,0,0.3664324
INC0019389,1,1,0,0.102722496
INC0019394,1,1,0,0.1608969
INC0019401,1,3,0,0.33341834
INC0019401,2,3,0,0.34788275
INC0019401,3,3,0,0.347866
INC0019419,1,1,0,0.019150222
INC0019439,1,3,0,0.17914167
INC0019439,2,3,0,0.11478006
INC0019439,3,3,0,0.09330988
INC0019441,1,1,0,0.06415553
INC0019456,1,1,0,0.049889486
INC0019459,1,3,0,0.123596296
INC0019459,2,3,0,0.10448954
INC0019459,3,3,0,0.13214104
INC0019479,1,3,0,0.16520338
INC0019479,2,3,0,0.10875007
INC0019479,3,3,0,0.26036277
INC0019484,1,1,0,0.027140252
INC0019485,1,1,0,0.11070508
INC0019489,1,7,0,0.15960509
INC0019489,2,7,0,0.13002618
INC0019489,3,7,0,0.12740956
INC0019489,4,7,0,0.14572074
INC0019489,5,7,0,0.14798893
INC0019489,6,7,0,0.3968695
INC0019489,7,7,0,0.5656579
INC0019490,1,3,0,0.10361164
INC0019490,2,3,0,0.0854901
INC0019490,3,3,0,0.07364899
INC0019495,1,4,0,0.106352836
INC0019495,2,4,0,0.16989271
INC0019495,3,4,0,0.4735391
INC0019495,4,4,0,0.37803048
INC0019556,1,2,0,0.18526128
INC0019556,2,2,0,0.15814783
INC0019564,1,1,0,0.054043252
INC0019573,1,6,0,0.17445678
INC0019573,2,6,0,0.14349939
INC0019573,3,6,0,0.20212942
INC0019573,4,6,0,0.20059648
INC0019573,5,6,0,0.20059648
INC0019573,6,6,0,0.19085582
INC0019575,1,2,0,0.12974152
INC0019575,2,2,0,0.06226963
INC0019581,1,3,0,0.04010348
INC0019581,2,3,0,0.052190118
INC0019581,3,3,0,0.05067259
INC0019586,1,3,0,0.16416822
INC0019586,2,3,0,0.1347386
INC0019586,3,3,0,0.07866084
INC0019598,1,1,0,0.7525795
INC0019613,1,1,0,0.1768504
INC0019622,1,1,0,0.03865338
INC0019623,1,2,0,0.009588093
INC0019623,2,2,0,0.02702766
INC0019638,1,3,0,0.18083586
INC0019638,2,3,0,0.13021925
INC0019638,3,3,0,0.06725688
INC0019655,1,2,0,0.088467896
INC0019655,2,2,0,0.110029966
INC0019676,1,1,0,0.09673862
INC0019695,1,3,0,0.16088565
INC0019695,2,3,0,0.15607081
INC0019695,3,3,0,0.26451015
INC0019699,1,13,0,0.19463359
INC0019699,2,13,0,0.20115088
INC0019699,3,13,0,0.19034152
INC0019699,4,13,0,0.15735483
INC0019699,5,13,0,0.24761805
INC0019699,6,13,0,0.3618843
INC0019699,7,13,0,0.3618843
INC0019699,8,13,0,0.3921213
INC0019709,1,1,0,0.03301699
INC0019710,1,1,0,0.03669886
INC0019726,1,2,0,0.040329758
INC0019726,2,2,0,0.10493763
INC0019738,1,1,0,0.03658428
INC0019796,1,1,0,0.09100677
INC0019817,1,3,1,0.50699174
INC0019817,2,3,1,0.9935514
INC0019817,3,3,1,0.99205315
INC0019829,1,2,0,0.3292068
INC0019829,2,2,0,0.19273363
INC0019854,1,2,0,0.24963343
INC0019854,2,2,0,0.3622949
INC0019867,1,2,0,0.15001892
INC0019867,2,2,0,0.12702513
INC0019875,1,1,0,0.01795938
INC0019878,1,1,0,0.060472228
INC0019887,1,20,1,0.22572021
INC0019887,2,20,1,0.18935111
INC0019887,3,20,1,0.18714477
INC0019887,4,20,1,0.24029472
INC0019887,5,20,1,0.2655482
INC0019887,6,20,1,0.27202743
INC0019887,7,20,1,0.24111345
INC0019887,8,20,1,0.99825364
INC0019892,1,6,1,0.21279988
INC0019892,2,6,1,0.9955533
INC0019892,3,6,1,0.9959823
INC0019892,4,6,1,0.9959823
INC0019892,5,6,1,0.99617755
INC0019892,6,6,1,0.9964043
INC0019893,1,1,0,0.03204279
INC0019900,1,4,0,0.2280151
INC0019900,2,4,0,0.21420135
INC0019900,3,4,0,0.19416493
INC0019900,4,4,0,0.17827493
INC0019940,1,1,0,0.19873111
INC0019950,1,12,1,0.28758335
INC0019950,2,12,1,0.26496953
INC0019950,3,12,1,0.24909729
INC0019950,4,12,1,0.38113904
INC0019950,5,12,1,0.46431345
INC0019950,6,12,1,0.5277308
INC0019950,7,12,1,0.5070174
INC0019950,8,12,1,0.47106037
INC0019970,1,3,0,0.036918506
INC0019970,2,3,0,0.084828556
INC0019970,3,3,0,0.0881819
INC0019991,1,1,0,0.11276699
INC0020000,1,1,0,0.0936006
INC0020012,1,6,0,0.18891525
INC0020012,2,6,0,0.1687016
INC0020012,3,6,0,0.1996974
INC0020012,4,6,0,0.20894179
INC0020012,5,6,0,0.22765096
INC0020012,6,6,0,0.22981226
INC0020016,1,2,0,0.009067389
INC0020016,2,2,0,0.014080701
INC0020033,1,1,0,0.031240623
INC0020052,1,11,1,0.38688087
INC0020052,2,11,1,0.3547252
INC0020052,3,11,1,0.43681666
INC0020052,4,11,1,0.4379041
INC0020052,5,11,1,0.5084105
INC0020052,6,11,1,0.513249
INC0020052,7,11,1,0.41096842
INC0020052,8,11,1,0.40817648
INC0020056,1,1,0,0.057973035
INC0020061,1,1,0,0.11131827
INC0020104,1,1,0,0.12449274
INC0020117,1,6,1,0.03587098
INC0020117,2,6,1,0.17567807
INC0020117,3,6,1,0.55348116
INC0020117,4,6,1,0.27411813
INC0020117,5,6,1,0.3082223
INC0020117,6,6,1,0.34148228
INC0020128,1,4,0,0.37277013
INC0020128,2,4,0,0.36315304
INC0020128,3,4,0,0.45261505
INC0020128,4,4,0,0.5347827
INC0020130,1,1,0,0.10088031
INC0020146,1,1,0,0.046073496
INC0020150,1,4,0,0.20780262
INC0020150,2,4,0,0.23518366
INC0020150,3,4,0,0.31813717
INC0020150,4,4,0,0.49259755
INC0020153,1,1,0,0.06042798
INC0020160,1,16,1,0.23896755
INC0020160,2,16,1,0.21552782
INC0020160,3,16,1,0.2038635
INC0020160,4,16,1,0.21594046
INC0020160,5,16,1,0.26732513
INC0020160,6,16,1,0.22760245
INC0020160,7,16,1,0.28175697
INC0020160,8,16,1,0.40951115
INC0020170,1,1,0,0.09032052
INC0020184,1,1,0,0.09051519
INC0020187,1,2,0,0.12680416
INC0020187,2,2,0,0.14685556
INC0020199,1,8,0,0.17725298
INC0020199,2,8,0,0.30051115
INC0020199,3,8,0,0.3173328
INC0020199,4,8,0,0.3177337
INC0020199,5,8,0,0.19432338
INC0020199,6,8,0,0.23793824
INC0020199,7,8,0,0.41753247
INC0020199,8,8,0,0.5327532
INC0020217,1,1,0,0.25051332
INC0020220,1,4,0,0.3692812
INC0020220,2,4,0,0.39599633
INC0020220,3,4,0,0.34958926
INC0020220,4,4,0,0.47491914
INC0020232,1,1,0,0.067616284
INC0020234,1,1,0,0.022819823
INC0020237,1,5,0,0.3034056
INC0020237,2,5,0,0.35266638
INC0020237,3,5,0,0.28382754
INC0020237,4,5,0,0.46081764
INC0020237,5,5,0,0.46016514
INC0020243,1,1,0,0.10851756
INC0020251,1,1,0,0.10299852
INC0020272,1,1,0,0.09254992
INC0020277,1,1,0,0.10134373
INC0020287,1,1,0,0.08440623
INC0020292,1,1,0,0.08287276
INC0020300,1,5,1,0.115072414
INC0020300,2,5,1,0.22794779
INC0020300,3,5,1,0.27736634
INC0020300,4,5,1,0.2706749
INC0020300,5,5,1,0.35107732
INC0020319,1,5,0,0.41274938
INC0020319,2,5,0,0.40537438
INC0020319,3,5,0,0.40537438
INC0020319,4,5,0,0.37566847
INC0020319,5,5,0,0.3234335
INC0020348,1,1,0,0.117399484
INC0020353,1,15,1,0.27109948
INC0020353,2,15,1,0.27390435
INC0020353,3,15,1,0.24794552
INC0020353,4,15,1,0.36017177
INC0020353,5,15,1,0.62058026
INC0020353,6,15,1,0.9986406
INC0020353,7,15,1,0.9987558
INC0020353,8,15,1,0.9985257
INC0020371,1,6,0,0.42595986
INC0020371,2,6,0,0.27312317
INC0020371,3,6,0,0.35024893
INC0020371,4,6,0,0.3413114
INC0020371,5,6,0,0.3413114
INC0020371,6,6,0,0.21096747
INC0020399,1,1,0,0.144226
INC0020408,1,6,0,0.14141564
INC0020408,2,6,0,0.30268654
INC0020408,3,6,0,0.3237997
INC0020408,4,6,0,0.26927975
INC0020408,5,6,0,0.24368872
INC0020408,6,6,0,0.22341873
INC0020417,1,1,0,0.16009216
INC0020419,1,1,0,0.18109111
INC0020442,1,3,0,0.5393361
INC0020442,2,3,0,0.49469006
INC0020442,3,3,0,0.5251548
INC0020459,1,5,1,0.5053589
INC0020459,2,5,1,0.4136473
INC0020459,3,5,1,0.3603671
INC0020459,4,5,1,0.9577699
INC0020459,5,5,1,0.98792064
INC0020467,1,5,0,0.20170957
INC0020467,2,5,0,0.26588914
INC0020467,3,5,0,0.2670739
INC0020467,4,5,0,0.2441925
INC0020467,5,5,0,0.35101834
INC0020472,1,6,0,0.43917596
INC0020472,2,6,0,0.23093374
INC0020472,3,6,0,0.24750541
INC0020472,4,6,0,0.22934322
INC0020472,5,6,0,0.22587247
INC0020472,6,6,0,0.21555638
INC0020504,1,4,0,0.5934454
INC0020504,2,4,0,0.4944549
INC0020504,3,4,0,0.22239552
INC0020504,4,4,0,0.21945207
INC0020509,1,3,1,0.83779866
INC0020509,2,3,1,0.6415438
INC0020509,3,3,1,0.82155347
INC0020537,1,2,0,0.27989733
INC0020537,2,2,0,0.27455434
INC0020547,1,1,0,0.08342717
INC0020581,1,8,0,0.25873703
INC0020581,2,8,0,0.22957645
INC0020581,3,8,0,0.22573324
INC0020581,4,8,0,0.2875323
INC0020581,5,8,0,0.24604136
INC0020581,6,8,0,0.23924376
INC0020581,7,8,0,0.22876586
INC0020581,8,8,0,0.20532583
INC0020584,1,1,0,0.18029617
INC0020613,1,3,0,0.38084632
INC0020613,2,3,0,0.35039693
INC0020613,3,3,0,0.22922184
INC0020620,1,3,1,0.38219526
INC0020620,2,3,1,0.33545306
INC0020620,3,3,1,0.5146763
INC0020642,1,1,0,0.15795363
INC0020647,1,1,0,0.16552807
INC0020654,1,9,1,0.39453828
INC0020654,2,9,1,0.28547445
INC0020654,3,9,1,0.59788436
INC0020654,4,9,1,0.6127537
INC0020654,5,9,1,0.67571586
INC0020654,6,9,1,0.9991811
INC0020654,7,9,1,0.9983494
INC0020654,8,9,1,0.99856997
INC0020658,1,13,1,0.16792813
INC0020658,2,13,1,0.9855219
INC0020658,3,13,1,0.9847376
INC0020658,4,13,1,0.99243635
INC0020658,5,13,1,0.993299
INC0020658,6,13,1,0.9938571
INC0020658,7,13,1,0.98875356
INC0020658,8,13,1,0.9887199
INC0020688,1,4,1,0.45520842
INC0020688,2,4,1,0.5597443
INC0020688,3,4,1,0.5277796
INC0020688,4,4,1,0.96297
INC0020693,1,2,0,0.38462165
INC0020693,2,2,0,0.2579481
INC0020724,1,3,0,0.5616814
INC0020724,2,3,0,0.5189572
INC0020724,3,3,0,0.40276644
INC0020730,1,1,0,0.23598363
INC0020736,1,19,1,0.15426879
INC0020736,2,19,1,0.19386855
INC0020736,3,19,1,0.1964577
INC0020736,4,19,1,0.15709478
INC0020736,5,19,1,0.15709478
INC0020736,6,19,1,0.3845921
INC0020736,7,19,1,0.5381377
INC0020736,8,19,1,0.9886531
INC0020761,1,2,1,0.28587672
INC0020761,2,2,1,0.7890224
INC0020793,1,1,0,0.05487642
INC0020809,1,1,0,0.09894937
INC0020814,1,1,0,0.008814574
INC0020846,1,1,1,0.51593804
INC0020856,1,5,0,0.20702246
INC0020856,2,5,0,0.15602636
INC0020856,3,5,0,0.18250002
INC0020856,4,5,0,0.18108214
INC0020856,5,5,0,0.20920624
INC0020870,1,3,0,0.26796407
INC0020870,2,3,0,0.23016346
INC0020870,3,3,0,0.22566974
INC0020874,1,1,0,0.028304284
INC0020902,1,4,0,0.5140362
INC0020902,2,4,0,0.46724018
INC0020902,3,4,0,0.520161
INC0020902,4,4,0,0.61810154
INC0020946,1,2,0,0.36617637
INC0020946,2,2,0,0.22029403
INC0020972,1,1,0,0.049748905
INC0020980,1,1,0,0.2893153
INC0020987,1,6,1,0.20930342
INC0020987,2,6,1,0.3435311
INC0020987,3,6,1,0.2157203
INC0020987,4,6,1,0.34225595
INC0020987,5,6,1,0.5848797
INC0020987,6,6,1,0.9848852
INC0020988,1,1,1,0.38559526
INC0021040,1,5,0,0.3555165
INC0021040,2,5,0,0.32563058
INC0021040,3,5,0,0.39380082
INC0021040,4,5,0,0.38559923
INC0021040,5,5,0,0.38299665
INC0021045,1,1,0,0.076301284
INC0021055,1,2,1,0.64965934
INC0021055,2,2,1,0.99863595
INC0021070,1,1,1,0.25453818
INC0021087,1,1,0,0.2416776
INC0021097,1,3,0,0.455064
INC0021097,2,3,0,0.39327213
INC0021097,3,3,0,0.36497548
INC0021152,1,1,0,0.09851015
INC0021155,1,12,1,0.34568015
INC0021155,2,12,1,0.36456633
INC0021155,3,12,1,0.32197037
INC0021155,4,12,1,0.29393876
INC0021155,5,12,1,0.38193712
INC0021155,6,12,1,0.67940193
INC0021155,7,12,1,0.36496094
INC0021155,8,12,1,0.90581936
INC0021158,1,3,0,0.32426575
INC0021158,2,3,0,0.2416566
INC0021158,3,3,0,0.26648986
INC0021170,1,2,0,0.38138422
INC0021170,2,2,0,0.5609012
INC0021182,1,1,0,0.41602382
INC0021186,1,2,0,0.08744166
INC0021186,2,2,0,0.23760211
INC0021196,1,1,0,0.12544473
INC0021197,1,1,0,0.13414128
INC0021199,1,3,1,0.89542174
INC0021199,2,3,1,0.89409053
INC0021199,3,3,1,0.8787357
INC0021215,1,2,1,0.5178527
INC0021215,2,2,1,0.28911245
INC0021226,1,1,0,0.07520853
INC0021231,1,3,0,0.32661414
INC0021231,2,3,0,0.304284
INC0021231,3,3,0,0.29878485
INC0021244,1,6,1,0.18098886
INC0021244,2,6,1,0.14234097
INC0021244,3,6,1,0.13113306
INC0021244,4,6,1,0.18467057
INC0021244,5,6,1,0.98116815
INC0021244,6,6,1,0.99734974
INC0021253,1,3,0,0.028184969
INC0021253,2,3,0,0.039621446
INC0021253,3,3,0,0.030486625
INC0021273,1,1,0,0.29337668
INC0021277,1,3,0,0.2371007
INC0021277,2,3,0,0.1969476
INC0021277,3,3,0,0.25976846
INC0021279,1,2,0,0.37110078
INC0021279,2,2,0,0.30097577
INC0021282,1,7,0,0.15493137
INC0021282,2,7,0,0.26676238
INC0021282,3,7,0,0.24595588
INC0021282,4,7,0,0.2371167
INC0021282,5,7,0,0.23678161
INC0021282,6,7,0,0.32743686
INC0021282,7,7,0,0.3039902
INC0021291,1,5,0,0.24776554
INC0021291,2,5,0,0.19914277
INC0021291,3,5,0,0.23106977
INC0021291,4,5,0,0.21217993
INC0021291,5,5,0,0.24165542
INC0021296,1,1,0,0.13113298
INC0021303,1,1,0,0.14906724
INC0021322,1,4,0,0.38208473
INC0021322,2,4,0,0.31582904
INC0021322,3,4,0,0.30766183
INC0021322,4,4,0,0.4014582
INC0021336,1,1,0,0.12758178
INC0021337,1,1,0,0.11303557
INC0021342,1,1,0,0.11987387
INC0021348,1,1,0,0.11712037
INC0021351,1,1,0,0.12760554
INC0021359,1,2,1,0.9830389
INC0021359,2,2,1,0.9882975
INC0021368,1,11,1,0.4311738
INC0021368,2,11,1,0.38468963
INC0021368,3,11,1,0.37790024
INC0021368,4,11,1,0.35655835
INC0021368,5,11,1,0.9746131
INC0021368,6,11,1,0.974177
INC0021368,7,11,1,0.9973634
INC0021368,8,11,1,0.9973936
INC0021384,1,4,1,0.97422296
INC0021384,2,4,1,0.98860663
INC0021384,3,4,1,0.9854064
INC0021384,4,4,1,0.98495215
INC0021393,1,4,1,0.97422296
INC0021393,2,4,1,0.98860663
INC0021393,3,4,1,0.9854064
INC0021393,4,4,1,0.9861485
INC0021397,1,4,1,0.972823
INC0021397,2,4,1,0.98860663
INC0021397,3,4,1,0.9854064
INC0021397,4,4,1,0.98643583
INC0021432,1,2,0,0.22803043
INC0021432,2,2,0,0.107674494
INC0021449,1,1,0,0.14746907
INC0021470,1,6,1,0.473526
INC0021470,2,6,1,0.42866617
INC0021470,3,6,1,0.5141365
INC0021470,4,6,1,0.5065069
INC0021470,5,6,1,0.41086605
INC0021470,6,6,1,0.9674256
INC0021471,1,13,1,0.3865351
INC0021471,2,13,1,0.3876402
INC0021471,3,13,1,0.5234111
INC0021471,4,13,1,0.4286308
INC0021471,5,13,1,0.40632308
INC0021471,6,13,1,0.35859802
INC0021471,7,13,1,0.30816385
INC0021471,8,13,1,0.35209355
INC0021475,1,5,1,0.40313643
INC0021475,2,5,1,0.4729491
INC0021475,3,5,1,0.9987477
INC0021475,4,5,1,0.9992035
INC0021475,5,5,1,0.9984366
INC0021477,1,1,0,0.67225826
INC0021489,1,2,0,0.22390966
INC0021489,2,2,0,0.10116935
INC0021492,1,1,0,0.039455477
INC0021494,1,1,0,0.2842436
INC0021505,1,1,1,0.94785684
INC0021546,1,1,0,0.08205279
INC0021563,1,1,0,0.08794868
INC0021592,1,4,0,0.15084058
INC0021592,2,4,0,0.18128039
INC0021592,3,4,0,0.19705306
INC0021592,4,4,0,0.24300301
INC0021597,1,1,0,0.041628804
INC0021621,1,6,1,0.42200217
INC0021621,2,6,1,0.38356942
INC0021621,3,6,1,0.42541915
INC0021621,4,6,1,0.39572433
INC0021621,5,6,1,0.39152887
INC0021621,6,6,1,0.3787914
INC0021645,1,2,1,0.38692662
INC0021645,2,2,1,0.41253203
INC0021665,1,6,1,0.27581105
INC0021665,2,6,1,0.2625117
INC0021665,3,6,1,0.35201707
INC0021665,4,6,1,0.9145364
INC0021665,5,6,1,0.90614116
INC0021665,6,6,1,0.90629864
INC0021679,1,4,1,0.7024211
INC0021679,2,4,1,0.8016509
INC0021679,3,4,1,0.9250969
INC0021679,4,4,1,0.90675795
INC0021736,1,4,0,0.5710385
INC0021736,2,4,0,0.32467473
INC0021736,3,4,0,0.29872817
INC0021736,4,4,0,0.31401247
INC0021745,1,1,0,0.36955053
INC0021754,1,3,0,0.11725436
INC0021754,2,3,0,0.15028627
INC0021754,3,3,0,0.1109126
INC0021757,1,1,0,0.17811517
INC0021770,1,9,1,0.4051591
INC0021770,2,9,1,0.64464813
INC0021770,3,9,1,0.64123666
INC0021770,4,9,1,0.7065727
INC0021770,5,9,1,0.75639015
INC0021770,6,9,1,0.90971595
INC0021770,7,9,1,0.937841
INC0021770,8,9,1,0.9569661
INC0021771,1,2,0,0.095462486
INC0021771,2,2,0,0.12245969
INC0021776,1,3,0,0.12893131
INC0021776,2,3,0,0.1801236
INC0021776,3,3,0,0.39812535
INC0021785,1,1,0,0.021843951
INC0021787,1,7,0,0.2583309
INC0021787,2,7,0,0.21277162
INC0021787,3,7,0,0.21277162
INC0021787,4,7,0,0.25810057
INC0021787,5,7,0,0.30037427
INC0021787,6,7,0,0.568395
INC0021787,7,7,0,0.6746333
INC0021789,1,1,0,0.021356521
INC0021795,1,1,0,0.038211443
INC0021828,1,1,0,0.35705945
INC0021878,1,3,0,0.12112934
INC0021878,2,3,0,0.10937828
INC0021878,3,3,0,0.31113613
INC0021880,1,2,0,0.105981044
INC0021880,2,2,0,0.35948288
INC0021883,1,1,0,0.022610424
INC0021884,1,4,0,0.06471528
INC0021884,2,4,0,0.08685463
INC0021884,3,4,0,0.13672759
INC0021884,4,4,0,0.12732036
INC0021916,1,3,0,0.06369267
INC0021916,2,3,0,0.12466915
INC0021916,3,3,0,0.14896129
INC0021931,1,4,0,0.05390583
INC0021931,2,4,0,0.0805693
INC0021931,3,4,0,0.0744073
INC0021931,4,4,0,0.051956546
INC0021942,1,1,0,0.0441356
INC0021943,1,2,0,0.013457015
INC0021943,2,2,0,0.0151142515
INC0021948,1,1,0,0.006582406
INC0021970,1,5,1,0.9591417
INC0021970,2,5,1,0.9567297
INC0021970,3,5,1,0.9598193
INC0021970,4,5,1,0.93878096
INC0021970,5,5,1,0.94103765
INC0021989,1,1,0,0.024904344
INC0022030,1,1,0,0.018023774
INC0022060,1,1,0,0.009659778
INC0022062,1,1,0,0.029226113
INC0022063,1,1,0,0.1003531
INC0022076,1,1,0,0.03252665
INC0022101,1,1,0,0.016404187
INC0022111,1,1,0,0.05897333
INC0022123,1,1,0,0.03067126
INC0022139,1,10,0,0.10038629
INC0022139,2,10,0,0.040167987
INC0022139,3,10,0,0.040198196
INC0022139,4,10,0,0.042897593
INC0022139,5,10,0,0.047346953
INC0022139,6,10,0,0.049031533
INC0022139,7,10,0,0.049632248
INC0022139,8,10,0,0.052755218
INC0022143,1,2,0,0.038966622
INC0022143,2,2,0,0.04618204
INC0022158,1,1,0,0.01870959
INC0022160,1,1,0,0.0037776204
INC0022166,1,1,0,0.014941393
INC0022173,1,1,0,0.037027262
INC0022179,1,2,0,0.07196887
INC0022179,2,2,0,0.041746147
INC0022184,1,1,0,0.05939983
INC0022188,1,1,0,0.0038222517
INC0022189,1,1,0,0.050972722
INC0022192,1,1,0,0.00856063
INC0022227,1,7,0,0.029425992
INC0022227,2,7,0,0.061707925
INC0022227,3,7,0,0.06038041
INC0022227,4,7,0,0.060371824
INC0022227,5,7,0,0.067083575
INC0022227,6,7,0,0.06701061
INC0022227,7,7,0,0.06482598
INC0022228,1,2,0,0.10717223
INC0022228,2,2,0,0.08882765
INC0022260,1,1,0,0.025146272
INC0022306,1,3,0,0.10264798
INC0022306,2,3,0,0.06189661
INC0022306,3,3,0,0.06189661
INC0022320,1,1,0,0.012158883
INC0022329,1,1,0,0.032067366
INC0022333,1,1,0,0.027683403
INC0022338,1,2,0,0.044358708
INC0022338,2,2,0,0.035601858
INC0022342,1,3,0,0.03953247
INC0022342,2,3,0,0.022888672
INC0022342,3,3,0,0.021440621
INC0022349,1,3,0,0.045097724
INC0022349,2,3,0,0.03827644
INC0022349,3,3,0,0.040084302
INC0022353,1,1,0,0.033147532
INC0022357,1,3,0,0.09883815
INC0022357,2,3,0,0.0489601
INC0022357,3,3,0,0.0614121
INC0022358,1,1,0,0.032720212
INC0022378,1,1,0,0.057972476
INC0022379,1,2,0,0.089466445
INC0022379,2,2,0,0.0662825
INC0022383,1,1,0,0.067425005
INC0022388,1,1,0,0.023474881
INC0022391,1,4,0,0.06615832
INC0022391,2,4,0,0.048369035
INC0022391,3,4,0,0.045138724
INC0022391,4,4,0,0.100497305
INC0022398,1,1,0,0.019228373
INC0022399,1,4,0,0.07067193
INC0022399,2,4,0,0.19965763
INC0022399,3,4,0,0.19441433
INC0022399,4,4,0,0.19288625
INC0022412,1,1,0,0.032117452
INC0022421,1,4,0,0.06962725
INC0022421,2,4,0,0.05362525
INC0022421,3,4,0,0.055539284
INC0022421,4,4,0,0.06126861
INC0022441,1,2,0,0.063511245
INC0022441,2,2,0,0.028362064
INC0022445,1,1,0,0.021635875
INC0022447,1,2,0,0.022945598
INC0022447,2,2,0,0.039529845
INC0022448,1,1,0,0.021566251
INC0022467,1,4,0,0.11576069
INC0022467,2,4,0,0.08854764
INC0022467,3,4,0,0.08248421
INC0022467,4,4,0,0.0818511
INC0022469,1,1,0,0.06793623
INC0022484,1,1,0,0.018463826
INC0022494,1,1,0,0.0116170775
INC0022499,1,2,0,0.120257705
INC0022499,2,2,0,0.08444334
INC0022528,1,1,0,0.02670083
INC0022531,1,3,0,0.06912566
INC0022531,2,3,0,0.08666507
INC0022531,3,3,0,0.068710215
INC0022536,1,8,0,0.03376787
INC0022536,2,8,0,0.04265816
INC0022536,3,8,0,0.041858356
INC0022536,4,8,0,0.040604915
INC0022536,5,8,0,0.043979656
INC0022536,6,8,0,0.04137131
INC0022536,7,8,0,0.04176223
INC0022536,8,8,0,0.041046448
INC0022543,1,5,0,0.124860026
INC0022543,2,5,0,0.101553045
INC0022543,3,5,0,0.062296283
INC0022543,4,5,0,0.087593295
INC0022543,5,5,0,0.11866708
INC0022557,1,6,0,0.024348676
INC0022557,2,6,0,0.060066096
INC0022557,3,6,0,0.058640387
INC0022557,4,6,0,0.05632328
INC0022557,5,6,0,0.055109236
INC0022557,6,6,0,0.043089293
INC0022579,1,5,1,0.81367344
INC0022579,2,5,1,0.9529149
INC0022579,3,5,1,0.8106295
INC0022579,4,5,1,0.80574405
INC0022579,5,5,1,0.7889413
INC0022580,1,5,0,0.03152208
INC0022580,2,5,0,0.023875229
INC0022580,3,5,0,0.023659984
INC0022580,4,5,0,0.022942787
INC0022580,5,5,0,0.02477553
INC0022601,1,1,0,0.060182903
INC0022603,1,1,0,0.035875607
INC0022607,1,1,0,0.029065812
INC0022616,1,3,0,0.06442705
INC0022616,2,3,0,0.043930285
INC0022616,3,3,0,0.049950954
INC0022655,1,1,0,0.02669298
INC0022656,1,4,0,0.09105021
INC0022656,2,4,0,0.07997836
INC0022656,3,4,0,0.07861597
INC0022656,4,4,0,0.07996432
INC0022689,1,1,0,0.03692991
INC0022694,1,1,0,0.012749689
INC0022700,1,1,0,0.035231486
INC0022705,1,4,0,0.06013188
INC0022705,2,4,0,0.026667323
INC0022705,3,4,0,0.026278596
INC0022705,4,4,0,0.037480466
INC0022753,1,2,0,0.019619817
INC0022753,2,2,0,0.04069003
INC0022806,1,1,0,0.018757394
INC0022813,1,6,1,0.41062665
INC0022813,2,6,1,0.34228253
INC0022813,3,6,1,0.3457811
INC0022813,4,6,1,0.33909148
INC0022813,5,6,1,0.36298028
INC0022813,6,6,1,0.9956772
INC0022814,1,2,0,0.011496503
INC0022814,2,2,0,0.037230786
INC0022816,1,2,0,0.030816253
INC0022816,2,2,0,0.05652733
INC0022817,1,1,0,0.020593224
INC0022848,1,1,0,0.13771187
INC0022860,1,1,0,0.02984675
INC0022886,1,2,0,0.12727271
INC0022886,2,2,0,0.16540384
INC0022899,1,2,0,0.04010617
INC0022899,2,2,0,0.06342181
INC0022907,1,3,0,0.055642586
INC0022907,2,3,0,0.06945417
INC0022907,3,3,0,0.05532836
INC0022916,1,1,0,0.018901313
INC0022920,1,3,0,0.057771433
INC0022920,2,3,0,0.045462303
INC0022920,3,3,0,0.02267042
INC0022934,1,1,0,0.03742514
INC0022936,1,1,0,0.017262852
INC0022938,1,2,0,0.024260048
INC0022938,2,2,0,0.045402598
INC0022940,1,5,0,0.08194495
INC0022940,2,5,0,0.09182939
INC0022940,3,5,0,0.08644038
INC0022940,4,5,0,0.07486923
INC0022940,5,5,0,0.08501364
INC0022951,1,1,0,0.011067561
INC0022961,1,2,0,0.01960107
INC0022961,2,2,0,0.034379136
INC0022974,1,2,0,0.016164653
INC0022974,2,2,0,0.019291578
INC0023001,1,1,0,0.026552966
INC0023010,1,2,0,0.03194354
INC0023010,2,2,0,0.014857038
INC0023017,1,1,0,0.013536249
INC0023022,1,2,0,0.039561745
INC0023022,2,2,0,0.03933579
INC0023051,1,8,0,0.025029652
INC0023051,2,8,0,0.083515055
INC0023051,3,8,0,0.050389055
INC0023051,4,8,0,0.048816092
INC0023051,5,8,0,0.046959776
INC0023051,6,8,0,0.054153286
INC0023051,7,8,0,0.070496656
INC0023051,8,8,0,0.06770598
INC0023060,1,2,0,0.07326329
INC0023060,2,2,0,0.060770053
INC0023065,1,2,0,0.07856086
INC0023065,2,2,0,0.3685485
INC0023073,1,2,0,0.021076314
INC0023073,2,2,0,0.041498315
INC0023079,1,2,0,0.017734995
INC0023079,2,2,0,0.03395059
INC0023096,1,1,0,0.024038905
INC0023121,1,1,0,0.01945768
INC0023131,1,2,0,0.039130297
INC0023131,2,2,0,0.030923959
INC0023136,1,2,0,0.0341512
INC0023136,2,2,0,0.03784116
INC0023147,1,3,0,0.058259983
INC0023147,2,3,0,0.035774484
INC0023147,3,3,0,0.03282139
INC0023153,1,2,0,0.046583932
INC0023153,2,2,0,0.04270739
INC0023166,1,1,0,0.023116857
INC0023176,1,2,0,0.027408922
INC0023176,2,2,0,0.026863253
INC0023187,1,2,0,0.046259996
INC0023187,2,2,0,0.042998955
INC0023192,1,2,0,0.04568725
INC0023192,2,2,0,0.04246478
INC0023229,1,1,0,0.007184595
INC0023241,1,1,0,0.021079384
INC0023251,1,5,0,0.17452523
INC0023251,2,5,0,0.12747557
INC0023251,3,5,0,0.10586431
INC0023251,4,5,0,0.12467396
INC0023251,5,5,0,0.08585306
INC0023257,1,1,0,0.030370796
INC0023259,1,1,0,0.022515906
INC0023267,1,2,0,0.07024978
INC0023267,2,2,0,0.04857013
INC0023275,1,3,0,0.03500202
INC0023275,2,3,0,0.02912936
INC0023275,3,3,0,0.2641742
INC0023282,1,3,0,0.100575544
INC0023282,2,3,0,0.049731947
INC0023282,3,3,0,0.114327185
INC0023289,1,1,0,0.0245883
INC0023293,1,1,0,0.005228003
INC0023325,1,1,0,0.06880216
INC0023331,1,5,0,0.05071401
INC0023331,2,5,0,0.034413382
INC0023331,3,5,0,0.037445948
INC0023331,4,5,0,0.037445948
INC0023331,5,5,0,0.04558465
INC0023341,1,1,0,0.082762495
INC0023362,1,5,0,0.042821195
INC0023362,2,5,0,0.042193856
INC0023362,3,5,0,0.04444864
INC0023362,4,5,0,0.042906523
INC0023362,5,5,0,0.6709091
INC0023424,1,3,0,0.0457345
INC0023424,2,3,0,0.6707152
INC0023424,3,3,0,0.48219064
INC0023443,1,4,0,0.13476272
INC0023443,2,4,0,0.03523623
INC0023443,3,4,0,0.22001539
INC0023443,4,4,0,0.18105474
INC0023449,1,1,0,0.0042567346
INC0023456,1,3,0,0.06698243
INC0023456,2,3,0,0.04825207
INC0023456,3,3,0,0.04593168
INC0023463,1,1,0,0.036664076
INC0023469,1,4,0,0.035878327
INC0023469,2,4,0,0.05585615
INC0023469,3,4,0,0.05229558
INC0023469,4,4,0,0.07075669
INC0023488,1,1,0,0.016060833
INC0023495,1,1,0,0.013488412
INC0023503,1,2,0,0.016061692
INC0023503,2,2,0,0.019471167
INC0023515,1,2,0,0.039954375
INC0023515,2,2,0,0.02131713
INC0023518,1,2,0,0.014781561
INC0023518,2,2,0,0.016589731
INC0023521,1,3,0,0.05024398
INC0023521,2,3,0,0.021528633
INC0023521,3,3,0,0.017447954
INC0023522,1,2,0,0.013536713
INC0023522,2,2,0,0.012515067
INC0023533,1,1,0,0.013488412
INC0023591,1,6,0,0.08417378
INC0023591,2,6,0,0.16382411
INC0023591,3,6,0,0.09156282
INC0023591,4,6,0,0.10316228
INC0023591,5,6,0,0.11241672
INC0023591,6,6,0,0.13976072
INC0023594,1,2,0,0.049356714
INC0023594,2,2,0,0.121399835
INC0023612,1,1,0,0.01200135
INC0023624,1,1,0,0.006748166
INC0023637,1,1,0,0.030329872
INC0023643,1,1,0,0.0068525206
INC0023646,1,1,0,0.04652285
INC0023653,1,2,0,0.10970226
INC0023653,2,2,0,0.040387202
INC0023660,1,3,0,0.27628392
INC0023660,2,3,0,0.75254726
INC0023660,3,3,0,0.5458862
INC0023661,1,1,0,0.17224686
INC0023666,1,1,0,0.15761827
INC0023694,1,4,0,0.65132755
INC0023694,2,4,0,0.18150139
INC0023694,3,4,0,0.3364105
INC0023694,4,4,0,0.31598654
INC0023703,1,1,0,0.115872175
INC0023705,1,1,0,0.13144495
INC0023708,1,1,0,0.07103046
INC0023746,1,4,0,0.109099075
INC0023746,2,4,0,0.16086794
INC0023746,3,4,0,0.36144176
INC0023746,4,4,0,0.1783265
INC0023763,1,1,0,0.12724748
INC0023773,1,1,0,0.03655618
INC0023803,1,2,0,0.10605158
INC0023803,2,2,0,0.18239816
INC0023812,1,1,0,0.1211182
INC0023823,1,1,0,0.02712102
INC0023855,1,3,0,0.254039
INC0023855,2,3,0,0.29047906
INC0023855,3,3,0,0.38764843
INC0023868,1,2,0,0.085778095
INC0023868,2,2,0,0.04097973
INC0023915,1,3,0,0.28545362
INC0023915,2,3,0,0.3231486
INC0023915,3,3,0,0.5637542
INC0023918,1,1,0,0.4587327
INC0023927,1,1,0,0.12434075
INC0023948,1,1,0,0.08393819
INC0023952,1,1,0,0.0132178385
INC0023957,1,3,0,0.23087221
INC0023957,2,3,0,0.18799935
INC0023957,3,3,0,0.27040878
INC0023982,1,2,0,0.09061588
INC0023982,2,2,0,0.1056314
INC0023989,1,2,0,0.10439149
INC0023989,2,2,0,0.1780959
INC0023993,1,2,0,0.25579512
INC0023993,2,2,0,0.19289179
INC0024002,1,1,0,0.045021497
INC0024008,1,2,0,0.053032614
INC0024008,2,2,0,0.111405395
INC0024025,1,2,0,0.09616416
INC0024025,2,2,0,0.09526553
INC0024032,1,1,0,0.014817372
INC0024040,1,1,0,0.07730677
INC0024041,1,4,0,0.12631561
INC0024041,2,4,0,0.124124736
INC0024041,3,4,0,0.15664761
INC0024041,4,4,0,0.16002664
INC0024050,1,2,0,0.38632014
INC0024050,2,2,0,0.18443266
INC0024051,1,1,0,0.0678683
INC0024062,1,2,0,0.13725503
INC0024062,2,2,0,0.053184174
INC0024078,1,1,0,0.3666363
INC0024079,1,1,0,0.21534607
INC0024086,1,2,0,0.07877024
INC0024086,2,2,0,0.04993965
INC0024147,1,1,0,0.016600687
INC0024190,1,4,0,0.3344388
INC0024190,2,4,0,0.26574677
INC0024190,3,4,0,0.27780938
INC0024190,4,4,0,0.3976184
INC0024237,1,4,0,0.111104
INC0024237,2,4,0,0.20392571
INC0024237,3,4,0,0.16903453
INC0024237,4,4,0,0.17484264
INC0024254,1,1,0,0.017859466
INC0024262,1,2,0,0.32442734
INC0024262,2,2,0,0.24845193
INC0024277,1,1,0,0.09899721
INC0024286,1,1,0,0.089401
INC0024299,1,1,0,0.06374605
INC0024303,1,1,0,0.040939346
INC0024331,1,1,0,0.0832221
INC0024334,1,1,0,0.08485906
INC0024340,1,2,0,0.06358988
INC0024340,2,2,0,0.05033965
INC0024342,1,1,0,0.17027421
INC0024343,1,1,0,0.19430672
INC0024346,1,1,0,0.05425045
INC0024361,1,2,0,0.07144746
INC0024361,2,2,0,0.09401669
INC0024407,1,3,0,0.17717901
INC0024407,2,3,0,0.21043766
INC0024407,3,3,0,0.22684887
INC0024423,1,1,0,0.0076675215
INC0025355,1,5,0,0.52927464
INC0025355,2,5,0,0.4561887
INC0025355,3,5,0,0.4325015
INC0025355,4,5,0,0.05824379
INC0025355,5,5,0,0.056847703
INC0025782,1,4,0,0.90335715
INC0025782,2,4,0,0.9022367
INC0025782,3,4,0,0.89823675
INC0025782,4,4,0,0.8975327
