case_id,k,_n_nonterm,y,p
INC0000066,1,2,0,0.09018217
INC0000066,2,2,0,0.103474006
INC0000076,1,1,0,0.08115903
INC0000084,1,4,1,0.7414559
INC0000084,2,4,1,0.76395416
INC0000084,3,4,1,0.7586177
INC0000084,4,4,1,0.929655
INC0000098,1,4,0,0.10007132
INC0000098,2,4,0,0.09250502
INC0000098,3,4,0,0.10274335
INC0000098,4,4,0,0.097093865
INC0000102,1,16,1,0.13974503
INC0000102,2,16,1,0.21998431
INC0000102,3,16,1,0.30661577
INC0000102,4,16,1,0.32429597
INC0000102,5,16,1,0.3656718
INC0000102,6,16,1,0.4233664
INC0000102,7,16,1,0.3133788
INC0000102,8,16,1,0.849834
INC0000104,1,5,1,0.124741465
INC0000104,2,5,1,0.8419441
INC0000104,3,5,1,0.8643501
INC0000104,4,5,1,0.8782055
INC0000104,5,5,1,0.8326616
INC0000110,1,2,0,0.15142183
INC0000110,2,2,0,0.15384202
INC0000116,1,2,0,0.13093048
INC0000116,2,2,0,0.1732064
INC0000124,1,2,0,0.18134175
INC0000124,2,2,0,0.19072741
INC0000125,1,5,0,0.13710733
INC0000125,2,5,0,0.12622583
INC0000125,3,5,0,0.17852068
INC0000125,4,5,0,0.16563728
INC0000125,5,5,0,0.17521627
INC0000129,1,11,1,0.1592033
INC0000129,2,11,1,0.28075492
INC0000129,3,11,1,0.37205002
INC0000129,4,11,1,0.4225901
INC0000129,5,11,1,0.9132018
INC0000129,6,11,1,0.92200136
INC0000129,7,11,1,0.9983021
INC0000129,8,11,1,0.99835783
INC0000149,1,2,0,0.11440527
INC0000149,2,2,0,0.108794495
INC0000161,1,9,1,0.1913495
INC0000161,2,9,1,0.17852941
INC0000161,3,9,1,0.90342546
INC0000161,4,9,1,0.93377805
INC0000161,5,9,1,0.80585575
INC0000161,6,9,1,0.2868742
INC0000161,7,9,1,0.33396825
INC0000161,8,9,1,0.3591535
INC0000192,1,1,0,0.20285179
INC0000232,1,11,1,0.63092124
INC0000232,2,11,1,0.7290567
INC0000232,3,11,1,0.60342604
INC0000232,4,11,1,0.69013286
INC0000232,5,11,1,0.6679346
INC0000232,6,11,1,0.67952704
INC0000232,7,11,1,0.67324454
INC0000232,8,11,1,0.9264196
INC0000237,1,2,0,0.22406648
INC0000237,2,2,0,0.3495473
INC0000246,1,7,1,0.19602905
INC0000246,2,7,1,0.21303888
INC0000246,3,7,1,0.18476582
INC0000246,4,7,1,0.27342403
INC0000246,5,7,1,0.79106295
INC0000246,6,7,1,0.7104975
INC0000246,7,7,1,0.7071983
INC0000250,1,14,1,0.24337222
INC0000250,2,14,1,0.20614858
INC0000250,3,14,1,0.37715256
INC0000250,4,14,1,0.38851768
INC0000250,5,14,1,0.46738854
INC0000250,6,14,1,0.84749424
INC0000250,7,14,1,0.9181491
INC0000250,8,14,1,0.9038664
INC0000266,1,10,1,0.31746364
INC0000266,2,10,1,0.45888978
INC0000266,3,10,1,0.59711045
INC0000266,4,10,1,0.63269585
INC0000266,5,10,1,0.6078226
INC0000266,6,10,1,0.8051893
INC0000266,7,10,1,0.87275493
INC0000266,8,10,1,0.85555464
INC0000272,1,10,1,0.28465846
INC0000272,2,10,1,0.29658717
INC0000272,3,10,1,0.30265507
INC0000272,4,10,1,0.9074164
INC0000272,5,10,1,0.91486543
INC0000272,6,10,1,0.91253525
INC0000272,7,10,1,0.91133714
INC0000272,8,10,1,0.90681547
INC0000283,1,7,0,0.24812153
INC0000283,2,7,0,0.22145306
INC0000283,3,7,0,0.22982971
INC0000283,4,7,0,0.21370928
INC0000283,5,7,0,0.12103516
INC0000283,6,7,0,0.13368215
INC0000283,7,7,0,0.18472813
INC0000292,1,8,0,0.5029593
INC0000292,2,8,0,0.34629112
INC0000292,3,8,0,0.48885584
INC0000292,4,8,0,0.48038524
INC0000292,5,8,0,0.42611602
INC0000292,6,8,0,0.40997094
INC0000292,7,8,0,0.29758832
INC0000292,8,8,0,0.17806521
INC0000317,1,4,1,0.81783515
INC0000317,2,4,1,0.79953
INC0000317,3,4,1,0.8615819
INC0000317,4,4,1,0.91122925
INC0000348,1,5,1,0.6853944
INC0000348,2,5,1,0.708234
INC0000348,3,5,1,0.75108624
INC0000348,4,5,1,0.94950706
INC0000348,5,5,1,0.92329144
INC0000351,1,2,1,0.8016784
INC0000351,2,2,1,0.8356248
INC0000385,1,8,1,0.38064504
INC0000385,2,8,1,0.46724033
INC0000385,3,8,1,0.99939704
INC0000385,4,8,1,0.99867463
INC0000385,5,8,1,0.9985474
INC0000385,6,8,1,0.9971513
INC0000385,7,8,1,0.99723744
INC0000385,8,8,1,0.99622166
INC0000387,1,7,1,0.16674381
INC0000387,2,7,1,0.15126121
INC0000387,3,7,1,0.21777295
INC0000387,4,7,1,0.24363501
INC0000387,5,7,1,0.5088144
INC0000387,6,7,1,0.9939137
INC0000387,7,7,1,0.9946467
INC0000388,1,5,1,0.71576965
INC0000388,2,5,1,0.9074248
INC0000388,3,5,1,0.93773806
INC0000388,4,5,1,0.99807525
INC0000388,5,5,1,0.99772173
INC0000396,1,11,1,0.471459
INC0000396,2,11,1,0.4334073
INC0000396,3,11,1,0.48077542
INC0000396,4,11,1,0.83483857
INC0000396,5,11,1,0.9959925
INC0000396,6,11,1,0.99723583
INC0000396,7,11,1,0.9970395
INC0000396,8,11,1,0.9971903
INC0000403,1,18,1,0.2959895
INC0000403,2,18,1,0.27870265
INC0000403,3,18,1,0.34792244
INC0000403,4,18,1,0.28634802
INC0000403,5,18,1,0.33143857
INC0000403,6,18,1,0.2646245
INC0000403,7,18,1,0.4949614
INC0000403,8,18,1,0.46016988
INC0000425,1,1,0,0.3076043
INC0000439,1,2,0,0.7370049
INC0000439,2,2,0,0.7785019
INC0000497,1,7,0,0.27026573
INC0000497,2,7,0,0.22414692
INC0000497,3,7,0,0.2855036
INC0000497,4,7,0,0.31712988
INC0000497,5,7,0,0.30597964
INC0000497,6,7,0,0.49467596
INC0000497,7,7,0,0.831954
INC0000524,1,11,1,0.31050634
INC0000524,2,11,1,0.32789743
INC0000524,3,11,1,0.43083706
INC0000524,4,11,1,0.99902713
INC0000524,5,11,1,0.999161
INC0000524,6,11,1,0.99958163
INC0000524,7,11,1,0.9996239
INC0000524,8,11,1,0.99958426
INC0000525,1,8,0,0.13514139
INC0000525,2,8,0,0.36670992
INC0000525,3,8,0,0.6656159
INC0000525,4,8,0,0.6649871
INC0000525,5,8,0,0.69602346
INC0000525,6,8,0,0.7021753
INC0000525,7,8,0,0.7054763
INC0000525,8,8,0,0.70180494
INC0000564,1,3,0,0.2766856
INC0000564,2,3,0,0.49171692
INC0000564,3,3,0,0.52302945
INC0000568,1,4,1,0.90811986
INC0000568,2,4,1,0.84399736
INC0000568,3,4,1,0.88045657
INC0000568,4,4,1,0.8836196
INC0000571,1,4,0,0.14711812
INC0000571,2,4,0,0.12991135
INC0000571,3,4,0,0.10983338
INC0000571,4,4,0,0.1144653
INC0000606,1,8,1,0.25018582
INC0000606,2,8,1,0.36262992
INC0000606,3,8,1,0.5169526
INC0000606,4,8,1,0.7584414
INC0000606,5,8,1,0.99855834
INC0000606,6,8,1,0.9983669
INC0000606,7,8,1,0.9993175
INC0000606,8,8,1,0.99850625
INC0000614,1,7,0,0.16846618
INC0000614,2,7,0,0.17621422
INC0000614,3,7,0,0.11661187
INC0000614,4,7,0,0.116163656
INC0000614,5,7,0,0.11676632
INC0000614,6,7,0,0.10224084
INC0000614,7,7,0,0.10135331
INC0000619,1,6,0,0.14256889
INC0000619,2,6,0,0.12530175
INC0000619,3,6,0,0.29968873
INC0000619,4,6,0,0.3084609
INC0000619,5,6,0,0.292533
INC0000619,6,6,0,0.2932943
INC0000621,1,4,0,0.40908897
INC0000621,2,4,0,0.4376388
INC0000621,3,4,0,0.4505493
INC0000621,4,4,0,0.5760909
INC0000624,1,2,0,0.14969169
INC0000624,2,2,0,0.22991286
INC0000630,1,3,0,0.34511295
INC0000630,2,3,0,0.2471826
INC0000630,3,3,0,0.18114686
INC0000638,1,2,1,0.20164369
INC0000638,2,2,1,0.899377
INC0000651,1,6,1,0.24424767
INC0000651,2,6,1,0.3882404
INC0000651,3,6,1,0.6535184
INC0000651,4,6,1,0.70561886
INC0000651,5,6,1,0.99861646
INC0000651,6,6,1,0.99910694
INC0000666,1,2,0,0.220365
INC0000666,2,2,0,0.28126344
INC0000670,1,3,0,0.41128418
INC0000670,2,3,0,0.4178645
INC0000670,3,3,0,0.3792314
INC0000692,1,1,0,0.1730291
INC0000704,1,3,0,0.2722006
INC0000704,2,3,0,0.2885203
INC0000704,3,3,0,0.4141378
INC0000734,1,4,0,0.37036097
INC0000734,2,4,0,0.3313173
INC0000734,3,4,0,0.38386846
INC0000734,4,4,0,0.5884934
INC0000741,1,7,1,0.3645875
INC0000741,2,7,1,0.31686088
INC0000741,3,7,1,0.3225112
INC0000741,4,7,1,0.3158021
INC0000741,5,7,1,0.34544694
INC0000741,6,7,1,0.99950993
INC0000741,7,7,1,0.99910694
INC0000745,1,2,0,0.103377394
INC0000745,2,2,0,0.09915499
INC0000763,1,2,0,0.40127558
INC0000763,2,2,0,0.31527442
INC0000771,1,6,1,0.6191669
INC0000771,2,6,1,0.27305767
INC0000771,3,6,1,0.24751337
INC0000771,4,6,1,0.26065722
INC0000771,5,6,1,0.9977621
INC0000771,6,6,1,0.99790823
INC0000778,1,5,0,0.25878498
INC0000778,2,5,0,0.22420077
INC0000778,3,5,0,0.21617636
INC0000778,4,5,0,0.24133468
INC0000778,5,5,0,0.6585327
INC0000783,1,16,1,0.13839117
INC0000783,2,16,1,0.43907827
INC0000783,3,16,1,0.45278764
INC0000783,4,16,1,0.9985487
INC0000783,5,16,1,0.9994618
INC0000783,6,16,1,0.99868375
INC0000783,7,16,1,0.99907935
INC0000783,8,16,1,0.9986243
INC0000792,1,2,0,0.19835392
INC0000792,2,2,0,0.430082
INC0000795,1,2,0,0.38229364
INC0000795,2,2,0,0.25387082
INC0000801,1,2,0,0.49739167
INC0000801,2,2,0,0.31145418
INC0000820,1,24,1,0.19690603
INC0000820,2,24,1,0.16057794
INC0000820,3,24,1,0.15340154
INC0000820,4,24,1,0.14806
INC0000820,5,24,1,0.5344022
INC0000820,6,24,1,0.99685234
INC0000820,7,24,1,0.9986638
INC0000820,8,24,1,0.99860686
INC0000822,1,4,0,0.22920676
INC0000822,2,4,0,0.19687319
INC0000822,3,4,0,0.16179572
INC0000822,4,4,0,0.15968448
INC0000841,1,1,0,0.2985875
INC0000845,1,5,0,0.22387967
INC0000845,2,5,0,0.27502638
INC0000845,3,5,0,0.3093631
INC0000845,4,5,0,0.4096729
INC0000845,5,5,0,0.3643083
INC0000849,1,2,1,0.5791306
INC0000849,2,2,1,0.71973175
INC0000879,1,3,0,0.40810126
INC0000879,2,3,0,0.43604755
INC0000879,3,3,0,0.37470156
INC0000887,1,5,1,0.5830255
INC0000887,2,5,1,0.9969336
INC0000887,3,5,1,0.9980842
INC0000887,4,5,1,0.9979938
INC0000887,5,5,1,0.9979234
INC0000892,1,13,1,0.26185223
INC0000892,2,13,1,0.24160041
INC0000892,3,13,1,0.4589642
INC0000892,4,13,1,0.85995734
INC0000892,5,13,1,0.88097805
INC0000892,6,13,1,0.85383624
INC0000892,7,13,1,0.94698435
INC0000892,8,13,1,0.969613
INC0000906,1,3,0,0.32795227
INC0000906,2,3,0,0.5264031
INC0000906,3,3,0,0.7117742
INC0000908,1,3,0,0.48960465
INC0000908,2,3,0,0.6096598
INC0000908,3,3,0,0.8039654
INC0000914,1,4,1,0.35957223
INC0000914,2,4,1,0.30015773
INC0000914,3,4,1,0.2920867
INC0000914,4,4,1,0.9907562
INC0000917,1,6,0,0.26088318
INC0000917,2,6,0,0.21923059
INC0000917,3,6,0,0.16224124
INC0000917,4,6,0,0.3562553
INC0000917,5,6,0,0.54516876
INC0000917,6,6,0,0.5593918
INC0000920,1,7,1,0.3504972
INC0000920,2,7,1,0.52551293
INC0000920,3,7,1,0.5918851
INC0000920,4,7,1,0.59301376
INC0000920,5,7,1,0.66474
INC0000920,6,7,1,0.99866986
INC0000920,7,7,1,0.9978423
INC0000930,1,2,0,0.19586876
INC0000930,2,2,0,0.22213906
INC0000981,1,12,1,0.3069334
INC0000981,2,12,1,0.30199432
INC0000981,3,12,1,0.75999063
INC0000981,4,12,1,0.75760955
INC0000981,5,12,1,0.8332643
INC0000981,6,12,1,0.99885786
INC0000981,7,12,1,0.9988746
INC0000981,8,12,1,0.99949217
INC0000990,1,26,1,0.41186
INC0000990,2,26,1,0.36728966
INC0000990,3,26,1,0.5092861
INC0000990,4,26,1,0.7406982
INC0000990,5,26,1,0.78390944
INC0000990,6,26,1,0.75317454
INC0000990,7,26,1,0.7589615
INC0000990,8,26,1,0.73577905
INC0001008,1,1,0,0.33723187
INC0001010,1,10,0,0.22675811
INC0001010,2,10,0,0.19416985
INC0001010,3,10,0,0.09426921
INC0001010,4,10,0,0.06660625
INC0001010,5,10,0,0.06411588
INC0001010,6,10,0,0.06615024
INC0001010,7,10,0,0.080190636
INC0001010,8,10,0,0.077440396
INC0001014,1,13,1,0.40519583
INC0001014,2,13,1,0.45745745
INC0001014,3,13,1,0.60911626
INC0001014,4,13,1,0.81051546
INC0001014,5,13,1,0.9977064
INC0001014,6,13,1,0.99856275
INC0001014,7,13,1,0.99746525
INC0001014,8,13,1,0.9966432
INC0001018,1,5,0,0.41930285
INC0001018,2,5,0,0.44367257
INC0001018,3,5,0,0.42827383
INC0001018,4,5,0,0.6414345
INC0001018,5,5,0,0.66108847
INC0001020,1,2,0,0.20785166
INC0001020,2,2,0,0.23998125
INC0001053,1,7,1,0.40483832
INC0001053,2,7,1,0.37018272
INC0001053,3,7,1,0.2777232
INC0001053,4,7,1,0.26842222
INC0001053,5,7,1,0.31632164
INC0001053,6,7,1,0.996185
INC0001053,7,7,1,0.9983504
INC0001083,1,3,0,0.3492106
INC0001083,2,3,0,0.33116663
INC0001083,3,3,0,0.44187936
INC0001092,1,3,1,0.567024
INC0001092,2,3,1,0.9980773
INC0001092,3,3,1,0.9986216
INC0001108,1,9,1,0.4843797
INC0001108,2,9,1,0.7702565
INC0001108,3,9,1,0.80969876
INC0001108,4,9,1,0.8949582
INC0001108,5,9,1,0.9568423
INC0001108,6,9,1,0.99920565
INC0001108,7,9,1,0.9996406
INC0001108,8,9,1,0.9996711
INC0001112,1,3,1,0.8900854
INC0001112,2,3,1,0.9541403
INC0001112,3,3,1,0.99961144
INC0001117,1,1,1,0.5407535
INC0001133,1,2,0,0.42330474
INC0001133,2,2,0,0.31717312
INC0001154,1,13,1,0.4884975
INC0001154,2,13,1,0.62099713
INC0001154,3,13,1,0.74926233
INC0001154,4,13,1,0.68136954
INC0001154,5,13,1,0.90121514
INC0001154,6,13,1,0.924705
INC0001154,7,13,1,0.9993241
INC0001154,8,13,1,0.9992969
INC0001173,1,3,0,0.782112
INC0001173,2,3,0,0.6445778
INC0001173,3,3,0,0.6521306
INC0001186,1,5,1,0.8717712
INC0001186,2,5,1,0.9917468
INC0001186,3,5,1,0.9984377
INC0001186,4,5,1,0.99828786
INC0001186,5,5,1,0.998226
INC0001199,1,6,1,0.38958737
INC0001199,2,6,1,0.51120883
INC0001199,3,6,1,0.60617644
INC0001199,4,6,1,0.62718886
INC0001199,5,6,1,0.9970342
INC0001199,6,6,1,0.99708986
INC0001239,1,5,1,0.70301044
INC0001239,2,5,1,0.9987166
INC0001239,3,5,1,0.9977175
INC0001239,4,5,1,0.9977569
INC0001239,5,5,1,0.9978248
INC0001261,1,4,1,0.5683913
INC0001261,2,4,1,0.6922073
INC0001261,3,4,1,0.99812585
INC0001261,4,4,1,0.99772185
INC0001270,1,18,1,0.70151263
INC0001270,2,18,1,0.72405845
INC0001270,3,18,1,0.72542214
INC0001270,4,18,1,0.68596065
INC0001270,5,18,1,0.68031317
INC0001270,6,18,1,0.6781364
INC0001270,7,18,1,0.7134196
INC0001270,8,18,1,0.629933
INC0001278,1,4,1,0.6520562
INC0001278,2,4,1,0.72102183
INC0001278,3,4,1,0.7401189
INC0001278,4,4,1,0.64074415
INC0001295,1,1,0,0.63524604
INC0001313,1,3,1,0.86230266
INC0001313,2,3,1,0.9941935
INC0001313,3,3,1,0.9944501
INC0001318,1,4,0,0.6749683
INC0001318,2,4,0,0.5905963
INC0001318,3,4,0,0.54903376
INC0001318,4,4,0,0.3837171
INC0001319,1,16,1,0.5642706
INC0001319,2,16,1,0.78536075
INC0001319,3,16,1,0.974081
INC0001319,4,16,1,0.93989587
INC0001319,5,16,1,0.9349131
INC0001319,6,16,1,0.7916107
INC0001319,7,16,1,0.8075782
INC0001319,8,16,1,0.799957
INC0001333,1,1,0,0.53800493
INC0001336,1,6,0,0.6346949
INC0001336,2,6,0,0.5900903
INC0001336,3,6,0,0.46776524
INC0001336,4,6,0,0.36861232
INC0001336,5,6,0,0.36116007
INC0001336,6,6,0,0.36279455
INC0001359,1,2,0,0.4722821
INC0001359,2,2,0,0.36316648
INC0001360,1,2,0,0.5102519
INC0001360,2,2,0,0.5545626
INC0001368,1,2,0,0.6291863
INC0001368,2,2,0,0.51376855
INC0001406,1,4,1,0.7573829
INC0001406,2,4,1,0.9985802
INC0001406,3,4,1,0.9986517
INC0001406,4,4,1,0.99795306
INC0001407,1,1,0,0.625733
INC0001433,1,2,1,0.25093743
INC0001433,2,2,1,0.3385501
INC0001445,1,8,1,0.65941495
INC0001445,2,8,1,0.75611544
INC0001445,3,8,1,0.7049083
INC0001445,4,8,1,0.6990021
INC0001445,5,8,1,0.6935572
INC0001445,6,8,1,0.9954152
INC0001445,7,8,1,0.9952714
INC0001445,8,8,1,0.9950954
INC0001474,1,5,0,0.67648554
INC0001474,2,5,0,0.6305707
INC0001474,3,5,0,0.6271242
INC0001474,4,5,0,0.56844646
INC0001474,5,5,0,0.5972854
INC0001477,1,7,0,0.32560664
INC0001477,2,7,0,0.23238985
INC0001477,3,7,0,0.21156283
INC0001477,4,7,0,0.28114724
INC0001477,5,7,0,0.27646342
INC0001477,6,7,0,0.27156526
INC0001477,7,7,0,0.27619892
INC0001492,1,3,0,0.46738443
INC0001492,2,3,0,0.8330317
INC0001492,3,3,0,0.82260126
INC0001517,1,11,1,0.5796308
INC0001517,2,11,1,0.4680655
INC0001517,3,11,1,0.5885202
INC0001517,4,11,1,0.6448422
INC0001517,5,11,1,0.7862102
INC0001517,6,11,1,0.7947238
INC0001517,7,11,1,0.76164395
INC0001517,8,11,1,0.9952743
INC0001529,1,4,1,0.6906694
INC0001529,2,4,1,0.8908355
INC0001529,3,4,1,0.9996815
INC0001529,4,4,1,0.99950063
INC0001534,1,1,0,0.4885717
INC0001561,1,6,1,0.46969843
INC0001561,2,6,1,0.40047756
INC0001561,3,6,1,0.40851218
INC0001561,4,6,1,0.47608152
INC0001561,5,6,1,0.9985915
INC0001561,6,6,1,0.99852884
INC0001594,1,2,0,0.41184127
INC0001594,2,2,0,0.38203835
INC0001596,1,2,1,0.6501336
INC0001596,2,2,1,0.9928867
INC0001599,1,2,0,0.21050705
INC0001599,2,2,0,0.2812811
INC0001616,1,1,0,0.29416353
INC0001617,1,2,0,0.24049677
INC0001617,2,2,0,0.20367625
INC0001630,1,8,1,0.49429515
INC0001630,2,8,1,0.53886193
INC0001630,3,8,1,0.5316899
INC0001630,4,8,1,0.5092858
INC0001630,5,8,1,0.7369503
INC0001630,6,8,1,0.9919212
INC0001630,7,8,1,0.9981767
INC0001630,8,8,1,0.99809986
INC0001649,1,14,1,0.9543153
INC0001649,2,14,1,0.9563027
INC0001649,3,14,1,0.9374543
INC0001649,4,14,1,0.99970716
INC0001649,5,14,1,0.99903715
INC0001649,6,14,1,0.99928075
INC0001649,7,14,1,0.99936634
INC0001649,8,14,1,0.9993718
INC0001651,1,2,0,0.3343673
INC0001651,2,2,0,0.71188164
INC0001655,1,1,0,0.3215784
INC0001662,1,6,1,0.64780194
INC0001662,2,6,1,0.9964616
INC0001662,3,6,1,0.9967583
INC0001662,4,6,1,0.99735045
INC0001662,5,6,1,0.99766695
INC0001662,6,6,1,0.9991154
INC0001703,1,6,1,0.52723354
INC0001703,2,6,1,0.99663574
INC0001703,3,6,1,0.99662304
INC0001703,4,6,1,0.9958391
INC0001703,5,6,1,0.99514294
INC0001703,6,6,1,0.99824715
INC0001713,1,5,1,0.81407267
INC0001713,2,5,1,0.999276
INC0001713,3,5,1,0.999141
INC0001713,4,5,1,0.99924797
INC0001713,5,5,1,0.9994369
INC0001714,1,1,0,0.3537594
INC0001737,1,9,1,0.56319
INC0001737,2,9,1,0.5543112
INC0001737,3,9,1,0.44652334
INC0001737,4,9,1,0.5922383
INC0001737,5,9,1,0.71135783
INC0001737,6,9,1,0.9951226
INC0001737,7,9,1,0.99841106
INC0001737,8,9,1,0.99863976
INC0001753,1,10,1,0.446886
INC0001753,2,10,1,0.57586306
INC0001753,3,10,1,0.8501479
INC0001753,4,10,1,0.8330566
INC0001753,5,10,1,0.89250463
INC0001753,6,10,1,0.92192507
INC0001753,7,10,1,0.8976727
INC0001753,8,10,1,0.9183387
INC0001759,1,3,1,0.688403
INC0001759,2,3,1,0.7267288
INC0001759,3,3,1,0.9989225
INC0001768,1,6,1,0.5706299
INC0001768,2,6,1,0.56594515
INC0001768,3,6,1,0.63625854
INC0001768,4,6,1,0.6870618
INC0001768,5,6,1,0.56564534
INC0001768,6,6,1,0.96633255
INC0001769,1,9,1,0.6267404
INC0001769,2,9,1,0.6639303
INC0001769,3,9,1,0.7037873
INC0001769,4,9,1,0.976684
INC0001769,5,9,1,0.98063
INC0001769,6,9,1,0.9993622
INC0001769,7,9,1,0.9984332
INC0001769,8,9,1,0.99869066
INC0001797,1,3,1,0.95118165
INC0001797,2,3,1,0.9624597
INC0001797,3,3,1,0.9530422
INC0001803,1,15,1,0.7870161
INC0001803,2,15,1,0.8771301
INC0001803,3,15,1,0.99545056
INC0001803,4,15,1,0.98447025
INC0001803,5,15,1,0.9887024
INC0001803,6,15,1,0.99012697
INC0001803,7,15,1,0.9867753
INC0001803,8,15,1,0.92172486
INC0001816,1,7,1,0.5233505
INC0001816,2,7,1,0.5489058
INC0001816,3,7,1,0.5637099
INC0001816,4,7,1,0.7449899
INC0001816,5,7,1,0.9995952
INC0001816,6,7,1,0.9986034
INC0001816,7,7,1,0.9986345
INC0001822,1,4,1,0.48448715
INC0001822,2,4,1,0.9973398
INC0001822,3,4,1,0.9973737
INC0001822,4,4,1,0.9972366
INC0001828,1,8,1,0.46938467
INC0001828,2,8,1,0.50050014
INC0001828,3,8,1,0.51649666
INC0001828,4,8,1,0.58379626
INC0001828,5,8,1,0.9987453
INC0001828,6,8,1,0.99868196
INC0001828,7,8,1,0.9975866
INC0001828,8,8,1,0.9988348
INC0001835,1,2,1,0.5737496
INC0001835,2,2,1,0.4780373
INC0001860,1,13,1,0.7881578
INC0001860,2,13,1,0.80516124
INC0001860,3,13,1,0.796041
INC0001860,4,13,1,0.8849143
INC0001860,5,13,1,0.91817015
INC0001860,6,13,1,0.918832
INC0001860,7,13,1,0.9119108
INC0001860,8,13,1,0.9463655
INC0001871,1,3,1,0.78414094
INC0001871,2,3,1,0.65305877
INC0001871,3,3,1,0.9991185
INC0001900,1,7,0,0.69899833
INC0001900,2,7,0,0.68941724
INC0001900,3,7,0,0.338826
INC0001900,4,7,0,0.7695534
INC0001900,5,7,0,0.72100055
INC0001900,6,7,0,0.72607106
INC0001900,7,7,0,0.74300873
INC0001914,1,2,0,0.43324012
INC0001914,2,2,0,0.46057963
INC0001918,1,2,1,0.6702965
INC0001918,2,2,1,0.9984364
INC0001921,1,5,1,0.5948602
INC0001921,2,5,1,0.4773506
INC0001921,3,5,1,0.92709225
INC0001921,4,5,1,0.94301206
INC0001921,5,5,1,0.99779296
INC0001922,1,21,1,0.5741913
INC0001922,2,21,1,0.6391676
INC0001922,3,21,1,0.40653822
INC0001922,4,21,1,0.73364055
INC0001922,5,21,1,0.9718151
INC0001922,6,21,1,0.97600603
INC0001922,7,21,1,0.9964734
INC0001922,8,21,1,0.9900299
INC0001945,1,7,1,0.39879364
INC0001945,2,7,1,0.40401217
INC0001945,3,7,1,0.38011935
INC0001945,4,7,1,0.92328566
INC0001945,5,7,1,0.95588773
INC0001945,6,7,1,0.99942434
INC0001945,7,7,1,0.99873954
INC0001949,1,2,0,0.59336215
INC0001949,2,2,0,0.25340998
INC0001957,1,2,0,0.21349129
INC0001957,2,2,0,0.119265765
INC0001967,1,4,1,0.7683754
INC0001967,2,4,1,0.6575572
INC0001967,3,4,1,0.9980385
INC0001967,4,4,1,0.99880445
INC0001999,1,5,0,0.22203316
INC0001999,2,5,0,0.15572737
INC0001999,3,5,0,0.18653968
INC0001999,4,5,0,0.2405728
INC0001999,5,5,0,0.32904616
INC0002035,1,3,0,0.4826657
INC0002035,2,3,0,0.43617645
INC0002035,3,3,0,0.5515754
INC0002061,1,1,0,0.3643031
INC0002064,1,7,1,0.63102823
INC0002064,2,7,1,0.64448094
INC0002064,3,7,1,0.5799007
INC0002064,4,7,1,0.5610653
INC0002064,5,7,1,0.75616395
INC0002064,6,7,1,0.9375254
INC0002064,7,7,1,0.9386382
INC0002079,1,2,0,0.1894545
INC0002079,2,2,0,0.16360547
INC0002093,1,2,0,0.64806384
INC0002093,2,2,0,0.5894394
INC0002095,1,2,0,0.15419264
INC0002095,2,2,0,0.13612907
INC0002122,1,2,1,0.5914956
INC0002122,2,2,1,0.7758715
INC0002127,1,5,1,0.38490045
INC0002127,2,5,1,0.31510392
INC0002127,3,5,1,0.35793158
INC0002127,4,5,1,0.2896842
INC0002127,5,5,1,0.27771285
INC0002141,1,4,1,0.53582066
INC0002141,2,4,1,0.4856135
INC0002141,3,4,1,0.4589211
INC0002141,4,4,1,0.3185004
INC0002164,1,8,1,0.35712567
INC0002164,2,8,1,0.57222056
INC0002164,3,8,1,0.6862066
INC0002164,4,8,1,0.98736596
INC0002164,5,8,1,0.99225205
INC0002164,6,8,1,0.99001265
INC0002164,7,8,1,0.99881005
INC0002164,8,8,1,0.9986646
INC0002181,1,11,1,0.5918185
INC0002181,2,11,1,0.56916463
INC0002181,3,11,1,0.85607326
INC0002181,4,11,1,0.99862623
INC0002181,5,11,1,0.99841905
INC0002181,6,11,1,0.99913317
INC0002181,7,11,1,0.998321
INC0002181,8,11,1,0.99810326
INC0002204,1,1,0,0.3120399
INC0002227,1,11,1,0.40510747
INC0002227,2,11,1,0.46471202
INC0002227,3,11,1,0.4691293
INC0002227,4,11,1,0.5050344
INC0002227,5,11,1,0.58085674
INC0002227,6,11,1,0.52784413
INC0002227,7,11,1,0.98926777
INC0002227,8,11,1,0.9906006
INC0002251,1,3,0,0.3673623
INC0002251,2,3,0,0.19662656
INC0002251,3,3,0,0.15992652
INC0002319,1,4,1,0.85288984
INC0002319,2,4,1,0.8187981
INC0002319,3,4,1,0.9938856
INC0002319,4,4,1,0.99316204
INC0002339,1,5,1,0.6650897
INC0002339,2,5,1,0.93394434
INC0002339,3,5,1,0.99680823
INC0002339,4,5,1,0.99865085
INC0002339,5,5,1,0.9977617
INC0002343,1,1,0,0.64964503
INC0002347,1,2,0,0.19067658
INC0002347,2,2,0,0.17196184
INC0002349,1,2,0,0.6443559
INC0002349,2,2,0,0.5985242
INC0002376,1,11,1,0.70665
INC0002376,2,11,1,0.56889135
INC0002376,3,11,1,0.56436694
INC0002376,4,11,1,0.7037597
INC0002376,5,11,1,0.9674054
INC0002376,6,11,1,0.9696369
INC0002376,7,11,1,0.9933703
INC0002376,8,11,1,0.9847343
INC0002378,1,15,1,0.75097346
INC0002378,2,15,1,0.68698156
INC0002378,3,15,1,0.6559166
INC0002378,4,15,1,0.9510953
INC0002378,5,15,1,0.9872541
INC0002378,6,15,1,0.99127287
INC0002378,7,15,1,0.99928004
INC0002378,8,15,1,0.99584806
INC0002379,1,14,1,0.76774323
INC0002379,2,14,1,0.7133208
INC0002379,3,14,1,0.611817
INC0002379,4,14,1,0.56780833
INC0002379,5,14,1,0.61642504
INC0002379,6,14,1,0.7180058
INC0002379,7,14,1,0.74494654
INC0002379,8,14,1,0.9917155
INC0002391,1,1,0,0.5812036
INC0002406,1,4,1,0.69914013
INC0002406,2,4,1,0.64272493
INC0002406,3,4,1,0.7161443
INC0002406,4,4,1,0.9976561
INC0002409,1,9,1,0.82583797
INC0002409,2,9,1,0.9981102
INC0002409,3,9,1,0.9961606
INC0002409,4,9,1,0.9961004
INC0002409,5,9,1,0.9958882
INC0002409,6,9,1,0.99602556
INC0002409,7,9,1,0.99741495
INC0002409,8,9,1,0.99750817
INC0002412,1,4,0,0.6564051
INC0002412,2,4,0,0.24134034
INC0002412,3,4,0,0.17339686
INC0002412,4,4,0,0.20158456
INC0002415,1,3,1,0.7398374
INC0002415,2,3,1,0.5701003
INC0002415,3,3,1,0.9910613
INC0002426,1,7,1,0.7269522
INC0002426,2,7,1,0.9959044
INC0002426,3,7,1,0.99686676
INC0002426,4,7,1,0.9964914
INC0002426,5,7,1,0.99683434
INC0002426,6,7,1,0.9966246
INC0002426,7,7,1,0.99835265
INC0002428,1,10,1,0.8163316
INC0002428,2,10,1,0.78468925
INC0002428,3,10,1,0.92630786
INC0002428,4,10,1,0.94789004
INC0002428,5,10,1,0.9825729
INC0002428,6,10,1,0.99494296
INC0002428,7,10,1,0.9950059
INC0002428,8,10,1,0.99481404
INC0002446,1,1,0,0.69666
INC0002452,1,7,1,0.80604935
INC0002452,2,7,1,0.7040682
INC0002452,3,7,1,0.67160743
INC0002452,4,7,1,0.9699489
INC0002452,5,7,1,0.99152315
INC0002452,6,7,1,0.9908145
INC0002452,7,7,1,0.99864405
INC0002457,1,5,1,0.5543265
INC0002457,2,5,1,0.79248774
INC0002457,3,5,1,0.98904663
INC0002457,4,5,1,0.99600995
INC0002457,5,5,1,0.9991198
INC0002463,1,7,1,0.6032611
INC0002463,2,7,1,0.44193366
INC0002463,3,7,1,0.4303389
INC0002463,4,7,1,0.486132
INC0002463,5,7,1,0.63279223
INC0002463,6,7,1,0.9911985
INC0002463,7,7,1,0.99124473
INC0002468,1,6,1,0.78128994
INC0002468,2,6,1,0.97491926
INC0002468,3,6,1,0.9925052
INC0002468,4,6,1,0.9921693
INC0002468,5,6,1,0.9939567
INC0002468,6,6,1,0.9977984
INC0002492,1,4,1,0.8245833
INC0002492,2,4,1,0.9952932
INC0002492,3,4,1,0.9929889
INC0002492,4,4,1,0.99906284
INC0002515,1,1,0,0.15878482
INC0002521,1,1,0,0.45461258
INC0002546,1,6,1,0.5909954
INC0002546,2,6,1,0.5757089
INC0002546,3,6,1,0.84779274
INC0002546,4,6,1,0.94625294
INC0002546,5,6,1,0.96607035
INC0002546,6,6,1,0.99930286
INC0002551,1,1,1,0.81449115
INC0002554,1,1,1,0.5753914
INC0002557,1,7,1,0.8605187
INC0002557,2,7,1,0.8772905
INC0002557,3,7,1,0.9928423
INC0002557,4,7,1,0.99512106
INC0002557,5,7,1,0.9953766
INC0002557,6,7,1,0.9949285
INC0002557,7,7,1,0.9944344
INC0002591,1,4,1,0.18991676
INC0002591,2,4,1,0.16826014
INC0002591,3,4,1,0.17267038
INC0002591,4,4,1,0.2097982
INC0002602,1,3,1,0.7123957
INC0002602,2,3,1,0.6705327
INC0002602,3,3,1,0.9669436
INC0002603,1,9,1,0.46281946
INC0002603,2,9,1,0.31880978
INC0002603,3,9,1,0.44799468
INC0002603,4,9,1,0.875935
INC0002603,5,9,1,0.7580833
INC0002603,6,9,1,0.7569724
INC0002603,7,9,1,0.73095924
INC0002603,8,9,1,0.88735616
INC0002613,1,5,1,0.84775674
INC0002613,2,5,1,0.99648833
INC0002613,3,5,1,0.99637634
INC0002613,4,5,1,0.9968477
INC0002613,5,5,1,0.9930059
INC0002615,1,1,1,0.86915296
INC0002617,1,2,1,0.7725378
INC0002617,2,2,1,0.7937285
INC0002619,1,8,1,0.7589507
INC0002619,2,8,1,0.97224516
INC0002619,3,8,1,0.9890282
INC0002619,4,8,1,0.99099004
INC0002619,5,8,1,0.99281365
INC0002619,6,8,1,0.99530137
INC0002619,7,8,1,0.9962288
INC0002619,8,8,1,0.9975395
INC0002643,1,5,1,0.7506759
INC0002643,2,5,1,0.99117076
INC0002643,3,5,1,0.98540384
INC0002643,4,5,1,0.98971343
INC0002643,5,5,1,0.9984933
INC0002648,1,2,1,0.8792598
INC0002648,2,2,1,0.8794318
INC0002670,1,10,1,0.5115901
INC0002670,2,10,1,0.9754648
INC0002670,3,10,1,0.9825768
INC0002670,4,10,1,0.9979024
INC0002670,5,10,1,0.99636567
INC0002670,6,10,1,0.99695146
INC0002670,7,10,1,0.99731016
INC0002670,8,10,1,0.9978604
INC0002673,1,6,1,0.5675031
INC0002673,2,6,1,0.9897546
INC0002673,3,6,1,0.99240327
INC0002673,4,6,1,0.99036855
INC0002673,5,6,1,0.98827577
INC0002673,6,6,1,0.98736274
INC0002675,1,6,1,0.8013424
INC0002675,2,6,1,0.9825623
INC0002675,3,6,1,0.98432726
INC0002675,4,6,1,0.9897182
INC0002675,5,6,1,0.9917996
INC0002675,6,6,1,0.99197656
INC0002696,1,1,1,0.6952056
INC0002717,1,6,1,0.70731324
INC0002717,2,6,1,0.573899
INC0002717,3,6,1,0.5606092
INC0002717,4,6,1,0.74829745
INC0002717,5,6,1,0.94014287
INC0002717,6,6,1,0.9842721
INC0002743,1,6,1,0.7364882
INC0002743,2,6,1,0.7489025
INC0002743,3,6,1,0.81495595
INC0002743,4,6,1,0.99369264
INC0002743,5,6,1,0.99276274
INC0002743,6,6,1,0.9923718
INC0002749,1,5,1,0.86848533
INC0002749,2,5,1,0.8687431
INC0002749,3,5,1,0.99772793
INC0002749,4,5,1,0.99642366
INC0002749,5,5,1,0.996615
INC0002753,1,6,1,0.7641993
INC0002753,2,6,1,0.80133677
INC0002753,3,6,1,0.86251813
INC0002753,4,6,1,0.99945873
INC0002753,5,6,1,0.9959098
INC0002753,6,6,1,0.9953407
INC0002760,1,8,1,0.7704559
INC0002760,2,8,1,0.93427485
INC0002760,3,8,1,0.92903745
INC0002760,4,8,1,0.92709506
INC0002760,5,8,1,0.976919
INC0002760,6,8,1,0.98688996
INC0002760,7,8,1,0.98403335
INC0002760,8,8,1,0.99284416
INC0002772,1,2,0,0.36146238
INC0002772,2,2,0,0.3144626
INC0002789,1,3,1,0.96711135
INC0002789,2,3,1,0.9573454
INC0002789,3,3,1,0.99007964
INC0002794,1,14,1,0.83233994
INC0002794,2,14,1,0.80343515
INC0002794,3,14,1,0.77987266
INC0002794,4,14,1,0.777512
INC0002794,5,14,1,0.8641681
INC0002794,6,14,1,0.8772018
INC0002794,7,14,1,0.99916804
INC0002794,8,14,1,0.9991365
INC0002810,1,10,0,0.1275479
INC0002810,2,10,0,0.116898485
INC0002810,3,10,0,0.25384742
INC0002810,4,10,0,0.2762909
INC0002810,5,10,0,0.24652985
INC0002810,6,10,0,0.20435125
INC0002810,7,10,0,0.22071517
INC0002810,8,10,0,0.20673087
INC0002825,1,2,1,0.7376734
INC0002825,2,2,1,0.98477954
INC0002842,1,3,0,0.78123486
INC0002842,2,3,0,0.7616176
INC0002842,3,3,0,0.7607936
INC0002851,1,6,1,0.81901807
INC0002851,2,6,1,0.8130742
INC0002851,3,6,1,0.85372025
INC0002851,4,6,1,0.9976192
INC0002851,5,6,1,0.99776447
INC0002851,6,6,1,0.9982079
INC0002870,1,1,0,0.7555172
INC0002871,1,1,0,0.74848574
INC0002890,1,3,1,0.9924541
INC0002890,2,3,1,0.9913011
INC0002890,3,3,1,0.991054
INC0002940,1,2,1,0.91530466
INC0002940,2,2,1,0.9296075
INC0002964,1,6,1,0.9500913
INC0002964,2,6,1,0.93954927
INC0002964,3,6,1,0.9436324
INC0002964,4,6,1,0.9433153
INC0002964,5,6,1,0.9335199
INC0002964,6,6,1,0.93188614
INC0002971,1,6,1,0.9308089
INC0002971,2,6,1,0.9061238
INC0002971,3,6,1,0.8747295
INC0002971,4,6,1,0.98822814
INC0002971,5,6,1,0.9884417
INC0002971,6,6,1,0.9874501
INC0002976,1,2,1,0.9603583
INC0002976,2,2,1,0.9532755
INC0003018,1,3,1,0.92936164
INC0003018,2,3,1,0.91757816
INC0003018,3,3,1,0.9784703
INC0003020,1,7,1,0.938457
INC0003020,2,7,1,0.9154408
INC0003020,3,7,1,0.9756891
INC0003020,4,7,1,0.97689885
INC0003020,5,7,1,0.9951325
INC0003020,6,7,1,0.9971378
INC0003020,7,7,1,0.99724007
INC0003027,1,8,1,0.8842249
INC0003027,2,8,1,0.8760691
INC0003027,3,8,1,0.98215425
INC0003027,4,8,1,0.98472935
INC0003027,5,8,1,0.9930194
INC0003027,6,8,1,0.99327254
INC0003027,7,8,1,0.9958467
INC0003027,8,8,1,0.9986412
INC0003046,1,1,1,0.87188095
INC0003052,1,1,0,0.100848585
INC0003065,1,13,1,0.9344798
INC0003065,2,13,1,0.9913965
INC0003065,3,13,1,0.9882929
INC0003065,4,13,1,0.99309605
INC0003065,5,13,1,0.9935336
INC0003065,6,13,1,0.99380094
INC0003065,7,13,1,0.9932721
INC0003065,8,13,1,0.9925747
INC0003066,1,8,1,0.92982936
INC0003066,2,8,1,0.97620416
INC0003066,3,8,1,0.9812944
INC0003066,4,8,1,0.9986777
INC0003066,5,8,1,0.9990097
INC0003066,6,8,1,0.9989549
INC0003066,7,8,1,0.999009
INC0003066,8,8,1,0.99856937
INC0003075,1,5,1,0.94277674
INC0003075,2,5,1,0.93933016
INC0003075,3,5,1,0.99167645
INC0003075,4,5,1,0.9885789
INC0003075,5,5,1,0.99413186
INC0003076,1,4,1,0.94848347
INC0003076,2,4,1,0.928767
INC0003076,3,4,1,0.9925891
INC0003076,4,4,1,0.99359554
INC0003077,1,2,1,0.93921435
INC0003077,2,2,1,0.9767578
INC0003088,1,1,1,0.93673205
INC0003100,1,12,1,0.93203485
INC0003100,2,12,1,0.9931224
INC0003100,3,12,1,0.99080855
INC0003100,4,12,1,0.98782665
INC0003100,5,12,1,0.992331
INC0003100,6,12,1,0.99366534
INC0003100,7,12,1,0.99910814
INC0003100,8,12,1,0.99907255
INC0003101,1,7,1,0.9152012
INC0003101,2,7,1,0.9050624
INC0003101,3,7,1,0.98233044
INC0003101,4,7,1,0.98004556
INC0003101,5,7,1,0.9808194
INC0003101,6,7,1,0.9846541
INC0003101,7,7,1,0.9812237
INC0003105,1,2,1,0.85389996
INC0003105,2,2,1,0.9912498
INC0003106,1,3,1,0.9151072
INC0003106,2,3,1,0.97032946
INC0003106,3,3,1,0.96631837
INC0003110,1,5,1,0.9229493
INC0003110,2,5,1,0.9600544
INC0003110,3,5,1,0.95667034
INC0003110,4,5,1,0.9556005
INC0003110,5,5,1,0.98617107
INC0003111,1,4,1,0.9546031
INC0003111,2,4,1,0.9542077
INC0003111,3,4,1,0.9525194
INC0003111,4,4,1,0.991071
INC0003137,1,7,1,0.9336702
INC0003137,2,7,1,0.9739831
INC0003137,3,7,1,0.9768138
INC0003137,4,7,1,0.9984884
INC0003137,5,7,1,0.9985555
INC0003137,6,7,1,0.998505
INC0003137,7,7,1,0.99852836
INC0003140,1,22,1,0.9000313
INC0003140,2,22,1,0.9828399
INC0003140,3,22,1,0.9786234
INC0003140,4,22,1,0.9774914
INC0003140,5,22,1,0.9894281
INC0003140,6,22,1,0.9779156
INC0003140,7,22,1,0.9940937
INC0003140,8,22,1,0.997129
INC0003141,1,7,1,0.9390845
INC0003141,2,7,1,0.98622173
INC0003141,3,7,1,0.98425853
INC0003141,4,7,1,0.9918784
INC0003141,5,7,1,0.9913623
INC0003141,6,7,1,0.98890907
INC0003141,7,7,1,0.985629
INC0003167,1,1,1,0.96789896
INC0003179,1,10,1,0.947596
INC0003179,2,10,1,0.9904122
INC0003179,3,10,1,0.9869012
INC0003179,4,10,1,0.98451275
INC0003179,5,10,1,0.98646975
INC0003179,6,10,1,0.9931271
INC0003179,7,10,1,0.9937264
INC0003179,8,10,1,0.99882203
INC0003187,1,2,1,0.8602661
INC0003187,2,2,1,0.98109114
INC0003192,1,5,1,0.9253802
INC0003192,2,5,1,0.9135272
INC0003192,3,5,1,0.9494994
INC0003192,4,5,1,0.95972973
INC0003192,5,5,1,0.99747
INC0003199,1,3,1,0.9352391
INC0003199,2,3,1,0.96576405
INC0003199,3,3,1,0.9655902
INC0003247,1,2,1,0.93629503
INC0003247,2,2,1,0.9750293
INC0003314,1,3,1,0.9926488
INC0003314,2,3,1,0.995033
INC0003314,3,3,1,0.9940064
INC0003345,1,3,1,0.99516886
INC0003345,2,3,1,0.9984034
INC0003345,3,3,1,0.9984409
INC0003359,1,7,1,0.9831718
INC0003359,2,7,1,0.9801441
INC0003359,3,7,1,0.9919193
INC0003359,4,7,1,0.99842644
INC0003359,5,7,1,0.99861324
INC0003359,6,7,1,0.999137
INC0003359,7,7,1,0.99901927
INC0003360,1,5,1,0.9878611
INC0003360,2,5,1,0.9844009
INC0003360,3,5,1,0.9865492
INC0003360,4,5,1,0.9873388
INC0003360,5,5,1,0.9754735
INC0003378,1,2,1,0.985606
INC0003378,2,2,1,0.98057896
INC0003389,1,2,1,0.99110657
INC0003389,2,2,1,0.9969572
INC0003406,1,4,1,0.973776
INC0003406,2,4,1,0.9981534
INC0003406,3,4,1,0.9992951
INC0003406,4,4,1,0.9984515
INC0003410,1,4,1,0.8615969
INC0003410,2,4,1,0.94086105
INC0003410,3,4,1,0.96306765
INC0003410,4,4,1,0.99672997
INC0003417,1,2,1,0.9909458
INC0003417,2,2,1,0.99889416
INC0003420,1,4,1,0.99067944
INC0003420,2,4,1,0.9969572
INC0003420,3,4,1,0.99884015
INC0003420,4,4,1,0.99858594
INC0003445,1,1,1,0.9922174
INC0003448,1,2,1,0.9924269
INC0003448,2,2,1,0.9876364
INC0003453,1,8,1,0.9888735
INC0003453,2,8,1,0.99083143
INC0003453,3,8,1,0.99102193
INC0003453,4,8,1,0.9962443
INC0003453,5,8,1,0.9983821
INC0003453,6,8,1,0.9985251
INC0003453,7,8,1,0.9987515
INC0003453,8,8,1,0.99849916
INC0003479,1,6,1,0.9911379
INC0003479,2,6,1,0.989176
INC0003479,3,6,1,0.99168324
INC0003479,4,6,1,0.9920557
INC0003479,5,6,1,0.99672675
INC0003479,6,6,1,0.9979412
INC0003498,1,5,1,0.9916072
INC0003498,2,5,1,0.992281
INC0003498,3,5,1,0.99228853
INC0003498,4,5,1,0.99875355
INC0003498,5,5,1,0.998754
INC0003502,1,8,1,0.9902615
INC0003502,2,8,1,0.9914452
INC0003502,3,8,1,0.9916822
INC0003502,4,8,1,0.9955825
INC0003502,5,8,1,0.9967933
INC0003502,6,8,1,0.999015
INC0003502,7,8,1,0.999236
INC0003502,8,8,1,0.9987949
INC0003516,1,10,1,0.9894839
INC0003516,2,10,1,0.990031
INC0003516,3,10,1,0.991115
INC0003516,4,10,1,0.9944682
INC0003516,5,10,1,0.9933176
INC0003516,6,10,1,0.98979914
INC0003516,7,10,1,0.9908394
INC0003516,8,10,1,0.97925997
INC0003517,1,3,1,0.9903799
INC0003517,2,3,1,0.9857545
INC0003517,3,3,1,0.9813887
INC0003521,1,2,1,0.99763334
INC0003521,2,2,1,0.9989643
INC0003526,1,6,1,0.9973985
INC0003526,2,6,1,0.9975672
INC0003526,3,6,1,0.9965636
INC0003526,4,6,1,0.99698645
INC0003526,5,6,1,0.99804413
INC0003526,6,6,1,0.9978156
INC0003537,1,7,1,0.99407023
INC0003537,2,7,1,0.9864347
INC0003537,3,7,1,0.98624575
INC0003537,4,7,1,0.9937698
INC0003537,5,7,1,0.9932799
INC0003537,6,7,1,0.9941854
INC0003537,7,7,1,0.9996265
INC0003547,1,3,1,0.99795145
INC0003547,2,3,1,0.99871457
INC0003547,3,3,1,0.9978276
INC0003567,1,6,1,0.9944845
INC0003567,2,6,1,0.99405044
INC0003567,3,6,1,0.99824655
INC0003567,4,6,1,0.9986737
INC0003567,5,6,1,0.99794847
INC0003567,6,6,1,0.99855286
INC0003613,1,3,1,0.997233
INC0003613,2,3,1,0.9987062
INC0003613,3,3,1,0.9975056
INC0003620,1,6,1,0.9874801
INC0003620,2,6,1,0.985233
INC0003620,3,6,1,0.98316205
INC0003620,4,6,1,0.9830846
INC0003620,5,6,1,0.97822064
INC0003620,6,6,1,0.97730255
INC0003634,1,4,1,0.98226005
INC0003634,2,4,1,0.97909844
INC0003634,3,4,1,0.9488717
INC0003634,4,4,1,0.9417311
INC0003638,1,3,1,0.9868952
INC0003638,2,3,1,0.9815781
INC0003638,3,3,1,0.9843934
INC0003655,1,2,1,0.984145
INC0003655,2,2,1,0.97549963
INC0003658,1,23,1,0.9920632
INC0003658,2,23,1,0.9885837
INC0003658,3,23,1,0.9904316
INC0003658,4,23,1,0.9825081
INC0003658,5,23,1,0.98067
INC0003658,6,23,1,0.99077505
INC0003658,7,23,1,0.9944935
INC0003658,8,23,1,0.99360496
INC0003666,1,10,1,0.9894057
INC0003666,2,10,1,0.9815258
INC0003666,3,10,1,0.99602
INC0003666,4,10,1,0.998459
INC0003666,5,10,1,0.9986683
INC0003666,6,10,1,0.9988556
INC0003666,7,10,1,0.9989237
INC0003666,8,10,1,0.9983851
INC0003668,1,4,1,0.9936666
INC0003668,2,4,1,0.99308467
INC0003668,3,4,1,0.9928645
INC0003668,4,4,1,0.99375254
INC0003670,1,9,1,0.98787093
INC0003670,2,9,1,0.9877295
INC0003670,3,9,1,0.9900821
INC0003670,4,9,1,0.99733245
INC0003670,5,9,1,0.99751365
INC0003670,6,9,1,0.99757975
INC0003670,7,9,1,0.9974884
INC0003670,8,9,1,0.99852604
INC0003673,1,12,1,0.9883708
INC0003673,2,12,1,0.97998464
INC0003673,3,12,1,0.9895992
INC0003673,4,12,1,0.9920202
INC0003673,5,12,1,0.9961145
INC0003673,6,12,1,0.9969619
INC0003673,7,12,1,0.9982268
INC0003673,8,12,1,0.9985643
INC0003689,1,2,1,0.9805111
INC0003689,2,2,1,0.98174894
INC0003693,1,5,1,0.99242944
INC0003693,2,5,1,0.98536646
INC0003693,3,5,1,0.9851597
INC0003693,4,5,1,0.9930092
INC0003693,5,5,1,0.9931238
INC0003694,1,3,1,0.99340147
INC0003694,2,3,1,0.9930575
INC0003694,3,3,1,0.9931618
INC0003703,1,11,1,0.9801035
INC0003703,2,11,1,0.9861773
INC0003703,3,11,1,0.98590565
INC0003703,4,11,1,0.9853513
INC0003703,5,11,1,0.9883321
INC0003703,6,11,1,0.9891991
INC0003703,7,11,1,0.99234843
INC0003703,8,11,1,0.99504745
INC0003709,1,2,1,0.987928
INC0003709,2,2,1,0.9904011
INC0003721,1,6,1,0.99307406
INC0003721,2,6,1,0.9940427
INC0003721,3,6,1,0.99312055
INC0003721,4,6,1,0.9924015
INC0003721,5,6,1,0.9941625
INC0003721,6,6,1,0.99902713
INC0003735,1,17,1,0.99110514
INC0003735,2,17,1,0.99013937
INC0003735,3,17,1,0.98998475
INC0003735,4,17,1,0.9832903
INC0003735,5,17,1,0.9846053
INC0003735,6,17,1,0.9959496
INC0003735,7,17,1,0.9964844
INC0003735,8,17,1,0.9971629
INC0003751,1,2,1,0.9970709
INC0003751,2,2,1,0.99818593
INC0003765,1,1,1,0.98873454
INC0003812,1,7,1,0.9910431
INC0003812,2,7,1,0.98401177
INC0003812,3,7,1,0.98236173
INC0003812,4,7,1,0.9870581
INC0003812,5,7,1,0.9845499
INC0003812,6,7,1,0.99839133
INC0003812,7,7,1,0.9984749
INC0003813,1,5,1,0.99209
INC0003813,2,5,1,0.992301
INC0003813,3,5,1,0.991376
INC0003813,4,5,1,0.9995136
INC0003813,5,5,1,0.99946696
INC0003836,1,4,1,0.9927181
INC0003836,2,4,1,0.9920846
INC0003836,3,4,1,0.99397063
INC0003836,4,4,1,0.99255943
INC0003842,1,5,1,0.99462056
INC0003842,2,5,1,0.9951155
INC0003842,3,5,1,0.99506915
INC0003842,4,5,1,0.9927343
INC0003842,5,5,1,0.99813133
INC0003848,1,1,1,0.9942331
INC0003873,1,5,1,0.9915998
INC0003873,2,5,1,0.99017674
INC0003873,3,5,1,0.9896471
INC0003873,4,5,1,0.9904551
INC0003873,5,5,1,0.9895008
INC0003893,1,12,1,0.98653966
INC0003893,2,12,1,0.99024427
INC0003893,3,12,1,0.99063206
INC0003893,4,12,1,0.9994037
INC0003893,5,12,1,0.9990177
INC0003893,6,12,1,0.9981085
INC0003893,7,12,1,0.9983512
INC0003893,8,12,1,0.998936
INC0003935,1,7,1,0.9890843
INC0003935,2,7,1,0.98982024
INC0003935,3,7,1,0.99165124
INC0003935,4,7,1,0.9932842
INC0003935,5,7,1,0.99364567
INC0003935,6,7,1,0.9986285
INC0003935,7,7,1,0.9987735
INC0003946,1,7,1,0.7854034
INC0003946,2,7,1,0.7845862
INC0003946,3,7,1,0.75779295
INC0003946,4,7,1,0.71845037
INC0003946,5,7,1,0.68840384
INC0003946,6,7,1,0.8226603
INC0003946,7,7,1,0.9992387
INC0003947,1,7,1,0.9888199
INC0003947,2,7,1,0.98621273
INC0003947,3,7,1,0.9897968
INC0003947,4,7,1,0.9911576
INC0003947,5,7,1,0.9995727
INC0003947,6,7,1,0.99956673
INC0003947,7,7,1,0.99956924
INC0003951,1,3,1,0.98974305
INC0003951,2,3,1,0.990811
INC0003951,3,3,1,0.99132854
INC0003960,1,2,1,0.9954081
INC0003960,2,2,1,0.9975539
INC0003965,1,6,0,0.9915292
INC0003965,2,6,0,0.98947024
INC0003965,3,6,0,0.989361
INC0003965,4,6,0,0.99160224
INC0003965,5,6,0,0.9932199
INC0003965,6,6,0,0.9928987
INC0003981,1,3,1,0.98691094
INC0003981,2,3,1,0.9861411
INC0003981,3,3,1,0.97970665
INC0003986,1,16,1,0.98751813
INC0003986,2,16,1,0.99011165
INC0003986,3,16,1,0.9901177
INC0003986,4,16,1,0.9986002
INC0003986,5,16,1,0.9990607
INC0003986,6,16,1,0.99910694
INC0003986,7,16,1,0.99917054
INC0003986,8,16,1,0.9989328
INC0003993,1,7,1,0.98688066
INC0003993,2,7,1,0.9916881
INC0003993,3,7,1,0.9917066
INC0003993,4,7,1,0.9945117
INC0003993,5,7,1,0.9963217
INC0003993,6,7,1,0.99510753
INC0003993,7,7,1,0.99639434
INC0004006,1,2,1,0.9872558
INC0004006,2,2,1,0.98298126
INC0004011,1,8,1,0.97482276
INC0004011,2,8,1,0.9888592
INC0004011,3,8,1,0.9907302
INC0004011,4,8,1,0.9923219
INC0004011,5,8,1,0.9939458
INC0004011,6,8,1,0.99902725
INC0004011,7,8,1,0.9989723
INC0004011,8,8,1,0.9989644
INC0004015,1,8,1,0.98534006
INC0004015,2,8,1,0.9840996
INC0004015,3,8,1,0.9889816
INC0004015,4,8,1,0.98955333
INC0004015,5,8,1,0.9900523
INC0004015,6,8,1,0.9927597
INC0004015,7,8,1,0.99011666
INC0004015,8,8,1,0.99866045
INC0004027,1,8,1,0.98889995
INC0004027,2,8,1,0.9915753
INC0004027,3,8,1,0.991532
INC0004027,4,8,1,0.9943364
INC0004027,5,8,1,0.99816614
INC0004027,6,8,1,0.99805933
INC0004027,7,8,1,0.9983582
INC0004027,8,8,1,0.99790275
INC0004062,1,3,1,0.97176594
INC0004062,2,3,1,0.98758477
INC0004062,3,3,1,0.98668474
INC0004082,1,4,1,0.9871389
INC0004082,2,4,1,0.99042094
INC0004082,3,4,1,0.9903138
INC0004082,4,4,1,0.9922063
INC0004089,1,7,1,0.9897226
INC0004089,2,7,1,0.9875853
INC0004089,3,7,1,0.9806066
INC0004089,4,7,1,0.9763243
INC0004089,5,7,1,0.98985785
INC0004089,6,7,1,0.9897065
INC0004089,7,7,1,0.98852265
INC0004097,1,8,1,0.968939
INC0004097,2,8,1,0.9878055
INC0004097,3,8,1,0.98864347
INC0004097,4,8,1,0.9904517
INC0004097,5,8,1,0.98186296
INC0004097,6,8,1,0.9918766
INC0004097,7,8,1,0.99336714
INC0004097,8,8,1,0.99895203
INC0004110,1,4,1,0.99316376
INC0004110,2,4,1,0.99359304
INC0004110,3,4,1,0.9956299
INC0004110,4,4,1,0.9956768
INC0004139,1,3,1,0.98472655
INC0004139,2,3,1,0.9912888
INC0004139,3,3,1,0.9915314
INC0004146,1,3,1,0.9914004
INC0004146,2,3,1,0.99966025
INC0004146,3,3,1,0.9996253
INC0004148,1,2,1,0.98152506
INC0004148,2,2,1,0.9972893
INC0004156,1,8,1,0.98481584
INC0004156,2,8,1,0.9900198
INC0004156,3,8,1,0.99099934
INC0004156,4,8,1,0.98961383
INC0004156,5,8,1,0.9886468
INC0004156,6,8,1,0.9896227
INC0004156,7,8,1,0.99045897
INC0004156,8,8,1,0.9988732
INC0004164,1,7,1,0.9815089
INC0004164,2,7,1,0.98181343
INC0004164,3,7,1,0.9826371
INC0004164,4,7,1,0.99259174
INC0004164,5,7,1,0.9924913
INC0004164,6,7,1,0.99367493
INC0004164,7,7,1,0.9974535
INC0004167,1,7,1,0.9672601
INC0004167,2,7,1,0.9871832
INC0004167,3,7,1,0.9884849
INC0004167,4,7,1,0.98148006
INC0004167,5,7,1,0.98238647
INC0004167,6,7,1,0.99584574
INC0004167,7,7,1,0.9946695
INC0004172,1,6,1,0.9915258
INC0004172,2,6,1,0.994466
INC0004172,3,6,1,0.9948716
INC0004172,4,6,1,0.9978072
INC0004172,5,6,1,0.99791986
INC0004172,6,6,1,0.9991142
INC0004176,1,3,1,0.9845354
INC0004176,2,3,1,0.9621726
INC0004176,3,3,1,0.9587602
INC0004196,1,1,1,0.9859784
INC0004202,1,6,1,0.9932857
INC0004202,2,6,1,0.99077797
INC0004202,3,6,1,0.99020797
INC0004202,4,6,1,0.9922064
INC0004202,5,6,1,0.99106675
INC0004202,6,6,1,0.9909638
INC0004213,1,9,1,0.982417
INC0004213,2,9,1,0.97845584
INC0004213,3,9,1,0.9825152
INC0004213,4,9,1,0.979448
INC0004213,5,9,1,0.98144364
INC0004213,6,9,1,0.9805989
INC0004213,7,9,1,0.985817
INC0004213,8,9,1,0.9865876
INC0004215,1,6,1,0.9850582
INC0004215,2,6,1,0.99083954
INC0004215,3,6,1,0.98915064
INC0004215,4,6,1,0.9961158
INC0004215,5,6,1,0.9966197
INC0004215,6,6,1,0.9989355
INC0004235,1,1,1,0.98576164
INC0004243,1,5,1,0.9897759
INC0004243,2,5,1,0.9856226
INC0004243,3,5,1,0.9906695
INC0004243,4,5,1,0.98711675
INC0004243,5,5,1,0.98589754
INC0004259,1,3,1,0.9869343
INC0004259,2,3,1,0.9853495
INC0004259,3,3,1,0.9898363
INC0004271,1,2,1,0.98144174
INC0004271,2,2,1,0.9781521
INC0004295,1,16,1,0.9924355
INC0004295,2,16,1,0.99080265
INC0004295,3,16,1,0.99417627
INC0004295,4,16,1,0.99509853
INC0004295,5,16,1,0.9986583
INC0004295,6,16,1,0.9990876
INC0004295,7,16,1,0.9987319
INC0004295,8,16,1,0.9986916
INC0004317,1,7,1,0.9917135
INC0004317,2,7,1,0.989121
INC0004317,3,7,1,0.9909457
INC0004317,4,7,1,0.9921848
INC0004317,5,7,1,0.99711657
INC0004317,6,7,1,0.99920005
INC0004317,7,7,1,0.99848014
INC0004337,1,2,1,0.980949
INC0004337,2,2,1,0.98264194
INC0004341,1,9,1,0.9906059
INC0004341,2,9,1,0.99185795
INC0004341,3,9,1,0.99246114
INC0004341,4,9,1,0.99249226
INC0004341,5,9,1,0.99197584
INC0004341,6,9,1,0.9920547
INC0004341,7,9,1,0.9932962
INC0004341,8,9,1,0.9989415
INC0004347,1,2,1,0.9894428
INC0004347,2,2,1,0.9957306
INC0004368,1,8,1,0.9954448
INC0004368,2,8,1,0.9932963
INC0004368,3,8,1,0.99968255
INC0004368,4,8,1,0.9990884
INC0004368,5,8,1,0.9990429
INC0004368,6,8,1,0.9984522
INC0004368,7,8,1,0.9991648
INC0004368,8,8,1,0.99878544
INC0004421,1,7,1,0.98689485
INC0004421,2,7,1,0.9868313
INC0004421,3,7,1,0.989284
INC0004421,4,7,1,0.9900558
INC0004421,5,7,1,0.98724294
INC0004421,6,7,1,0.98585796
INC0004421,7,7,1,0.99245787
INC0004433,1,4,1,0.9862518
INC0004433,2,4,1,0.9830495
INC0004433,3,4,1,0.98555726
INC0004433,4,4,1,0.9817016
INC0004444,1,11,1,0.988704
INC0004444,2,11,1,0.9898768
INC0004444,3,11,1,0.9916072
INC0004444,4,11,1,0.9909279
INC0004444,5,11,1,0.9909995
INC0004444,6,11,1,0.99357796
INC0004444,7,11,1,0.9932706
INC0004444,8,11,1,0.99745744
INC0004448,1,2,1,0.98630816
INC0004448,2,2,1,0.984513
INC0004469,1,9,1,0.9892615
INC0004469,2,9,1,0.99003965
INC0004469,3,9,1,0.9919304
INC0004469,4,9,1,0.9940117
INC0004469,5,9,1,0.9927181
INC0004469,6,9,1,0.9958068
INC0004469,7,9,1,0.99625057
INC0004469,8,9,1,0.99891305
INC0004474,1,9,1,0.9955914
INC0004474,2,9,1,0.9945767
INC0004474,3,9,1,0.9943505
INC0004474,4,9,1,0.9951533
INC0004474,5,9,1,0.9962198
INC0004474,6,9,1,0.9956779
INC0004474,7,9,1,0.99614465
INC0004474,8,9,1,0.99698085
INC0004483,1,3,1,0.99530786
INC0004483,2,3,1,0.9956482
INC0004483,3,3,1,0.9954033
INC0004487,1,4,1,0.9928629
INC0004487,2,4,1,0.99068016
INC0004487,3,4,1,0.9890225
INC0004487,4,4,1,0.9881053
INC0004500,1,2,1,0.99013233
INC0004500,2,2,1,0.9925897
INC0004507,1,14,1,0.99150133
INC0004507,2,14,1,0.99329984
INC0004507,3,14,1,0.9925718
INC0004507,4,14,1,0.995389
INC0004507,5,14,1,0.9946708
INC0004507,6,14,1,0.99249434
INC0004507,7,14,1,0.99449414
INC0004507,8,14,1,0.9954105
INC0004508,1,3,1,0.995047
INC0004508,2,3,1,0.99456775
INC0004508,3,3,1,0.99619555
INC0004588,1,6,1,0.98826665
INC0004588,2,6,1,0.99497706
INC0004588,3,6,1,0.9945979
INC0004588,4,6,1,0.9956873
INC0004588,5,6,1,0.99629575
INC0004588,6,6,1,0.99903536
INC0004601,1,4,1,0.98453057
INC0004601,2,4,1,0.9950158
INC0004601,3,4,1,0.99550456
INC0004601,4,4,1,0.99627316
INC0004603,1,1,0,0.06089653
INC0004617,1,7,1,0.9803498
INC0004617,2,7,1,0.98000336
INC0004617,3,7,1,0.9794074
INC0004617,4,7,1,0.9629972
INC0004617,5,7,1,0.9750484
INC0004617,6,7,1,0.98429227
INC0004617,7,7,1,0.9850038
INC0004618,1,6,1,0.9891077
INC0004618,2,6,1,0.9951681
INC0004618,3,6,1,0.9966903
INC0004618,4,6,1,0.99711335
INC0004618,5,6,1,0.9988405
INC0004618,6,6,1,0.99856097
INC0004622,1,7,1,0.9870812
INC0004622,2,7,1,0.99409276
INC0004622,3,7,1,0.99334246
INC0004622,4,7,1,0.99642015
INC0004622,5,7,1,0.9964592
INC0004622,6,7,1,0.998431
INC0004622,7,7,1,0.9988423
INC0004645,1,5,1,0.98877454
INC0004645,2,5,1,0.98644036
INC0004645,3,5,1,0.9863051
INC0004645,4,5,1,0.99336493
INC0004645,5,5,1,0.99074113
INC0004667,1,5,1,0.9923568
INC0004667,2,5,1,0.9987232
INC0004667,3,5,1,0.9989083
INC0004667,4,5,1,0.9985501
INC0004667,5,5,1,0.9987148
INC0004690,1,2,1,0.99236894
INC0004690,2,2,1,0.99624443
INC0004708,1,6,1,0.9894293
INC0004708,2,6,1,0.99335396
INC0004708,3,6,1,0.99698144
INC0004708,4,6,1,0.99721634
INC0004708,5,6,1,0.99764246
INC0004708,6,6,1,0.9980223
INC0004739,1,10,1,0.98656243
INC0004739,2,10,1,0.99550194
INC0004739,3,10,1,0.9956879
INC0004739,4,10,1,0.9968401
INC0004739,5,10,1,0.99781775
INC0004739,6,10,1,0.9991714
INC0004739,7,10,1,0.99927825
INC0004739,8,10,1,0.99905545
INC0004751,1,5,1,0.9912554
INC0004751,2,5,1,0.9903936
INC0004751,3,5,1,0.9882053
INC0004751,4,5,1,0.98799175
INC0004751,5,5,1,0.9868553
INC0004752,1,2,1,0.9915405
INC0004752,2,2,1,0.9903548
INC0004768,1,4,1,0.9936085
INC0004768,2,4,1,0.99746835
INC0004768,3,4,1,0.99782276
INC0004768,4,4,1,0.99887234
INC0004838,1,4,1,0.9876216
INC0004838,2,4,1,0.985157
INC0004838,3,4,1,0.980772
INC0004838,4,4,1,0.9846073
INC0004844,1,2,1,0.99272364
INC0004844,2,2,1,0.9982027
INC0004846,1,7,1,0.9958246
INC0004846,2,7,1,0.9949091
INC0004846,3,7,1,0.99616146
INC0004846,4,7,1,0.9972276
INC0004846,5,7,1,0.9985689
INC0004846,6,7,1,0.99836904
INC0004846,7,7,1,0.9985605
INC0004857,1,2,1,0.9882643
INC0004857,2,2,1,0.9865904
INC0004860,1,3,1,0.99363387
INC0004860,2,3,1,0.9954644
INC0004860,3,3,1,0.9952748
INC0004862,1,4,1,0.9935638
INC0004862,2,4,1,0.99317133
INC0004862,3,4,1,0.9859724
INC0004862,4,4,1,0.98618615
INC0004873,1,9,1,0.9950795
INC0004873,2,9,1,0.9976101
INC0004873,3,9,1,0.99786216
INC0004873,4,9,1,0.9986455
INC0004873,5,9,1,0.9978515
INC0004873,6,9,1,0.99771655
INC0004873,7,9,1,0.9983437
INC0004873,8,9,1,0.99784625
INC0004882,1,6,1,0.99429816
INC0004882,2,6,1,0.99606895
INC0004882,3,6,1,0.9951172
INC0004882,4,6,1,0.9950788
INC0004882,5,6,1,0.99469393
INC0004882,6,6,1,0.9940625
INC0004886,1,4,1,0.9932816
INC0004886,2,4,1,0.9871474
INC0004886,3,4,1,0.9864153
INC0004886,4,4,1,0.9913148
INC0004940,1,14,1,0.9952171
INC0004940,2,14,1,0.99588805
INC0004940,3,14,1,0.9963152
INC0004940,4,14,1,0.99643695
INC0004940,5,14,1,0.99777645
INC0004940,6,14,1,0.9954269
INC0004940,7,14,1,0.9950825
INC0004940,8,14,1,0.9971042
INC0004952,1,3,1,0.9861988
INC0004952,2,3,1,0.9928019
INC0004952,3,3,1,0.99609214
INC0004955,1,1,1,0.9984516
INC0004956,1,13,1,0.9926575
INC0004956,2,13,1,0.9934947
INC0004956,3,13,1,0.9942636
INC0004956,4,13,1,0.99348855
INC0004956,5,13,1,0.99544924
INC0004956,6,13,1,0.994662
INC0004956,7,13,1,0.9938326
INC0004956,8,13,1,0.9934715
INC0004959,1,2,1,0.9985475
INC0004959,2,2,1,0.99900025
INC0004965,1,14,1,0.9948337
INC0004965,2,14,1,0.9976139
INC0004965,3,14,1,0.99763966
INC0004965,4,14,1,0.9973345
INC0004965,5,14,1,0.9974481
INC0004965,6,14,1,0.99747485
INC0004965,7,14,1,0.9979633
INC0004965,8,14,1,0.9979596
INC0004985,1,2,1,0.995291
INC0004985,2,2,1,0.997858
INC0004994,1,8,1,0.98838425
INC0004994,2,8,1,0.98879904
INC0004994,3,8,1,0.9947267
INC0004994,4,8,1,0.99669456
INC0004994,5,8,1,0.9933751
INC0004994,6,8,1,0.99578744
INC0004994,7,8,1,0.99528056
INC0004994,8,8,1,0.9870727
INC0005034,1,8,1,0.99263644
INC0005034,2,8,1,0.9923516
INC0005034,3,8,1,0.99098957
INC0005034,4,8,1,0.9949345
INC0005034,5,8,1,0.99385804
INC0005034,6,8,1,0.99723166
INC0005034,7,8,1,0.9985172
INC0005034,8,8,1,0.9985464
INC0005041,1,2,1,0.99762756
INC0005041,2,2,1,0.997494
INC0005044,1,5,1,0.99081427
INC0005044,2,5,1,0.9944417
INC0005044,3,5,1,0.9972759
INC0005044,4,5,1,0.99720144
INC0005044,5,5,1,0.9968311
INC0005057,1,9,1,0.99502856
INC0005057,2,9,1,0.9944048
INC0005057,3,9,1,0.99811685
INC0005057,4,9,1,0.9987349
INC0005057,5,9,1,0.9985238
INC0005057,6,9,1,0.99851996
INC0005057,7,9,1,0.9986563
INC0005057,8,9,1,0.99865735
INC0005074,1,14,1,0.9974589
INC0005074,2,14,1,0.99700874
INC0005074,3,14,1,0.99691904
INC0005074,4,14,1,0.99183524
INC0005074,5,14,1,0.9983335
INC0005074,6,14,1,0.99344504
INC0005074,7,14,1,0.9982697
INC0005074,8,14,1,0.9936381
INC0005082,1,3,0,0.9918928
INC0005082,2,3,0,0.99164385
INC0005082,3,3,0,0.9914466
INC0005088,1,6,1,0.99459547
INC0005088,2,6,1,0.99740183
INC0005088,3,6,1,0.99758375
INC0005088,4,6,1,0.99685645
INC0005088,5,6,1,0.99693215
INC0005088,6,6,1,0.9970175
INC0005098,1,7,1,0.99547523
INC0005098,2,7,1,0.99676657
INC0005098,3,7,1,0.996813
INC0005098,4,7,1,0.9971566
INC0005098,5,7,1,0.9966757
INC0005098,6,7,1,0.99823016
INC0005098,7,7,1,0.9977348
INC0005136,1,4,1,0.99325824
INC0005136,2,4,1,0.9987948
INC0005136,3,4,1,0.998747
INC0005136,4,4,1,0.9968528
INC0005150,1,11,1,0.9921165
INC0005150,2,11,1,0.9922829
INC0005150,3,11,1,0.99470806
INC0005150,4,11,1,0.99811065
INC0005150,5,11,1,0.9978004
INC0005150,6,11,1,0.99798596
INC0005150,7,11,1,0.9992041
INC0005150,8,11,1,0.9991924
INC0005181,1,4,1,0.9877951
INC0005181,2,4,1,0.9913113
INC0005181,3,4,1,0.9962212
INC0005181,4,4,1,0.99713504
INC0005192,1,3,1,0.99581957
INC0005192,2,3,1,0.9959227
INC0005192,3,3,1,0.9957898
INC0005203,1,7,1,0.99407035
INC0005203,2,7,1,0.996976
INC0005203,3,7,1,0.9823163
INC0005203,4,7,1,0.9967908
INC0005203,5,7,1,0.99611664
INC0005203,6,7,1,0.99536717
INC0005203,7,7,1,0.99720097
INC0005206,1,4,1,0.9904089
INC0005206,2,4,1,0.9918316
INC0005206,3,4,1,0.9977919
INC0005206,4,4,1,0.9985153
INC0005217,1,9,1,0.99456304
INC0005217,2,9,1,0.9934077
INC0005217,3,9,1,0.9930992
INC0005217,4,9,1,0.99492466
INC0005217,5,9,1,0.99586993
INC0005217,6,9,1,0.9903606
INC0005217,7,9,1,0.9856479
INC0005217,8,9,1,0.9963642
INC0005225,1,3,1,0.9943057
INC0005225,2,3,1,0.99739933
INC0005225,3,3,1,0.99675757
INC0005231,1,4,1,0.995999
INC0005231,2,4,1,0.99793327
INC0005231,3,4,1,0.9904522
INC0005231,4,4,1,0.9959859
INC0005254,1,7,1,0.99544865
INC0005254,2,7,1,0.99767774
INC0005254,3,7,1,0.9972582
INC0005254,4,7,1,0.99706
INC0005254,5,7,1,0.9983348
INC0005254,6,7,1,0.9985354
INC0005254,7,7,1,0.998201
INC0005260,1,2,1,0.9868103
INC0005260,2,2,1,0.99435776
INC0005271,1,7,1,0.9919654
INC0005271,2,7,1,0.98595595
INC0005271,3,7,1,0.99095696
INC0005271,4,7,1,0.9905432
INC0005271,5,7,1,0.99673367
INC0005271,6,7,1,0.9940772
INC0005271,7,7,1,0.99447256
INC0005282,1,2,1,0.9954391
INC0005282,2,2,1,0.9975999
INC0005298,1,1,1,0.99861526
INC0005313,1,4,1,0.9971488
INC0005313,2,4,1,0.9970952
INC0005313,3,4,1,0.998156
INC0005313,4,4,1,0.99267536
INC0005316,1,2,1,0.99745613
INC0005316,2,2,1,0.9957903
INC0005349,1,2,1,0.99695265
INC0005349,2,2,1,0.9937597
INC0005353,1,1,1,0.99387884
INC0005356,1,3,1,0.9967733
INC0005356,2,3,1,0.9963253
INC0005356,3,3,1,0.9954443
INC0005362,1,4,1,0.99696416
INC0005362,2,4,1,0.9977059
INC0005362,3,4,1,0.9983375
INC0005362,4,4,1,0.9975936
INC0005363,1,5,1,0.9968997
INC0005363,2,5,1,0.98983383
INC0005363,3,5,1,0.99798346
INC0005363,4,5,1,0.99874794
INC0005363,5,5,1,0.9990638
INC0005374,1,2,1,0.99686414
INC0005374,2,2,1,0.99595946
INC0005380,1,8,1,0.996084
INC0005380,2,8,1,0.99786
INC0005380,3,8,1,0.99819404
INC0005380,4,8,1,0.9978416
INC0005380,5,8,1,0.9981639
INC0005380,6,8,1,0.9986498
INC0005380,7,8,1,0.9979189
INC0005380,8,8,1,0.99774015
INC0005398,1,8,1,0.9937417
INC0005398,2,8,1,0.9960775
INC0005398,3,8,1,0.9968503
INC0005398,4,8,1,0.99670714
INC0005398,5,8,1,0.996876
INC0005398,6,8,1,0.99763906
INC0005398,7,8,1,0.9932975
INC0005398,8,8,1,0.9967265
INC0005421,1,12,1,0.9950074
INC0005421,2,12,1,0.9966518
INC0005421,3,12,1,0.99719703
INC0005421,4,12,1,0.9969331
INC0005421,5,12,1,0.99695045
INC0005421,6,12,1,0.9973248
INC0005421,7,12,1,0.9977081
INC0005421,8,12,1,0.9978643
INC0005438,1,2,1,0.9974421
INC0005438,2,2,1,0.99796355
INC0005447,1,9,1,0.99775153
INC0005447,2,9,1,0.99723756
INC0005447,3,9,1,0.99708647
INC0005447,4,9,1,0.99761766
INC0005447,5,9,1,0.99284583
INC0005447,6,9,1,0.99881077
INC0005447,7,9,1,0.998505
INC0005447,8,9,1,0.99831885
INC0005457,1,7,1,0.99819916
INC0005457,2,7,1,0.9983767
INC0005457,3,7,1,0.9981761
INC0005457,4,7,1,0.99801743
INC0005457,5,7,1,0.9927158
INC0005457,6,7,1,0.9984395
INC0005457,7,7,1,0.9986927
INC0005466,1,2,1,0.99717987
INC0005466,2,2,1,0.9988782
INC0005511,1,6,1,0.9968767
INC0005511,2,6,1,0.99659854
INC0005511,3,6,1,0.996406
INC0005511,4,6,1,0.9971238
INC0005511,5,6,1,0.9972307
INC0005511,6,6,1,0.9967961
INC0005525,1,5,1,0.99767464
INC0005525,2,5,1,0.99836844
INC0005525,3,5,1,0.9968045
INC0005525,4,5,1,0.9961628
INC0005525,5,5,1,0.9967014
INC0005558,1,8,1,0.99427974
INC0005558,2,8,1,0.99631786
INC0005558,3,8,1,0.9962494
INC0005558,4,8,1,0.9970415
INC0005558,5,8,1,0.99410206
INC0005558,6,8,1,0.99771535
INC0005558,7,8,1,0.9966299
INC0005558,8,8,1,0.99610907
INC0005580,1,2,1,0.9966434
INC0005580,2,2,1,0.9961234
INC0005602,1,6,1,0.9983198
INC0005602,2,6,1,0.9962469
INC0005602,3,6,1,0.991439
INC0005602,4,6,1,0.9420783
INC0005602,5,6,1,0.95885575
INC0005602,6,6,1,0.9767423
INC0005626,1,6,1,0.99716765
INC0005626,2,6,1,0.9962446
INC0005626,3,6,1,0.99389356
INC0005626,4,6,1,0.9785089
INC0005626,5,6,1,0.9951056
INC0005626,6,6,1,0.9951931
INC0005628,1,10,1,0.9918767
INC0005628,2,10,1,0.9945893
INC0005628,3,10,1,0.9952585
INC0005628,4,10,1,0.98550236
INC0005628,5,10,1,0.9806362
INC0005628,6,10,1,0.97769004
INC0005628,7,10,1,0.9863622
INC0005628,8,10,1,0.9888769
INC0005699,1,1,1,0.98649955
INC0005700,1,3,0,0.97734296
INC0005700,2,3,0,0.98780537
INC0005700,3,3,0,0.9869976
INC0005721,1,8,1,0.9816969
INC0005721,2,8,1,0.93551064
INC0005721,3,8,1,0.89295
INC0005721,4,8,1,0.9260187
INC0005721,5,8,1,0.74161756
INC0005721,6,8,1,0.8362046
INC0005721,7,8,1,0.83921766
INC0005721,8,8,1,0.83626837
INC0005746,1,7,1,0.98302597
INC0005746,2,7,1,0.9918425
INC0005746,3,7,1,0.9915986
INC0005746,4,7,1,0.9884582
INC0005746,5,7,1,0.9878806
INC0005746,6,7,1,0.9882174
INC0005746,7,7,1,0.99141043
INC0005762,1,9,1,0.97941166
INC0005762,2,9,1,0.99627507
INC0005762,3,9,1,0.9963265
INC0005762,4,9,1,0.970206
INC0005762,5,9,1,0.97125614
INC0005762,6,9,1,0.9643863
INC0005762,7,9,1,0.9915558
INC0005762,8,9,1,0.99251336
INC0005790,1,5,1,0.98930806
INC0005790,2,5,1,0.962803
INC0005790,3,5,1,0.34107536
INC0005790,4,5,1,0.8997301
INC0005790,5,5,1,0.9902895
INC0005802,1,8,1,0.98641557
INC0005802,2,8,1,0.98687345
INC0005802,3,8,1,0.9637388
INC0005802,4,8,1,0.53194135
INC0005802,5,8,1,0.3924023
INC0005802,6,8,1,0.38585854
INC0005802,7,8,1,0.98955405
INC0005802,8,8,1,0.9892161
INC0005809,1,3,1,0.9882287
INC0005809,2,3,1,0.9879617
INC0005809,3,3,1,0.9440665
INC0005812,1,12,1,0.9880155
INC0005812,2,12,1,0.5457934
INC0005812,3,12,1,0.9392577
INC0005812,4,12,1,0.8540267
INC0005812,5,12,1,0.9076085
INC0005812,6,12,1,0.90876025
INC0005812,7,12,1,0.9964908
INC0005812,8,12,1,0.99614763
INC0005836,1,4,1,0.9881698
INC0005836,2,4,1,0.9239711
INC0005836,3,4,1,0.95766544
INC0005836,4,4,1,0.8998224
INC0005864,1,4,1,0.9831701
INC0005864,2,4,1,0.96404856
INC0005864,3,4,1,0.91893476
INC0005864,4,4,1,0.9533778
INC0005873,1,8,1,0.98465675
INC0005873,2,8,1,0.9825289
INC0005873,3,8,1,0.982346
INC0005873,4,8,1,0.9805048
INC0005873,5,8,1,0.4718258
INC0005873,6,8,1,0.9961803
INC0005873,7,8,1,0.9918691
INC0005873,8,8,1,0.992132
INC0005884,1,4,1,0.97273976
INC0005884,2,4,1,0.99642015
INC0005884,3,4,1,0.96078247
INC0005884,4,4,1,0.9588309
INC0005894,1,4,1,0.9900754
INC0005894,2,4,1,0.9859972
INC0005894,3,4,1,0.9737241
INC0005894,4,4,1,0.9706204
INC0005918,1,10,1,0.9863468
INC0005918,2,10,1,0.96088153
INC0005918,3,10,1,0.8455323
INC0005918,4,10,1,0.8881636
INC0005918,5,10,1,0.9283492
INC0005918,6,10,1,0.9532449
INC0005918,7,10,1,0.9952106
INC0005918,8,10,1,0.9954312
INC0005926,1,2,1,0.9903927
INC0005926,2,2,1,0.99357927
INC0005943,1,10,1,0.98205423
INC0005943,2,10,1,0.9835765
INC0005943,3,10,1,0.9858261
INC0005943,4,10,1,0.7211682
INC0005943,5,10,1,0.7623783
INC0005943,6,10,1,0.7936065
INC0005943,7,10,1,0.87315965
INC0005943,8,10,1,0.85499173
INC0005958,1,3,1,0.97854644
INC0005958,2,3,1,0.9889339
INC0005958,3,3,1,0.9903216
INC0005972,1,7,0,0.022199728
INC0005972,2,7,0,0.020800076
INC0005972,3,7,0,0.032506913
INC0005972,4,7,0,0.030579174
INC0005972,5,7,0,0.028455324
INC0005972,6,7,0,0.027119875
INC0005972,7,7,0,0.042126905
INC0005999,1,5,1,0.99167705
INC0005999,2,5,1,0.99015594
INC0005999,3,5,1,0.99302
INC0005999,4,5,1,0.9834536
INC0005999,5,5,1,0.93721807
INC0006023,1,8,1,0.9913167
INC0006023,2,8,1,0.9587274
INC0006023,3,8,1,0.95601827
INC0006023,4,8,1,0.9940112
INC0006023,5,8,1,0.9939155
INC0006023,6,8,1,0.99382013
INC0006023,7,8,1,0.9911253
INC0006023,8,8,1,0.9926851
INC0006064,1,8,1,0.99121934
INC0006064,2,8,1,0.9890267
INC0006064,3,8,1,0.9876337
INC0006064,4,8,1,0.9900607
INC0006064,5,8,1,0.98928666
INC0006064,6,8,1,0.97171324
INC0006064,7,8,1,0.97690445
INC0006064,8,8,1,0.9137486
INC0006074,1,1,1,0.97695917
INC0006082,1,14,1,0.9903386
INC0006082,2,14,1,0.9741441
INC0006082,3,14,1,0.97389585
INC0006082,4,14,1,0.894175
INC0006082,5,14,1,0.93656075
INC0006082,6,14,1,0.9386944
INC0006082,7,14,1,0.96935666
INC0006082,8,14,1,0.96466345
INC0006093,1,3,1,0.99047697
INC0006093,2,3,1,0.9590691
INC0006093,3,3,1,0.96575505
INC0006100,1,2,1,0.9846675
INC0006100,2,2,1,0.99196625
INC0006117,1,2,1,0.97330564
INC0006117,2,2,1,0.83559805
INC0006125,1,7,1,0.9609753
INC0006125,2,7,1,0.95197237
INC0006125,3,7,1,0.9453215
INC0006125,4,7,1,0.9502662
INC0006125,5,7,1,0.27909735
INC0006125,6,7,1,0.87217075
INC0006125,7,7,1,0.98283166
INC0006136,1,8,1,0.9932348
INC0006136,2,8,1,0.9659611
INC0006136,3,8,1,0.89594704
INC0006136,4,8,1,0.92634684
INC0006136,5,8,1,0.9052078
INC0006136,6,8,1,0.9052459
INC0006136,7,8,1,0.9521125
INC0006136,8,8,1,0.98932225
INC0006139,1,3,1,0.96905667
INC0006139,2,3,1,0.9289143
INC0006139,3,3,1,0.9511406
INC0006140,1,7,1,0.96149397
INC0006140,2,7,1,0.95999336
INC0006140,3,7,1,0.95172244
INC0006140,4,7,1,0.9492941
INC0006140,5,7,1,0.6302834
INC0006140,6,7,1,0.87453467
INC0006140,7,7,1,0.9425071
INC0006141,1,3,1,0.9223783
INC0006141,2,3,1,0.9383994
INC0006141,3,3,1,0.9288358
INC0006155,1,1,1,0.9538693
INC0006172,1,12,1,0.97341645
INC0006172,2,12,1,0.9528864
INC0006172,3,12,1,0.95086324
INC0006172,4,12,1,0.957601
INC0006172,5,12,1,0.90403837
INC0006172,6,12,1,0.93370134
INC0006172,7,12,1,0.8079202
INC0006172,8,12,1,0.9918825
INC0006175,1,6,1,0.963088
INC0006175,2,6,1,0.964133
INC0006175,3,6,1,0.97260326
INC0006175,4,6,1,0.8330926
INC0006175,5,6,1,0.95135427
INC0006175,6,6,1,0.5829551
INC0006178,1,9,1,0.9567774
INC0006178,2,9,1,0.95363396
INC0006178,3,9,1,0.9546567
INC0006178,4,9,1,0.46875986
INC0006178,5,9,1,0.5161094
INC0006178,6,9,1,0.6616555
INC0006178,7,9,1,0.88677484
INC0006178,8,9,1,0.7780709
INC0006186,1,7,1,0.9498629
INC0006186,2,7,1,0.94099617
INC0006186,3,7,1,0.87493044
INC0006186,4,7,1,0.9543924
INC0006186,5,7,1,0.9437844
INC0006186,6,7,1,0.9327888
INC0006186,7,7,1,0.9297733
INC0006193,1,1,1,0.92708486
INC0006199,1,9,1,0.96566194
INC0006199,2,9,1,0.85827166
INC0006199,3,9,1,0.9575055
INC0006199,4,9,1,0.96618783
INC0006199,5,9,1,0.6912064
INC0006199,6,9,1,0.76647156
INC0006199,7,9,1,0.9372288
INC0006199,8,9,1,0.9944883
INC0006200,1,3,1,0.9654809
INC0006200,2,3,1,0.99394566
INC0006200,3,3,1,0.99329835
INC0006215,1,4,1,0.9617949
INC0006215,2,4,1,0.9389265
INC0006215,3,4,1,0.9483754
INC0006215,4,4,1,0.5616453
INC0006220,1,5,1,0.9633335
INC0006220,2,5,1,0.95897514
INC0006220,3,5,1,0.95114994
INC0006220,4,5,1,0.6167317
INC0006220,5,5,1,0.9908406
INC0006224,1,15,1,0.8574965
INC0006224,2,15,1,0.9594607
INC0006224,3,15,1,0.7336749
INC0006224,4,15,1,0.91500604
INC0006224,5,15,1,0.99268895
INC0006224,6,15,1,0.992728
INC0006224,7,15,1,0.992717
INC0006224,8,15,1,0.9924896
INC0006229,1,4,1,0.94660467
INC0006229,2,4,1,0.940938
INC0006229,3,4,1,0.8441051
INC0006229,4,4,1,0.8252316
INC0006245,1,1,1,0.64294916
INC0006257,1,4,1,0.7820049
INC0006257,2,4,1,0.8229303
INC0006257,3,4,1,0.8983618
INC0006257,4,4,1,0.9315521
INC0006273,1,1,1,0.4528947
INC0006281,1,6,1,0.7419301
INC0006281,2,6,1,0.8920732
INC0006281,3,6,1,0.9537257
INC0006281,4,6,1,0.9557849
INC0006281,5,6,1,0.9964288
INC0006281,6,6,1,0.9957391
INC0006295,1,4,1,0.600858
INC0006295,2,4,1,0.8425054
INC0006295,3,4,1,0.8402526
INC0006295,4,4,1,0.8530724
INC0006349,1,2,1,0.77194977
INC0006349,2,2,1,0.9162461
INC0006381,1,1,0,0.032754894
INC0006394,1,4,1,0.9771309
INC0006394,2,4,1,0.97309405
INC0006394,3,4,1,0.7621652
INC0006394,4,4,1,0.8117441
INC0006419,1,8,1,0.7453603
INC0006419,2,8,1,0.6618165
INC0006419,3,8,1,0.8581926
INC0006419,4,8,1,0.9150775
INC0006419,5,8,1,0.997514
INC0006419,6,8,1,0.997617
INC0006419,7,8,1,0.99780077
INC0006419,8,8,1,0.9978283
INC0006424,1,3,1,0.9811978
INC0006424,2,3,1,0.7881177
INC0006424,3,3,1,0.9520665
INC0006435,1,7,1,0.90503234
INC0006435,2,7,1,0.8618552
INC0006435,3,7,1,0.81745476
INC0006435,4,7,1,0.83762187
INC0006435,5,7,1,0.8139655
INC0006435,6,7,1,0.8486577
INC0006435,7,7,1,0.83658797
INC0006446,1,3,1,0.80440587
INC0006446,2,3,1,0.7753569
INC0006446,3,3,1,0.49778304
INC0006450,1,5,1,0.9585559
INC0006450,2,5,1,0.96246654
INC0006450,3,5,1,0.944777
INC0006450,4,5,1,0.9502684
INC0006450,5,5,1,0.94972473
INC0006455,1,3,1,0.86746967
INC0006455,2,3,1,0.8177728
INC0006455,3,3,1,0.1767651
INC0006467,1,3,1,0.97733784
INC0006467,2,3,1,0.970843
INC0006467,3,3,1,0.9066167
INC0006494,1,3,1,0.9767081
INC0006494,2,3,1,0.99082816
INC0006494,3,3,1,0.99825424
INC0006508,1,5,1,0.953221
INC0006508,2,5,1,0.97195387
INC0006508,3,5,1,0.9719145
INC0006508,4,5,1,0.9719345
INC0006508,5,5,1,0.9697361
INC0006509,1,4,1,0.9495974
INC0006509,2,4,1,0.991521
INC0006509,3,4,1,0.99822074
INC0006509,4,4,1,0.99848914
INC0006514,1,1,1,0.7483961
INC0006520,1,7,1,0.9788562
INC0006520,2,7,1,0.97387004
INC0006520,3,7,1,0.97285527
INC0006520,4,7,1,0.8169567
INC0006520,5,7,1,0.799107
INC0006520,6,7,1,0.7569948
INC0006520,7,7,1,0.7921892
INC0006532,1,4,1,0.8974081
INC0006532,2,4,1,0.8265749
INC0006532,3,4,1,0.6904475
INC0006532,4,4,1,0.7351134
INC0006549,1,1,1,0.89375144
INC0006550,1,6,1,0.978646
INC0006550,2,6,1,0.968697
INC0006550,3,6,1,0.94426316
INC0006550,4,6,1,0.8762715
INC0006550,5,6,1,0.8983572
INC0006550,6,6,1,0.91344476
INC0006555,1,3,1,0.9220804
INC0006555,2,3,1,0.8407849
INC0006555,3,3,1,0.8671611
INC0006562,1,6,1,0.6728946
INC0006562,2,6,1,0.8050105
INC0006562,3,6,1,0.54843146
INC0006562,4,6,1,0.8547757
INC0006562,5,6,1,0.9121539
INC0006562,6,6,1,0.8767923
INC0006566,1,4,1,0.97564983
INC0006566,2,4,1,0.8773976
INC0006566,3,4,1,0.98930246
INC0006566,4,4,1,0.99740356
INC0006569,1,2,1,0.87989986
INC0006569,2,2,1,0.33740914
INC0006580,1,2,0,0.06472774
INC0006580,2,2,0,0.044181187
INC0006583,1,1,1,0.90708345
INC0006584,1,6,1,0.88028747
INC0006584,2,6,1,0.6650403
INC0006584,3,6,1,0.8417133
INC0006584,4,6,1,0.8401279
INC0006584,5,6,1,0.83432484
INC0006584,6,6,1,0.82976985
INC0006585,1,9,1,0.89934665
INC0006585,2,9,1,0.84454423
INC0006585,3,9,1,0.8902957
INC0006585,4,9,1,0.9958295
INC0006585,5,9,1,0.99593025
INC0006585,6,9,1,0.9955141
INC0006585,7,9,1,0.9957838
INC0006585,8,9,1,0.99530715
INC0006588,1,4,1,0.7713098
INC0006588,2,4,1,0.8022386
INC0006588,3,4,1,0.3827005
INC0006588,4,4,1,0.4908879
INC0006603,1,2,1,0.73397326
INC0006603,2,2,1,0.29124922
INC0006609,1,5,1,0.8506939
INC0006609,2,5,1,0.5492553
INC0006609,3,5,1,0.6739927
INC0006609,4,5,1,0.70316786
INC0006609,5,5,1,0.8340555
INC0006622,1,4,1,0.902704
INC0006622,2,4,1,0.9874154
INC0006622,3,4,1,0.99751556
INC0006622,4,4,1,0.99776554
INC0006629,1,2,1,0.49547777
INC0006629,2,2,1,0.66507506
INC0006651,1,1,1,0.13234599
INC0006654,1,3,1,0.95698935
INC0006654,2,3,1,0.98728055
INC0006654,3,3,1,0.9889352
INC0006661,1,10,1,0.56642383
INC0006661,2,10,1,0.85046196
INC0006661,3,10,1,0.8377037
INC0006661,4,10,1,0.9967662
INC0006661,5,10,1,0.9970041
INC0006661,6,10,1,0.99737203
INC0006661,7,10,1,0.99775225
INC0006661,8,10,1,0.9972908
INC0006663,1,7,1,0.63145155
INC0006663,2,7,1,0.6095949
INC0006663,3,7,1,0.7460278
INC0006663,4,7,1,0.91263396
INC0006663,5,7,1,0.99758315
INC0006663,6,7,1,0.9976441
INC0006663,7,7,1,0.9975998
INC0006708,1,1,1,0.5064517
INC0006736,1,6,1,0.5372652
INC0006736,2,6,1,0.4651241
INC0006736,3,6,1,0.78436434
INC0006736,4,6,1,0.9420226
INC0006736,5,6,1,0.9610126
INC0006736,6,6,1,0.9929321
INC0006760,1,4,1,0.397743
INC0006760,2,4,1,0.38193664
INC0006760,3,4,1,0.9369891
INC0006760,4,4,1,0.99702066
INC0006767,1,2,1,0.48564318
INC0006767,2,2,1,0.85719025
INC0006768,1,7,1,0.2738865
INC0006768,2,7,1,0.3298452
INC0006768,3,7,1,0.7784985
INC0006768,4,7,1,0.8139974
INC0006768,5,7,1,0.84904146
INC0006768,6,7,1,0.8566588
INC0006768,7,7,1,0.85454875
INC0006782,1,2,1,0.16705948
INC0006782,2,2,1,0.5552172
INC0006787,1,2,1,0.5363508
INC0006787,2,2,1,0.6367649
INC0006788,1,3,1,0.543902
INC0006788,2,3,1,0.5492332
INC0006788,3,3,1,0.9095305
INC0006802,1,4,1,0.2782856
INC0006802,2,4,1,0.25751105
INC0006802,3,4,1,0.7969297
INC0006802,4,4,1,0.7497574
INC0006809,1,9,1,0.5350721
INC0006809,2,9,1,0.5267501
INC0006809,3,9,1,0.7161096
INC0006809,4,9,1,0.78340805
INC0006809,5,9,1,0.799955
INC0006809,6,9,1,0.8072547
INC0006809,7,9,1,0.7791183
INC0006809,8,9,1,0.9555599
INC0006820,1,3,1,0.2964534
INC0006820,2,3,1,0.33250335
INC0006820,3,3,1,0.80922717
INC0006869,1,7,1,0.7259957
INC0006869,2,7,1,0.9165822
INC0006869,3,7,1,0.8499426
INC0006869,4,7,1,0.89529836
INC0006869,5,7,1,0.8884478
INC0006869,6,7,1,0.8778554
INC0006869,7,7,1,0.8827282
INC0006872,1,5,1,0.66009057
INC0006872,2,5,1,0.6031682
INC0006872,3,5,1,0.8925133
INC0006872,4,5,1,0.9221104
INC0006872,5,5,1,0.87638706
INC0006893,1,2,1,0.94702286
INC0006893,2,2,1,0.9752554
INC0006909,1,4,1,0.62306195
INC0006909,2,4,1,0.5896719
INC0006909,3,4,1,0.790169
INC0006909,4,4,1,0.778703
INC0006941,1,2,1,0.4377486
INC0006941,2,2,1,0.6537459
INC0006942,1,1,1,0.8421299
INC0006944,1,3,1,0.7477926
INC0006944,2,3,1,0.8428721
INC0006944,3,3,1,0.76438206
INC0006951,1,4,1,0.7926209
INC0006951,2,4,1,0.74889874
INC0006951,3,4,1,0.75566536
INC0006951,4,4,1,0.994995
INC0006962,1,2,1,0.53970057
INC0006962,2,2,1,0.78459597
INC0006968,1,5,1,0.90980357
INC0006968,2,5,1,0.88519603
INC0006968,3,5,1,0.88152486
INC0006968,4,5,1,0.7797838
INC0006968,5,5,1,0.7934165
INC0006974,1,1,1,0.5984073
INC0006983,1,7,1,0.9442461
INC0006983,2,7,1,0.94009405
INC0006983,3,7,1,0.951535
INC0006983,4,7,1,0.9542396
INC0006983,5,7,1,0.9804986
INC0006983,6,7,1,0.98280334
INC0006983,7,7,1,0.93609977
INC0006996,1,5,1,0.97259474
INC0006996,2,5,1,0.98751885
INC0006996,3,5,1,0.9974037
INC0006996,4,5,1,0.9969103
INC0006996,5,5,1,0.9963814
INC0007016,1,6,1,0.8421396
INC0007016,2,6,1,0.89602125
INC0007016,3,6,1,0.8905437
INC0007016,4,6,1,0.889612
INC0007016,5,6,1,0.996572
INC0007016,6,6,1,0.99682236
INC0007024,1,5,1,0.95994633
INC0007024,2,5,1,0.9451423
INC0007024,3,5,1,0.9674875
INC0007024,4,5,1,0.99749786
INC0007024,5,5,1,0.9976538
INC0007037,1,7,1,0.50710696
INC0007037,2,7,1,0.72486186
INC0007037,3,7,1,0.7666635
INC0007037,4,7,1,0.78082514
INC0007037,5,7,1,0.80973285
INC0007037,6,7,1,0.60551006
INC0007037,7,7,1,0.7239665
INC0007058,1,3,0,0.85775745
INC0007058,2,3,0,0.9419418
INC0007058,3,3,0,0.9378215
INC0007063,1,7,1,0.882524
INC0007063,2,7,1,0.95442563
INC0007063,3,7,1,0.84374446
INC0007063,4,7,1,0.8647274
INC0007063,5,7,1,0.87666816
INC0007063,6,7,1,0.8693903
INC0007063,7,7,1,0.89645094
INC0007076,1,1,1,0.77256316
INC0007084,1,1,1,0.8132376
INC0007086,1,1,1,0.77317446
INC0007102,1,1,1,0.9032474
INC0007104,1,6,1,0.9756073
INC0007104,2,6,1,0.97616255
INC0007104,3,6,1,0.9753586
INC0007104,4,6,1,0.8875638
INC0007104,5,6,1,0.93411744
INC0007104,6,6,1,0.9581373
INC0007108,1,7,1,0.9857416
INC0007108,2,7,1,0.98997355
INC0007108,3,7,1,0.98010933
INC0007108,4,7,1,0.949559
INC0007108,5,7,1,0.9590948
INC0007108,6,7,1,0.95014554
INC0007108,7,7,1,0.9424921
INC0007114,1,6,1,0.8698415
INC0007114,2,6,1,0.90569437
INC0007114,3,6,1,0.7829749
INC0007114,4,6,1,0.80439514
INC0007114,5,6,1,0.7900569
INC0007114,6,6,1,0.8129859
INC0007128,1,1,1,0.88289315
INC0007141,1,5,1,0.96734995
INC0007141,2,5,1,0.96065265
INC0007141,3,5,1,0.94823784
INC0007141,4,5,1,0.9193786
INC0007141,5,5,1,0.8555123
INC0007155,1,8,1,0.9154827
INC0007155,2,8,1,0.9335174
INC0007155,3,8,1,0.8130539
INC0007155,4,8,1,0.8228773
INC0007155,5,8,1,0.8366341
INC0007155,6,8,1,0.8606497
INC0007155,7,8,1,0.88822037
INC0007155,8,8,1,0.92542773
INC0007162,1,2,1,0.7554513
INC0007162,2,2,1,0.86515707
INC0007165,1,4,1,0.9727621
INC0007165,2,4,1,0.9826349
INC0007165,3,4,1,0.9777765
INC0007165,4,4,1,0.99760604
INC0007169,1,4,1,0.9111263
INC0007169,2,4,1,0.8420561
INC0007169,3,4,1,0.89316046
INC0007169,4,4,1,0.87272996
INC0007174,1,8,1,0.6338595
INC0007174,2,8,1,0.70936275
INC0007174,3,8,1,0.76558465
INC0007174,4,8,1,0.8978043
INC0007174,5,8,1,0.94625604
INC0007174,6,8,1,0.83245033
INC0007174,7,8,1,0.8628346
INC0007174,8,8,1,0.84022105
INC0007187,1,8,1,0.95095044
INC0007187,2,8,1,0.84118986
INC0007187,3,8,1,0.8838349
INC0007187,4,8,1,0.996775
INC0007187,5,8,1,0.9972778
INC0007187,6,8,1,0.9972505
INC0007187,7,8,1,0.99717593
INC0007187,8,8,1,0.99712735
INC0007198,1,7,0,0.16417047
INC0007198,2,7,0,0.34065783
INC0007198,3,7,0,0.23386444
INC0007198,4,7,0,0.32099745
INC0007198,5,7,0,0.27235895
INC0007198,6,7,0,0.26125646
INC0007198,7,7,0,0.2792047
INC0007208,1,10,1,0.9544862
INC0007208,2,10,1,0.5841789
INC0007208,3,10,1,0.56772786
INC0007208,4,10,1,0.5424064
INC0007208,5,10,1,0.5008959
INC0007208,6,10,1,0.5768299
INC0007208,7,10,1,0.9953004
INC0007208,8,10,1,0.99525213
INC0007224,1,14,1,0.9429659
INC0007224,2,14,1,0.8989401
INC0007224,3,14,1,0.93320835
INC0007224,4,14,1,0.9962214
INC0007224,5,14,1,0.9962443
INC0007224,6,14,1,0.9964521
INC0007224,7,14,1,0.9971173
INC0007224,8,14,1,0.9973865
INC0007228,1,5,1,0.92094994
INC0007228,2,5,1,0.91371816
INC0007228,3,5,1,0.7884332
INC0007228,4,5,1,0.7859949
INC0007228,5,5,1,0.806701
INC0007253,1,4,1,0.8087247
INC0007253,2,4,1,0.5567667
INC0007253,3,4,1,0.52082705
INC0007253,4,4,1,0.36904553
INC0007300,1,8,1,0.92112017
INC0007300,2,8,1,0.87065595
INC0007300,3,8,1,0.8420244
INC0007300,4,8,1,0.909758
INC0007300,5,8,1,0.84501106
INC0007300,6,8,1,0.8328045
INC0007300,7,8,1,0.8563981
INC0007300,8,8,1,0.92672896
INC0007328,1,3,1,0.8597379
INC0007328,2,3,1,0.9317689
INC0007328,3,3,1,0.95126987
INC0007330,1,7,1,0.4018451
INC0007330,2,7,1,0.73848724
INC0007330,3,7,1,0.82569146
INC0007330,4,7,1,0.83958274
INC0007330,5,7,1,0.89005905
INC0007330,6,7,1,0.996935
INC0007330,7,7,1,0.9975674
INC0007332,1,2,1,0.7354212
INC0007332,2,2,1,0.80807626
INC0007334,1,2,1,0.89113843
INC0007334,2,2,1,0.99761295
INC0007368,1,5,1,0.90464956
INC0007368,2,5,1,0.9254067
INC0007368,3,5,1,0.9139974
INC0007368,4,5,1,0.9484307
INC0007368,5,5,1,0.99682814
INC0007382,1,3,1,0.9406452
INC0007382,2,3,1,0.9467163
INC0007382,3,3,1,0.95102584
INC0007400,1,5,1,0.79191357
INC0007400,2,5,1,0.8441662
INC0007400,3,5,1,0.9253666
INC0007400,4,5,1,0.9968045
INC0007400,5,5,1,0.9970289
INC0007402,1,11,1,0.9401358
INC0007402,2,11,1,0.9482546
INC0007402,3,11,1,0.95255166
INC0007402,4,11,1,0.9078973
INC0007402,5,11,1,0.89860195
INC0007402,6,11,1,0.8959031
INC0007402,7,11,1,0.9291679
INC0007402,8,11,1,0.9502425
INC0007414,1,6,1,0.7630876
INC0007414,2,6,1,0.7163109
INC0007414,3,6,1,0.8295535
INC0007414,4,6,1,0.9951355
INC0007414,5,6,1,0.9961649
INC0007414,6,6,1,0.99581534
INC0007421,1,3,1,0.7633185
INC0007421,2,3,1,0.80679476
INC0007421,3,3,1,0.735566
INC0007428,1,11,1,0.6401434
INC0007428,2,11,1,0.8330589
INC0007428,3,11,1,0.84624064
INC0007428,4,11,1,0.9269474
INC0007428,5,11,1,0.92736316
INC0007428,6,11,1,0.94952744
INC0007428,7,11,1,0.99577844
INC0007428,8,11,1,0.99585897
INC0007429,1,6,1,0.7419424
INC0007429,2,6,1,0.82305455
INC0007429,3,6,1,0.83211607
INC0007429,4,6,1,0.8435087
INC0007429,5,6,1,0.87165046
INC0007429,6,6,1,0.89700264
INC0007445,1,7,1,0.809813
INC0007445,2,7,1,0.8743058
INC0007445,3,7,1,0.99674356
INC0007445,4,7,1,0.9967464
INC0007445,5,7,1,0.996899
INC0007445,6,7,1,0.99677235
INC0007445,7,7,1,0.997538
INC0007481,1,3,0,0.7517215
INC0007481,2,3,0,0.6625766
INC0007481,3,3,0,0.6481306
INC0007504,1,8,1,0.13751096
INC0007504,2,8,1,0.20089023
INC0007504,3,8,1,0.3965092
INC0007504,4,8,1,0.8139093
INC0007504,5,8,1,0.99404514
INC0007504,6,8,1,0.9957777
INC0007504,7,8,1,0.99517125
INC0007504,8,8,1,0.99407345
INC0007521,1,16,1,0.37819505
INC0007521,2,16,1,0.30340576
INC0007521,3,16,1,0.28793237
INC0007521,4,16,1,0.31348494
INC0007521,5,16,1,0.31960148
INC0007521,6,16,1,0.4142965
INC0007521,7,16,1,0.41946378
INC0007521,8,16,1,0.9784098
INC0007542,1,1,0,0.028310237
INC0007561,1,5,1,0.6163134
INC0007561,2,5,1,0.7579684
INC0007561,3,5,1,0.7595682
INC0007561,4,5,1,0.92966366
INC0007561,5,5,1,0.9689293
INC0007562,1,5,0,0.3814492
INC0007562,2,5,0,0.39727885
INC0007562,3,5,0,0.39004713
INC0007562,4,5,0,0.45514372
INC0007562,5,5,0,0.52002966
INC0007565,1,3,0,0.08532087
INC0007565,2,3,0,0.20567904
INC0007565,3,3,0,0.18344653
INC0007566,1,3,1,0.6352522
INC0007566,2,3,1,0.53995275
INC0007566,3,3,1,0.9974189
INC0007573,1,2,0,0.5705787
INC0007573,2,2,0,0.40908775
INC0007582,1,1,0,0.5877538
INC0007592,1,3,1,0.6841687
INC0007592,2,3,1,0.6062198
INC0007592,3,3,1,0.97882926
INC0007598,1,6,1,0.46589044
INC0007598,2,6,1,0.3634798
INC0007598,3,6,1,0.57656926
INC0007598,4,6,1,0.80817974
INC0007598,5,6,1,0.9972529
INC0007598,6,6,1,0.9975183
INC0007621,1,1,0,0.061935533
INC0007632,1,7,1,0.36548364
INC0007632,2,7,1,0.80083424
INC0007632,3,7,1,0.88732773
INC0007632,4,7,1,0.9374164
INC0007632,5,7,1,0.9980726
INC0007632,6,7,1,0.9987897
INC0007632,7,7,1,0.998478
INC0007643,1,4,1,0.4894553
INC0007643,2,4,1,0.9958817
INC0007643,3,4,1,0.99642015
INC0007643,4,4,1,0.9949884
INC0007663,1,3,0,0.5560604
INC0007663,2,3,0,0.69709796
INC0007663,3,3,0,0.8632631
INC0007664,1,5,0,0.60207444
INC0007664,2,5,0,0.52890176
INC0007664,3,5,0,0.51162505
INC0007664,4,5,0,0.6025807
INC0007664,5,5,0,0.67349136
INC0007673,1,2,1,0.5530854
INC0007673,2,2,1,0.8418269
INC0007681,1,1,0,0.60340226
INC0007696,1,6,1,0.6634563
INC0007696,2,6,1,0.64066124
INC0007696,3,6,1,0.9982451
INC0007696,4,6,1,0.9983998
INC0007696,5,6,1,0.99846375
INC0007696,6,6,1,0.9976852
INC0007734,1,1,0,0.009073793
INC0007748,1,1,0,0.45978847
INC0007762,1,2,0,0.4372459
INC0007762,2,2,0,0.46917012
INC0007767,1,7,1,0.52874213
INC0007767,2,7,1,0.4084568
INC0007767,3,7,1,0.504134
INC0007767,4,7,1,0.8736901
INC0007767,5,7,1,0.99681526
INC0007767,6,7,1,0.99678814
INC0007767,7,7,1,0.99707127
INC0007788,1,5,0,0.6177696
INC0007788,2,5,0,0.6422046
INC0007788,3,5,0,0.65994966
INC0007788,4,5,0,0.7143255
INC0007788,5,5,0,0.6780157
INC0007798,1,3,1,0.53745276
INC0007798,2,3,1,0.7043379
INC0007798,3,3,1,0.9956802
INC0007841,1,2,0,0.56014615
INC0007841,2,2,0,0.42163378
INC0007847,1,3,1,0.9846357
INC0007847,2,3,1,0.98425484
INC0007847,3,3,1,0.9852941
INC0007853,1,5,1,0.6319544
INC0007853,2,5,1,0.7032192
INC0007853,3,5,1,0.8495396
INC0007853,4,5,1,0.90083635
INC0007853,5,5,1,0.9755778
INC0007859,1,6,0,0.67866457
INC0007859,2,6,0,0.732853
INC0007859,3,6,0,0.7271242
INC0007859,4,6,0,0.69266325
INC0007859,5,6,0,0.8723554
INC0007859,6,6,0,0.67437017
INC0007860,1,7,1,0.34737244
INC0007860,2,7,1,0.53410673
INC0007860,3,7,1,0.7244361
INC0007860,4,7,1,0.81416583
INC0007860,5,7,1,0.81563365
INC0007860,6,7,1,0.84599346
INC0007860,7,7,1,0.9962495
INC0007868,1,1,0,0.057950076
INC0007869,1,2,0,0.6152814
INC0007869,2,2,0,0.7176779
INC0007904,1,4,0,0.5683964
INC0007904,2,4,0,0.548242
INC0007904,3,4,0,0.48681313
INC0007904,4,4,0,0.41734818
INC0007935,1,3,0,0.6026749
INC0007935,2,3,0,0.42862073
INC0007935,3,3,0,0.3571131
INC0007956,1,5,1,0.6442084
INC0007956,2,5,1,0.57796466
INC0007956,3,5,1,0.5377063
INC0007956,4,5,1,0.58958375
INC0007956,5,5,1,0.9981425
INC0007975,1,7,1,0.69599336
INC0007975,2,7,1,0.7210662
INC0007975,3,7,1,0.74432564
INC0007975,4,7,1,0.8065529
INC0007975,5,7,1,0.7942081
INC0007975,6,7,1,0.84073776
INC0007975,7,7,1,0.9980235
INC0008014,1,8,0,0.6887073
INC0008014,2,8,0,0.67461574
INC0008014,3,8,0,0.6892178
INC0008014,4,8,0,0.6647477
INC0008014,5,8,0,0.66804737
INC0008014,6,8,0,0.6748167
INC0008014,7,8,0,0.7144794
INC0008014,8,8,0,0.4818632
INC0008039,1,10,1,0.5045827
INC0008039,2,10,1,0.3518337
INC0008039,3,10,1,0.5061745
INC0008039,4,10,1,0.5408373
INC0008039,5,10,1,0.6314473
INC0008039,6,10,1,0.73378664
INC0008039,7,10,1,0.7538273
INC0008039,8,10,1,0.928216
INC0008070,1,5,0,0.4991942
INC0008070,2,5,0,0.522611
INC0008070,3,5,0,0.6796039
INC0008070,4,5,0,0.6598338
INC0008070,5,5,0,0.6319678
INC0008106,1,3,0,0.4565702
INC0008106,2,3,0,0.7006506
INC0008106,3,3,0,0.7304319
INC0008119,1,8,1,0.1627001
INC0008119,2,8,1,0.2647276
INC0008119,3,8,1,0.27861762
INC0008119,4,8,1,0.30483526
INC0008119,5,8,1,0.31139114
INC0008119,6,8,1,0.27978334
INC0008119,7,8,1,0.55202544
INC0008119,8,8,1,0.94365716
INC0008126,1,3,0,0.19424807
INC0008126,2,3,0,0.6496649
INC0008126,3,3,0,0.69583964
INC0008133,1,1,0,0.22829811
INC0008140,1,14,0,0.071981885
INC0008140,2,14,0,0.1202608
INC0008140,3,14,0,0.23787199
INC0008140,4,14,0,0.1887616
INC0008140,5,14,0,0.111713275
INC0008140,6,14,0,0.10381513
INC0008140,7,14,0,0.10548356
INC0008140,8,14,0,0.09565712
INC0008141,1,1,0,0.05725895
INC0008150,1,2,0,0.6490968
INC0008150,2,2,0,0.54500264
INC0008151,1,4,1,0.62978333
INC0008151,2,4,1,0.99655765
INC0008151,3,4,1,0.9973889
INC0008151,4,4,1,0.9977197
INC0008154,1,1,0,0.054420892
INC0008164,1,1,0,0.06715066
INC0008189,1,4,1,0.6830849
INC0008189,2,4,1,0.97044086
INC0008189,3,4,1,0.98233217
INC0008189,4,4,1,0.98413575
INC0008207,1,4,0,0.4111703
INC0008207,2,4,0,0.316962
INC0008207,3,4,0,0.28771737
INC0008207,4,4,0,0.61948055
INC0008224,1,1,1,0.4390881
INC0008227,1,5,1,0.4963885
INC0008227,2,5,1,0.47607407
INC0008227,3,5,1,0.5640052
INC0008227,4,5,1,0.99711776
INC0008227,5,5,1,0.9976295
INC0008232,1,13,1,0.35397798
INC0008232,2,13,1,0.30852824
INC0008232,3,13,1,0.41216537
INC0008232,4,13,1,0.590804
INC0008232,5,13,1,0.9972861
INC0008232,6,13,1,0.9972318
INC0008232,7,13,1,0.99487007
INC0008232,8,13,1,0.9965857
INC0008236,1,8,1,0.677091
INC0008236,2,8,1,0.48227602
INC0008236,3,8,1,0.49952897
INC0008236,4,8,1,0.61036396
INC0008236,5,8,1,0.9218123
INC0008236,6,8,1,0.9217274
INC0008236,7,8,1,0.930619
INC0008236,8,8,1,0.9565061
INC0008238,1,3,0,0.47582802
INC0008238,2,3,0,0.49438417
INC0008238,3,3,0,0.8816903
INC0008254,1,4,1,0.9876177
INC0008254,2,4,1,0.9855914
INC0008254,3,4,1,0.99856645
INC0008254,4,4,1,0.99852437
INC0008272,1,1,0,0.056942143
INC0008312,1,2,0,0.033915956
INC0008312,2,2,0,0.079893306
INC0008313,1,10,1,0.4944427
INC0008313,2,10,1,0.42762375
INC0008313,3,10,1,0.52276915
INC0008313,4,10,1,0.71625596
INC0008313,5,10,1,0.79707694
INC0008313,6,10,1,0.90184146
INC0008313,7,10,1,0.8964528
INC0008313,8,10,1,0.9127106
INC0008323,1,5,1,0.68276465
INC0008323,2,5,1,0.7951481
INC0008323,3,5,1,0.9793413
INC0008323,4,5,1,0.99700457
INC0008323,5,5,1,0.9948531
INC0008325,1,13,1,0.47367114
INC0008325,2,13,1,0.49749404
INC0008325,3,13,1,0.7093501
INC0008325,4,13,1,0.7131879
INC0008325,5,13,1,0.9401825
INC0008325,6,13,1,0.9954074
INC0008325,7,13,1,0.995447
INC0008325,8,13,1,0.9965281
INC0008327,1,2,0,0.53048193
INC0008327,2,2,0,0.42962736
INC0008355,1,3,1,0.5747308
INC0008355,2,3,1,0.7011747
INC0008355,3,3,1,0.7254147
INC0008362,1,1,0,0.7024336
INC0008370,1,4,1,0.35774666
INC0008370,2,4,1,0.99455476
INC0008370,3,4,1,0.99171585
INC0008370,4,4,1,0.99148846
INC0008373,1,2,0,0.46154723
INC0008373,2,2,0,0.26710054
INC0008382,1,1,0,0.4388532
INC0008385,1,7,1,0.5574625
INC0008385,2,7,1,0.6428558
INC0008385,3,7,1,0.6332684
INC0008385,4,7,1,0.6430196
INC0008385,5,7,1,0.7652163
INC0008385,6,7,1,0.934634
INC0008385,7,7,1,0.9104131
INC0008402,1,8,0,0.45177057
INC0008402,2,8,0,0.39690945
INC0008402,3,8,0,0.2901029
INC0008402,4,8,0,0.32039478
INC0008402,5,8,0,0.5532023
INC0008402,6,8,0,0.5451306
INC0008402,7,8,0,0.5072977
INC0008402,8,8,0,0.6703403
INC0008436,1,7,1,0.38457084
INC0008436,2,7,1,0.42723504
INC0008436,3,7,1,0.52987325
INC0008436,4,7,1,0.44549894
INC0008436,5,7,1,0.8714029
INC0008436,6,7,1,0.8746478
INC0008436,7,7,1,0.9467119
INC0008437,1,8,1,0.5018377
INC0008437,2,8,1,0.96781
INC0008437,3,8,1,0.96692145
INC0008437,4,8,1,0.9672606
INC0008437,5,8,1,0.96966535
INC0008437,6,8,1,0.9947783
INC0008437,7,8,1,0.9938355
INC0008437,8,8,1,0.9953478
INC0008438,1,4,0,0.61148137
INC0008438,2,4,0,0.7137842
INC0008438,3,4,0,0.81366724
INC0008438,4,4,0,0.78008896
INC0008448,1,8,1,0.824067
INC0008448,2,8,1,0.7653107
INC0008448,3,8,1,0.9963103
INC0008448,4,8,1,0.9973807
INC0008448,5,8,1,0.99774665
INC0008448,6,8,1,0.99791104
INC0008448,7,8,1,0.99717677
INC0008448,8,8,1,0.99714524
INC0008454,1,2,0,0.48463818
INC0008454,2,2,0,0.5764083
INC0008456,1,3,0,0.1525133
INC0008456,2,3,0,0.2030884
INC0008456,3,3,0,0.20274448
INC0008457,1,5,0,0.24707682
INC0008457,2,5,0,0.36267072
INC0008457,3,5,0,0.87742394
INC0008457,4,5,0,0.92485255
INC0008457,5,5,0,0.9204776
INC0008465,1,8,0,0.29120854
INC0008465,2,8,0,0.19199535
INC0008465,3,8,0,0.2380332
INC0008465,4,8,0,0.22786729
INC0008465,5,8,0,0.44883502
INC0008465,6,8,0,0.39924338
INC0008465,7,8,0,0.37932882
INC0008465,8,8,0,0.5992939
INC0008467,1,4,1,0.49108833
INC0008467,2,4,1,0.41369465
INC0008467,3,4,1,0.9946906
INC0008467,4,4,1,0.9942747
INC0008479,1,1,1,0.48931924
INC0008485,1,18,0,0.3714067
INC0008485,2,18,0,0.29863566
INC0008485,3,18,0,0.4186777
INC0008485,4,18,0,0.68313587
INC0008485,5,18,0,0.6582801
INC0008485,6,18,0,0.70538175
INC0008485,7,18,0,0.6937678
INC0008485,8,18,0,0.80286694
INC0008512,1,1,0,0.108408004
INC0008514,1,1,0,0.40533027
INC0008518,1,1,0,0.11097965
INC0008535,1,4,0,0.90050185
INC0008535,2,4,0,0.924768
INC0008535,3,4,0,0.9255246
INC0008535,4,4,0,0.64229465
INC0008543,1,10,1,0.5510295
INC0008543,2,10,1,0.6883369
INC0008543,3,10,1,0.705147
INC0008543,4,10,1,0.72722304
INC0008543,5,10,1,0.79896426
INC0008543,6,10,1,0.8731122
INC0008543,7,10,1,0.96687853
INC0008543,8,10,1,0.9965534
INC0008545,1,3,1,0.3651659
INC0008545,2,3,1,0.4044213
INC0008545,3,3,1,0.59298265
INC0008568,1,6,1,0.52145344
INC0008568,2,6,1,0.7013611
INC0008568,3,6,1,0.90191716
INC0008568,4,6,1,0.99538463
INC0008568,5,6,1,0.9936161
INC0008568,6,6,1,0.9940456
INC0008585,1,3,1,0.5767206
INC0008585,2,3,1,0.60749024
INC0008585,3,3,1,0.92454445
INC0008587,1,3,0,0.33821464
INC0008587,2,3,0,0.33702534
INC0008587,3,3,0,0.41898468
INC0008588,1,18,1,0.6260337
INC0008588,2,18,1,0.6410891
INC0008588,3,18,1,0.6768763
INC0008588,4,18,1,0.9067224
INC0008588,5,18,1,0.997297
INC0008588,6,18,1,0.99640536
INC0008588,7,18,1,0.9958746
INC0008588,8,18,1,0.9964504
INC0008591,1,8,0,0.5672921
INC0008591,2,8,0,0.24721435
INC0008591,3,8,0,0.5320849
INC0008591,4,8,0,0.49567726
INC0008591,5,8,0,0.6049199
INC0008591,6,8,0,0.5027051
INC0008591,7,8,0,0.6535603
INC0008591,8,8,0,0.6526334
INC0008598,1,4,1,0.9368624
INC0008598,2,4,1,0.92792183
INC0008598,3,4,1,0.93024695
INC0008598,4,4,1,0.9949114
INC0008599,1,3,0,0.39185244
INC0008599,2,3,0,0.39407218
INC0008599,3,3,0,0.37054893
INC0008610,1,8,1,0.53870267
INC0008610,2,8,1,0.563208
INC0008610,3,8,1,0.78401613
INC0008610,4,8,1,0.9959357
INC0008610,5,8,1,0.99410146
INC0008610,6,8,1,0.9877808
INC0008610,7,8,1,0.99299085
INC0008610,8,8,1,0.99153006
INC0008611,1,10,1,0.38946313
INC0008611,2,10,1,0.56905645
INC0008611,3,10,1,0.5658965
INC0008611,4,10,1,0.7555338
INC0008611,5,10,1,0.7442144
INC0008611,6,10,1,0.7571754
INC0008611,7,10,1,0.8347558
INC0008611,8,10,1,0.92798024
INC0008615,1,2,1,0.966888
INC0008615,2,2,1,0.97558707
INC0008644,1,1,0,0.036431946
INC0008648,1,10,1,0.42849267
INC0008648,2,10,1,0.37530285
INC0008648,3,10,1,0.47053143
INC0008648,4,10,1,0.99524164
INC0008648,5,10,1,0.9958677
INC0008648,6,10,1,0.99566805
INC0008648,7,10,1,0.99614596
INC0008648,8,10,1,0.9942444
INC0008649,1,4,1,0.53669846
INC0008649,2,4,1,0.6524891
INC0008649,3,4,1,0.720766
INC0008649,4,4,1,0.9922288
INC0008656,1,5,1,0.41946697
INC0008656,2,5,1,0.99479264
INC0008656,3,5,1,0.99540305
INC0008656,4,5,1,0.9938327
INC0008656,5,5,1,0.9939454
INC0008695,1,4,1,0.5542317
INC0008695,2,4,1,0.99516785
INC0008695,3,4,1,0.9954574
INC0008695,4,4,1,0.995096
INC0008707,1,8,1,0.10299578
INC0008707,2,8,1,0.7240792
INC0008707,3,8,1,0.89327484
INC0008707,4,8,1,0.87489164
INC0008707,5,8,1,0.8712759
INC0008707,6,8,1,0.8516263
INC0008707,7,8,1,0.9928848
INC0008707,8,8,1,0.9945311
INC0008741,1,2,1,0.40920886
INC0008741,2,2,1,0.43292
INC0008743,1,5,1,0.3402736
INC0008743,2,5,1,0.51887786
INC0008743,3,5,1,0.9915644
INC0008743,4,5,1,0.9934289
INC0008743,5,5,1,0.99258024
INC0008752,1,7,1,0.36141327
INC0008752,2,7,1,0.29664254
INC0008752,3,7,1,0.30416682
INC0008752,4,7,1,0.3571884
INC0008752,5,7,1,0.72685736
INC0008752,6,7,1,0.9906555
INC0008752,7,7,1,0.99104637
INC0008753,1,4,0,0.40998837
INC0008753,2,4,0,0.60211277
INC0008753,3,4,0,0.59379286
INC0008753,4,4,0,0.60316694
INC0008782,1,2,1,0.28300148
INC0008782,2,2,1,0.3595018
INC0008795,1,9,1,0.5841048
INC0008795,2,9,1,0.6041447
INC0008795,3,9,1,0.35418195
INC0008795,4,9,1,0.42195967
INC0008795,5,9,1,0.6955795
INC0008795,6,9,1,0.993608
INC0008795,7,9,1,0.9932133
INC0008795,8,9,1,0.99197537
INC0008818,1,5,1,0.4687391
INC0008818,2,5,1,0.46330476
INC0008818,3,5,1,0.49798784
INC0008818,4,5,1,0.7174078
INC0008818,5,5,1,0.9896304
INC0008863,1,3,0,0.3442741
INC0008863,2,3,0,0.7330289
INC0008863,3,3,0,0.8217451
INC0008887,1,4,1,0.48491037
INC0008887,2,4,1,0.40898317
INC0008887,3,4,1,0.6260791
INC0008887,4,4,1,0.8364595
INC0008897,1,4,1,0.28004774
INC0008897,2,4,1,0.35493925
INC0008897,3,4,1,0.51527524
INC0008897,4,4,1,0.86359483
INC0008900,1,4,0,0.2675471
INC0008900,2,4,0,0.3146515
INC0008900,3,4,0,0.3682207
INC0008900,4,4,0,0.37297547
INC0008925,1,5,1,0.483028
INC0008925,2,5,1,0.70406115
INC0008925,3,5,1,0.7035589
INC0008925,4,5,1,0.8080262
INC0008925,5,5,1,0.9946101
INC0008926,1,2,0,0.38489577
INC0008926,2,2,0,0.251991
INC0008963,1,6,1,0.3649782
INC0008963,2,6,1,0.38380527
INC0008963,3,6,1,0.99160284
INC0008963,4,6,1,0.99190044
INC0008963,5,6,1,0.9904169
INC0008963,6,6,1,0.9934256
INC0008986,1,3,0,0.3491864
INC0008986,2,3,0,0.43499756
INC0008986,3,3,0,0.547588
INC0008990,1,3,0,0.25856462
INC0008990,2,3,0,0.33386552
INC0008990,3,3,0,0.34667286
INC0009037,1,4,0,0.41449896
INC0009037,2,4,0,0.2845903
INC0009037,3,4,0,0.3973627
INC0009037,4,4,0,0.35606527
INC0009070,1,12,0,0.3531836
INC0009070,2,12,0,0.26219076
INC0009070,3,12,0,0.3601931
INC0009070,4,12,0,0.4634119
INC0009070,5,12,0,0.491587
INC0009070,6,12,0,0.4964128
INC0009070,7,12,0,0.53807336
INC0009070,8,12,0,0.5366419
INC0009071,1,2,0,0.4576833
INC0009071,2,2,0,0.1981821
INC0009089,1,8,1,0.3862487
INC0009089,2,8,1,0.5446397
INC0009089,3,8,1,0.56067026
INC0009089,4,8,1,0.6483241
INC0009089,5,8,1,0.99191684
INC0009089,6,8,1,0.993961
INC0009089,7,8,1,0.9928324
INC0009089,8,8,1,0.9936684
INC0009112,1,1,0,0.044640172
INC0009146,1,6,1,0.24434203
INC0009146,2,6,1,0.3614469
INC0009146,3,6,1,0.4483999
INC0009146,4,6,1,0.41787314
INC0009146,5,6,1,0.99565226
INC0009146,6,6,1,0.99556607
INC0009147,1,4,1,0.9376174
INC0009147,2,4,1,0.97552925
INC0009147,3,4,1,0.97228056
INC0009147,4,4,1,0.9671113
INC0009154,1,2,0,0.26454538
INC0009154,2,2,0,0.5132231
INC0009159,1,3,0,0.29942086
INC0009159,2,3,0,0.26329422
INC0009159,3,3,0,0.2267248
INC0009169,1,1,0,0.03319881
INC0009172,1,5,1,0.17078722
INC0009172,2,5,1,0.29734895
INC0009172,3,5,1,0.365865
INC0009172,4,5,1,0.40096554
INC0009172,5,5,1,0.4855403
INC0009194,1,1,0,0.12648515
INC0009199,1,5,0,0.41006342
INC0009199,2,5,0,0.35908583
INC0009199,3,5,0,0.62683535
INC0009199,4,5,0,0.6695378
INC0009199,5,5,0,0.6733159
INC0009214,1,1,0,0.15249012
INC0009225,1,6,0,0.21023996
INC0009225,2,6,0,0.5523146
INC0009225,3,6,0,0.44039616
INC0009225,4,6,0,0.46580005
INC0009225,5,6,0,0.8144283
INC0009225,6,6,0,0.7909374
INC0009245,1,3,1,0.4804604
INC0009245,2,3,1,0.7130314
INC0009245,3,3,1,0.9357933
INC0009255,1,1,0,0.10124894
INC0009264,1,1,0,0.1525319
INC0009276,1,1,0,0.04464624
INC0009292,1,6,0,0.24130791
INC0009292,2,6,0,0.4119635
INC0009292,3,6,0,0.5423798
INC0009292,4,6,0,0.7066685
INC0009292,5,6,0,0.8223424
INC0009292,6,6,0,0.8319034
INC0009294,1,1,0,0.043303657
INC0009299,1,1,0,0.36458647
INC0009301,1,11,0,0.46948007
INC0009301,2,11,0,0.5264237
INC0009301,3,11,0,0.56765676
INC0009301,4,11,0,0.32878795
INC0009301,5,11,0,0.33046067
INC0009301,6,11,0,0.2999949
INC0009301,7,11,0,0.32191494
INC0009301,8,11,0,0.43328503
INC0009316,1,1,0,0.048462436
INC0009319,1,3,0,0.40226212
INC0009319,2,3,0,0.49735865
INC0009319,3,3,0,0.7273451
INC0009327,1,4,0,0.27430394
INC0009327,2,4,0,0.25005457
INC0009327,3,4,0,0.23925062
INC0009327,4,4,0,0.2881862
INC0009329,1,2,0,0.2152118
INC0009329,2,2,0,0.33903173
INC0009337,1,3,1,0.4379972
INC0009337,2,3,1,0.4261741
INC0009337,3,3,1,0.6279077
INC0009356,1,5,0,0.22225823
INC0009356,2,5,0,0.49175024
INC0009356,3,5,0,0.6905534
INC0009356,4,5,0,0.8614435
INC0009356,5,5,0,0.90761065
INC0009360,1,3,1,0.37361497
INC0009360,2,3,1,0.9538861
INC0009360,3,3,1,0.95501876
INC0009367,1,1,0,0.12679355
INC0009370,1,6,1,0.46976212
INC0009370,2,6,1,0.41799048
INC0009370,3,6,1,0.56504583
INC0009370,4,6,1,0.63311034
INC0009370,5,6,1,0.71112645
INC0009370,6,6,1,0.80923074
INC0009378,1,6,1,0.5958372
INC0009378,2,6,1,0.43792886
INC0009378,3,6,1,0.42497504
INC0009378,4,6,1,0.67753404
INC0009378,5,6,1,0.77871495
INC0009378,6,6,1,0.99669904
INC0009382,1,3,0,0.4469985
INC0009382,2,3,0,0.31269825
INC0009382,3,3,0,0.35845903
INC0009397,1,1,0,0.10993095
INC0009414,1,5,0,0.4669813
INC0009414,2,5,0,0.74003434
INC0009414,3,5,0,0.67460144
INC0009414,4,5,0,0.7818658
INC0009414,5,5,0,0.910655
INC0009418,1,3,0,0.49166682
INC0009418,2,3,0,0.3614597
INC0009418,3,3,0,0.42887297
INC0009437,1,2,0,0.63983035
INC0009437,2,2,0,0.3629294
INC0009446,1,2,1,0.5503336
INC0009446,2,2,1,0.99700636
INC0009451,1,3,0,0.23114885
INC0009451,2,3,0,0.3929745
INC0009451,3,3,0,0.44575527
INC0009502,1,6,0,0.46305782
INC0009502,2,6,0,0.4209323
INC0009502,3,6,0,0.42186737
INC0009502,4,6,0,0.31867918
INC0009502,5,6,0,0.37963584
INC0009502,6,6,0,0.49969274
INC0009503,1,3,1,0.57225686
INC0009503,2,3,1,0.51747686
INC0009503,3,3,1,0.9952152
INC0009531,1,3,0,0.47457874
INC0009531,2,3,0,0.25636926
INC0009531,3,3,0,0.2603395
INC0009532,1,20,1,0.6696898
INC0009532,2,20,1,0.6810797
INC0009532,3,20,1,0.6638205
INC0009532,4,20,1,0.8607093
INC0009532,5,20,1,0.8417278
INC0009532,6,20,1,0.8868
INC0009532,7,20,1,0.87267846
INC0009532,8,20,1,0.9974952
INC0009586,1,3,1,0.5414207
INC0009586,2,3,1,0.43300462
INC0009586,3,3,1,0.5430546
INC0009613,1,2,1,0.50538206
INC0009613,2,2,1,0.46806028
INC0009652,1,6,0,0.3598262
INC0009652,2,6,0,0.32462707
INC0009652,3,6,0,0.24650823
INC0009652,4,6,0,0.2422533
INC0009652,5,6,0,0.26161036
INC0009652,6,6,0,0.37019497
INC0009690,1,3,0,0.65176004
INC0009690,2,3,0,0.41692784
INC0009690,3,3,0,0.45642358
INC0009695,1,2,0,0.530228
INC0009695,2,2,0,0.5879677
INC0009704,1,7,0,0.5244848
INC0009704,2,7,0,0.44911337
INC0009704,3,7,0,0.547592
INC0009704,4,7,0,0.5590259
INC0009704,5,7,0,0.55037963
INC0009704,6,7,0,0.5517104
INC0009704,7,7,0,0.32721576
INC0009719,1,1,0,0.4749208
INC0009746,1,1,0,0.18388493
INC0009772,1,3,0,0.5472501
INC0009772,2,3,0,0.43963787
INC0009772,3,3,0,0.346516
INC0009787,1,3,1,0.4017775
INC0009787,2,3,1,0.39268807
INC0009787,3,3,1,0.66979194
INC0009818,1,3,0,0.6357621
INC0009818,2,3,0,0.3981984
INC0009818,3,3,0,0.41186753
INC0009830,1,8,1,0.6628873
INC0009830,2,8,1,0.60419625
INC0009830,3,8,1,0.6531417
INC0009830,4,8,1,0.7314902
INC0009830,5,8,1,0.59529704
INC0009830,6,8,1,0.7647636
INC0009830,7,8,1,0.9982223
INC0009830,8,8,1,0.99832743
INC0009857,1,3,0,0.5936326
INC0009857,2,3,0,0.55436337
INC0009857,3,3,0,0.55729985
INC0009866,1,1,0,0.097396374
INC0009870,1,3,0,0.6287782
INC0009870,2,3,0,0.7116345
INC0009870,3,3,0,0.55225533
INC0009877,1,6,1,0.6727544
INC0009877,2,6,1,0.45207384
INC0009877,3,6,1,0.49009767
INC0009877,4,6,1,0.7613726
INC0009877,5,6,1,0.5172284
INC0009877,6,6,1,0.567712
INC0009888,1,1,0,0.047495764
INC0009896,1,2,0,0.52508765
INC0009896,2,2,0,0.6099398
INC0009909,1,1,1,0.38273162
INC0009926,1,7,0,0.6209431
INC0009926,2,7,0,0.57013667
INC0009926,3,7,0,0.34219226
INC0009926,4,7,0,0.4534468
INC0009926,5,7,0,0.3584077
INC0009926,6,7,0,0.3714307
INC0009926,7,7,0,0.3523043
INC0009938,1,4,0,0.27304468
INC0009938,2,4,0,0.19719136
INC0009938,3,4,0,0.21990885
INC0009938,4,4,0,0.19127637
INC0009940,1,13,1,0.2358139
INC0009940,2,13,1,0.5521768
INC0009940,3,13,1,0.83729297
INC0009940,4,13,1,0.99604404
INC0009940,5,13,1,0.9956125
INC0009940,6,13,1,0.9972241
INC0009940,7,13,1,0.9977307
INC0009940,8,13,1,0.9980426
INC0009955,1,1,0,0.15928839
INC0009957,1,2,0,0.19582273
INC0009957,2,2,0,0.6476796
INC0009960,1,16,1,0.4282244
INC0009960,2,16,1,0.5126847
INC0009960,3,16,1,0.6890043
INC0009960,4,16,1,0.8088749
INC0009960,5,16,1,0.82136875
INC0009960,6,16,1,0.9984901
INC0009960,7,16,1,0.99823475
INC0009960,8,16,1,0.99821377
INC0009968,1,4,0,0.5130135
INC0009968,2,4,0,0.59204537
INC0009968,3,4,0,0.551516
INC0009968,4,4,0,0.6501078
INC0009971,1,1,0,0.05923106
INC0010026,1,1,0,0.16617481
INC0010040,1,5,1,0.519475
INC0010040,2,5,1,0.60140616
INC0010040,3,5,1,0.72293985
INC0010040,4,5,1,0.9948409
INC0010040,5,5,1,0.9954352
INC0010068,1,2,0,0.5287745
INC0010068,2,2,0,0.44486
INC0010073,1,3,1,0.44690144
INC0010073,2,3,1,0.9977307
INC0010073,3,3,1,0.99787307
INC0010101,1,9,1,0.54524034
INC0010101,2,9,1,0.571757
INC0010101,3,9,1,0.44451863
INC0010101,4,9,1,0.52768934
INC0010101,5,9,1,0.6879788
INC0010101,6,9,1,0.7507095
INC0010101,7,9,1,0.9969811
INC0010101,8,9,1,0.9952684
INC0010111,1,2,0,0.550197
INC0010111,2,2,0,0.7706838
INC0010115,1,2,1,0.55466634
INC0010115,2,2,1,0.9936127
INC0010140,1,2,0,0.31368425
INC0010140,2,2,0,0.33890155
INC0010160,1,2,0,0.6718556
INC0010160,2,2,0,0.74360144
INC0010175,1,6,0,0.6629088
INC0010175,2,6,0,0.57269686
INC0010175,3,6,0,0.57546586
INC0010175,4,6,0,0.62782997
INC0010175,5,6,0,0.46305984
INC0010175,6,6,0,0.58440363
INC0010180,1,4,0,0.4863611
INC0010180,2,4,0,0.5236955
INC0010180,3,4,0,0.69014764
INC0010180,4,4,0,0.7358172
INC0010208,1,13,0,0.5420088
INC0010208,2,13,0,0.7099118
INC0010208,3,13,0,0.85545135
INC0010208,4,13,0,0.84139323
INC0010208,5,13,0,0.9878742
INC0010208,6,13,0,0.9878869
INC0010208,7,13,0,0.98805237
INC0010208,8,13,0,0.97924083
INC0010240,1,1,0,0.14058259
INC0010241,1,4,1,0.26106152
INC0010241,2,4,1,0.23480001
INC0010241,3,4,1,0.21581411
INC0010241,4,4,1,0.3432169
INC0010250,1,3,0,0.10560681
INC0010250,2,3,0,0.10877179
INC0010250,3,3,0,0.11276711
INC0010253,1,2,0,0.52040356
INC0010253,2,2,0,0.22938097
INC0010269,1,3,0,0.25852138
INC0010269,2,3,0,0.24447733
INC0010269,3,3,0,0.30614647
INC0010281,1,2,0,0.34458593
INC0010281,2,2,0,0.42097387
INC0010298,1,2,0,0.4681034
INC0010298,2,2,0,0.4107781
INC0010316,1,3,1,0.83741623
INC0010316,2,3,1,0.997919
INC0010316,3,3,1,0.9979401
INC0010330,1,9,1,0.3517896
INC0010330,2,9,1,0.2153112
INC0010330,3,9,1,0.20348364
INC0010330,4,9,1,0.35556737
INC0010330,5,9,1,0.7521358
INC0010330,6,9,1,0.7618533
INC0010330,7,9,1,0.99747
INC0010330,8,9,1,0.9965888
INC0010353,1,7,0,0.033577614
INC0010353,2,7,0,0.039335124
INC0010353,3,7,0,0.07532604
INC0010353,4,7,0,0.08794813
INC0010353,5,7,0,0.38158196
INC0010353,6,7,0,0.4153833
INC0010353,7,7,0,0.4828745
INC0010355,1,8,1,0.41381776
INC0010355,2,8,1,0.24945366
INC0010355,3,8,1,0.32960954
INC0010355,4,8,1,0.32472673
INC0010355,5,8,1,0.32196087
INC0010355,6,8,1,0.32404205
INC0010355,7,8,1,0.96518177
INC0010355,8,8,1,0.9615673
INC0010362,1,7,1,0.5060574
INC0010362,2,7,1,0.47768092
INC0010362,3,7,1,0.52868766
INC0010362,4,7,1,0.53097504
INC0010362,5,7,1,0.75714236
INC0010362,6,7,1,0.99768114
INC0010362,7,7,1,0.9977684
INC0010411,1,11,1,0.5618095
INC0010411,2,11,1,0.7516543
INC0010411,3,11,1,0.9971227
INC0010411,4,11,1,0.9976174
INC0010411,5,11,1,0.9963755
INC0010411,6,11,1,0.99665976
INC0010411,7,11,1,0.997482
INC0010411,8,11,1,0.9968418
INC0010420,1,1,0,0.22512317
INC0010423,1,11,1,0.33778185
INC0010423,2,11,1,0.69054395
INC0010423,3,11,1,0.65539545
INC0010423,4,11,1,0.97652507
INC0010423,5,11,1,0.99746144
INC0010423,6,11,1,0.9972574
INC0010423,7,11,1,0.9971635
INC0010423,8,11,1,0.9974004
INC0010455,1,3,0,0.27356514
INC0010455,2,3,0,0.2161037
INC0010455,3,3,0,0.19660215
INC0010472,1,1,1,0.66596854
INC0010489,1,3,0,0.23912422
INC0010489,2,3,0,0.23569618
INC0010489,3,3,0,0.30073696
INC0010507,1,12,1,0.5473478
INC0010507,2,12,1,0.4448723
INC0010507,3,12,1,0.38568985
INC0010507,4,12,1,0.56566656
INC0010507,5,12,1,0.606523
INC0010507,6,12,1,0.99710435
INC0010507,7,12,1,0.99670047
INC0010507,8,12,1,0.99710244
INC0010535,1,4,1,0.62281066
INC0010535,2,4,1,0.75373185
INC0010535,3,4,1,0.997586
INC0010535,4,4,1,0.99749964
INC0010565,1,13,1,0.5449069
INC0010565,2,13,1,0.57718307
INC0010565,3,13,1,0.5271491
INC0010565,4,13,1,0.6975301
INC0010565,5,13,1,0.81078374
INC0010565,6,13,1,0.9592209
INC0010565,7,13,1,0.9935375
INC0010565,8,13,1,0.99355704
INC0010582,1,1,0,0.6243054
INC0010583,1,1,0,0.36689734
INC0010595,1,1,0,0.575434
INC0010607,1,2,1,0.6129972
INC0010607,2,2,1,0.8908505
INC0010631,1,6,1,0.60699105
INC0010631,2,6,1,0.58346075
INC0010631,3,6,1,0.613124
INC0010631,4,6,1,0.72071767
INC0010631,5,6,1,0.99738425
INC0010631,6,6,1,0.99756265
INC0010638,1,17,1,0.42795947
INC0010638,2,17,1,0.76766205
INC0010638,3,17,1,0.99610066
INC0010638,4,17,1,0.9971288
INC0010638,5,17,1,0.99768555
INC0010638,6,17,1,0.9975089
INC0010638,7,17,1,0.99504024
INC0010638,8,17,1,0.9951368
INC0010659,1,1,0,0.24176791
INC0010662,1,2,0,0.4859093
INC0010662,2,2,0,0.319323
INC0010673,1,5,0,0.43760246
INC0010673,2,5,0,0.5120441
INC0010673,3,5,0,0.44003117
INC0010673,4,5,0,0.42252514
INC0010673,5,5,0,0.33381924
INC0010676,1,18,1,0.70855075
INC0010676,2,18,1,0.80460984
INC0010676,3,18,1,0.86382544
INC0010676,4,18,1,0.9980159
INC0010676,5,18,1,0.9979692
INC0010676,6,18,1,0.99713
INC0010676,7,18,1,0.9972543
INC0010676,8,18,1,0.9964414
INC0010699,1,4,1,0.8131796
INC0010699,2,4,1,0.99891365
INC0010699,3,4,1,0.99891734
INC0010699,4,4,1,0.99631006
INC0010704,1,14,1,0.54062825
INC0010704,2,14,1,0.46535343
INC0010704,3,14,1,0.4846449
INC0010704,4,14,1,0.69093937
INC0010704,5,14,1,0.99543023
INC0010704,6,14,1,0.99571025
INC0010704,7,14,1,0.9946286
INC0010704,8,14,1,0.9929448
INC0010717,1,2,0,0.5467878
INC0010717,2,2,0,0.62201667
INC0010733,1,1,0,0.45693788
INC0010737,1,2,0,0.5081967
INC0010737,2,2,0,0.64022994
INC0010782,1,3,1,0.47452015
INC0010782,2,3,1,0.91623443
INC0010782,3,3,1,0.99347186
INC0010786,1,6,1,0.4108157
INC0010786,2,6,1,0.6904068
INC0010786,3,6,1,0.6862458
INC0010786,4,6,1,0.86515456
INC0010786,5,6,1,0.9982839
INC0010786,6,6,1,0.99764085
INC0010801,1,2,0,0.11782289
INC0010801,2,2,0,0.11837629
INC0010809,1,2,0,0.5665006
INC0010809,2,2,0,0.5998332
INC0010823,1,6,0,0.46236095
INC0010823,2,6,0,0.49687973
INC0010823,3,6,0,0.67026
INC0010823,4,6,0,0.45486897
INC0010823,5,6,0,0.42183205
INC0010823,6,6,0,0.40053034
INC0010825,1,5,0,0.45811412
INC0010825,2,5,0,0.35495755
INC0010825,3,5,0,0.35079902
INC0010825,4,5,0,0.43245518
INC0010825,5,5,0,0.333026
INC0010852,1,5,1,0.60012645
INC0010852,2,5,1,0.64771086
INC0010852,3,5,1,0.58706415
INC0010852,4,5,1,0.65671307
INC0010852,5,5,1,0.5496546
INC0010898,1,7,1,0.7967787
INC0010898,2,7,1,0.99702924
INC0010898,3,7,1,0.99565315
INC0010898,4,7,1,0.99597836
INC0010898,5,7,1,0.9962386
INC0010898,6,7,1,0.99435127
INC0010898,7,7,1,0.9951391
INC0010899,1,1,0,0.05132303
INC0010941,1,2,0,0.48587632
INC0010941,2,2,0,0.6276521
INC0010946,1,5,1,0.7402841
INC0010946,2,5,1,0.8247958
INC0010946,3,5,1,0.9980258
INC0010946,4,5,1,0.99778545
INC0010946,5,5,1,0.9975694
INC0010972,1,4,1,0.64150536
INC0010972,2,4,1,0.66501254
INC0010972,3,4,1,0.5944078
INC0010972,4,4,1,0.9965913
INC0010982,1,3,0,0.45507526
INC0010982,2,3,0,0.69105095
INC0010982,3,3,0,0.70473367
INC0010984,1,3,1,0.54196805
INC0010984,2,3,1,0.654589
INC0010984,3,3,1,0.9949243
INC0010990,1,2,0,0.43382582
INC0010990,2,2,0,0.21353391
INC0011005,1,1,0,0.058524743
INC0011034,1,2,0,0.5059852
INC0011034,2,2,0,0.5868471
INC0011038,1,1,0,0.3907088
INC0011045,1,2,1,0.65596205
INC0011045,2,2,1,0.6368988
INC0011064,1,3,0,0.45035532
INC0011064,2,3,0,0.36813346
INC0011064,3,3,0,0.4726791
INC0011090,1,4,0,0.45141077
INC0011090,2,4,0,0.30037978
INC0011090,3,4,0,0.27511328
INC0011090,4,4,0,0.26837674
INC0011091,1,5,0,0.5989714
INC0011091,2,5,0,0.5673818
INC0011091,3,5,0,0.6102936
INC0011091,4,5,0,0.530015
INC0011091,5,5,0,0.51503825
INC0011100,1,2,1,0.5385642
INC0011100,2,2,1,0.55972654
INC0011129,1,10,1,0.61347586
INC0011129,2,10,1,0.6408932
INC0011129,3,10,1,0.7938053
INC0011129,4,10,1,0.80730534
INC0011129,5,10,1,0.9746664
INC0011129,6,10,1,0.9955609
INC0011129,7,10,1,0.9952728
INC0011129,8,10,1,0.99509627
INC0011147,1,5,1,0.43371364
INC0011147,2,5,1,0.6294385
INC0011147,3,5,1,0.7353537
INC0011147,4,5,1,0.83222836
INC0011147,5,5,1,0.98075426
INC0011189,1,11,1,0.6457478
INC0011189,2,11,1,0.6017279
INC0011189,3,11,1,0.63026416
INC0011189,4,11,1,0.6989181
INC0011189,5,11,1,0.69950557
INC0011189,6,11,1,0.6953069
INC0011189,7,11,1,0.9918161
INC0011189,8,11,1,0.992979
INC0011193,1,3,0,0.35707042
INC0011193,2,3,0,0.50590914
INC0011193,3,3,0,0.5283193
INC0011197,1,2,0,0.5670409
INC0011197,2,2,0,0.56934077
INC0011218,1,5,1,0.39208496
INC0011218,2,5,1,0.6329494
INC0011218,3,5,1,0.99486285
INC0011218,4,5,1,0.99594504
INC0011218,5,5,1,0.99460596
INC0011222,1,3,0,0.3261326
INC0011222,2,3,0,0.3857471
INC0011222,3,3,0,0.8914994
INC0011242,1,7,0,0.40797243
INC0011242,2,7,0,0.43783104
INC0011242,3,7,0,0.4800027
INC0011242,4,7,0,0.36584353
INC0011242,5,7,0,0.41109198
INC0011242,6,7,0,0.40990898
INC0011242,7,7,0,0.4490646
INC0011249,1,2,0,0.8180883
INC0011249,2,2,0,0.91372764
INC0011268,1,7,1,0.26206052
INC0011268,2,7,1,0.5820622
INC0011268,3,7,1,0.96307296
INC0011268,4,7,1,0.9768
INC0011268,5,7,1,0.995231
INC0011268,6,7,1,0.99600667
INC0011268,7,7,1,0.9959693
INC0011269,1,3,0,0.48065764
INC0011269,2,3,0,0.4053605
INC0011269,3,3,0,0.39615107
INC0011280,1,3,1,0.42244348
INC0011280,2,3,1,0.49802005
INC0011280,3,3,1,0.9855958
INC0011284,1,6,1,0.5055428
INC0011284,2,6,1,0.4872775
INC0011284,3,6,1,0.50878024
INC0011284,4,6,1,0.98653656
INC0011284,5,6,1,0.96849054
INC0011284,6,6,1,0.9677591
INC0011320,1,4,1,0.55387366
INC0011320,2,4,1,0.22143766
INC0011320,3,4,1,0.99104553
INC0011320,4,4,1,0.9915086
INC0011321,1,3,1,0.44852188
INC0011321,2,3,1,0.54819244
INC0011321,3,3,1,0.55845565
INC0011354,1,2,0,0.12164611
INC0011354,2,2,0,0.1621232
INC0011375,1,2,0,0.121155776
INC0011375,2,2,0,0.23107481
INC0011381,1,5,1,0.33783624
INC0011381,2,5,1,0.59735227
INC0011381,3,5,1,0.5587696
INC0011381,4,5,1,0.6014011
INC0011381,5,5,1,0.7322072
INC0011435,1,2,0,0.0273777
INC0011435,2,2,0,0.038164977
INC0011436,1,5,1,0.13781735
INC0011436,2,5,1,0.23084956
INC0011436,3,5,1,0.4219839
INC0011436,4,5,1,0.9917869
INC0011436,5,5,1,0.99184775
INC0011441,1,1,0,0.023194985
INC0011457,1,4,0,0.23316658
INC0011457,2,4,0,0.1506582
INC0011457,3,4,0,0.16843218
INC0011457,4,4,0,0.17280436
INC0011472,1,1,0,0.030116143
INC0011486,1,1,0,0.03303429
INC0011491,1,3,0,0.41979763
INC0011491,2,3,0,0.36587653
INC0011491,3,3,0,0.4313755
INC0011536,1,1,0,0.28749073
INC0011550,1,3,1,0.36016333
INC0011550,2,3,1,0.68122894
INC0011550,3,3,1,0.6325332
INC0011559,1,1,0,0.029916266
INC0011584,1,1,0,0.28617808
INC0011599,1,1,0,0.12208533
INC0011616,1,2,0,0.16384465
INC0011616,2,2,0,0.20965168
INC0011617,1,1,0,0.04931399
INC0011619,1,3,0,0.42896712
INC0011619,2,3,0,0.7351233
INC0011619,3,3,0,0.8388765
INC0011643,1,5,0,0.38023832
INC0011643,2,5,0,0.31596437
INC0011643,3,5,0,0.2815323
INC0011643,4,5,0,0.32006484
INC0011643,5,5,0,0.31568155
INC0011651,1,2,0,0.10137672
INC0011651,2,2,0,0.18881002
INC0011654,1,5,0,0.40245068
INC0011654,2,5,0,0.49408013
INC0011654,3,5,0,0.5917903
INC0011654,4,5,0,0.6047228
INC0011654,5,5,0,0.59467906
INC0011667,1,2,0,0.12650271
INC0011667,2,2,0,0.23804644
INC0011688,1,8,1,0.11418404
INC0011688,2,8,1,0.5444205
INC0011688,3,8,1,0.7106905
INC0011688,4,8,1,0.8227418
INC0011688,5,8,1,0.9959388
INC0011688,6,8,1,0.9960008
INC0011688,7,8,1,0.99494606
INC0011688,8,8,1,0.9946795
INC0011714,1,2,0,0.3926451
INC0011714,2,2,0,0.7880012
INC0011725,1,3,1,0.36948967
INC0011725,2,3,1,0.32777253
INC0011725,3,3,1,0.587297
INC0011730,1,9,1,0.27057555
INC0011730,2,9,1,0.5720364
INC0011730,3,9,1,0.8227642
INC0011730,4,9,1,0.9939394
INC0011730,5,9,1,0.9933616
INC0011730,6,9,1,0.99270916
INC0011730,7,9,1,0.99318874
INC0011730,8,9,1,0.9911645
INC0011731,1,7,1,0.48834798
INC0011731,2,7,1,0.6500427
INC0011731,3,7,1,0.99791926
INC0011731,4,7,1,0.9975967
INC0011731,5,7,1,0.9964682
INC0011731,6,7,1,0.9968364
INC0011731,7,7,1,0.9961932
INC0011732,1,2,0,0.040426813
INC0011732,2,2,0,0.087910004
INC0011733,1,3,0,0.34452003
INC0011733,2,3,0,0.32682884
INC0011733,3,3,0,0.2597952
INC0011740,1,2,0,0.18996799
INC0011740,2,2,0,0.25758398
INC0011753,1,3,0,0.22745779
INC0011753,2,3,0,0.18562898
INC0011753,3,3,0,0.16209646
INC0011756,1,3,1,0.37132326
INC0011756,2,3,1,0.4174781
INC0011756,3,3,1,0.9535598
INC0011795,1,4,1,0.5031931
INC0011795,2,4,1,0.65880364
INC0011795,3,4,1,0.66781026
INC0011795,4,4,1,0.95409995
INC0011801,1,1,0,0.3487883
INC0011802,1,1,0,0.11500096
INC0011823,1,4,1,0.38077092
INC0011823,2,4,1,0.3707043
INC0011823,3,4,1,0.8815408
INC0011823,4,4,1,0.89059484
INC0011829,1,10,1,0.31507775
INC0011829,2,10,1,0.4596439
INC0011829,3,10,1,0.47662187
INC0011829,4,10,1,0.70234966
INC0011829,5,10,1,0.67717975
INC0011829,6,10,1,0.997407
INC0011829,7,10,1,0.9974892
INC0011829,8,10,1,0.99591607
INC0011836,1,1,1,0.50856584
INC0011854,1,7,1,0.26570037
INC0011854,2,7,1,0.5860055
INC0011854,3,7,1,0.70526046
INC0011854,4,7,1,0.665087
INC0011854,5,7,1,0.64780176
INC0011854,6,7,1,0.6454567
INC0011854,7,7,1,0.9953289
INC0011857,1,3,0,0.21279627
INC0011857,2,3,0,0.33784595
INC0011857,3,3,0,0.45195
INC0011858,1,9,0,0.40092832
INC0011858,2,9,0,0.36937073
INC0011858,3,9,0,0.39538968
INC0011858,4,9,0,0.52125114
INC0011858,5,9,0,0.42091843
INC0011858,6,9,0,0.38635245
INC0011858,7,9,0,0.41193047
INC0011858,8,9,0,0.4458073
INC0011868,1,9,1,0.5017923
INC0011868,2,9,1,0.636018
INC0011868,3,9,1,0.9967859
INC0011868,4,9,1,0.9965088
INC0011868,5,9,1,0.9927683
INC0011868,6,9,1,0.9968606
INC0011868,7,9,1,0.9962459
INC0011868,8,9,1,0.9974111
INC0011873,1,1,0,0.39088452
INC0011880,1,3,0,0.06753237
INC0011880,2,3,0,0.15019894
INC0011880,3,3,0,0.17324275
INC0011887,1,2,0,0.1927014
INC0011887,2,2,0,0.18554044
INC0011890,1,2,0,0.49339783
INC0011890,2,2,0,0.49521235
INC0011895,1,1,0,0.38374123
INC0011919,1,1,0,0.19917892
INC0011948,1,7,1,0.47025663
INC0011948,2,7,1,0.5846522
INC0011948,3,7,1,0.7719428
INC0011948,4,7,1,0.99627197
INC0011948,5,7,1,0.99508685
INC0011948,6,7,1,0.99521
INC0011948,7,7,1,0.9954852
INC0011970,1,1,0,0.43718427
INC0011989,1,2,1,0.4241035
INC0011989,2,2,1,0.57109284
INC0011994,1,2,0,0.33614492
INC0011994,2,2,0,0.40629897
INC0012045,1,3,0,0.58170164
INC0012045,2,3,0,0.5215012
INC0012045,3,3,0,0.6254522
INC0012053,1,2,0,0.18888304
INC0012053,2,2,0,0.30465975
INC0012062,1,9,0,0.34906676
INC0012062,2,9,0,0.34324947
INC0012062,3,9,0,0.57090634
INC0012062,4,9,0,0.55954933
INC0012062,5,9,0,0.55111736
INC0012062,6,9,0,0.6795721
INC0012062,7,9,0,0.3927121
INC0012062,8,9,0,0.4604729
INC0012084,1,1,0,0.46847484
INC0012092,1,4,0,0.19342762
INC0012092,2,4,0,0.44364658
INC0012092,3,4,0,0.45932472
INC0012092,4,4,0,0.44430152
INC0012098,1,3,1,0.6268618
INC0012098,2,3,1,0.99664223
INC0012098,3,3,1,0.99657613
INC0012175,1,1,0,0.2550718
INC0012209,1,10,1,0.3291891
INC0012209,2,10,1,0.38082516
INC0012209,3,10,1,0.4425654
INC0012209,4,10,1,0.4535054
INC0012209,5,10,1,0.50498235
INC0012209,6,10,1,0.41054842
INC0012209,7,10,1,0.49542737
INC0012209,8,10,1,0.5608644
INC0012294,1,4,0,0.2964988
INC0012294,2,4,0,0.22973059
INC0012294,3,4,0,0.29245514
INC0012294,4,4,0,0.5449334
INC0012300,1,3,0,0.12723817
INC0012300,2,3,0,0.17883264
INC0012300,3,3,0,0.22653633
INC0012311,1,7,0,0.5161392
INC0012311,2,7,0,0.32507187
INC0012311,3,7,0,0.6408301
INC0012311,4,7,0,0.49492836
INC0012311,5,7,0,0.51455224
INC0012311,6,7,0,0.6340326
INC0012311,7,7,0,0.5589591
INC0012313,1,1,0,0.1241494
INC0012326,1,1,0,0.29983956
INC0012333,1,7,1,0.40199855
INC0012333,2,7,1,0.19828658
INC0012333,3,7,1,0.18680412
INC0012333,4,7,1,0.6065628
INC0012333,5,7,1,0.5618111
INC0012333,6,7,1,0.9955348
INC0012333,7,7,1,0.9949538
INC0012411,1,4,0,0.3070757
INC0012411,2,4,0,0.26337737
INC0012411,3,4,0,0.21889961
INC0012411,4,4,0,0.21523896
INC0012433,1,6,0,0.15592691
INC0012433,2,6,0,0.13700143
INC0012433,3,6,0,0.13156806
INC0012433,4,6,0,0.109539755
INC0012433,5,6,0,0.16919518
INC0012433,6,6,0,0.25300756
INC0012462,1,7,0,0.2890356
INC0012462,2,7,0,0.3337808
INC0012462,3,7,0,0.37984914
INC0012462,4,7,0,0.3682317
INC0012462,5,7,0,0.32971716
INC0012462,6,7,0,0.3525972
INC0012462,7,7,0,0.3496212
INC0012471,1,3,1,0.4948437
INC0012471,2,3,1,0.3146655
INC0012471,3,3,1,0.99611133
INC0012472,1,2,0,0.03644134
INC0012472,2,2,0,0.081266806
INC0012479,1,2,1,0.3328637
INC0012479,2,2,1,0.99477565
INC0012517,1,3,0,0.19434051
INC0012517,2,3,0,0.24963462
INC0012517,3,3,0,0.26288638
INC0012538,1,8,1,0.33833912
INC0012538,2,8,1,0.2659149
INC0012538,3,8,1,0.12658894
INC0012538,4,8,1,0.124363184
INC0012538,5,8,1,0.12310901
INC0012538,6,8,1,0.15637153
INC0012538,7,8,1,0.21176243
INC0012538,8,8,1,0.99450845
INC0012551,1,4,1,0.24574402
INC0012551,2,4,1,0.18237084
INC0012551,3,4,1,0.23752937
INC0012551,4,4,1,0.23257025
INC0012561,1,2,0,0.34701887
INC0012561,2,2,0,0.14593124
INC0012566,1,3,0,0.36452612
INC0012566,2,3,0,0.2898727
INC0012566,3,3,0,0.2908035
INC0012585,1,3,0,0.40881208
INC0012585,2,3,0,0.16369037
INC0012585,3,3,0,0.19142179
INC0012610,1,7,1,0.42958778
INC0012610,2,7,1,0.40350866
INC0012610,3,7,1,0.39381236
INC0012610,4,7,1,0.9952394
INC0012610,5,7,1,0.9914641
INC0012610,6,7,1,0.9884947
INC0012610,7,7,1,0.9898164
INC0012615,1,2,1,0.42621654
INC0012615,2,2,1,0.99562055
INC0012625,1,9,0,0.47146484
INC0012625,2,9,0,0.42155808
INC0012625,3,9,0,0.36184162
INC0012625,4,9,0,0.33790103
INC0012625,5,9,0,0.33463204
INC0012625,6,9,0,0.3559458
INC0012625,7,9,0,0.49938658
INC0012625,8,9,0,0.601991
INC0012631,1,1,0,0.06327429
INC0012659,1,2,0,0.70308524
INC0012659,2,2,0,0.79368055
INC0012666,1,5,1,0.17567499
INC0012666,2,5,1,0.3129139
INC0012666,3,5,1,0.36384597
INC0012666,4,5,1,0.3356093
INC0012666,5,5,1,0.53183836
INC0012668,1,2,0,0.16394968
INC0012668,2,2,0,0.12212732
INC0012672,1,1,1,0.458945
INC0012704,1,6,0,0.5925242
INC0012704,2,6,0,0.53426063
INC0012704,3,6,0,0.6013339
INC0012704,4,6,0,0.57481474
INC0012704,5,6,0,0.70981395
INC0012704,6,6,0,0.76486105
INC0012723,1,2,0,0.06212512
INC0012723,2,2,0,0.1017203
INC0012781,1,3,0,0.07139071
INC0012781,2,3,0,0.05914481
INC0012781,3,3,0,0.053608738
INC0012789,1,6,0,0.2793748
INC0012789,2,6,0,0.14750472
INC0012789,3,6,0,0.23110448
INC0012789,4,6,0,0.21809793
INC0012789,5,6,0,0.23701395
INC0012789,6,6,0,0.2971983
INC0012809,1,6,0,0.19281062
INC0012809,2,6,0,0.10839727
INC0012809,3,6,0,0.13043238
INC0012809,4,6,0,0.15404443
INC0012809,5,6,0,0.17345849
INC0012809,6,6,0,0.1688688
INC0012877,1,3,0,0.42289105
INC0012877,2,3,0,0.35852802
INC0012877,3,3,0,0.24774581
INC0012884,1,7,1,0.21259284
INC0012884,2,7,1,0.6299565
INC0012884,3,7,1,0.67066854
INC0012884,4,7,1,0.9962192
INC0012884,5,7,1,0.99686265
INC0012884,6,7,1,0.99640584
INC0012884,7,7,1,0.99648935
INC0012891,1,6,1,0.14317273
INC0012891,2,6,1,0.3756224
INC0012891,3,6,1,0.61346906
INC0012891,4,6,1,0.9942162
INC0012891,5,6,1,0.99245596
INC0012891,6,6,1,0.99139565
INC0012895,1,29,1,0.2364482
INC0012895,2,29,1,0.5978193
INC0012895,3,29,1,0.51487184
INC0012895,4,29,1,0.54901767
INC0012895,5,29,1,0.49381608
INC0012895,6,29,1,0.5310454
INC0012895,7,29,1,0.51324195
INC0012895,8,29,1,0.5841906
INC0012900,1,2,1,0.9751737
INC0012900,2,2,1,0.94452786
INC0012904,1,2,0,0.025984552
INC0012904,2,2,0,0.0529303
INC0012912,1,4,0,0.38927618
INC0012912,2,4,0,0.18964289
INC0012912,3,4,0,0.13051969
INC0012912,4,4,0,0.15291981
INC0012967,1,13,1,0.17137389
INC0012967,2,13,1,0.5554765
INC0012967,3,13,1,0.5485274
INC0012967,4,13,1,0.5218139
INC0012967,5,13,1,0.5510334
INC0012967,6,13,1,0.55431896
INC0012967,7,13,1,0.6436678
INC0012967,8,13,1,0.569335
INC0012973,1,12,1,0.38900313
INC0012973,2,12,1,0.4404777
INC0012973,3,12,1,0.9838749
INC0012973,4,12,1,0.99424225
INC0012973,5,12,1,0.99600714
INC0012973,6,12,1,0.99593204
INC0012973,7,12,1,0.9960258
INC0012973,8,12,1,0.9963952
INC0012979,1,8,0,0.1747964
INC0012979,2,8,0,0.15565564
INC0012979,3,8,0,0.14572355
INC0012979,4,8,0,0.13999881
INC0012979,5,8,0,0.1452345
INC0012979,6,8,0,0.17958438
INC0012979,7,8,0,0.16973463
INC0012979,8,8,0,0.20921125
INC0012980,1,14,1,0.36105385
INC0012980,2,14,1,0.29481143
INC0012980,3,14,1,0.34625638
INC0012980,4,14,1,0.53997624
INC0012980,5,14,1,0.47166616
INC0012980,6,14,1,0.4701718
INC0012980,7,14,1,0.47426507
INC0012980,8,14,1,0.68968177
INC0013004,1,4,0,0.58139455
INC0013004,2,4,0,0.32208124
INC0013004,3,4,0,0.3124822
INC0013004,4,4,0,0.37517813
INC0013029,1,2,0,0.16291143
INC0013029,2,2,0,0.14106117
INC0013049,1,2,0,0.63954604
INC0013049,2,2,0,0.35275412
INC0013060,1,1,0,0.18695758
INC0013112,1,7,1,0.5019988
INC0013112,2,7,1,0.6693494
INC0013112,3,7,1,0.7337917
INC0013112,4,7,1,0.9747952
INC0013112,5,7,1,0.9956684
INC0013112,6,7,1,0.9963291
INC0013112,7,7,1,0.99608445
INC0013127,1,2,0,0.08257293
INC0013127,2,2,0,0.094069816
INC0013169,1,3,1,0.41923293
INC0013169,2,3,1,0.85225534
INC0013169,3,3,1,0.8944722
INC0013197,1,2,1,0.5156691
INC0013197,2,2,1,0.5011501
INC0013217,1,2,0,0.068401575
INC0013217,2,2,0,0.10501769
INC0013234,1,2,0,0.43126118
INC0013234,2,2,0,0.44757643
INC0013235,1,2,1,0.34545177
INC0013235,2,2,1,0.99535346
INC0013245,1,2,0,0.347241
INC0013245,2,2,0,0.17059852
INC0013251,1,7,1,0.3844001
INC0013251,2,7,1,0.36216563
INC0013251,3,7,1,0.43566447
INC0013251,4,7,1,0.66266674
INC0013251,5,7,1,0.8481497
INC0013251,6,7,1,0.98154825
INC0013251,7,7,1,0.98212665
INC0013262,1,4,0,0.31979293
INC0013262,2,4,0,0.26925233
INC0013262,3,4,0,0.2726358
INC0013262,4,4,0,0.25805235
INC0013263,1,3,1,0.1590891
INC0013263,2,3,1,0.417471
INC0013263,3,3,1,0.36136717
INC0013317,1,7,1,0.42193958
INC0013317,2,7,1,0.54136044
INC0013317,3,7,1,0.5351284
INC0013317,4,7,1,0.38873953
INC0013317,5,7,1,0.53707033
INC0013317,6,7,1,0.47613797
INC0013317,7,7,1,0.9666376
INC0013325,1,3,0,0.4144552
INC0013325,2,3,0,0.35123563
INC0013325,3,3,0,0.28658128
INC0013331,1,14,1,0.5174524
INC0013331,2,14,1,0.5514229
INC0013331,3,14,1,0.6076806
INC0013331,4,14,1,0.3151528
INC0013331,5,14,1,0.8183736
INC0013331,6,14,1,0.8138985
INC0013331,7,14,1,0.89038366
INC0013331,8,14,1,0.929967
INC0013342,1,9,1,0.37874186
INC0013342,2,9,1,0.30589917
INC0013342,3,9,1,0.38681787
INC0013342,4,9,1,0.62070304
INC0013342,5,9,1,0.42644057
INC0013342,6,9,1,0.83808
INC0013342,7,9,1,0.8279203
INC0013342,8,9,1,0.7798271
INC0013374,1,6,0,0.29258314
INC0013374,2,6,0,0.3354829
INC0013374,3,6,0,0.3337367
INC0013374,4,6,0,0.32781956
INC0013374,5,6,0,0.31919548
INC0013374,6,6,0,0.39807332
INC0013385,1,4,1,0.36924875
INC0013385,2,4,1,0.45171794
INC0013385,3,4,1,0.53129804
INC0013385,4,4,1,0.6439489
INC0013394,1,7,1,0.3512354
INC0013394,2,7,1,0.26732174
INC0013394,3,7,1,0.3481016
INC0013394,4,7,1,0.44917023
INC0013394,5,7,1,0.46568155
INC0013394,6,7,1,0.47834206
INC0013394,7,7,1,0.59832937
INC0013404,1,4,0,0.27558857
INC0013404,2,4,0,0.23476526
INC0013404,3,4,0,0.19375627
INC0013404,4,4,0,0.31069613
INC0013410,1,8,1,0.28635702
INC0013410,2,8,1,0.2864994
INC0013410,3,8,1,0.27630383
INC0013410,4,8,1,0.2621305
INC0013410,5,8,1,0.33430642
INC0013410,6,8,1,0.34244618
INC0013410,7,8,1,0.789769
INC0013410,8,8,1,0.7580161
INC0013450,1,2,0,0.16150032
INC0013450,2,2,0,0.23315223
INC0013459,1,1,0,0.08467069
INC0013478,1,2,1,0.539067
INC0013478,2,2,1,0.4216891
INC0013495,1,5,0,0.43166828
INC0013495,2,5,0,0.38003483
INC0013495,3,5,0,0.3528313
INC0013495,4,5,0,0.4341989
INC0013495,5,5,0,0.41510287
INC0013499,1,9,1,0.3925371
INC0013499,2,9,1,0.40750453
INC0013499,3,9,1,0.41327187
INC0013499,4,9,1,0.5301581
INC0013499,5,9,1,0.6244069
INC0013499,6,9,1,0.9955413
INC0013499,7,9,1,0.99600875
INC0013499,8,9,1,0.9960544
INC0013526,1,1,0,0.08179867
INC0013542,1,6,1,0.31514424
INC0013542,2,6,1,0.52844226
INC0013542,3,6,1,0.4669318
INC0013542,4,6,1,0.61864763
INC0013542,5,6,1,0.99379057
INC0013542,6,6,1,0.9944746
INC0013550,1,2,0,0.3339454
INC0013550,2,2,0,0.32740697
INC0013551,1,3,0,0.8277963
INC0013551,2,3,0,0.74517745
INC0013551,3,3,0,0.74726635
INC0013576,1,5,1,0.29429618
INC0013576,2,5,1,0.35385123
INC0013576,3,5,1,0.5371724
INC0013576,4,5,1,0.53983885
INC0013576,5,5,1,0.6194843
INC0013583,1,2,0,0.06884475
INC0013583,2,2,0,0.100355744
INC0013586,1,12,1,0.44675466
INC0013586,2,12,1,0.36021006
INC0013586,3,12,1,0.33317488
INC0013586,4,12,1,0.30480728
INC0013586,5,12,1,0.41047636
INC0013586,6,12,1,0.26316583
INC0013586,7,12,1,0.1898886
INC0013586,8,12,1,0.38638818
INC0013593,1,5,0,0.42312887
INC0013593,2,5,0,0.35964373
INC0013593,3,5,0,0.36474103
INC0013593,4,5,0,0.35853913
INC0013593,5,5,0,0.32588246
INC0013600,1,3,1,0.40604794
INC0013600,2,3,1,0.619138
INC0013600,3,3,1,0.7729116
INC0013610,1,3,1,0.42951393
INC0013610,2,3,1,0.5528526
INC0013610,3,3,1,0.9953752
INC0013628,1,1,0,0.17281364
INC0013631,1,4,0,0.14364173
INC0013631,2,4,0,0.11856615
INC0013631,3,4,0,0.11911932
INC0013631,4,4,0,0.10267917
INC0013648,1,1,0,0.061819643
INC0013656,1,2,0,0.3506981
INC0013656,2,2,0,0.2965568
INC0013667,1,1,0,0.23200125
INC0013673,1,4,0,0.17856243
INC0013673,2,4,0,0.10224698
INC0013673,3,4,0,0.12127421
INC0013673,4,4,0,0.123121865
INC0013677,1,3,1,0.8150592
INC0013677,2,3,1,0.74349487
INC0013677,3,3,1,0.9979303
INC0013685,1,3,1,0.82744277
INC0013685,2,3,1,0.7429878
INC0013685,3,3,1,0.9974542
INC0013693,1,17,1,0.4635885
INC0013693,2,17,1,0.35868317
INC0013693,3,17,1,0.41643134
INC0013693,4,17,1,0.46790832
INC0013693,5,17,1,0.45400402
INC0013693,6,17,1,0.55262136
INC0013693,7,17,1,0.55869555
INC0013693,8,17,1,0.5467416
INC0013765,1,1,0,0.10270781
INC0013773,1,2,0,0.3124576
INC0013773,2,2,0,0.18966928
INC0013784,1,5,0,0.3092198
INC0013784,2,5,0,0.28227016
INC0013784,3,5,0,0.28637457
INC0013784,4,5,0,0.29224154
INC0013784,5,5,0,0.27425402
INC0013798,1,4,0,0.38412502
INC0013798,2,4,0,0.41310677
INC0013798,3,4,0,0.30964905
INC0013798,4,4,0,0.5825208
INC0013813,1,6,1,0.25868526
INC0013813,2,6,1,0.3043495
INC0013813,3,6,1,0.28358427
INC0013813,4,6,1,0.4823513
INC0013813,5,6,1,0.8818973
INC0013813,6,6,1,0.9856698
INC0013817,1,9,1,0.31748807
INC0013817,2,9,1,0.48243418
INC0013817,3,9,1,0.5744036
INC0013817,4,9,1,0.36615795
INC0013817,5,9,1,0.34287935
INC0013817,6,9,1,0.45298234
INC0013817,7,9,1,0.4658284
INC0013817,8,9,1,0.6349618
INC0013823,1,2,0,0.34736848
INC0013823,2,2,0,0.33685765
INC0013826,1,2,0,0.019078754
INC0013826,2,2,0,0.042581048
INC0013847,1,3,0,0.30997008
INC0013847,2,3,0,0.16821302
INC0013847,3,3,0,0.15970944
INC0013866,1,2,0,0.20586018
INC0013866,2,2,0,0.14929956
INC0013872,1,3,0,0.12697977
INC0013872,2,3,0,0.26589102
INC0013872,3,3,0,0.24302848
INC0013880,1,1,0,0.05641285
INC0013886,1,1,0,0.01954458
INC0013893,1,2,1,0.42954183
INC0013893,2,2,1,0.47275585
INC0013910,1,3,0,0.14571805
INC0013910,2,3,0,0.12222019
INC0013910,3,3,0,0.11659609
INC0013922,1,3,0,0.32707384
INC0013922,2,3,0,0.46601194
INC0013922,3,3,0,0.3407897
INC0013932,1,4,1,0.9614349
INC0013932,2,4,1,0.9653949
INC0013932,3,4,1,0.9477939
INC0013932,4,4,1,0.9465228
INC0013944,1,4,0,0.19886018
INC0013944,2,4,0,0.0861673
INC0013944,3,4,0,0.1906813
INC0013944,4,4,0,0.19250068
INC0013948,1,5,0,0.23208617
INC0013948,2,5,0,0.22563885
INC0013948,3,5,0,0.15633284
INC0013948,4,5,0,0.16352682
INC0013948,5,5,0,0.15702353
INC0013975,1,5,0,0.28751084
INC0013975,2,5,0,0.2167479
INC0013975,3,5,0,0.19839048
INC0013975,4,5,0,0.31452286
INC0013975,5,5,0,0.33496037
INC0013982,1,2,0,0.25815228
INC0013982,2,2,0,0.21059781
INC0014005,1,7,0,0.21082981
INC0014005,2,7,0,0.09822559
INC0014005,3,7,0,0.3591012
INC0014005,4,7,0,0.4282447
INC0014005,5,7,0,0.29066253
INC0014005,6,7,0,0.31420553
INC0014005,7,7,0,0.30763412
INC0014007,1,6,1,0.3763789
INC0014007,2,6,1,0.98969555
INC0014007,3,6,1,0.9890097
INC0014007,4,6,1,0.9927488
INC0014007,5,6,1,0.9929724
INC0014007,6,6,1,0.99495405
INC0014018,1,2,1,0.32382563
INC0014018,2,2,1,0.23815359
INC0014048,1,4,0,0.31763247
INC0014048,2,4,0,0.23920108
INC0014048,3,4,0,0.3534996
INC0014048,4,4,0,0.3778913
INC0014082,1,1,0,0.0597966
INC0014085,1,4,0,0.3192043
INC0014085,2,4,0,0.5067378
INC0014085,3,4,0,0.50130486
INC0014085,4,4,0,0.5753239
INC0014089,1,1,0,0.061393905
INC0014098,1,2,0,0.06756812
INC0014098,2,2,0,0.15548113
INC0014104,1,10,1,0.23932289
INC0014104,2,10,1,0.4073753
INC0014104,3,10,1,0.43550438
INC0014104,4,10,1,0.45988876
INC0014104,5,10,1,0.31388044
INC0014104,6,10,1,0.8234404
INC0014104,7,10,1,0.9845392
INC0014104,8,10,1,0.9893476
INC0014112,1,7,1,0.12259178
INC0014112,2,7,1,0.14668602
INC0014112,3,7,1,0.16746499
INC0014112,4,7,1,0.35602745
INC0014112,5,7,1,0.96932226
INC0014112,6,7,1,0.9785864
INC0014112,7,7,1,0.9812727
INC0014124,1,2,0,0.20244332
INC0014124,2,2,0,0.26275554
INC0014134,1,3,1,0.28122374
INC0014134,2,3,1,0.3168824
INC0014134,3,3,1,0.9940357
INC0014175,1,1,0,0.0737048
INC0014176,1,1,0,0.074819446
INC0014191,1,9,1,0.409223
INC0014191,2,9,1,0.35549423
INC0014191,3,9,1,0.3499921
INC0014191,4,9,1,0.52155715
INC0014191,5,9,1,0.473797
INC0014191,6,9,1,0.9949935
INC0014191,7,9,1,0.99530965
INC0014191,8,9,1,0.99628323
INC0014201,1,4,0,0.11410174
INC0014201,2,4,0,0.17148139
INC0014201,3,4,0,0.16780265
INC0014201,4,4,0,0.13266337
INC0014204,1,3,0,0.28178486
INC0014204,2,3,0,0.56310064
INC0014204,3,3,0,0.44391403
INC0014230,1,3,1,0.66433704
INC0014230,2,3,1,0.7129196
INC0014230,3,3,1,0.99782395
INC0014231,1,1,0,0.054797694
INC0014237,1,6,0,0.32227203
INC0014237,2,6,0,0.3648
INC0014237,3,6,0,0.28791425
INC0014237,4,6,0,0.8355096
INC0014237,5,6,0,0.8867995
INC0014237,6,6,0,0.9439755
INC0014270,1,3,0,0.1971317
INC0014270,2,3,0,0.21608245
INC0014270,3,3,0,0.22045034
INC0014275,1,1,0,0.014127313
INC0014286,1,4,0,0.24833149
INC0014286,2,4,0,0.19286118
INC0014286,3,4,0,0.28132567
INC0014286,4,4,0,0.27833757
INC0014309,1,2,0,0.26668155
INC0014309,2,2,0,0.27252066
INC0014318,1,1,0,0.08313881
INC0014320,1,5,0,0.2520108
INC0014320,2,5,0,0.19961126
INC0014320,3,5,0,0.15571642
INC0014320,4,5,0,0.18761666
INC0014320,5,5,0,0.1710681
INC0014338,1,1,0,0.14439386
INC0014344,1,2,0,0.04511718
INC0014344,2,2,0,0.043217156
INC0014345,1,1,0,0.04942646
INC0014346,1,2,0,0.26722413
INC0014346,2,2,0,0.26627028
INC0014357,1,2,0,0.27573508
INC0014357,2,2,0,0.25994915
INC0014364,1,1,0,0.01139684
INC0014366,1,1,0,0.019424269
INC0014374,1,1,0,0.013641466
INC0014375,1,1,0,0.018148981
INC0014376,1,2,0,0.016543973
INC0014376,2,2,0,0.03757477
INC0014377,1,2,0,0.05765471
INC0014377,2,2,0,0.106878504
INC0014378,1,1,0,0.0027615277
INC0014386,1,1,0,0.016296737
INC0014393,1,1,0,0.029455189
INC0014413,1,1,0,0.078119434
INC0014418,1,8,0,0.3735055
INC0014418,2,8,0,0.3515622
INC0014418,3,8,0,0.3650842
INC0014418,4,8,0,0.20620821
INC0014418,5,8,0,0.30464348
INC0014418,6,8,0,0.3088187
INC0014418,7,8,0,0.23567088
INC0014418,8,8,0,0.31685543
INC0014423,1,5,0,0.15106098
INC0014423,2,5,0,0.3160638
INC0014423,3,5,0,0.20700656
INC0014423,4,5,0,0.16412018
INC0014423,5,5,0,0.13433295
INC0014425,1,3,0,0.26086748
INC0014425,2,3,0,0.15801628
INC0014425,3,3,0,0.15167147
INC0014426,1,7,0,0.07247046
INC0014426,2,7,0,0.4454237
INC0014426,3,7,0,0.45044535
INC0014426,4,7,0,0.4386477
INC0014426,5,7,0,0.22361314
INC0014426,6,7,0,0.24448213
INC0014426,7,7,0,0.60217637
INC0014429,1,3,0,0.401564
INC0014429,2,3,0,0.42139438
INC0014429,3,3,0,0.44957465
INC0014446,1,11,0,0.40519807
INC0014446,2,11,0,0.5986479
INC0014446,3,11,0,0.5613337
INC0014446,4,11,0,0.36359003
INC0014446,5,11,0,0.46275714
INC0014446,6,11,0,0.27242994
INC0014446,7,11,0,0.28386182
INC0014446,8,11,0,0.27998567
INC0014454,1,1,0,0.1161628
INC0014463,1,2,0,0.022600811
INC0014463,2,2,0,0.04889883
INC0014479,1,3,0,0.39892456
INC0014479,2,3,0,0.37802494
INC0014479,3,3,0,0.39443251
INC0014503,1,1,0,0.038240895
INC0014509,1,2,1,0.36198398
INC0014509,2,2,1,0.9891984
INC0014517,1,1,0,0.2850792
INC0014543,1,1,0,0.005471267
INC0014545,1,4,1,0.3831741
INC0014545,2,4,1,0.35152388
INC0014545,3,4,1,0.99439126
INC0014545,4,4,1,0.9940224
INC0014558,1,5,0,0.2622803
INC0014558,2,5,0,0.27072495
INC0014558,3,5,0,0.21770495
INC0014558,4,5,0,0.2112388
INC0014558,5,5,0,0.18158701
INC0014560,1,12,1,0.3017446
INC0014560,2,12,1,0.27197194
INC0014560,3,12,1,0.31522796
INC0014560,4,12,1,0.41515136
INC0014560,5,12,1,0.21122451
INC0014560,6,12,1,0.99477816
INC0014560,7,12,1,0.9956061
INC0014560,8,12,1,0.99456656
INC0014564,1,3,1,0.14304829
INC0014564,2,3,1,0.16377544
INC0014564,3,3,1,0.611318
INC0014581,1,1,0,0.22004084
INC0014589,1,4,0,0.29715687
INC0014589,2,4,0,0.2447391
INC0014589,3,4,0,0.23246247
INC0014589,4,4,0,0.29807007
INC0014590,1,2,0,0.31839392
INC0014590,2,2,0,0.2411458
INC0014599,1,4,0,0.2869685
INC0014599,2,4,0,0.2273724
INC0014599,3,4,0,0.1968204
INC0014599,4,4,0,0.30998492
INC0014602,1,1,0,0.44808403
INC0014646,1,1,0,0.13536686
INC0014656,1,9,0,0.22607376
INC0014656,2,9,0,0.2892748
INC0014656,3,9,0,0.30152795
INC0014656,4,9,0,0.22417663
INC0014656,5,9,0,0.24686055
INC0014656,6,9,0,0.14350487
INC0014656,7,9,0,0.1252944
INC0014656,8,9,0,0.16366422
INC0014658,1,4,0,0.11180421
INC0014658,2,4,0,0.24419858
INC0014658,3,4,0,0.22777247
INC0014658,4,4,0,0.2720962
INC0014665,1,4,1,0.32815197
INC0014665,2,4,1,0.38544792
INC0014665,3,4,1,0.31745887
INC0014665,4,4,1,0.8118245
INC0014698,1,1,0,0.05168022
INC0014701,1,2,0,0.20961249
INC0014701,2,2,0,0.17497936
INC0014711,1,11,1,0.34722412
INC0014711,2,11,1,0.3892666
INC0014711,3,11,1,0.25217816
INC0014711,4,11,1,0.28355235
INC0014711,5,11,1,0.36070818
INC0014711,6,11,1,0.36623076
INC0014711,7,11,1,0.41601747
INC0014711,8,11,1,0.4069041
INC0014731,1,1,0,0.056389503
INC0014736,1,3,0,0.28025562
INC0014736,2,3,0,0.38674673
INC0014736,3,3,0,0.3885853
INC0014746,1,2,0,0.26014465
INC0014746,2,2,0,0.25702745
INC0014762,1,3,0,0.14410472
INC0014762,2,3,0,0.3717608
INC0014762,3,3,0,0.32751876
INC0014778,1,8,0,0.4000876
INC0014778,2,8,0,0.27027783
INC0014778,3,8,0,0.21979135
INC0014778,4,8,0,0.35816061
INC0014778,5,8,0,0.3224492
INC0014778,6,8,0,0.24737006
INC0014778,7,8,0,0.25058118
INC0014778,8,8,0,0.3307896
INC0014779,1,16,1,0.49844694
INC0014779,2,16,1,0.59493035
INC0014779,3,16,1,0.37514588
INC0014779,4,16,1,0.99501675
INC0014779,5,16,1,0.99439794
INC0014779,6,16,1,0.9950754
INC0014779,7,16,1,0.9958072
INC0014779,8,16,1,0.9957241
INC0014786,1,1,0,0.05585307
INC0014796,1,7,0,0.38692024
INC0014796,2,7,0,0.33298337
INC0014796,3,7,0,0.30710828
INC0014796,4,7,0,0.3555994
INC0014796,5,7,0,0.35871372
INC0014796,6,7,0,0.22198431
INC0014796,7,7,0,0.19727415
INC0014797,1,1,0,0.21599834
INC0014839,1,2,0,0.35806465
INC0014839,2,2,0,0.3683961
INC0014843,1,2,1,0.4774089
INC0014843,2,2,1,0.3716155
INC0014846,1,6,1,0.40815288
INC0014846,2,6,1,0.40668103
INC0014846,3,6,1,0.3227963
INC0014846,4,6,1,0.6419213
INC0014846,5,6,1,0.99644107
INC0014846,6,6,1,0.9960465
INC0014849,1,6,0,0.3680091
INC0014849,2,6,0,0.2767104
INC0014849,3,6,0,0.1734096
INC0014849,4,6,0,0.23501252
INC0014849,5,6,0,0.31927115
INC0014849,6,6,0,0.25308684
INC0014865,1,1,0,0.12686291
INC0014875,1,2,0,0.14256682
INC0014875,2,2,0,0.24319132
INC0014877,1,2,0,0.38218814
INC0014877,2,2,0,0.26087525
INC0014895,1,1,0,0.13610734
INC0014901,1,8,0,0.47112072
INC0014901,2,8,0,0.47983488
INC0014901,3,8,0,0.4665866
INC0014901,4,8,0,0.4716191
INC0014901,5,8,0,0.47798195
INC0014901,6,8,0,0.47041923
INC0014901,7,8,0,0.44077855
INC0014901,8,8,0,0.36978716
INC0014909,1,1,0,0.1012278
INC0014912,1,4,0,0.32162112
INC0014912,2,4,0,0.33667183
INC0014912,3,4,0,0.27723068
INC0014912,4,4,0,0.33306476
INC0014915,1,9,0,0.13534398
INC0014915,2,9,0,0.4508312
INC0014915,3,9,0,0.39981815
INC0014915,4,9,0,0.41847473
INC0014915,5,9,0,0.5497545
INC0014915,6,9,0,0.6957497
INC0014915,7,9,0,0.810253
INC0014915,8,9,0,0.7646532
INC0014927,1,4,0,0.2628554
INC0014927,2,4,0,0.29999903
INC0014927,3,4,0,0.37479138
INC0014927,4,4,0,0.7920589
INC0014937,1,2,0,0.12544575
INC0014937,2,2,0,0.25995484
INC0014947,1,1,0,0.14869317
INC0014951,1,2,0,0.46854413
INC0014951,2,2,0,0.4685525
INC0014952,1,3,0,0.16005182
INC0014952,2,3,0,0.30590805
INC0014952,3,3,0,0.24556337
INC0014964,1,5,0,0.2577152
INC0014964,2,5,0,0.20311192
INC0014964,3,5,0,0.17635591
INC0014964,4,5,0,0.3119431
INC0014964,5,5,0,0.25767216
INC0014974,1,2,1,0.47035798
INC0014974,2,2,1,0.46750256
INC0014986,1,2,0,0.4008925
INC0014986,2,2,0,0.4090734
INC0014991,1,1,0,0.049999785
INC0014992,1,1,0,0.08266557
INC0014998,1,5,0,0.47973293
INC0014998,2,5,0,0.49788103
INC0014998,3,5,0,0.39113775
INC0014998,4,5,0,0.42631558
INC0014998,5,5,0,0.40329137
INC0015001,1,3,0,0.15998924
INC0015001,2,3,0,0.15022127
INC0015001,3,3,0,0.21807788
INC0015004,1,4,0,0.4023937
INC0015004,2,4,0,0.44309375
INC0015004,3,4,0,0.3678248
INC0015004,4,4,0,0.33921385
INC0015005,1,3,1,0.56517535
INC0015005,2,3,1,0.49430272
INC0015005,3,3,1,0.8348458
INC0015018,1,2,0,0.077692166
INC0015018,2,2,0,0.20203948
INC0015044,1,9,0,0.37374347
INC0015044,2,9,0,0.33568105
INC0015044,3,9,0,0.3585664
INC0015044,4,9,0,0.42636856
INC0015044,5,9,0,0.37776506
INC0015044,6,9,0,0.5139396
INC0015044,7,9,0,0.5921911
INC0015044,8,9,0,0.6194915
INC0015047,1,9,1,0.28326494
INC0015047,2,9,1,0.27396196
INC0015047,3,9,1,0.25844303
INC0015047,4,9,1,0.25957233
INC0015047,5,9,1,0.6580599
INC0015047,6,9,1,0.5900757
INC0015047,7,9,1,0.774944
INC0015047,8,9,1,0.8094058
INC0015055,1,7,0,0.18365978
INC0015055,2,7,0,0.2881617
INC0015055,3,7,0,0.36116904
INC0015055,4,7,0,0.32084438
INC0015055,5,7,0,0.32884762
INC0015055,6,7,0,0.2588239
INC0015055,7,7,0,0.24821666
INC0015061,1,1,0,0.110535696
INC0015066,1,5,0,0.06450691
INC0015066,2,5,0,0.17755984
INC0015066,3,5,0,0.1201021
INC0015066,4,5,0,0.11850644
INC0015066,5,5,0,0.11166544
INC0015068,1,8,0,0.26428968
INC0015068,2,8,0,0.22448362
INC0015068,3,8,0,0.3713488
INC0015068,4,8,0,0.49445504
INC0015068,5,8,0,0.63651496
INC0015068,6,8,0,0.48148966
INC0015068,7,8,0,0.4749305
INC0015068,8,8,0,0.5193081
INC0015092,1,1,0,0.122334704
INC0015111,1,2,0,0.26455277
INC0015111,2,2,0,0.25147122
INC0015166,1,3,1,0.2043033
INC0015166,2,3,1,0.4424858
INC0015166,3,3,1,0.4384577
INC0015189,1,1,0,0.08278047
INC0015208,1,3,0,0.27422023
INC0015208,2,3,0,0.24285094
INC0015208,3,3,0,0.37016636
INC0015216,1,1,0,0.04674478
INC0015230,1,1,0,0.16824217
INC0015244,1,3,1,0.22521383
INC0015244,2,3,1,0.47332433
INC0015244,3,3,1,0.8422099
INC0015250,1,3,0,0.217425
INC0015250,2,3,0,0.2248517
INC0015250,3,3,0,0.33442625
INC0015252,1,3,1,0.2135543
INC0015252,2,3,1,0.45863086
INC0015252,3,3,1,0.8488372
INC0015264,1,1,0,0.107391484
INC0015267,1,2,0,0.14568837
INC0015267,2,2,0,0.2509602
INC0015271,1,1,0,0.06923931
INC0015287,1,4,0,0.11424415
INC0015287,2,4,0,0.17731488
INC0015287,3,4,0,0.25649056
INC0015287,4,4,0,0.2549632
INC0015289,1,2,0,0.25173828
INC0015289,2,2,0,0.37412867
INC0015294,1,1,1,0.744554
INC0015296,1,1,0,0.50055647
INC0015298,1,2,0,0.19713953
INC0015298,2,2,0,0.45791796
INC0015304,1,4,0,0.19125812
INC0015304,2,4,0,0.14613841
INC0015304,3,4,0,0.15480767
INC0015304,4,4,0,0.14953963
INC0015305,1,2,0,0.18451732
INC0015305,2,2,0,0.349858
INC0015309,1,1,0,0.05612492
INC0015310,1,3,1,0.17588148
INC0015310,2,3,1,0.34795818
INC0015310,3,3,1,0.33743683
INC0015316,1,1,0,0.0675568
INC0015332,1,1,0,0.21071042
INC0015356,1,1,0,0.04113391
INC0015363,1,3,0,0.14773484
INC0015363,2,3,0,0.14185406
INC0015363,3,3,0,0.13425188
INC0015368,1,2,0,0.08920698
INC0015368,2,2,0,0.39559463
INC0015391,1,3,0,0.11246395
INC0015391,2,3,0,0.23006348
INC0015391,3,3,0,0.22150035
INC0015396,1,1,0,0.041348677
INC0015398,1,9,1,0.32348797
INC0015398,2,9,1,0.24823779
INC0015398,3,9,1,0.18950276
INC0015398,4,9,1,0.18980001
INC0015398,5,9,1,0.2671334
INC0015398,6,9,1,0.21177721
INC0015398,7,9,1,0.21766381
INC0015398,8,9,1,0.27937102
INC0015399,1,7,0,0.11507179
INC0015399,2,7,0,0.25862184
INC0015399,3,7,0,0.393222
INC0015399,4,7,0,0.39823204
INC0015399,5,7,0,0.5236425
INC0015399,6,7,0,0.4664095
INC0015399,7,7,0,0.52454543
INC0015406,1,4,0,0.30831283
INC0015406,2,4,0,0.22949149
INC0015406,3,4,0,0.370667
INC0015406,4,4,0,0.36523768
INC0015416,1,4,0,0.10950604
INC0015416,2,4,0,0.30927902
INC0015416,3,4,0,0.31210545
INC0015416,4,4,0,0.3381761
INC0015418,1,2,0,0.34924018
INC0015418,2,2,0,0.27114397
INC0015427,1,4,1,0.28826758
INC0015427,2,4,1,0.2622945
INC0015427,3,4,1,0.45003533
INC0015427,4,4,1,0.9973496
INC0015436,1,3,0,0.25618863
INC0015436,2,3,0,0.2614318
INC0015436,3,3,0,0.21469793
INC0015450,1,5,0,0.24852084
INC0015450,2,5,0,0.21026951
INC0015450,3,5,0,0.2238163
INC0015450,4,5,0,0.27750933
INC0015450,5,5,0,0.3746184
INC0015455,1,1,0,0.031496618
INC0015465,1,1,0,0.053331424
INC0015479,1,4,0,0.35050803
INC0015479,2,4,0,0.3289469
INC0015479,3,4,0,0.26213276
INC0015479,4,4,0,0.2269525
INC0015483,1,6,0,0.34768966
INC0015483,2,6,0,0.3358993
INC0015483,3,6,0,0.4272307
INC0015483,4,6,0,0.57961816
INC0015483,5,6,0,0.8007769
INC0015483,6,6,0,0.75795466
INC0015495,1,1,0,0.053771205
INC0015496,1,1,0,0.038867585
INC0015525,1,2,0,0.1790079
INC0015525,2,2,0,0.17542215
INC0015528,1,2,0,0.25248638
INC0015528,2,2,0,0.12057863
INC0015538,1,2,0,0.17621242
INC0015538,2,2,0,0.17843348
INC0015543,1,1,0,0.029100578
INC0015545,1,4,1,0.11499569
INC0015545,2,4,1,0.6593531
INC0015545,3,4,1,0.9963529
INC0015545,4,4,1,0.9943575
INC0015560,1,1,0,0.0559211
INC0015589,1,1,0,0.05438996
INC0015600,1,3,0,0.23148113
INC0015600,2,3,0,0.2771409
INC0015600,3,3,0,0.65796304
INC0015602,1,5,1,0.5663911
INC0015602,2,5,1,0.5327327
INC0015602,3,5,1,0.4981591
INC0015602,4,5,1,0.853344
INC0015602,5,5,1,0.75200075
INC0015608,1,1,0,0.17484152
INC0015633,1,2,0,0.24829498
INC0015633,2,2,0,0.23128293
INC0015635,1,1,0,0.25692874
INC0015705,1,4,0,0.36083472
INC0015705,2,4,0,0.3121067
INC0015705,3,4,0,0.19415547
INC0015705,4,4,0,0.32120615
INC0015708,1,3,0,0.3424371
INC0015708,2,3,0,0.3291593
INC0015708,3,3,0,0.42746037
INC0015711,1,1,0,0.080129616
INC0015713,1,1,0,0.049823314
INC0015728,1,2,0,0.24615188
INC0015728,2,2,0,0.18755515
INC0015741,1,10,0,0.2595294
INC0015741,2,10,0,0.15171486
INC0015741,3,10,0,0.21695296
INC0015741,4,10,0,0.3155855
INC0015741,5,10,0,0.3112987
INC0015741,6,10,0,0.3950362
INC0015741,7,10,0,0.40507036
INC0015741,8,10,0,0.37468612
INC0015752,1,4,0,0.31033647
INC0015752,2,4,0,0.31295282
INC0015752,3,4,0,0.27739787
INC0015752,4,4,0,0.27312976
INC0015769,1,6,1,0.59451485
INC0015769,2,6,1,0.9984296
INC0015769,3,6,1,0.99114203
INC0015769,4,6,1,0.99608326
INC0015769,5,6,1,0.99534225
INC0015769,6,6,1,0.9918618
INC0015809,1,1,0,0.049651425
INC0015815,1,5,1,0.36177424
INC0015815,2,5,1,0.34769437
INC0015815,3,5,1,0.26914874
INC0015815,4,5,1,0.70208603
INC0015815,5,5,1,0.99927586
INC0015818,1,9,0,0.16991405
INC0015818,2,9,0,0.5311458
INC0015818,3,9,0,0.4906507
INC0015818,4,9,0,0.47775757
INC0015818,5,9,0,0.3433383
INC0015818,6,9,0,0.34672529
INC0015818,7,9,0,0.5244587
INC0015818,8,9,0,0.5787019
INC0015833,1,1,0,0.056430046
INC0015838,1,1,0,0.05565514
INC0015864,1,8,1,0.43302014
INC0015864,2,8,1,0.330318
INC0015864,3,8,1,0.550608
INC0015864,4,8,1,0.51809305
INC0015864,5,8,1,0.6424046
INC0015864,6,8,1,0.9867257
INC0015864,7,8,1,0.98697764
INC0015864,8,8,1,0.9969838
INC0015886,1,1,0,0.020565016
INC0015888,1,2,1,0.51771426
INC0015888,2,2,1,0.36116347
INC0015895,1,7,1,0.36267814
INC0015895,2,7,1,0.7235332
INC0015895,3,7,1,0.996073
INC0015895,4,7,1,0.99610174
INC0015895,5,7,1,0.996369
INC0015895,6,7,1,0.9965745
INC0015895,7,7,1,0.9966535
INC0015906,1,1,1,0.7437057
INC0015911,1,2,0,0.023868302
INC0015911,2,2,0,0.06659803
INC0015918,1,1,0,0.07096408
INC0015931,1,9,1,0.5597284
INC0015931,2,9,1,0.41492715
INC0015931,3,9,1,0.33485088
INC0015931,4,9,1,0.37933677
INC0015931,5,9,1,0.3555436
INC0015931,6,9,1,0.34239423
INC0015931,7,9,1,0.45879683
INC0015931,8,9,1,0.741154
INC0015936,1,3,0,0.4020187
INC0015936,2,3,0,0.3848642
INC0015936,3,3,0,0.38830918
INC0015987,1,6,1,0.657775
INC0015987,2,6,1,0.5500221
INC0015987,3,6,1,0.99780697
INC0015987,4,6,1,0.99700624
INC0015987,5,6,1,0.9968335
INC0015987,6,6,1,0.99671423
INC0015990,1,2,0,0.051767793
INC0015990,2,2,0,0.11803458
INC0015991,1,16,1,0.067992195
INC0015991,2,16,1,0.29044953
INC0015991,3,16,1,0.27036682
INC0015991,4,16,1,0.21661103
INC0015991,5,16,1,0.29713544
INC0015991,6,16,1,0.4680492
INC0015991,7,16,1,0.43795046
INC0015991,8,16,1,0.5120409
INC0016008,1,1,0,0.08473914
INC0016017,1,2,0,0.2943395
INC0016017,2,2,0,0.252647
INC0016026,1,5,1,0.42453828
INC0016026,2,5,1,0.3644015
INC0016026,3,5,1,0.33859548
INC0016026,4,5,1,0.9712412
INC0016026,5,5,1,0.9939938
INC0016027,1,9,1,0.48479098
INC0016027,2,9,1,0.99731076
INC0016027,3,9,1,0.99726033
INC0016027,4,9,1,0.99681526
INC0016027,5,9,1,0.9968359
INC0016027,6,9,1,0.99721897
INC0016027,7,9,1,0.9971691
INC0016027,8,9,1,0.99694246
INC0016029,1,1,1,0.8244958
INC0016036,1,2,0,0.3755371
INC0016036,2,2,0,0.33155704
INC0016038,1,2,0,0.16499661
INC0016038,2,2,0,0.34936392
INC0016067,1,27,1,0.3976486
INC0016067,2,27,1,0.48243913
INC0016067,3,27,1,0.63851005
INC0016067,4,27,1,0.6807093
INC0016067,5,27,1,0.5163138
INC0016067,6,27,1,0.42162037
INC0016067,7,27,1,0.3812807
INC0016067,8,27,1,0.365872
INC0016072,1,12,1,0.36672702
INC0016072,2,12,1,0.32934833
INC0016072,3,12,1,0.33287638
INC0016072,4,12,1,0.35219216
INC0016072,5,12,1,0.35987994
INC0016072,6,12,1,0.39760444
INC0016072,7,12,1,0.4286941
INC0016072,8,12,1,0.53810835
INC0016076,1,3,0,0.26962584
INC0016076,2,3,0,0.14127396
INC0016076,3,3,0,0.14061017
INC0016081,1,9,1,0.3304652
INC0016081,2,9,1,0.29654598
INC0016081,3,9,1,0.25377256
INC0016081,4,9,1,0.3027502
INC0016081,5,9,1,0.24786717
INC0016081,6,9,1,0.9570727
INC0016081,7,9,1,0.9690731
INC0016081,8,9,1,0.9657161
INC0016083,1,9,1,0.43530267
INC0016083,2,9,1,0.37708473
INC0016083,3,9,1,0.46441478
INC0016083,4,9,1,0.4606276
INC0016083,5,9,1,0.36934
INC0016083,6,9,1,0.9656083
INC0016083,7,9,1,0.9744012
INC0016083,8,9,1,0.9737212
INC0016089,1,2,0,0.1588161
INC0016089,2,2,0,0.28281412
INC0016106,1,8,1,0.44552213
INC0016106,2,8,1,0.47059098
INC0016106,3,8,1,0.41895008
INC0016106,4,8,1,0.5604777
INC0016106,5,8,1,0.4699902
INC0016106,6,8,1,0.6172937
INC0016106,7,8,1,0.6264227
INC0016106,8,8,1,0.9343067
INC0016111,1,13,1,0.39216065
INC0016111,2,13,1,0.3954236
INC0016111,3,13,1,0.5230607
INC0016111,4,13,1,0.97979283
INC0016111,5,13,1,0.9833196
INC0016111,6,13,1,0.9782031
INC0016111,7,13,1,0.97738624
INC0016111,8,13,1,0.9780936
INC0016122,1,2,1,0.4639296
INC0016122,2,2,1,0.3452645
INC0016133,1,10,1,0.42737418
INC0016133,2,10,1,0.9598645
INC0016133,3,10,1,0.9601557
INC0016133,4,10,1,0.96741843
INC0016133,5,10,1,0.9618472
INC0016133,6,10,1,0.9951998
INC0016133,7,10,1,0.99645007
INC0016133,8,10,1,0.99576926
INC0016142,1,4,0,0.33181387
INC0016142,2,4,0,0.41887254
INC0016142,3,4,0,0.35245517
INC0016142,4,4,0,0.3921884
INC0016165,1,1,0,0.18395685
INC0016168,1,1,0,0.4963076
INC0016203,1,2,0,0.45078832
INC0016203,2,2,0,0.45793304
INC0016209,1,9,1,0.31470227
INC0016209,2,9,1,0.28188404
INC0016209,3,9,1,0.34624505
INC0016209,4,9,1,0.36823788
INC0016209,5,9,1,0.50558305
INC0016209,6,9,1,0.48179767
INC0016209,7,9,1,0.44409645
INC0016209,8,9,1,0.9928048
INC0016236,1,4,0,0.32905415
INC0016236,2,4,0,0.33343253
INC0016236,3,4,0,0.29994258
INC0016236,4,4,0,0.46067593
INC0016264,1,1,0,0.20775269
INC0016265,1,4,0,0.68134725
INC0016265,2,4,0,0.7986685
INC0016265,3,4,0,0.76830333
INC0016265,4,4,0,0.74821955
INC0016267,1,1,0,0.32123646
INC0016286,1,1,0,0.040595833
INC0016290,1,2,0,0.1308946
INC0016290,2,2,0,0.14182924
INC0016296,1,2,0,0.13053754
INC0016296,2,2,0,0.1470511
INC0016323,1,2,0,0.17216669
INC0016323,2,2,0,0.12866718
INC0016336,1,2,0,0.08906292
INC0016336,2,2,0,0.17456377
INC0016342,1,4,1,0.20731515
INC0016342,2,4,1,0.20204814
INC0016342,3,4,1,0.12584853
INC0016342,4,4,1,0.27645314
INC0016344,1,1,0,0.098213986
INC0016346,1,1,0,0.04304729
INC0016364,1,1,0,0.023448927
INC0016370,1,1,0,0.026643872
INC0016379,1,3,1,0.16735607
INC0016379,2,3,1,0.67081976
INC0016379,3,3,1,0.67746615
INC0016387,1,1,0,0.16048057
INC0016390,1,4,1,0.3096394
INC0016390,2,4,1,0.34366125
INC0016390,3,4,1,0.352295
INC0016390,4,4,1,0.4207753
INC0016391,1,1,0,0.02320531
INC0016392,1,2,0,0.3508536
INC0016392,2,2,0,0.2765999
INC0016417,1,5,1,0.2647802
INC0016417,2,5,1,0.9465441
INC0016417,3,5,1,0.9942194
INC0016417,4,5,1,0.99639446
INC0016417,5,5,1,0.9967597
INC0016418,1,4,1,0.22454101
INC0016418,2,4,1,0.27246374
INC0016418,3,4,1,0.9342327
INC0016418,4,4,1,0.9550508
INC0016451,1,7,1,0.12965584
INC0016451,2,7,1,0.10150122
INC0016451,3,7,1,0.5665497
INC0016451,4,7,1,0.69045806
INC0016451,5,7,1,0.86702347
INC0016451,6,7,1,0.8183967
INC0016451,7,7,1,0.8209535
INC0016454,1,2,0,0.14196104
INC0016454,2,2,0,0.12893137
INC0016455,1,1,0,0.19143793
INC0016462,1,2,0,0.24862766
INC0016462,2,2,0,0.22110233
INC0016463,1,2,0,0.19953164
INC0016463,2,2,0,0.16521403
INC0016468,1,5,0,0.09643565
INC0016468,2,5,0,0.10443357
INC0016468,3,5,0,0.2616992
INC0016468,4,5,0,0.26235124
INC0016468,5,5,0,0.12874088
INC0016470,1,3,0,0.24547803
INC0016470,2,3,0,0.14450961
INC0016470,3,3,0,0.21004064
INC0016479,1,1,0,0.026628966
INC0016482,1,1,0,0.2991419
INC0016498,1,10,1,0.25820023
INC0016498,2,10,1,0.2079336
INC0016498,3,10,1,0.15954947
INC0016498,4,10,1,0.17167208
INC0016498,5,10,1,0.16758074
INC0016498,6,10,1,0.16897494
INC0016498,7,10,1,0.16882323
INC0016498,8,10,1,0.68328166
INC0016548,1,6,0,0.34543037
INC0016548,2,6,0,0.3629412
INC0016548,3,6,0,0.33118224
INC0016548,4,6,0,0.23993582
INC0016548,5,6,0,0.31895328
INC0016548,6,6,0,0.28879637
INC0016551,1,6,1,0.37148958
INC0016551,2,6,1,0.32393473
INC0016551,3,6,1,0.45861402
INC0016551,4,6,1,0.47747216
INC0016551,5,6,1,0.49222362
INC0016551,6,6,1,0.95081705
INC0016563,1,2,0,0.34553745
INC0016563,2,2,0,0.26110968
INC0016564,1,3,1,0.342195
INC0016564,2,3,1,0.19289686
INC0016564,3,3,1,0.8797237
INC0016567,1,5,0,0.28142008
INC0016567,2,5,0,0.202768
INC0016567,3,5,0,0.1589077
INC0016567,4,5,0,0.15808354
INC0016567,5,5,0,0.14018933
INC0016574,1,2,1,0.732899
INC0016574,2,2,1,0.83233374
INC0016582,1,2,0,0.14645094
INC0016582,2,2,0,0.18161231
INC0016587,1,1,0,0.062421955
INC0016590,1,2,0,0.2815117
INC0016590,2,2,0,0.22660282
INC0016600,1,5,1,0.15115298
INC0016600,2,5,1,0.3289035
INC0016600,3,5,1,0.99706084
INC0016600,4,5,1,0.99691606
INC0016600,5,5,1,0.99724823
INC0016608,1,2,0,0.25595695
INC0016608,2,2,0,0.26189855
INC0016633,1,2,0,0.18587126
INC0016633,2,2,0,0.17331754
INC0016649,1,1,0,0.07677974
INC0016655,1,4,0,0.1405302
INC0016655,2,4,0,0.27981487
INC0016655,3,4,0,0.27969313
INC0016655,4,4,0,0.33352566
INC0016661,1,4,0,0.21916874
INC0016661,2,4,0,0.34295362
INC0016661,3,4,0,0.40242034
INC0016661,4,4,0,0.34138224
INC0016664,1,5,1,0.21495348
INC0016664,2,5,1,0.2513426
INC0016664,3,5,1,0.1578806
INC0016664,4,5,1,0.18856376
INC0016664,5,5,1,0.24834731
INC0016673,1,2,0,0.12590186
INC0016673,2,2,0,0.10182729
INC0016674,1,2,0,0.20504622
INC0016674,2,2,0,0.14187115
INC0016683,1,5,0,0.16662364
INC0016683,2,5,0,0.1593979
INC0016683,3,5,0,0.14905964
INC0016683,4,5,0,0.22020404
INC0016683,5,5,0,0.24023741
INC0016686,1,5,0,0.09202007
INC0016686,2,5,0,0.2397739
INC0016686,3,5,0,0.1831369
INC0016686,4,5,0,0.21520305
INC0016686,5,5,0,0.19254334
INC0016711,1,6,0,0.2133017
INC0016711,2,6,0,0.3734609
INC0016711,3,6,0,0.13937421
INC0016711,4,6,0,0.15705785
INC0016711,5,6,0,0.11560208
INC0016711,6,6,0,0.16137159
INC0016739,1,8,0,0.33366135
INC0016739,2,8,0,0.53184813
INC0016739,3,8,0,0.48624977
INC0016739,4,8,0,0.47357816
INC0016739,5,8,0,0.42290694
INC0016739,6,8,0,0.43536922
INC0016739,7,8,0,0.81164616
INC0016739,8,8,0,0.73041147
INC0016764,1,4,1,0.32552066
INC0016764,2,4,1,0.26095742
INC0016764,3,4,1,0.39516363
INC0016764,4,4,1,0.9823439
INC0016766,1,2,0,0.048499964
INC0016766,2,2,0,0.103206754
INC0016776,1,7,1,0.4449441
INC0016776,2,7,1,0.30488044
INC0016776,3,7,1,0.58397424
INC0016776,4,7,1,0.60429823
INC0016776,5,7,1,0.9931076
INC0016776,6,7,1,0.99393034
INC0016776,7,7,1,0.9909157
INC0016787,1,1,0,0.14615451
INC0016797,1,2,0,0.12564965
INC0016797,2,2,0,0.16837606
INC0016804,1,3,0,0.2975795
INC0016804,2,3,0,0.30581003
INC0016804,3,3,0,0.3015632
INC0016809,1,3,0,0.092553414
INC0016809,2,3,0,0.1288711
INC0016809,3,3,0,0.17731537
INC0016817,1,4,1,0.3338733
INC0016817,2,4,1,0.4629594
INC0016817,3,4,1,0.43202204
INC0016817,4,4,1,0.9959091
INC0016827,1,4,0,0.111896746
INC0016827,2,4,0,0.08846055
INC0016827,3,4,0,0.07055494
INC0016827,4,4,0,0.16280338
INC0016829,1,1,0,0.033018064
INC0016832,1,1,0,0.08015174
INC0016834,1,6,0,0.22871487
INC0016834,2,6,0,0.16036358
INC0016834,3,6,0,0.18231224
INC0016834,4,6,0,0.21146932
INC0016834,5,6,0,0.11060219
INC0016834,6,6,0,0.1136561
INC0016839,1,1,0,0.0716475
INC0016853,1,4,0,0.25072336
INC0016853,2,4,0,0.2290494
INC0016853,3,4,0,0.25640014
INC0016853,4,4,0,0.23393475
INC0016906,1,1,0,0.038660605
INC0016911,1,1,0,0.093229204
INC0016914,1,4,0,0.26244542
INC0016914,2,4,0,0.21320316
INC0016914,3,4,0,0.11057483
INC0016914,4,4,0,0.2081757
INC0016947,1,4,1,0.21849662
INC0016947,2,4,1,0.15526745
INC0016947,3,4,1,0.9896521
INC0016947,4,4,1,0.9861643
INC0016953,1,1,0,0.03425908
INC0016955,1,1,0,0.18668018
INC0016962,1,4,0,0.17382185
INC0016962,2,4,0,0.12262303
INC0016962,3,4,0,0.11855855
INC0016962,4,4,0,0.15595058
INC0016963,1,1,0,0.09684865
INC0016964,1,1,0,0.02047138
INC0016995,1,6,0,0.22219369
INC0016995,2,6,0,0.15812571
INC0016995,3,6,0,0.30439788
INC0016995,4,6,0,0.107764795
INC0016995,5,6,0,0.099838175
INC0016995,6,6,0,0.1295177
INC0016999,1,1,0,0.5526516
INC0017005,1,5,0,0.19364382
INC0017005,2,5,0,0.18449625
INC0017005,3,5,0,0.12672052
INC0017005,4,5,0,0.108303316
INC0017005,5,5,0,0.112369575
INC0017023,1,7,0,0.38918954
INC0017023,2,7,0,0.336211
INC0017023,3,7,0,0.36218816
INC0017023,4,7,0,0.33304757
INC0017023,5,7,0,0.40723938
INC0017023,6,7,0,0.19316171
INC0017023,7,7,0,0.30681327
INC0017029,1,6,1,0.5516998
INC0017029,2,6,1,0.4958931
INC0017029,3,6,1,0.32893616
INC0017029,4,6,1,0.40596148
INC0017029,5,6,1,0.40302902
INC0017029,6,6,1,0.53369236
INC0017032,1,2,0,0.29267696
INC0017032,2,2,0,0.236314
INC0017034,1,9,0,0.31495726
INC0017034,2,9,0,0.2607825
INC0017034,3,9,0,0.27399775
INC0017034,4,9,0,0.27932277
INC0017034,5,9,0,0.22076818
INC0017034,6,9,0,0.3205387
INC0017034,7,9,0,0.40219128
INC0017034,8,9,0,0.47759023
INC0017055,1,5,0,0.4160731
INC0017055,2,5,0,0.2714078
INC0017055,3,5,0,0.112607904
INC0017055,4,5,0,0.113379434
INC0017055,5,5,0,0.1403255
INC0017059,1,2,0,0.2434587
INC0017059,2,2,0,0.19761468
INC0017064,1,7,1,0.27584383
INC0017064,2,7,1,0.21866417
INC0017064,3,7,1,0.4035322
INC0017064,4,7,1,0.3239757
INC0017064,5,7,1,0.3435371
INC0017064,6,7,1,0.5551661
INC0017064,7,7,1,0.98627406
INC0017081,1,5,0,0.20922513
INC0017081,2,5,0,0.15538046
INC0017081,3,5,0,0.13039096
INC0017081,4,5,0,0.12066412
INC0017081,5,5,0,0.11753049
INC0017082,1,12,1,0.10732799
INC0017082,2,12,1,0.25678527
INC0017082,3,12,1,0.42633924
INC0017082,4,12,1,0.54455346
INC0017082,5,12,1,0.8673712
INC0017082,6,12,1,0.8841017
INC0017082,7,12,1,0.9104921
INC0017082,8,12,1,0.93204516
INC0017114,1,1,0,0.16727386
INC0017118,1,1,0,0.03712311
INC0017121,1,1,0,0.040353663
INC0017164,1,3,0,0.10281346
INC0017164,2,3,0,0.11017148
INC0017164,3,3,0,0.11547741
INC0017175,1,1,0,0.074586116
INC0017176,1,10,0,0.4700187
INC0017176,2,10,0,0.38493767
INC0017176,3,10,0,0.37204173
INC0017176,4,10,0,0.49495336
INC0017176,5,10,0,0.4683902
INC0017176,6,10,0,0.5586347
INC0017176,7,10,0,0.3941787
INC0017176,8,10,0,0.28979924
INC0017184,1,5,1,0.11944262
INC0017184,2,5,1,0.3262478
INC0017184,3,5,1,0.20932715
INC0017184,4,5,1,0.37626356
INC0017184,5,5,1,0.991083
INC0017197,1,6,0,0.27274668
INC0017197,2,6,0,0.18256857
INC0017197,3,6,0,0.18702401
INC0017197,4,6,0,0.4074473
INC0017197,5,6,0,0.33746397
INC0017197,6,6,0,0.33009374
INC0017204,1,9,0,0.10739336
INC0017204,2,9,0,0.08813103
INC0017204,3,9,0,0.17548901
INC0017204,4,9,0,0.15466845
INC0017204,5,9,0,0.15569155
INC0017204,6,9,0,0.16962136
INC0017204,7,9,0,0.19592969
INC0017204,8,9,0,0.38250446
INC0017206,1,5,0,0.14653589
INC0017206,2,5,0,0.3089585
INC0017206,3,5,0,0.31521383
INC0017206,4,5,0,0.30530497
INC0017206,5,5,0,0.3786907
INC0017209,1,1,0,0.32908022
INC0017242,1,4,1,0.30232337
INC0017242,2,4,1,0.32939804
INC0017242,3,4,1,0.3009427
INC0017242,4,4,1,0.38246325
INC0017261,1,8,1,0.27821615
INC0017261,2,8,1,0.24981256
INC0017261,3,8,1,0.30216438
INC0017261,4,8,1,0.28620958
INC0017261,5,8,1,0.45409316
INC0017261,6,8,1,0.37434348
INC0017261,7,8,1,0.855767
INC0017261,8,8,1,0.91367733
INC0017276,1,1,0,0.112038694
INC0017277,1,1,0,0.032277927
INC0017280,1,1,0,0.08192341
INC0017291,1,8,0,0.24708515
INC0017291,2,8,0,0.28855136
INC0017291,3,8,0,0.2310424
INC0017291,4,8,0,0.19315955
INC0017291,5,8,0,0.18154474
INC0017291,6,8,0,0.23185714
INC0017291,7,8,0,0.11557445
INC0017291,8,8,0,0.142995
INC0017293,1,2,0,0.08333696
INC0017293,2,2,0,0.19666488
INC0017312,1,1,0,0.07455507
INC0017328,1,2,0,0.062056616
INC0017328,2,2,0,0.101413816
INC0017329,1,2,0,0.19801778
INC0017329,2,2,0,0.19333725
INC0017334,1,8,1,0.35949147
INC0017334,2,8,1,0.3234321
INC0017334,3,8,1,0.27569363
INC0017334,4,8,1,0.36860195
INC0017334,5,8,1,0.6591492
INC0017334,6,8,1,0.89689875
INC0017334,7,8,1,0.9924846
INC0017334,8,8,1,0.99365014
INC0017355,1,2,0,0.23492332
INC0017355,2,2,0,0.16113624
INC0017382,1,4,0,0.3723278
INC0017382,2,4,0,0.30230373
INC0017382,3,4,0,0.43944538
INC0017382,4,4,0,0.29666838
INC0017387,1,2,0,0.16074027
INC0017387,2,2,0,0.2614481
INC0017388,1,4,1,0.37418315
INC0017388,2,4,1,0.7203548
INC0017388,3,4,1,0.7429216
INC0017388,4,4,1,0.9991277
INC0017403,1,3,0,0.3038566
INC0017403,2,3,0,0.3416772
INC0017403,3,3,0,0.5058367
INC0017416,1,1,0,0.08496433
INC0017417,1,4,0,0.14212415
INC0017417,2,4,0,0.24075566
INC0017417,3,4,0,0.3712567
INC0017417,4,4,0,0.27603024
INC0017419,1,1,0,0.17453574
INC0017420,1,3,1,0.31649435
INC0017420,2,3,1,0.2842246
INC0017420,3,3,1,0.9969313
INC0017450,1,3,0,0.04608015
INC0017450,2,3,0,0.13931023
INC0017450,3,3,0,0.14350252
INC0017464,1,5,0,0.39454487
INC0017464,2,5,0,0.53204274
INC0017464,3,5,0,0.4798287
INC0017464,4,5,0,0.43695405
INC0017464,5,5,0,0.52012056
INC0017486,1,2,0,0.23314823
INC0017486,2,2,0,0.19981104
INC0017487,1,2,0,0.29530922
INC0017487,2,2,0,0.27134252
INC0017526,1,1,0,0.041775007
INC0017542,1,3,0,0.40410957
INC0017542,2,3,0,0.5340932
INC0017542,3,3,0,0.47390673
INC0017543,1,2,0,0.11181456
INC0017543,2,2,0,0.24556287
INC0017548,1,7,1,0.536053
INC0017548,2,7,1,0.33618203
INC0017548,3,7,1,0.4193896
INC0017548,4,7,1,0.5831152
INC0017548,5,7,1,0.58096
INC0017548,6,7,1,0.5865106
INC0017548,7,7,1,0.99657863
INC0017556,1,1,0,0.23982324
INC0017562,1,1,0,0.056806657
INC0017579,1,1,0,0.08074779
INC0017590,1,3,0,0.31783372
INC0017590,2,3,0,0.19886899
INC0017590,3,3,0,0.31315577
INC0017600,1,4,1,0.032663293
INC0017600,2,4,1,0.063899554
INC0017600,3,4,1,0.053812567
INC0017600,4,4,1,0.09552541
INC0017606,1,2,0,0.33681664
INC0017606,2,2,0,0.40574512
INC0017613,1,3,0,0.38922137
INC0017613,2,3,0,0.33781466
INC0017613,3,3,0,0.31533712
INC0017668,1,4,1,0.46925113
INC0017668,2,4,1,0.45680422
INC0017668,3,4,1,0.43488738
INC0017668,4,4,1,0.41119805
INC0017681,1,3,0,0.49544072
INC0017681,2,3,0,0.5913086
INC0017681,3,3,0,0.5925735
INC0017689,1,3,1,0.2922206
INC0017689,2,3,1,0.21963796
INC0017689,3,3,1,0.99301565
INC0017692,1,2,0,0.14693533
INC0017692,2,2,0,0.3289477
INC0017708,1,4,0,0.27143335
INC0017708,2,4,0,0.17412777
INC0017708,3,4,0,0.22620969
INC0017708,4,4,0,0.3196158
INC0017725,1,3,0,0.44549376
INC0017725,2,3,0,0.4571463
INC0017725,3,3,0,0.37559515
INC0017750,1,6,0,0.058564458
INC0017750,2,6,0,0.06710208
INC0017750,3,6,0,0.108413875
INC0017750,4,6,0,0.12563819
INC0017750,5,6,0,0.120720625
INC0017750,6,6,0,0.091084935
INC0017756,1,6,1,0.5711502
INC0017756,2,6,1,0.52604455
INC0017756,3,6,1,0.51997834
INC0017756,4,6,1,0.5953152
INC0017756,5,6,1,0.6049178
INC0017756,6,6,1,0.7330707
INC0017760,1,7,0,0.07720752
INC0017760,2,7,0,0.044387054
INC0017760,3,7,0,0.061705843
INC0017760,4,7,0,0.05182679
INC0017760,5,7,0,0.07209218
INC0017760,6,7,0,0.096252866
INC0017760,7,7,0,0.12409587
INC0017784,1,1,0,0.42002982
INC0017794,1,3,0,0.31760824
INC0017794,2,3,0,0.43088222
INC0017794,3,3,0,0.27791363
INC0017811,1,2,0,0.58743817
INC0017811,2,2,0,0.6457029
INC0017815,1,4,0,0.28787893
INC0017815,2,4,0,0.17353712
INC0017815,3,4,0,0.309803
INC0017815,4,4,0,0.27120903
INC0017816,1,5,0,0.15800402
INC0017816,2,5,0,0.34986833
INC0017816,3,5,0,0.40783837
INC0017816,4,5,0,0.39784002
INC0017816,5,5,0,0.36439195
INC0017828,1,6,0,0.29180914
INC0017828,2,6,0,0.2222478
INC0017828,3,6,0,0.24858959
INC0017828,4,6,0,0.24502516
INC0017828,5,6,0,0.25024146
INC0017828,6,6,0,0.26174882
INC0017837,1,2,0,0.080662824
INC0017837,2,2,0,0.21453466
INC0017838,1,1,1,0.64043283
INC0017864,1,15,1,0.049383562
INC0017864,2,15,1,0.11618584
INC0017864,3,15,1,0.15001197
INC0017864,4,15,1,0.1655053
INC0017864,5,15,1,0.1675694
INC0017864,6,15,1,0.33504397
INC0017864,7,15,1,0.34146494
INC0017864,8,15,1,0.48419607
INC0017877,1,2,0,0.13583383
INC0017877,2,2,0,0.04947329
INC0017918,1,1,0,0.038202453
INC0017941,1,4,0,0.2400862
INC0017941,2,4,0,0.19371435
INC0017941,3,4,0,0.26208916
INC0017941,4,4,0,0.30050534
INC0017946,1,3,0,0.11125831
INC0017946,2,3,0,0.20047146
INC0017946,3,3,0,0.12911266
INC0017947,1,6,0,0.10878131
INC0017947,2,6,0,0.26465148
INC0017947,3,6,0,0.35226673
INC0017947,4,6,0,0.6783242
INC0017947,5,6,0,0.6408344
INC0017947,6,6,0,0.62422687
INC0017963,1,3,0,0.14611313
INC0017963,2,3,0,0.25000086
INC0017963,3,3,0,0.13699181
INC0017986,1,1,0,0.07602499
INC0017997,1,10,0,0.31154713
INC0017997,2,10,0,0.2828912
INC0017997,3,10,0,0.2654873
INC0017997,4,10,0,0.22592315
INC0017997,5,10,0,0.21501268
INC0017997,6,10,0,0.27865967
INC0017997,7,10,0,0.21912505
INC0017997,8,10,0,0.22350961
INC0018017,1,4,0,0.4005379
INC0018017,2,4,0,0.34146655
INC0018017,3,4,0,0.50940704
INC0018017,4,4,0,0.4643629
INC0018020,1,2,0,0.2544803
INC0018020,2,2,0,0.2942313
INC0018033,1,1,0,0.09083438
INC0018034,1,4,0,0.23690115
INC0018034,2,4,0,0.23124595
INC0018034,3,4,0,0.24145171
INC0018034,4,4,0,0.2155707
INC0018051,1,3,0,0.25157705
INC0018051,2,3,0,0.13520193
INC0018051,3,3,0,0.13772461
INC0018052,1,8,1,0.40591976
INC0018052,2,8,1,0.2539924
INC0018052,3,8,1,0.44457042
INC0018052,4,8,1,0.4038816
INC0018052,5,8,1,0.6574776
INC0018052,6,8,1,0.99694747
INC0018052,7,8,1,0.9969277
INC0018052,8,8,1,0.99521846
INC0018054,1,1,1,0.5714943
INC0018072,1,2,0,0.029360773
INC0018072,2,2,0,0.07884732
INC0018094,1,2,0,0.24602093
INC0018094,2,2,0,0.22516073
INC0018096,1,6,1,0.7220408
INC0018096,2,6,1,0.82467234
INC0018096,3,6,1,0.80659896
INC0018096,4,6,1,0.8633586
INC0018096,5,6,1,0.8874414
INC0018096,6,6,1,0.9974256
INC0018119,1,1,0,0.11208008
INC0018124,1,2,0,0.28385523
INC0018124,2,2,0,0.24675216
INC0018173,1,1,0,0.12026074
INC0018180,1,9,0,0.32876912
INC0018180,2,9,0,0.30838576
INC0018180,3,9,0,0.34201586
INC0018180,4,9,0,0.30652985
INC0018180,5,9,0,0.4453457
INC0018180,6,9,0,0.58320105
INC0018180,7,9,0,0.6075926
INC0018180,8,9,0,0.5738376
INC0018183,1,5,0,0.39104652
INC0018183,2,5,0,0.30226547
INC0018183,3,5,0,0.3427898
INC0018183,4,5,0,0.2970022
INC0018183,5,5,0,0.3907025
INC0018193,1,2,0,0.4102724
INC0018193,2,2,0,0.31717992
INC0018201,1,1,0,0.08515291
INC0018220,1,3,0,0.37080428
INC0018220,2,3,0,0.34365425
INC0018220,3,3,0,0.51910496
INC0018227,1,1,0,0.05070594
INC0018238,1,5,1,0.6453909
INC0018238,2,5,1,0.56230843
INC0018238,3,5,1,0.6150036
INC0018238,4,5,1,0.9974234
INC0018238,5,5,1,0.9969181
INC0018239,1,2,0,0.3089273
INC0018239,2,2,0,0.27744123
INC0018243,1,2,0,0.285611
INC0018243,2,2,0,0.31494734
INC0018246,1,1,0,0.06013909
INC0018273,1,2,0,0.034374207
INC0018273,2,2,0,0.05954937
INC0018310,1,1,0,0.60048527
INC0018314,1,8,0,0.24673863
INC0018314,2,8,0,0.2423561
INC0018314,3,8,0,0.2662974
INC0018314,4,8,0,0.2777596
INC0018314,5,8,0,0.2832511
INC0018314,6,8,0,0.25097075
INC0018314,7,8,0,0.36551598
INC0018314,8,8,0,0.44731855
INC0018329,1,1,0,0.051827338
INC0018337,1,5,1,0.3310245
INC0018337,2,5,1,0.2794653
INC0018337,3,5,1,0.39713892
INC0018337,4,5,1,0.5898947
INC0018337,5,5,1,0.9912401
INC0018355,1,1,0,0.0809111
INC0018360,1,2,0,0.41510648
INC0018360,2,2,0,0.37652278
INC0018363,1,1,0,0.13765787
INC0018371,1,1,1,0.6196022
INC0018381,1,4,1,0.41191792
INC0018381,2,4,1,0.42563087
INC0018381,3,4,1,0.41865867
INC0018381,4,4,1,0.99474806
INC0018399,1,1,0,0.21543586
INC0018400,1,4,0,0.25511783
INC0018400,2,4,0,0.17553057
INC0018400,3,4,0,0.16615093
INC0018400,4,4,0,0.17325623
INC0018416,1,1,0,0.03907941
INC0018420,1,1,0,0.06595057
INC0018424,1,1,0,0.030792315
INC0018426,1,2,0,0.24922557
INC0018426,2,2,0,0.29991323
INC0018429,1,1,0,0.092869006
INC0018434,1,4,0,0.13844842
INC0018434,2,4,0,0.15397573
INC0018434,3,4,0,0.19331825
INC0018434,4,4,0,0.23780248
INC0018439,1,2,0,0.0925066
INC0018439,2,2,0,0.10757111
INC0018443,1,3,0,0.25531128
INC0018443,2,3,0,0.17493664
INC0018443,3,3,0,0.30336303
INC0018450,1,6,1,0.19193111
INC0018450,2,6,1,0.13500895
INC0018450,3,6,1,0.9749937
INC0018450,4,6,1,0.97298795
INC0018450,5,6,1,0.9746416
INC0018450,6,6,1,0.9942719
INC0018465,1,1,0,0.019752635
INC0018473,1,1,0,0.040883336
INC0018488,1,2,0,0.25767833
INC0018488,2,2,0,0.087786354
INC0018496,1,9,0,0.23299326
INC0018496,2,9,0,0.17807736
INC0018496,3,9,0,0.3008058
INC0018496,4,9,0,0.29842657
INC0018496,5,9,0,0.1716306
INC0018496,6,9,0,0.1683406
INC0018496,7,9,0,0.25775102
INC0018496,8,9,0,0.35149643
INC0018508,1,7,0,0.21389318
INC0018508,2,7,0,0.1832674
INC0018508,3,7,0,0.13405831
INC0018508,4,7,0,0.13338263
INC0018508,5,7,0,0.1055951
INC0018508,6,7,0,0.21328701
INC0018508,7,7,0,0.2672101
INC0018511,1,2,0,0.09827575
INC0018511,2,2,0,0.124002255
INC0018515,1,1,0,0.11012213
INC0018516,1,1,0,0.12491699
INC0018523,1,1,0,0.08665495
INC0018525,1,1,0,0.04032328
INC0018530,1,1,0,0.029506337
INC0018551,1,3,0,0.07745686
INC0018551,2,3,0,0.34906888
INC0018551,3,3,0,0.38680023
INC0018554,1,3,1,0.5405708
INC0018554,2,3,1,0.98994327
INC0018554,3,3,1,0.9976253
INC0018578,1,1,0,0.041923694
INC0018582,1,5,0,0.14995405
INC0018582,2,5,0,0.18320009
INC0018582,3,5,0,0.17021883
INC0018582,4,5,0,0.2946071
INC0018582,5,5,0,0.27446073
INC0018585,1,7,0,0.033254713
INC0018585,2,7,0,0.022465318
INC0018585,3,7,0,0.02148645
INC0018585,4,7,0,0.026921365
INC0018585,5,7,0,0.024977319
INC0018585,6,7,0,0.046733093
INC0018585,7,7,0,0.04561071
INC0018591,1,1,0,0.070076995
INC0018610,1,4,1,0.20091254
INC0018610,2,4,1,0.27259824
INC0018610,3,4,1,0.203262
INC0018610,4,4,1,0.27086383
INC0018643,1,3,1,0.15410596
INC0018643,2,3,1,0.4018621
INC0018643,3,3,1,0.99698097
INC0018655,1,1,0,0.059698325
INC0018666,1,1,0,0.11563068
INC0018669,1,1,0,0.13526936
INC0018679,1,2,0,0.14153185
INC0018679,2,2,0,0.13918966
INC0018703,1,1,0,0.09209359
INC0018712,1,1,0,0.18150711
INC0018715,1,10,1,0.20462127
INC0018715,2,10,1,0.19928731
INC0018715,3,10,1,0.25238147
INC0018715,4,10,1,0.35611337
INC0018715,5,10,1,0.28134745
INC0018715,6,10,1,0.26296473
INC0018715,7,10,1,0.25677297
INC0018715,8,10,1,0.25840893
INC0018739,1,11,1,0.23732486
INC0018739,2,11,1,0.21315917
INC0018739,3,11,1,0.2723897
INC0018739,4,11,1,0.28343126
INC0018739,5,11,1,0.35718966
INC0018739,6,11,1,0.34243792
INC0018739,7,11,1,0.4281085
INC0018739,8,11,1,0.96777844
INC0018779,1,6,0,0.3766528
INC0018779,2,6,0,0.3405575
INC0018779,3,6,0,0.2870553
INC0018779,4,6,0,0.28637516
INC0018779,5,6,0,0.39201668
INC0018779,6,6,0,0.37440366
INC0018826,1,1,0,0.0657914
INC0018831,1,1,0,0.08516168
INC0018837,1,1,0,0.30183727
INC0018845,1,1,0,0.15097041
INC0018855,1,6,0,0.31309843
INC0018855,2,6,0,0.24743068
INC0018855,3,6,0,0.22218573
INC0018855,4,6,0,0.33513868
INC0018855,5,6,0,0.258052
INC0018855,6,6,0,0.3631771
INC0018865,1,1,0,0.16043317
INC0018921,1,1,0,0.03241766
INC0018942,1,1,0,0.07306681
INC0018955,1,9,0,0.05562171
INC0018955,2,9,0,0.05286398
INC0018955,3,9,0,0.055390023
INC0018955,4,9,0,0.06617509
INC0018955,5,9,0,0.062126093
INC0018955,6,9,0,0.061602395
INC0018955,7,9,0,0.06107115
INC0018955,8,9,0,0.050295614
INC0018971,1,2,0,0.1230964
INC0018971,2,2,0,0.19316994
INC0018973,1,1,0,0.2792729
INC0018977,1,1,0,0.037441988
INC0018984,1,1,0,0.17763339
INC0018989,1,2,0,0.38496524
INC0018989,2,2,0,0.24427666
INC0019000,1,3,0,0.12759133
INC0019000,2,3,0,0.09854431
INC0019000,3,3,0,0.08852925
INC0019009,1,8,1,0.18598302
INC0019009,2,8,1,0.17843927
INC0019009,3,8,1,0.30973083
INC0019009,4,8,1,0.34883627
INC0019009,5,8,1,0.3083896
INC0019009,6,8,1,0.41027197
INC0019009,7,8,1,0.87850547
INC0019009,8,8,1,0.8754265
INC0019010,1,4,0,0.14271472
INC0019010,2,4,0,0.27716953
INC0019010,3,4,0,0.37531024
INC0019010,4,4,0,0.3042036
INC0019014,1,3,0,0.05072954
INC0019014,2,3,0,0.20768914
INC0019014,3,3,0,0.2154134
INC0019020,1,10,0,0.05069763
INC0019020,2,10,0,0.033897243
INC0019020,3,10,0,0.02515276
INC0019020,4,10,0,0.016024554
INC0019020,5,10,0,0.014272753
INC0019020,6,10,0,0.02962446
INC0019020,7,10,0,0.03199173
INC0019020,8,10,0,0.0361241
INC0019056,1,3,0,0.15192404
INC0019056,2,3,0,0.113247596
INC0019056,3,3,0,0.1604547
INC0019057,1,3,0,0.18059085
INC0019057,2,3,0,0.101417586
INC0019057,3,3,0,0.06306935
INC0019059,1,1,0,0.115648076
INC0019061,1,1,0,0.083426245
INC0019086,1,5,1,0.43613452
INC0019086,2,5,1,0.30243662
INC0019086,3,5,1,0.3325373
INC0019086,4,5,1,0.99774796
INC0019086,5,5,1,0.9973195
INC0019089,1,7,1,0.27325317
INC0019089,2,7,1,0.2494453
INC0019089,3,7,1,0.19033475
INC0019089,4,7,1,0.3296344
INC0019089,5,7,1,0.31440252
INC0019089,6,7,1,0.3351726
INC0019089,7,7,1,0.9392655
INC0019090,1,3,0,0.051122542
INC0019090,2,3,0,0.11324586
INC0019090,3,3,0,0.114311576
INC0019108,1,5,0,0.44612595
INC0019108,2,5,0,0.38380957
INC0019108,3,5,0,0.44943216
INC0019108,4,5,0,0.52328163
INC0019108,5,5,0,0.50905865
INC0019110,1,3,0,0.26131606
INC0019110,2,3,0,0.63109934
INC0019110,3,3,0,0.20624214
INC0019113,1,1,0,0.096548796
INC0019128,1,8,0,0.28669736
INC0019128,2,8,0,0.24478038
INC0019128,3,8,0,0.30851263
INC0019128,4,8,0,0.30903348
INC0019128,5,8,0,0.28676048
INC0019128,6,8,0,0.21065481
INC0019128,7,8,0,0.21171887
INC0019128,8,8,0,0.23338081
INC0019168,1,1,0,0.054191347
INC0019172,1,6,0,0.3230683
INC0019172,2,6,0,0.22170913
INC0019172,3,6,0,0.2522471
INC0019172,4,6,0,0.32275447
INC0019172,5,6,0,0.30654752
INC0019172,6,6,0,0.28607526
INC0019173,1,3,0,0.6160504
INC0019173,2,3,0,0.14844792
INC0019173,3,3,0,0.08425852
INC0019208,1,1,0,0.12488489
INC0019222,1,2,0,0.23180251
INC0019222,2,2,0,0.1757863
INC0019225,1,6,0,0.335258
INC0019225,2,6,0,0.42923042
INC0019225,3,6,0,0.31099293
INC0019225,4,6,0,0.3216903
INC0019225,5,6,0,0.3158816
INC0019225,6,6,0,0.31335878
INC0019227,1,1,0,0.022096656
INC0019228,1,1,0,0.12827232
INC0019263,1,9,1,0.47778213
INC0019263,2,9,1,0.9333536
INC0019263,3,9,1,0.96804005
INC0019263,4,9,1,0.96766204
INC0019263,5,9,1,0.9582794
INC0019263,6,9,1,0.9864741
INC0019263,7,9,1,0.99815804
INC0019263,8,9,1,0.998024
INC0019264,1,2,1,0.087019034
INC0019264,2,2,1,0.34000903
INC0019271,1,3,0,0.31038043
INC0019271,2,3,0,0.30564275
INC0019271,3,3,0,0.28037155
INC0019278,1,2,0,0.14512171
INC0019278,2,2,0,0.12814848
INC0019295,1,7,0,0.21564199
INC0019295,2,7,0,0.13562335
INC0019295,3,7,0,0.13419947
INC0019295,4,7,0,0.12154328
INC0019295,5,7,0,0.0937962
INC0019295,6,7,0,0.14370476
INC0019295,7,7,0,0.41243938
INC0019300,1,1,0,0.05734548
INC0019308,1,3,0,0.5755462
INC0019308,2,3,0,0.8751418
INC0019308,3,3,0,0.9968502
INC0019323,1,1,0,0.018354876
INC0019325,1,14,1,0.6740733
INC0019325,2,14,1,0.5908318
INC0019325,3,14,1,0.9244086
INC0019325,4,14,1,0.9313418
INC0019325,5,14,1,0.9950181
INC0019325,6,14,1,0.9965313
INC0019325,7,14,1,0.9973265
INC0019325,8,14,1,0.99682826
INC0019345,1,3,0,0.20401362
INC0019345,2,3,0,0.29071605
INC0019345,3,3,0,0.25796092
INC0019348,1,5,0,0.28264934
INC0019348,2,5,0,0.21785428
INC0019348,3,5,0,0.28778005
INC0019348,4,5,0,0.20130992
INC0019348,5,5,0,0.23180427
INC0019349,1,1,0,0.046830855
INC0019355,1,3,0,0.2767481
INC0019355,2,3,0,0.22141525
INC0019355,3,3,0,0.21368252
INC0019357,1,4,0,0.4687929
INC0019357,2,4,0,0.41524193
INC0019357,3,4,0,0.42507952
INC0019357,4,4,0,0.6742351
INC0019371,1,3,0,0.33221436
INC0019371,2,3,0,0.40808883
INC0019371,3,3,0,0.41402522
INC0019380,1,10,0,0.26498196
INC0019380,2,10,0,0.21907078
INC0019380,3,10,0,0.21789041
INC0019380,4,10,0,0.25147745
INC0019380,5,10,0,0.21818124
INC0019380,6,10,0,0.22982195
INC0019380,7,10,0,0.34135884
INC0019380,8,10,0,0.4007906
INC0019389,1,1,0,0.07970063
INC0019394,1,1,0,0.26063848
INC0019401,1,3,0,0.35533753
INC0019401,2,3,0,0.29294237
INC0019401,3,3,0,0.27698413
INC0019419,1,1,0,0.018920483
INC0019439,1,3,0,0.17834395
INC0019439,2,3,0,0.1557446
INC0019439,3,3,0,0.12155571
INC0019441,1,1,0,0.046835218
INC0019456,1,1,0,0.04260415
INC0019459,1,3,0,0.11563353
INC0019459,2,3,0,0.10290389
INC0019459,3,3,0,0.13320705
INC0019479,1,3,0,0.15607385
INC0019479,2,3,0,0.1210094
INC0019479,3,3,0,0.24859887
INC0019484,1,1,0,0.026302477
INC0019485,1,1,0,0.09869922
INC0019489,1,7,0,0.13341123
INC0019489,2,7,0,0.118292734
INC0019489,3,7,0,0.12614068
INC0019489,4,7,0,0.13462377
INC0019489,5,7,0,0.14412753
INC0019489,6,7,0,0.32449704
INC0019489,7,7,0,0.44837672
INC0019490,1,3,0,0.08961634
INC0019490,2,3,0,0.067937896
INC0019490,3,3,0,0.06776743
INC0019495,1,4,0,0.10917851
INC0019495,2,4,0,0.14216302
INC0019495,3,4,0,0.40787664
INC0019495,4,4,0,0.3625139
INC0019556,1,2,0,0.16380045
INC0019556,2,2,0,0.14048946
INC0019564,1,1,0,0.04903335
INC0019573,1,6,0,0.14488558
INC0019573,2,6,0,0.11614087
INC0019573,3,6,0,0.17341226
INC0019573,4,6,0,0.17802517
INC0019573,5,6,0,0.17604367
INC0019573,6,6,0,0.19027866
INC0019575,1,2,0,0.10111332
INC0019575,2,2,0,0.053729765
INC0019581,1,3,0,0.031807154
INC0019581,2,3,0,0.045692563
INC0019581,3,3,0,0.044403136
INC0019586,1,3,0,0.14298151
INC0019586,2,3,0,0.12575732
INC0019586,3,3,0,0.08191792
INC0019598,1,1,0,0.52534044
INC0019613,1,1,0,0.10126177
INC0019622,1,1,0,0.039556302
INC0019623,1,2,0,0.01035821
INC0019623,2,2,0,0.024721345
INC0019638,1,3,0,0.15575364
INC0019638,2,3,0,0.12065528
INC0019638,3,3,0,0.06970933
INC0019655,1,2,0,0.06769888
INC0019655,2,2,0,0.09112411
INC0019676,1,1,0,0.07559454
INC0019695,1,3,0,0.14885607
INC0019695,2,3,0,0.14616695
INC0019695,3,3,0,0.3173868
INC0019699,1,13,0,0.18847784
INC0019699,2,13,0,0.2027455
INC0019699,3,13,0,0.1834822
INC0019699,4,13,0,0.16018547
INC0019699,5,13,0,0.2500651
INC0019699,6,13,0,0.38008368
INC0019699,7,13,0,0.36929414
INC0019699,8,13,0,0.4009444
INC0019709,1,1,0,0.03299092
INC0019710,1,1,0,0.036577825
INC0019726,1,2,0,0.038000267
INC0019726,2,2,0,0.08894191
INC0019738,1,1,0,0.03636429
INC0019796,1,1,0,0.08618737
INC0019817,1,3,1,0.38038522
INC0019817,2,3,1,0.9893356
INC0019817,3,3,1,0.9872962
INC0019829,1,2,0,0.32855558
INC0019829,2,2,0,0.21544589
INC0019854,1,2,0,0.22761184
INC0019854,2,2,0,0.3594801
INC0019867,1,2,0,0.1811675
INC0019867,2,2,0,0.14318536
INC0019875,1,1,0,0.01509322
INC0019878,1,1,0,0.06001997
INC0019887,1,20,1,0.20373568
INC0019887,2,20,1,0.18201277
INC0019887,3,20,1,0.18595496
INC0019887,4,20,1,0.26743
INC0019887,5,20,1,0.2748194
INC0019887,6,20,1,0.27193305
INC0019887,7,20,1,0.20119396
INC0019887,8,20,1,0.9950395
INC0019892,1,6,1,0.16069792
INC0019892,2,6,1,0.98735434
INC0019892,3,6,1,0.9909338
INC0019892,4,6,1,0.99159133
INC0019892,5,6,1,0.9911875
INC0019892,6,6,1,0.99209785
INC0019893,1,1,0,0.0384742
INC0019900,1,4,0,0.21532305
INC0019900,2,4,0,0.20086509
INC0019900,3,4,0,0.16957138
INC0019900,4,4,0,0.15926827
INC0019940,1,1,0,0.19510719
INC0019950,1,12,1,0.34002715
INC0019950,2,12,1,0.316007
INC0019950,3,12,1,0.26891088
INC0019950,4,12,1,0.44355506
INC0019950,5,12,1,0.4125055
INC0019950,6,12,1,0.49336794
INC0019950,7,12,1,0.5380924
INC0019950,8,12,1,0.51486266
INC0019970,1,3,0,0.041286103
INC0019970,2,3,0,0.119568415
INC0019970,3,3,0,0.110343456
INC0019991,1,1,0,0.12281396
INC0020000,1,1,0,0.08964199
INC0020012,1,6,0,0.20611374
INC0020012,2,6,0,0.1780016
INC0020012,3,6,0,0.21387197
INC0020012,4,6,0,0.23379408
INC0020012,5,6,0,0.23257521
INC0020012,6,6,0,0.23487511
INC0020016,1,2,0,0.009905721
INC0020016,2,2,0,0.014663049
INC0020033,1,1,0,0.030395376
INC0020052,1,11,1,0.3716639
INC0020052,2,11,1,0.33933055
INC0020052,3,11,1,0.38777006
INC0020052,4,11,1,0.42365277
INC0020052,5,11,1,0.44509327
INC0020052,6,11,1,0.45911375
INC0020052,7,11,1,0.34862152
INC0020052,8,11,1,0.32469425
INC0020056,1,1,0,0.07960303
INC0020061,1,1,0,0.10487284
INC0020104,1,1,0,0.12862396
INC0020117,1,6,1,0.035113532
INC0020117,2,6,1,0.19150755
INC0020117,3,6,1,0.5913918
INC0020117,4,6,1,0.2767141
INC0020117,5,6,1,0.40027812
INC0020117,6,6,1,0.43812853
INC0020128,1,4,0,0.37398055
INC0020128,2,4,0,0.3998681
INC0020128,3,4,0,0.4621182
INC0020128,4,4,0,0.569907
INC0020130,1,1,0,0.10836784
INC0020146,1,1,0,0.061215058
INC0020150,1,4,0,0.21145032
INC0020150,2,4,0,0.25184113
INC0020150,3,4,0,0.33850807
INC0020150,4,4,0,0.5289359
INC0020153,1,1,0,0.057230227
INC0020160,1,16,1,0.28214446
INC0020160,2,16,1,0.25037485
INC0020160,3,16,1,0.2352493
INC0020160,4,16,1,0.26472422
INC0020160,5,16,1,0.32528287
INC0020160,6,16,1,0.25523248
INC0020160,7,16,1,0.33796245
INC0020160,8,16,1,0.4998322
INC0020170,1,1,0,0.11129473
INC0020184,1,1,0,0.0922567
INC0020187,1,2,0,0.08578694
INC0020187,2,2,0,0.10291977
INC0020199,1,8,0,0.21200353
INC0020199,2,8,0,0.34798762
INC0020199,3,8,0,0.4062938
INC0020199,4,8,0,0.39641595
INC0020199,5,8,0,0.21086271
INC0020199,6,8,0,0.2649258
INC0020199,7,8,0,0.49809965
INC0020199,8,8,0,0.5272963
INC0020217,1,1,0,0.25470203
INC0020220,1,4,0,0.4204236
INC0020220,2,4,0,0.43368122
INC0020220,3,4,0,0.40374914
INC0020220,4,4,0,0.55792093
INC0020232,1,1,0,0.059130777
INC0020234,1,1,0,0.044416696
INC0020237,1,5,0,0.36517286
INC0020237,2,5,0,0.40898836
INC0020237,3,5,0,0.34336844
INC0020237,4,5,0,0.5037179
INC0020237,5,5,0,0.50975895
INC0020243,1,1,0,0.1011348
INC0020251,1,1,0,0.075342596
INC0020272,1,1,0,0.09201987
INC0020277,1,1,0,0.10519243
INC0020287,1,1,0,0.08787529
INC0020292,1,1,0,0.08350549
INC0020300,1,5,1,0.094173424
INC0020300,2,5,1,0.22532828
INC0020300,3,5,1,0.32034957
INC0020300,4,5,1,0.32291996
INC0020300,5,5,1,0.39386192
INC0020319,1,5,0,0.43568727
INC0020319,2,5,0,0.42796242
INC0020319,3,5,0,0.44518298
INC0020319,4,5,0,0.45308006
INC0020319,5,5,0,0.37861758
INC0020348,1,1,0,0.13825823
INC0020353,1,15,1,0.32440153
INC0020353,2,15,1,0.33194274
INC0020353,3,15,1,0.25943094
INC0020353,4,15,1,0.44822434
INC0020353,5,15,1,0.6792733
INC0020353,6,15,1,0.9965139
INC0020353,7,15,1,0.99709165
INC0020353,8,15,1,0.99648726
INC0020371,1,6,0,0.4620909
INC0020371,2,6,0,0.2841587
INC0020371,3,6,0,0.41618857
INC0020371,4,6,0,0.3772317
INC0020371,5,6,0,0.3751988
INC0020371,6,6,0,0.22975086
INC0020399,1,1,0,0.122226514
INC0020408,1,6,0,0.15208048
INC0020408,2,6,0,0.36022878
INC0020408,3,6,0,0.43042773
INC0020408,4,6,0,0.39104903
INC0020408,5,6,0,0.31277266
INC0020408,6,6,0,0.26379216
INC0020417,1,1,0,0.16142805
INC0020419,1,1,0,0.15551889
INC0020442,1,3,0,0.59973264
INC0020442,2,3,0,0.5968155
INC0020442,3,3,0,0.56323737
INC0020459,1,5,1,0.41953477
INC0020459,2,5,1,0.52487063
INC0020459,3,5,1,0.36270314
INC0020459,4,5,1,0.9414107
INC0020459,5,5,1,0.9742726
INC0020467,1,5,0,0.19929647
INC0020467,2,5,0,0.26892167
INC0020467,3,5,0,0.24136923
INC0020467,4,5,0,0.2344639
INC0020467,5,5,0,0.31017846
INC0020472,1,6,0,0.4612852
INC0020472,2,6,0,0.27788243
INC0020472,3,6,0,0.24774307
INC0020472,4,6,0,0.20761958
INC0020472,5,6,0,0.16771623
INC0020472,6,6,0,0.16631094
INC0020504,1,4,0,0.51706016
INC0020504,2,4,0,0.45831925
INC0020504,3,4,0,0.26283142
INC0020504,4,4,0,0.27967533
INC0020509,1,3,1,0.7980594
INC0020509,2,3,1,0.6873044
INC0020509,3,3,1,0.82217187
INC0020537,1,2,0,0.2956401
INC0020537,2,2,0,0.24328557
INC0020547,1,1,0,0.094237395
INC0020581,1,8,0,0.31980133
INC0020581,2,8,0,0.27492094
INC0020581,3,8,0,0.24227704
INC0020581,4,8,0,0.32316244
INC0020581,5,8,0,0.26253784
INC0020581,6,8,0,0.2692629
INC0020581,7,8,0,0.25303936
INC0020581,8,8,0,0.16643436
INC0020584,1,1,0,0.17478228
INC0020613,1,3,0,0.38281298
INC0020613,2,3,0,0.35410008
INC0020613,3,3,0,0.20385244
INC0020620,1,3,1,0.41944936
INC0020620,2,3,1,0.3525305
INC0020620,3,3,1,0.47045532
INC0020642,1,1,0,0.12485699
INC0020647,1,1,0,0.14541179
INC0020654,1,9,1,0.29236454
INC0020654,2,9,1,0.22954485
INC0020654,3,9,1,0.624369
INC0020654,4,9,1,0.70926213
INC0020654,5,9,1,0.7705919
INC0020654,6,9,1,0.9968268
INC0020654,7,9,1,0.99479043
INC0020654,8,9,1,0.9944112
INC0020658,1,13,1,0.13161497
INC0020658,2,13,1,0.9552129
INC0020658,3,13,1,0.96896654
INC0020658,4,13,1,0.9728794
INC0020658,5,13,1,0.9752711
INC0020658,6,13,1,0.98045313
INC0020658,7,13,1,0.9719553
INC0020658,8,13,1,0.97287816
INC0020688,1,4,1,0.49397916
INC0020688,2,4,1,0.5458658
INC0020688,3,4,1,0.63516885
INC0020688,4,4,1,0.93851346
INC0020693,1,2,0,0.34721777
INC0020693,2,2,0,0.18615597
INC0020724,1,3,0,0.4918437
INC0020724,2,3,0,0.41470698
INC0020724,3,3,0,0.3994668
INC0020730,1,1,0,0.26798707
INC0020736,1,19,1,0.17282766
INC0020736,2,19,1,0.21088685
INC0020736,3,19,1,0.21727155
INC0020736,4,19,1,0.13666224
INC0020736,5,19,1,0.13888682
INC0020736,6,19,1,0.47397855
INC0020736,7,19,1,0.6208751
INC0020736,8,19,1,0.98735887
INC0020761,1,2,1,0.32286698
INC0020761,2,2,1,0.6487612
INC0020793,1,1,0,0.049861215
INC0020809,1,1,0,0.10419161
INC0020814,1,1,0,0.0063393544
INC0020846,1,1,1,0.4437873
INC0020856,1,5,0,0.19300637
INC0020856,2,5,0,0.15788403
INC0020856,3,5,0,0.181345
INC0020856,4,5,0,0.18226853
INC0020856,5,5,0,0.24814397
INC0020870,1,3,0,0.36669463
INC0020870,2,3,0,0.2848829
INC0020870,3,3,0,0.2748826
INC0020874,1,1,0,0.018075785
INC0020902,1,4,0,0.44182217
INC0020902,2,4,0,0.36825225
INC0020902,3,4,0,0.40979305
INC0020902,4,4,0,0.49916187
INC0020946,1,2,0,0.41224805
INC0020946,2,2,0,0.23059918
INC0020972,1,1,0,0.040835265
INC0020980,1,1,0,0.22184338
INC0020987,1,6,1,0.25643286
INC0020987,2,6,1,0.34624436
INC0020987,3,6,1,0.24583846
INC0020987,4,6,1,0.36941606
INC0020987,5,6,1,0.5799602
INC0020987,6,6,1,0.9689841
INC0020988,1,1,1,0.37937596
INC0021040,1,5,0,0.37816203
INC0021040,2,5,0,0.33227688
INC0021040,3,5,0,0.40378076
INC0021040,4,5,0,0.40767032
INC0021040,5,5,0,0.37295413
INC0021045,1,1,0,0.07400602
INC0021055,1,2,1,0.69534415
INC0021055,2,2,1,0.99636984
INC0021070,1,1,1,0.32558724
INC0021087,1,1,0,0.23491122
INC0021097,1,3,0,0.45741376
INC0021097,2,3,0,0.42092717
INC0021097,3,3,0,0.37731895
INC0021152,1,1,0,0.064591
INC0021155,1,12,1,0.32640278
INC0021155,2,12,1,0.36940935
INC0021155,3,12,1,0.3627714
INC0021155,4,12,1,0.3366168
INC0021155,5,12,1,0.44422075
INC0021155,6,12,1,0.6741585
INC0021155,7,12,1,0.4847893
INC0021155,8,12,1,0.88921416
INC0021158,1,3,0,0.29539463
INC0021158,2,3,0,0.21951751
INC0021158,3,3,0,0.23860936
INC0021170,1,2,0,0.44297758
INC0021170,2,2,0,0.5707626
INC0021182,1,1,0,0.45010892
INC0021186,1,2,0,0.10204981
INC0021186,2,2,0,0.27897823
INC0021196,1,1,0,0.1202571
INC0021197,1,1,0,0.12694974
INC0021199,1,3,1,0.90781075
INC0021199,2,3,1,0.8931852
INC0021199,3,3,1,0.88112694
INC0021215,1,2,1,0.5715045
INC0021215,2,2,1,0.29756123
INC0021226,1,1,0,0.08916732
INC0021231,1,3,0,0.32299757
INC0021231,2,3,0,0.31947836
INC0021231,3,3,0,0.25481763
INC0021244,1,6,1,0.17342764
INC0021244,2,6,1,0.1246377
INC0021244,3,6,1,0.1676688
INC0021244,4,6,1,0.25551754
INC0021244,5,6,1,0.9722477
INC0021244,6,6,1,0.995295
INC0021253,1,3,0,0.016308412
INC0021253,2,3,0,0.022512525
INC0021253,3,3,0,0.018884612
INC0021273,1,1,0,0.22358584
INC0021277,1,3,0,0.2972746
INC0021277,2,3,0,0.23741113
INC0021277,3,3,0,0.34011674
INC0021279,1,2,0,0.35948312
INC0021279,2,2,0,0.3025796
INC0021282,1,7,0,0.35276732
INC0021282,2,7,0,0.49059722
INC0021282,3,7,0,0.4477881
INC0021282,4,7,0,0.44349742
INC0021282,5,7,0,0.43003073
INC0021282,6,7,0,0.52584773
INC0021282,7,7,0,0.49468553
INC0021291,1,5,0,0.24155433
INC0021291,2,5,0,0.20470095
INC0021291,3,5,0,0.21430016
INC0021291,4,5,0,0.21221131
INC0021291,5,5,0,0.21842544
INC0021296,1,1,0,0.10830388
INC0021303,1,1,0,0.13786566
INC0021322,1,4,0,0.38060364
INC0021322,2,4,0,0.3041924
INC0021322,3,4,0,0.31286395
INC0021322,4,4,0,0.41859174
INC0021336,1,1,0,0.12340991
INC0021337,1,1,0,0.10778687
INC0021342,1,1,0,0.12248065
INC0021348,1,1,0,0.11729794
INC0021351,1,1,0,0.12071204
INC0021359,1,2,1,0.98480487
INC0021359,2,2,1,0.9825697
INC0021368,1,11,1,0.4645838
INC0021368,2,11,1,0.43526807
INC0021368,3,11,1,0.42164055
INC0021368,4,11,1,0.38789168
INC0021368,5,11,1,0.9752779
INC0021368,6,11,1,0.977094
INC0021368,7,11,1,0.9965744
INC0021368,8,11,1,0.99638414
INC0021384,1,4,1,0.96984863
INC0021384,2,4,1,0.9811198
INC0021384,3,4,1,0.97295105
INC0021384,4,4,1,0.9715675
INC0021393,1,4,1,0.97040826
INC0021393,2,4,1,0.9812306
INC0021393,3,4,1,0.97295105
INC0021393,4,4,1,0.9743513
INC0021397,1,4,1,0.96930134
INC0021397,2,4,1,0.9812306
INC0021397,3,4,1,0.97295105
INC0021397,4,4,1,0.9722764
INC0021432,1,2,0,0.25507963
INC0021432,2,2,0,0.12820321
INC0021449,1,1,0,0.13247156
INC0021470,1,6,1,0.5014087
INC0021470,2,6,1,0.45153573
INC0021470,3,6,1,0.5467137
INC0021470,4,6,1,0.49926627
INC0021470,5,6,1,0.3981686
INC0021470,6,6,1,0.95753294
INC0021471,1,13,1,0.32844403
INC0021471,2,13,1,0.30489558
INC0021471,3,13,1,0.42056018
INC0021471,4,13,1,0.44758627
INC0021471,5,13,1,0.40739
INC0021471,6,13,1,0.3590889
INC0021471,7,13,1,0.3554445
INC0021471,8,13,1,0.3211952
INC0021475,1,5,1,0.29779837
INC0021475,2,5,1,0.42267728
INC0021475,3,5,1,0.9950707
INC0021475,4,5,1,0.9974952
INC0021475,5,5,1,0.9956571
INC0021477,1,1,0,0.64028174
INC0021489,1,2,0,0.25179645
INC0021489,2,2,0,0.12802604
INC0021492,1,1,0,0.052530706
INC0021494,1,1,0,0.3288429
INC0021505,1,1,1,0.93680155
INC0021546,1,1,0,0.07844187
INC0021563,1,1,0,0.096263625
INC0021592,1,4,0,0.20491154
INC0021592,2,4,0,0.21671465
INC0021592,3,4,0,0.21676143
INC0021592,4,4,0,0.27746618
INC0021597,1,1,0,0.086394265
INC0021621,1,6,1,0.45322752
INC0021621,2,6,1,0.40332723
INC0021621,3,6,1,0.4651627
INC0021621,4,6,1,0.44854423
INC0021621,5,6,1,0.4332155
INC0021621,6,6,1,0.38032356
INC0021645,1,2,1,0.42517123
INC0021645,2,2,1,0.3942727
INC0021665,1,6,1,0.34862188
INC0021665,2,6,1,0.30590355
INC0021665,3,6,1,0.38178328
INC0021665,4,6,1,0.901904
INC0021665,5,6,1,0.888878
INC0021665,6,6,1,0.8981985
INC0021679,1,4,1,0.6001268
INC0021679,2,4,1,0.7186513
INC0021679,3,4,1,0.8391906
INC0021679,4,4,1,0.81609637
INC0021736,1,4,0,0.5561845
INC0021736,2,4,0,0.39718962
INC0021736,3,4,0,0.36546716
INC0021736,4,4,0,0.37728605
INC0021745,1,1,0,0.42739797
INC0021754,1,3,0,0.15947342
INC0021754,2,3,0,0.2054633
INC0021754,3,3,0,0.15390594
INC0021757,1,1,0,0.16001631
INC0021770,1,9,1,0.37691218
INC0021770,2,9,1,0.58070266
INC0021770,3,9,1,0.5920325
INC0021770,4,9,1,0.6353476
INC0021770,5,9,1,0.73118013
INC0021770,6,9,1,0.8948299
INC0021770,7,9,1,0.9043028
INC0021770,8,9,1,0.9275101
INC0021771,1,2,0,0.1194936
INC0021771,2,2,0,0.15441553
INC0021776,1,3,0,0.11361032
INC0021776,2,3,0,0.16156656
INC0021776,3,3,0,0.30179366
INC0021785,1,1,0,0.02485438
INC0021787,1,7,0,0.24866876
INC0021787,2,7,0,0.2165242
INC0021787,3,7,0,0.19655012
INC0021787,4,7,0,0.24691054
INC0021787,5,7,0,0.4183738
INC0021787,6,7,0,0.5668998
INC0021787,7,7,0,0.64102185
INC0021789,1,1,0,0.023756312
INC0021795,1,1,0,0.043786343
INC0021828,1,1,0,0.2550796
INC0021878,1,3,0,0.07730112
INC0021878,2,3,0,0.07325457
INC0021878,3,3,0,0.22333544
INC0021880,1,2,0,0.11919421
INC0021880,2,2,0,0.3780196
INC0021883,1,1,0,0.025236541
INC0021884,1,4,0,0.04529023
INC0021884,2,4,0,0.10615164
INC0021884,3,4,0,0.17907086
INC0021884,4,4,0,0.15207599
INC0021916,1,3,0,0.12067206
INC0021916,2,3,0,0.23458154
INC0021916,3,3,0,0.29518113
INC0021931,1,4,0,0.07200316
INC0021931,2,4,0,0.08110023
INC0021931,3,4,0,0.080699556
INC0021931,4,4,0,0.045334674
INC0021942,1,1,0,0.046205632
INC0021943,1,2,0,0.02071512
INC0021943,2,2,0,0.023918897
INC0021948,1,1,0,0.010535154
INC0021970,1,5,1,0.9592169
INC0021970,2,5,1,0.95374656
INC0021970,3,5,1,0.9555231
INC0021970,4,5,1,0.93629515
INC0021970,5,5,1,0.93262804
INC0021989,1,1,0,0.03679532
INC0022030,1,1,0,0.01746967
INC0022060,1,1,0,0.013628801
INC0022062,1,1,0,0.02889913
INC0022063,1,1,0,0.07799917
INC0022076,1,1,0,0.03491496
INC0022101,1,1,0,0.019371169
INC0022111,1,1,0,0.052942008
INC0022123,1,1,0,0.039401803
INC0022139,1,10,0,0.08144868
INC0022139,2,10,0,0.04119224
INC0022139,3,10,0,0.03860527
INC0022139,4,10,0,0.035866052
INC0022139,5,10,0,0.039376795
INC0022139,6,10,0,0.040788844
INC0022139,7,10,0,0.038300954
INC0022139,8,10,0,0.039874833
INC0022143,1,2,0,0.042895146
INC0022143,2,2,0,0.048941053
INC0022158,1,1,0,0.01657889
INC0022160,1,1,0,0.0063594086
INC0022166,1,1,0,0.010707437
INC0022173,1,1,0,0.03652884
INC0022179,1,2,0,0.058559828
INC0022179,2,2,0,0.039017253
INC0022184,1,1,0,0.059222672
INC0022188,1,1,0,0.0061187376
INC0022189,1,1,0,0.0487221
INC0022192,1,1,0,0.010996398
INC0022227,1,7,0,0.025358362
INC0022227,2,7,0,0.0485309
INC0022227,3,7,0,0.049424898
INC0022227,4,7,0,0.049487174
INC0022227,5,7,0,0.05744675
INC0022227,6,7,0,0.05368307
INC0022227,7,7,0,0.05537625
INC0022228,1,2,0,0.098173976
INC0022228,2,2,0,0.087278396
INC0022260,1,1,0,0.021701017
INC0022306,1,3,0,0.09701069
INC0022306,2,3,0,0.040670406
INC0022306,3,3,0,0.04435014
INC0022320,1,1,0,0.016980262
INC0022329,1,1,0,0.029377745
INC0022333,1,1,0,0.023706151
INC0022338,1,2,0,0.054027405
INC0022338,2,2,0,0.034026638
INC0022342,1,3,0,0.03870418
INC0022342,2,3,0,0.025388815
INC0022342,3,3,0,0.021405065
INC0022349,1,3,0,0.034646045
INC0022349,2,3,0,0.03005125
INC0022349,3,3,0,0.03089727
INC0022353,1,1,0,0.030847032
INC0022357,1,3,0,0.07175129
INC0022357,2,3,0,0.043402843
INC0022357,3,3,0,0.042598672
INC0022358,1,1,0,0.031826552
INC0022378,1,1,0,0.043076556
INC0022379,1,2,0,0.0660811
INC0022379,2,2,0,0.045129508
INC0022383,1,1,0,0.053809088
INC0022388,1,1,0,0.015447024
INC0022391,1,4,0,0.050068844
INC0022391,2,4,0,0.034235906
INC0022391,3,4,0,0.03279008
INC0022391,4,4,0,0.08091148
INC0022398,1,1,0,0.014916849
INC0022399,1,4,0,0.061516143
INC0022399,2,4,0,0.12975201
INC0022399,3,4,0,0.1066922
INC0022399,4,4,0,0.10724097
INC0022412,1,1,0,0.021150034
INC0022421,1,4,0,0.049483158
INC0022421,2,4,0,0.03722055
INC0022421,3,4,0,0.033211105
INC0022421,4,4,0,0.039895568
INC0022441,1,2,0,0.04564922
INC0022441,2,2,0,0.028613327
INC0022445,1,1,0,0.010607322
INC0022447,1,2,0,0.014286063
INC0022447,2,2,0,0.023630299
INC0022448,1,1,0,0.013921002
INC0022467,1,4,0,0.092358
INC0022467,2,4,0,0.059755042
INC0022467,3,4,0,0.058317453
INC0022467,4,4,0,0.05587739
INC0022469,1,1,0,0.048008095
INC0022484,1,1,0,0.015272986
INC0022494,1,1,0,0.008251341
INC0022499,1,2,0,0.08920543
INC0022499,2,2,0,0.06924577
INC0022528,1,1,0,0.02256754
INC0022531,1,3,0,0.055487256
INC0022531,2,3,0,0.060382254
INC0022531,3,3,0,0.04537076
INC0022536,1,8,0,0.042529345
INC0022536,2,8,0,0.043831624
INC0022536,3,8,0,0.038740885
INC0022536,4,8,0,0.03849541
INC0022536,5,8,0,0.04107195
INC0022536,6,8,0,0.043524474
INC0022536,7,8,0,0.046910312
INC0022536,8,8,0,0.049461745
INC0022543,1,5,0,0.124083996
INC0022543,2,5,0,0.09678534
INC0022543,3,5,0,0.060914174
INC0022543,4,5,0,0.09382656
INC0022543,5,5,0,0.14417046
INC0022557,1,6,0,0.022061076
INC0022557,2,6,0,0.04483857
INC0022557,3,6,0,0.048178505
INC0022557,4,6,0,0.043100525
INC0022557,5,6,0,0.041308466
INC0022557,6,6,0,0.031471483
INC0022579,1,5,1,0.81142616
INC0022579,2,5,1,0.9367737
INC0022579,3,5,1,0.8015589
INC0022579,4,5,1,0.7869093
INC0022579,5,5,1,0.7795715
INC0022580,1,5,0,0.02780144
INC0022580,2,5,0,0.022026377
INC0022580,3,5,0,0.020098597
INC0022580,4,5,0,0.018289343
INC0022580,5,5,0,0.01928301
INC0022601,1,1,0,0.040992267
INC0022603,1,1,0,0.020505965
INC0022607,1,1,0,0.024916472
INC0022616,1,3,0,0.053110242
INC0022616,2,3,0,0.03497544
INC0022616,3,3,0,0.03824226
INC0022655,1,1,0,0.025181815
INC0022656,1,4,0,0.065506294
INC0022656,2,4,0,0.07133897
INC0022656,3,4,0,0.056627277
INC0022656,4,4,0,0.062257238
INC0022689,1,1,0,0.023000916
INC0022694,1,1,0,0.011658943
INC0022700,1,1,0,0.02786916
INC0022705,1,4,0,0.042902958
INC0022705,2,4,0,0.019548252
INC0022705,3,4,0,0.021617964
INC0022705,4,4,0,0.03810661
INC0022753,1,2,0,0.011432132
INC0022753,2,2,0,0.021741826
INC0022806,1,1,0,0.011875028
INC0022813,1,6,1,0.28851083
INC0022813,2,6,1,0.20997658
INC0022813,3,6,1,0.22274029
INC0022813,4,6,1,0.22418207
INC0022813,5,6,1,0.2238217
INC0022813,6,6,1,0.9916705
INC0022814,1,2,0,0.008065764
INC0022814,2,2,0,0.027650911
INC0022816,1,2,0,0.020109588
INC0022816,2,2,0,0.032778304
INC0022817,1,1,0,0.012337552
INC0022848,1,1,0,0.07220856
INC0022860,1,1,0,0.021641316
INC0022886,1,2,0,0.08957372
INC0022886,2,2,0,0.1124898
INC0022899,1,2,0,0.028591188
INC0022899,2,2,0,0.06070094
INC0022907,1,3,0,0.04213223
INC0022907,2,3,0,0.051394686
INC0022907,3,3,0,0.03853422
INC0022916,1,1,0,0.013275805
INC0022920,1,3,0,0.038823478
INC0022920,2,3,0,0.037211437
INC0022920,3,3,0,0.028532239
INC0022934,1,1,0,0.025051542
INC0022936,1,1,0,0.01121316
INC0022938,1,2,0,0.017361943
INC0022938,2,2,0,0.030012246
INC0022940,1,5,0,0.06446323
INC0022940,2,5,0,0.06652397
INC0022940,3,5,0,0.071891695
INC0022940,4,5,0,0.066341445
INC0022940,5,5,0,0.06917039
INC0022951,1,1,0,0.00970053
INC0022961,1,2,0,0.018553145
INC0022961,2,2,0,0.036216095
INC0022974,1,2,0,0.012769295
INC0022974,2,2,0,0.013675172
INC0023001,1,1,0,0.02108266
INC0023010,1,2,0,0.03891777
INC0023010,2,2,0,0.027443487
INC0023017,1,1,0,0.010943395
INC0023022,1,2,0,0.026879994
INC0023022,2,2,0,0.027788008
INC0023051,1,8,0,0.018975364
INC0023051,2,8,0,0.05942189
INC0023051,3,8,0,0.041405022
INC0023051,4,8,0,0.03699205
INC0023051,5,8,0,0.034603614
INC0023051,6,8,0,0.04658352
INC0023051,7,8,0,0.07261546
INC0023051,8,8,0,0.06618893
INC0023060,1,2,0,0.062464345
INC0023060,2,2,0,0.054853983
INC0023065,1,2,0,0.039791707
INC0023065,2,2,0,0.22534744
INC0023073,1,2,0,0.016550934
INC0023073,2,2,0,0.026669182
INC0023079,1,2,0,0.012721145
INC0023079,2,2,0,0.02070516
INC0023096,1,1,0,0.020729529
INC0023121,1,1,0,0.013582099
INC0023131,1,2,0,0.027352273
INC0023131,2,2,0,0.023370298
INC0023136,1,2,0,0.024955494
INC0023136,2,2,0,0.025139308
INC0023147,1,3,0,0.051591594
INC0023147,2,3,0,0.038516574
INC0023147,3,3,0,0.04029491
INC0023153,1,2,0,0.045117687
INC0023153,2,2,0,0.047580354
INC0023166,1,1,0,0.023454098
INC0023176,1,2,0,0.027069999
INC0023176,2,2,0,0.027878022
INC0023187,1,2,0,0.046788804
INC0023187,2,2,0,0.049337972
INC0023192,1,2,0,0.04469737
INC0023192,2,2,0,0.04746212
INC0023229,1,1,0,0.008733619
INC0023241,1,1,0,0.01243178
INC0023251,1,5,0,0.13350907
INC0023251,2,5,0,0.0928907
INC0023251,3,5,0,0.09290509
INC0023251,4,5,0,0.112221144
INC0023251,5,5,0,0.08564625
INC0023257,1,1,0,0.023033373
INC0023259,1,1,0,0.014835335
INC0023267,1,2,0,0.05262718
INC0023267,2,2,0,0.038530838
INC0023275,1,3,0,0.038252197
INC0023275,2,3,0,0.034167428
INC0023275,3,3,0,0.28049156
INC0023282,1,3,0,0.078211136
INC0023282,2,3,0,0.052138593
INC0023282,3,3,0,0.09055861
INC0023289,1,1,0,0.019994378
INC0023293,1,1,0,0.0058560506
INC0023325,1,1,0,0.06122737
INC0023331,1,5,0,0.06483113
INC0023331,2,5,0,0.048981372
INC0023331,3,5,0,0.0493963
INC0023331,4,5,0,0.043476414
INC0023331,5,5,0,0.054705124
INC0023341,1,1,0,0.06880531
INC0023362,1,5,0,0.054254483
INC0023362,2,5,0,0.041837506
INC0023362,3,5,0,0.05884081
INC0023362,4,5,0,0.054982208
INC0023362,5,5,0,0.57065105
INC0023424,1,3,0,0.07606834
INC0023424,2,3,0,0.6926125
INC0023424,3,3,0,0.48441932
INC0023443,1,4,0,0.098231174
INC0023443,2,4,0,0.02660462
INC0023443,3,4,0,0.16219905
INC0023443,4,4,0,0.13394755
INC0023449,1,1,0,0.0060722623
INC0023456,1,3,0,0.05626048
INC0023456,2,3,0,0.04453089
INC0023456,3,3,0,0.03114744
INC0023463,1,1,0,0.051203504
INC0023469,1,4,0,0.03055233
INC0023469,2,4,0,0.048464965
INC0023469,3,4,0,0.044992365
INC0023469,4,4,0,0.068705656
INC0023488,1,1,0,0.015128752
INC0023495,1,1,0,0.014551838
INC0023503,1,2,0,0.014912988
INC0023503,2,2,0,0.0158175
INC0023515,1,2,0,0.03267978
INC0023515,2,2,0,0.015837183
INC0023518,1,2,0,0.0137601625
INC0023518,2,2,0,0.013573694
INC0023521,1,3,0,0.028751306
INC0023521,2,3,0,0.015211062
INC0023521,3,3,0,0.010722834
INC0023522,1,2,0,0.010713525
INC0023522,2,2,0,0.00978517
INC0023533,1,1,0,0.013536496
INC0023591,1,6,0,0.061322946
INC0023591,2,6,0,0.11857205
INC0023591,3,6,0,0.0653382
INC0023591,4,6,0,0.06588909
INC0023591,5,6,0,0.06562343
INC0023591,6,6,0,0.07386136
INC0023594,1,2,0,0.045491796
INC0023594,2,2,0,0.116571546
INC0023612,1,1,0,0.0085879415
INC0023624,1,1,0,0.008902279
INC0023637,1,1,0,0.021636928
INC0023643,1,1,0,0.008768688
INC0023646,1,1,0,0.02701017
INC0023653,1,2,0,0.081577666
INC0023653,2,2,0,0.0470756
INC0023660,1,3,0,0.22394894
INC0023660,2,3,0,0.6197036
INC0023660,3,3,0,0.52604365
INC0023661,1,1,0,0.14486228
INC0023666,1,1,0,0.13520418
INC0023694,1,4,0,0.5483371
INC0023694,2,4,0,0.1949123
INC0023694,3,4,0,0.31244883
INC0023694,4,4,0,0.30070165
INC0023703,1,1,0,0.11817806
INC0023705,1,1,0,0.1137173
INC0023708,1,1,0,0.05018023
INC0023746,1,4,0,0.0998623
INC0023746,2,4,0,0.109139524
INC0023746,3,4,0,0.26596656
INC0023746,4,4,0,0.12859936
INC0023763,1,1,0,0.11477091
INC0023773,1,1,0,0.040067207
INC0023803,1,2,0,0.08631757
INC0023803,2,2,0,0.12851986
INC0023812,1,1,0,0.103688546
INC0023823,1,1,0,0.038839176
INC0023855,1,3,0,0.22688195
INC0023855,2,3,0,0.22165777
INC0023855,3,3,0,0.33482438
INC0023868,1,2,0,0.11502957
INC0023868,2,2,0,0.07463178
INC0023915,1,3,0,0.23915307
INC0023915,2,3,0,0.29073983
INC0023915,3,3,0,0.5314253
INC0023918,1,1,0,0.45304704
INC0023927,1,1,0,0.11904403
INC0023948,1,1,0,0.07416557
INC0023952,1,1,0,0.01780614
INC0023957,1,3,0,0.2094346
INC0023957,2,3,0,0.18113877
INC0023957,3,3,0,0.2838589
INC0023982,1,2,0,0.07555436
INC0023982,2,2,0,0.07784404
INC0023989,1,2,0,0.09228096
INC0023989,2,2,0,0.18988217
INC0023993,1,2,0,0.23478125
INC0023993,2,2,0,0.16885325
INC0024002,1,1,0,0.05189191
INC0024008,1,2,0,0.048219863
INC0024008,2,2,0,0.091797106
INC0024025,1,2,0,0.0736206
INC0024025,2,2,0,0.07804091
INC0024032,1,1,0,0.014318485
INC0024040,1,1,0,0.09499235
INC0024041,1,4,0,0.15807512
INC0024041,2,4,0,0.1346473
INC0024041,3,4,0,0.17695479
INC0024041,4,4,0,0.17240211
INC0024050,1,2,0,0.4445069
INC0024050,2,2,0,0.13715714
INC0024051,1,1,0,0.051971637
INC0024062,1,2,0,0.21921222
INC0024062,2,2,0,0.07736827
INC0024078,1,1,0,0.27684185
INC0024079,1,1,0,0.16032973
INC0024086,1,2,0,0.13090158
INC0024086,2,2,0,0.07227462
INC0024147,1,1,0,0.026328728
INC0024190,1,4,0,0.4461364
INC0024190,2,4,0,0.36460465
INC0024190,3,4,0,0.40463609
INC0024190,4,4,0,0.52382135
INC0024237,1,4,0,0.10576069
INC0024237,2,4,0,0.21958365
INC0024237,3,4,0,0.16715045
INC0024237,4,4,0,0.15922005
INC0024254,1,1,0,0.016098628
INC0024262,1,2,0,0.26871207
INC0024262,2,2,0,0.26683122
INC0024277,1,1,0,0.1047074
INC0024286,1,1,0,0.06675766
INC0024299,1,1,0,0.04348722
INC0024303,1,1,0,0.032904282
INC0024331,1,1,0,0.06925112
INC0024334,1,1,0,0.081564076
INC0024340,1,2,0,0.062625036
INC0024340,2,2,0,0.050500598
INC0024342,1,1,0,0.17028703
INC0024343,1,1,0,0.19138126
INC0024346,1,1,0,0.0433889
INC0024361,1,2,0,0.091852136
INC0024361,2,2,0,0.12141385
INC0024407,1,3,0,0.19093418
INC0024407,2,3,0,0.22880779
INC0024407,3,3,0,0.2449511
INC0024423,1,1,0,0.00947472
INC0025355,1,5,0,0.49983376
INC0025355,2,5,0,0.43706775
INC0025355,3,5,0,0.38043436
INC0025355,4,5,0,0.06091295
INC0025355,5,5,0,0.056602027
INC0025782,1,4,0,0.93075454
INC0025782,2,4,0,0.9181235
INC0025782,3,4,0,0.9174525
INC0025782,4,4,0,0.913674
