case_id,k,_n_nonterm,y,p
1-467153946,1,38,1,0.5871503312359195
1-467153946,2,38,1,0.5931480797936919
1-467153946,3,38,1,0.7462584446885956
1-467153946,4,38,1,0.7539650773101725
1-467153946,5,38,1,0.7874637716240788
1-467153946,6,38,1,0.9932742485804134
1-467153946,7,38,1,0.9943399341820504
1-467153946,8,38,1,0.9918166280804065
1-467153946,9,38,1,0.9999999583082526
1-467153946,10,38,1,0.9999996414439101
1-467153946,11,38,1,0.9999998397755762
1-467153946,12,38,1,0.9999999053847025
1-530458987,1,28,1,0.9832784289049593
1-530458987,2,28,1,0.9836430897640436
1-530458987,3,28,1,0.9901040528653593
1-530458987,4,28,1,0.9979640502453312
1-530458987,5,28,1,0.9972087568577069
1-530458987,6,28,1,0.9982825205345777
1-530458987,7,28,1,0.9983509158480443
1-530458987,8,28,1,0.9987190927109432
1-530458987,9,28,1,0.9997835088396106
1-530458987,10,28,1,0.9998589779817568
1-530458987,11,28,1,0.9999133446425538
1-530458987,12,28,1,0.999902852028218
1-530838254,1,40,1,0.9928683245194327
1-530838254,2,40,1,0.9930438698034267
1-530838254,3,40,1,0.9981408392345769
1-530838254,4,40,1,0.9979566986484694
1-530838254,5,40,1,0.9937457697777484
1-530838254,6,40,1,0.9943712695175354
1-530838254,7,40,1,0.9949207262392867
1-530838254,8,40,1,0.9995918329334131
1-530838254,9,40,1,0.999697166956383
1-530838254,10,40,1,0.9996395023931852
1-530838254,11,40,1,0.9997326009274484
1-530838254,12,40,1,0.9999999932547519
1-543317665,1,21,1,0.9654737199459303
1-543317665,2,21,1,0.9661694051083716
1-543317665,3,21,1,0.978589092095602
1-543317665,4,21,1,0.9837668260889335
1-543317665,5,21,1,0.9836149373301952
1-543317665,6,21,1,0.977739237083267
1-543317665,7,21,1,0.9794142850887256
1-543317665,8,21,1,0.9738957278697321
1-543317665,9,21,1,0.9835908058916859
1-543317665,10,21,1,0.9876137989379866
1-543317665,11,21,1,0.9879499789700749
1-543317665,12,21,1,0.9916940260509784
1-543979253,1,4,1,0.9281585417907853
1-543979253,2,4,1,0.9297093013308929
1-543979253,3,4,1,0.9608910738253277
1-543979253,4,4,1,1.0
1-565045794,1,29,1,0.9030621306012759
1-565045794,2,29,1,0.9048977980541043
1-565045794,3,29,1,0.9245969785905503
1-565045794,4,29,1,0.9164254173524358
1-565045794,5,29,1,0.959716518173209
1-565045794,6,29,1,0.9222203679267146
1-565045794,7,29,1,0.9272438103204311
1-565045794,8,29,1,0.8581098319825264
1-565045794,9,29,1,0.9334766566338675
1-565045794,10,29,1,0.946911211006722
1-565045794,11,29,1,0.926588150321821
1-565045794,12,29,1,0.9487427029123765
1-567358917,1,11,1,0.9420201652984421
1-567358917,2,11,1,0.9431611663657751
1-567358917,3,11,1,0.9637805321647015
1-567358917,4,11,1,0.9836412366697135
1-567358917,5,11,1,0.9918031357972975
1-567358917,6,11,1,0.9939858620197228
1-567358917,7,11,1,0.9818629883467603
1-567358917,8,11,1,0.9853928059468084
1-567358917,9,11,1,0.9999804837588973
1-567358917,10,11,1,1.0
1-567358917,11,11,1,1.0
1-593737913,1,9,1,0.5593972673690064
1-593737913,2,9,1,0.5645825286617797
1-593737913,3,9,1,0.7045619636240121
1-593737913,4,9,1,0.8950226227018476
1-593737913,5,9,1,0.9412121936041152
1-593737913,6,9,1,0.957923680662002
1-593737913,7,9,1,0.9999999576497363
1-593737913,8,9,1,0.9999996435456686
1-593737913,9,9,1,1.0
1-605956457,1,25,1,0.9579710893156792
1-605956457,2,25,1,0.9588176939774469
1-605956457,3,25,1,0.9734782694327822
1-605956457,4,25,1,0.9911650488638446
1-605956457,5,25,1,0.9919548497209754
1-605956457,6,25,1,0.9992217285760276
1-605956457,7,25,1,0.9985912862411134
1-605956457,8,25,1,0.9983002925662862
1-605956457,9,25,1,0.9982347364803673
1-605956457,10,25,1,0.9957265088544809
1-605956457,11,25,1,0.9967085359355722
1-605956457,12,25,1,0.9962571911590202
1-638841644,1,7,1,0.8721756354692818
1-638841644,2,7,1,0.8745742823288284
1-638841644,3,7,1,0.9125205267613955
1-638841644,4,7,1,0.8959775606406205
1-638841644,5,7,1,0.9403457285166
1-638841644,6,7,1,0.9828302784220401
1-638841644,7,7,1,1.0
1-649830550,1,16,1,0.579524385119775
1-649830550,2,16,1,0.5846282841756856
1-649830550,3,16,1,0.6744390368119259
1-649830550,4,16,1,0.7426405267089632
1-649830550,5,16,1,0.8122011909285305
1-649830550,6,16,1,0.8536306485449983
1-649830550,7,16,1,0.951683578902729
1-649830550,8,16,1,0.9872019481238115
1-649830550,9,16,1,0.986297355253032
1-649830550,10,16,1,0.9999999999443876
1-649830550,11,16,1,0.9999999991060438
1-649830550,12,16,1,0.9999999645669461
1-657323705,1,5,1,0.8839956814788518
1-657323705,2,5,1,0.8861394896349247
1-657323705,3,5,1,0.94035488168327
1-657323705,4,5,1,0.9999992164864647
1-657323705,5,5,1,0.9999999995932731
1-686398767,1,9,1,0.8890488052622076
1-686398767,2,9,1,0.8911753506487802
1-686398767,3,9,1,0.9268380664158088
1-686398767,4,9,1,0.9089181682986541
1-686398767,5,9,1,0.9369182415497079
1-686398767,6,9,1,0.979518535517968
1-686398767,7,9,1,0.9767953528691311
1-686398767,8,9,1,0.9817063379019888
1-686398767,9,9,1,0.9756453914249057
1-686497432,1,53,1,0.9478926958101663
1-686497432,2,53,1,0.9489218566235311
1-686497432,3,53,1,0.9582571304656955
1-686497432,4,53,1,0.9709592883495844
1-686497432,5,53,1,0.9644481153270638
1-686497432,6,53,1,0.9745515976443521
1-686497432,7,53,1,0.975505806711817
1-686497432,8,53,1,0.9942391759187164
1-686497432,9,53,1,0.9962827246196153
1-686497432,10,53,1,0.9998991162606939
1-686497432,11,53,1,0.9998545732421417
1-686497432,12,53,1,0.9998677380583394
1-687710013,1,5,1,0.9369356720863369
1-687710013,2,5,1,0.9382099841465498
1-687710013,3,5,1,0.977857056020712
1-687710013,4,5,1,0.9345130753999324
1-687710013,5,5,1,0.9591247187994303
1-691950241,1,13,1,0.9834109272621416
1-691950241,2,13,1,0.9837386510995866
1-691950241,3,13,1,0.9715476994442538
1-691950241,4,13,1,0.9997450978162252
1-691950241,5,13,1,0.9993665508339478
1-691950241,6,13,1,0.9994984673239046
1-691950241,7,13,1,0.9999664702382638
1-691950241,8,13,1,0.9999894404930791
1-691950241,9,13,1,0.9999876548757601
1-691950241,10,13,1,0.9999985858369053
1-691950241,11,13,1,0.9999980652457541
1-691950241,12,13,1,0.9999980102638606
1-692918254,1,9,1,0.7765821841266238
1-692918254,2,9,1,0.780235451002851
1-692918254,3,9,1,0.6581349506474451
1-692918254,4,9,1,0.9980786670384506
1-692918254,5,9,1,0.9960730818011081
1-692918254,6,9,1,0.9999999948165101
1-692918254,7,9,1,0.9999999616494296
1-692918254,8,9,1,0.999999936102539
1-692918254,9,9,1,0.9999999536042924
1-695870591,1,16,1,0.820115638064285
1-695870591,2,16,1,0.8947739956929037
1-695870591,3,16,1,0.9269766046010073
1-695870591,4,16,1,0.9343065425378534
1-695870591,5,16,1,0.9620972161365603
1-695870591,6,16,1,0.9700985321132597
1-695870591,7,16,1,0.9520294268054582
1-695870591,8,16,1,0.9716963487250473
1-695870591,9,16,1,0.9659778993632955
1-695870591,10,16,1,0.978639678973662
1-695870591,11,16,1,0.9762100075743715
1-695870591,12,16,1,0.9792638736593735
1-696894381,1,3,1,0.818900418644267
1-696894381,2,3,1,0.8216839557777132
1-696894381,3,3,1,0.8720440789684306
1-699297808,1,4,1,0.5100867050236529
1-699297808,2,4,1,0.515461542113666
1-699297808,3,4,1,0.5673177530522655
1-699297808,4,4,1,0.6583441920241928
1-699719677,1,10,1,0.8565283148150377
1-699719677,2,10,1,0.8593327007596865
1-699719677,3,10,1,0.9420015338587213
1-699719677,4,10,1,0.9919811674780196
1-699719677,5,10,1,0.9897409587093344
1-699719677,6,10,1,0.9940139150454929
1-699719677,7,10,1,0.9999833378498917
1-699719677,8,10,1,0.9999869636343656
1-699719677,9,10,1,0.9999852362866298
1-699719677,10,10,1,0.999997685624368
1-700370143,1,12,1,0.8613342589348653
1-700370143,2,12,1,0.8638508021896566
1-700370143,3,12,1,0.9243380900720273
1-700370143,4,12,1,0.9237796849816265
1-700370143,5,12,1,0.9858715610682319
1-700370143,6,12,1,0.9829994883775356
1-700370143,7,12,1,0.9844749022106738
1-700370143,8,12,1,0.999812916288323
1-700370143,9,12,1,0.9996415991010081
1-700370143,10,12,1,0.9999651204254266
1-700370143,11,12,1,0.9999238903825501
1-700370143,12,12,1,0.9999997642590671
1-700955144,1,60,1,0.9709867926755728
1-700955144,2,60,1,0.9715795719257716
1-700955144,3,60,1,0.9814062989746865
1-700955144,4,60,1,0.9910130420502639
1-700955144,5,60,1,0.9923549088517315
1-700955144,6,60,1,0.9929326911254692
1-700955144,7,60,1,0.9996898327291577
1-700955144,8,60,1,0.9942550050341482
1-700955144,9,60,1,0.9957928559704858
1-700955144,10,60,1,0.9993762295712795
1-700955144,11,60,1,0.9989602512599893
1-700955144,12,60,1,0.9992990629746908
1-701820421,1,28,1,0.9888391268097443
1-701820421,2,28,1,0.9890808822236977
1-701820421,3,28,1,0.990797372252661
1-701820421,4,28,1,0.9936623863744145
1-701820421,5,28,1,0.9748698170956365
1-701820421,6,28,1,0.9774310543624519
1-701820421,7,28,1,0.9744728209446893
1-701820421,8,28,1,0.9986428677474104
1-701820421,9,28,1,0.9985179673066603
1-701820421,10,28,1,0.9932958293536179
1-701820421,11,28,1,0.996243517846558
1-701820421,12,28,1,0.9965530121305556
1-702586831,1,8,1,0.6910355436346093
1-702586831,2,8,1,0.6963870965934723
1-702586831,3,8,1,0.7335536708813184
1-702586831,4,8,1,0.7272434291371489
1-702586831,5,8,1,0.7823239436946802
1-702586831,6,8,1,0.9992674376056238
1-702586831,7,8,1,0.999457382716494
1-702586831,8,8,1,0.999999999058973
1-702667331,1,22,1,0.8794729000647553
1-702667331,2,22,1,0.8820472311808957
1-702667331,3,22,1,0.852260673594096
1-702667331,4,22,1,0.8816032548989489
1-702667331,5,22,1,0.9103833729453186
1-702667331,6,22,1,0.9294813190229855
1-702667331,7,22,1,0.9020760991194706
1-702667331,8,22,1,0.9215306588475101
1-702667331,9,22,1,0.8872353304254325
1-702667331,10,22,1,0.9263936204431684
1-702667331,11,22,1,0.9448178760615225
1-702667331,12,22,1,0.9779913926855283
1-703263656,1,7,1,0.851975805485175
1-703263656,2,7,1,0.8546710371946695
1-703263656,3,7,1,0.8769158194270917
1-703263656,4,7,1,0.7414888456739107
1-703263656,5,7,1,0.7690971996754403
1-703263656,6,7,1,0.792549451004164
1-703263656,7,7,1,0.836359683488825
1-703547921,1,4,1,0.7344660425791535
1-703547921,2,4,1,0.7385640333895233
1-703547921,3,4,1,0.9965770992280554
1-703547921,4,4,1,0.9999905515203009
1-703999194,1,9,1,0.5863996339640729
1-703999194,2,9,1,0.5926091708202536
1-703999194,3,9,1,0.681673907891594
1-703999194,4,9,1,0.8135330063243841
1-703999194,5,9,1,0.702894678039695
1-703999194,6,9,1,0.6125979761991929
1-703999194,7,9,1,0.7398131302462629
1-703999194,8,9,1,0.7558306596238438
1-703999194,9,9,1,0.8503084482176748
1-705739949,1,6,1,0.9125274897406065
1-705739949,2,6,1,0.9142498677321179
1-705739949,3,6,1,0.9198629098975162
1-705739949,4,6,1,0.96839093195772
1-705739949,5,6,1,0.9522802285010974
1-705739949,6,6,1,0.9376767554763481
1-705791051,1,7,1,0.9840616275811199
1-705791051,2,7,1,0.9844592051839306
1-705791051,3,7,1,0.970898698655803
1-705791051,4,7,1,0.9162198249969267
1-705791051,5,7,1,0.9326107779111142
1-705791051,6,7,1,0.9246941537123401
1-705791051,7,7,1,0.9429198532442113
1-705991296,1,25,1,0.9655658670836598
1-705991296,2,25,1,0.9662675955846679
1-705991296,3,25,1,0.9879819121068784
1-705991296,4,25,1,0.9890935404306901
1-705991296,5,25,1,0.9545019808518455
1-705991296,6,25,1,0.9579136510376103
1-705991296,7,25,1,0.9456800919360739
1-705991296,8,25,1,0.9557877650281279
1-705991296,9,25,1,0.9812451493379275
1-705991296,10,25,1,0.9890202024868368
1-705991296,11,25,1,0.9918525975167379
1-705991296,12,25,1,0.9905866454265493
1-706221681,1,7,1,0.8518947293521997
1-706221681,2,7,1,0.8158163584131085
1-706221681,3,7,1,0.9213513646241465
1-706221681,4,7,1,0.9723809364108815
1-706221681,5,7,1,0.9785358036518048
1-706221681,6,7,1,0.985747981657567
1-706221681,7,7,1,0.9895806081024445
1-707231563,1,20,1,0.5122637029360136
1-707231563,2,20,1,0.5177945130468125
1-707231563,3,20,1,0.6413905240029852
1-707231563,4,20,1,0.5429332556983468
1-707231563,5,20,1,0.5999729463064037
1-707231563,6,20,1,0.5002447538853415
1-707231563,7,20,1,0.633464375943008
1-707231563,8,20,1,0.7920220502578642
1-707231563,9,20,1,0.8397906701056089
1-707231563,10,20,1,0.9996431229781453
1-707231563,11,20,1,0.9991340627910243
1-707231563,12,20,1,0.999254405860894
1-708116786,1,4,1,0.979911174734413
1-708116786,2,4,1,0.9688098725008464
1-708116786,3,4,1,0.8687832190261905
1-708116786,4,4,1,0.9999951146208576
1-708654057,1,21,1,0.9256012359304937
1-708654057,2,21,1,0.9270629148332235
1-708654057,3,21,1,0.9813644173266488
1-708654057,4,21,1,0.9848078745230291
1-708654057,5,21,1,0.961093600415902
1-708654057,6,21,1,0.951086452883508
1-708654057,7,21,1,0.9546058816419722
1-708654057,8,21,1,0.988797761699169
1-708654057,9,21,1,0.9974820765879366
1-708654057,10,21,1,0.9975329893060187
1-708654057,11,21,1,0.993655041795664
1-708654057,12,21,1,0.9914938714565361
1-708824660,1,21,1,0.946666051022675
1-708824660,2,21,1,0.9477243277083521
1-708824660,3,21,1,0.9753558253843009
1-708824660,4,21,1,0.9848500818402312
1-708824660,5,21,1,0.9631124248109557
1-708824660,6,21,1,0.9709433396040311
1-708824660,7,21,1,0.9622824255535175
1-708824660,8,21,1,0.977867679759448
1-708824660,9,21,1,0.9803821762048758
1-708824660,10,21,1,0.986546054302991
1-708824660,11,21,1,0.9912056972119782
1-708824660,12,21,1,0.9943816513535743
1-709542591,1,19,1,0.9958446580838831
1-709542591,2,19,1,0.9956226364825992
1-709542591,3,19,1,0.996384205517971
1-709542591,4,19,1,0.9976019537258906
1-709542591,5,19,1,0.9904252647323208
1-709542591,6,19,1,0.9920376681650704
1-709542591,7,19,1,0.9910496800384914
1-709542591,8,19,1,0.9973141662781224
1-709542591,9,19,1,0.9977843570510638
1-709542591,10,19,1,0.9985379270576402
1-709542591,11,19,1,0.9983229564841836
1-709542591,12,19,1,0.9984367555613005
1-709544188,1,12,1,0.9766129445985918
1-709544188,2,12,1,0.9771236847753552
1-709544188,3,12,1,0.9853714349413374
1-709544188,4,12,1,0.9895567949975659
1-709544188,5,12,1,0.9903700594363841
1-709544188,6,12,1,0.9750831014913508
1-709544188,7,12,1,0.9848301140827997
1-709544188,8,12,1,0.987329654507486
1-709544188,9,12,1,0.989523448331279
1-709544188,10,12,1,0.9891488226957298
1-709544188,11,12,1,0.9900416105093475
1-709544188,12,12,1,0.9999538067425534
1-709663406,1,44,1,0.8275245445762202
1-709663406,2,44,1,0.830497113022242
1-709663406,3,44,1,0.8782166717510718
1-709663406,4,44,1,0.9496431741488413
1-709663406,5,44,1,0.9932092787833298
1-709663406,6,44,1,0.9923943770267564
1-709663406,7,44,1,0.997196288598842
1-709663406,8,44,1,0.9964413961249422
1-709663406,9,44,1,0.9989034644979761
1-709663406,10,44,1,0.9989288607690561
1-709663406,11,44,1,0.9983871489622933
1-709663406,12,44,1,0.9983347569868644
1-709758563,1,11,1,0.9758134935663918
1-709758563,2,11,1,0.9763306432816573
1-709758563,3,11,1,0.9799287242317838
1-709758563,4,11,1,0.9903347196518526
1-709758563,5,11,1,0.9898481036715505
1-709758563,6,11,1,0.989567386820317
1-709758563,7,11,1,0.9941102089861867
1-709758563,8,11,1,0.9981019605788705
1-709758563,9,11,1,0.9985794707137232
1-709758563,10,11,1,0.9999929749221004
1-709758563,11,11,1,0.9999866760604101
1-709831036,1,12,1,0.9664179451545305
1-709831036,2,12,1,0.9671157857762899
1-709831036,3,12,1,0.9884270630130034
1-709831036,4,12,1,0.9910492267824323
1-709831036,5,12,1,0.9918509640208428
1-709831036,6,12,1,0.991461021285605
1-709831036,7,12,1,0.9932803369309129
1-709831036,8,12,1,0.9865200923477061
1-709831036,9,12,1,0.9915186444773884
1-709831036,10,12,1,0.9920603202901697
1-709831036,11,12,1,0.9931835470185139
1-709831036,12,12,1,0.9999587745800107
1-710177495,1,50,1,0.9765974932943712
1-710177495,2,50,1,0.9771083353390854
1-710177495,3,50,1,0.983592278257801
1-710177495,4,50,1,0.96772006719487
1-710177495,5,50,1,0.9691734948841224
1-710177495,6,50,1,0.997927978044753
1-710177495,7,50,1,0.998500195969842
1-710177495,8,50,1,0.997781844900604
1-710177495,9,50,1,0.9988177813667796
1-710177495,10,50,1,0.9983300136948362
1-710177495,11,50,1,0.9991016187840467
1-710177495,12,50,1,0.9989701140712931
1-713472354,1,27,1,0.850415923780884
1-713472354,2,27,1,0.8531255483917796
1-713472354,3,27,1,0.9956841205640111
1-713472354,4,27,1,0.9904047490697604
1-713472354,5,27,1,0.9914760691849731
1-713472354,6,27,1,0.9940631741653504
1-713472354,7,27,1,0.9917946810170657
1-713472354,8,27,1,0.9957585810718005
1-713472354,9,27,1,0.9957558775701935
1-713472354,10,27,1,0.9992197017346006
1-713472354,11,27,1,0.9994515626342284
1-713472354,12,27,1,0.9992006600760969
1-715689451,1,3,1,0.9166776101855624
1-715689451,2,3,1,0.9182944454009158
1-715689451,3,3,1,0.9987072324292764
1-715731471,1,19,1,0.9013741758712314
1-715731471,2,19,1,0.9032392965086804
1-715731471,3,19,1,0.9512661169116305
1-715731471,4,19,1,0.9635500932432732
1-715731471,5,19,1,0.9670012444111595
1-715731471,6,19,1,0.9813917496703168
1-715731471,7,19,1,0.9829187107797951
1-715731471,8,19,1,0.9573213815277252
1-715731471,9,19,1,0.984015146074499
1-715731471,10,19,1,0.9999495395858552
1-715731471,11,19,1,0.9998577593045914
1-715731471,12,19,1,0.9999441949022665
1-716114500,1,5,1,0.6898919630005016
1-716114500,2,5,1,0.6943693963982336
1-716114500,3,5,1,0.781663356093064
1-716114500,4,5,1,0.8649765037286581
1-716114500,5,5,1,0.8740758678816634
1-716221928,1,22,1,0.819763049023142
1-716221928,2,22,1,0.8230563709300176
1-716221928,3,22,1,0.8733551575344626
1-716221928,4,22,1,0.9463275720560924
1-716221928,5,22,1,0.9457095635818945
1-716221928,6,22,1,0.9652350307956877
1-716221928,7,22,1,0.9559826070427655
1-716221928,8,22,1,0.9639019035364739
1-716221928,9,22,1,0.9751544845081627
1-716221928,10,22,1,0.9761369199950142
1-716221928,11,22,1,0.9707074069509819
1-716221928,12,22,1,0.9986867583870037
1-716587209,1,10,1,0.8388293297343945
1-716587209,2,10,1,0.8416722648413422
1-716587209,3,10,1,0.8507851790851338
1-716587209,4,10,1,0.8459736110088263
1-716587209,5,10,1,0.8632607558289499
1-716587209,6,10,1,0.9977678448098144
1-716587209,7,10,1,0.9881002570218708
1-716587209,8,10,1,0.9914341045435139
1-716587209,9,10,1,0.9925581582304703
1-716587209,10,10,1,0.9843614864863499
1-717431477,1,8,1,0.9797793723024908
1-717431477,2,8,1,0.980217616050703
1-717431477,3,8,1,0.9891126238710719
1-717431477,4,8,1,0.9828798001175159
1-717431477,5,8,1,0.9883443240657522
1-717431477,6,8,1,0.9927361772535009
1-717431477,7,8,1,0.9923959349981357
1-717431477,8,8,1,0.9999758698588346
1-717714208,1,13,1,0.9141751060674725
1-717714208,2,13,1,0.9165524121597469
1-717714208,3,13,1,0.9598321914239111
1-717714208,4,13,1,0.9497375897763506
1-717714208,5,13,1,0.9383331100334782
1-717714208,6,13,1,0.9586214044118085
1-717714208,7,13,1,0.9644566653360458
1-717714208,8,13,1,0.9606437347517655
1-717714208,9,13,1,0.9470527641069884
1-717714208,10,13,1,0.9416955131918957
1-717714208,11,13,1,0.9959866027507424
1-717714208,12,13,1,0.9887167405974278
1-717726137,1,5,1,0.9809149900190252
1-717726137,2,5,1,0.981311885815862
1-717726137,3,5,1,0.9893357417895687
1-717726137,4,5,1,0.9999519144455858
1-717726137,5,5,1,0.9998554469984701
1-717764374,1,6,1,0.9759110686855064
1-717764374,2,6,1,0.9764344231368327
1-717764374,3,6,1,0.9905259424425946
1-717764374,4,6,1,0.9872599385898726
1-717764374,5,6,1,0.9912749700078707
1-717764374,6,6,1,0.9990636057628004
1-717799091,1,22,1,0.975540336241826
1-717799091,2,22,1,0.9704359185307599
1-717799091,3,22,1,0.9765849161734498
1-717799091,4,22,1,0.9666993615185085
1-717799091,5,22,1,0.9923292241608628
1-717799091,6,22,1,0.9941553225259714
1-717799091,7,22,1,0.9954023941180197
1-717799091,8,22,1,0.9990395367066011
1-717799091,9,22,1,0.9996289832963451
1-717799091,10,22,1,0.9987523153683071
1-717799091,11,22,1,0.9990230183577693
1-717799091,12,22,1,0.9983164455984291
1-717918204,1,3,1,0.6051068320215905
1-717918204,2,3,1,0.846038710988136
1-717918204,3,3,1,0.9850204592591512
1-718089090,1,3,1,0.9733534699849418
1-718089090,2,3,1,0.9739097647384097
1-718089090,3,3,1,0.9857713358376279
1-718977997,1,9,1,0.6511119048104059
1-718977997,2,9,1,0.6559877091207534
1-718977997,3,9,1,0.8225859908924322
1-718977997,4,9,1,0.8160567455177364
1-718977997,5,9,1,0.8769096720677864
1-718977997,6,9,1,0.9439919897992191
1-718977997,7,9,1,0.9756981977856509
1-718977997,8,9,1,0.9912753160467058
1-718977997,9,9,1,0.9913518453051742
1-719171831,1,30,1,0.8364620884505036
1-719171831,2,30,1,0.8385961938804855
1-719171831,3,30,1,0.8044596098591097
1-719171831,4,30,1,0.8717639114493765
1-719171831,5,30,1,0.8937918216957089
1-719171831,6,30,1,0.5759675794243305
1-719171831,7,30,1,0.5479981852061735
1-719171831,8,30,1,0.5675822367875811
1-719171831,9,30,1,0.8884891342512828
1-719171831,10,30,1,0.8546861101059532
1-719171831,11,30,1,0.8814022515336476
1-719171831,12,30,1,0.8416478382521267
1-719199551,1,8,1,0.7740265185367893
1-719199551,2,8,1,0.777761865638366
1-719199551,3,8,1,0.8375054544721301
1-719199551,4,8,1,0.8458500485178649
1-719199551,5,8,1,0.8399622168475368
1-719199551,6,8,1,0.847094379155506
1-719199551,7,8,1,0.9995424689843104
1-719199551,8,8,1,0.9989961515992163
1-719278453,1,16,1,0.7563264713716774
1-719278453,2,16,1,0.7603467642494178
1-719278453,3,16,1,0.8350151237625186
1-719278453,4,16,1,0.9089846885822122
1-719278453,5,16,1,0.9171621689350148
1-719278453,6,16,1,0.9850962276884015
1-719278453,7,16,1,0.9870493711844647
1-719278453,8,16,1,0.9868032804544393
1-719278453,9,16,1,0.9893108866978058
1-719278453,10,16,1,0.9902444131481141
1-719278453,11,16,1,0.9918954781888174
1-719278453,12,16,1,0.9993008150946375
1-719401266,1,22,1,0.6371020405632759
1-719401266,2,22,1,0.6438460106187844
1-719401266,3,22,1,0.6894640550205762
1-719401266,4,22,1,0.7636927140469416
1-719401266,5,22,1,0.9052535828698655
1-719401266,6,22,1,0.8811790808604899
1-719401266,7,22,1,0.9276305251267377
1-719401266,8,22,1,0.8259524715333986
1-719401266,9,22,1,0.8967880603272621
1-719401266,10,22,1,0.9501156855823616
1-719401266,11,22,1,0.9632990683202504
1-719401266,12,22,1,0.9412815391468633
1-719527701,1,11,1,0.9440920730616593
1-719527701,2,11,1,0.9321770964046338
1-719527701,3,11,1,0.9458390427899998
1-719527701,4,11,1,0.9851802817859397
1-719527701,5,11,1,0.9893374131112282
1-719527701,6,11,1,0.9925620350512087
1-719527701,7,11,1,0.9942493969006438
1-719527701,8,11,1,0.9939673074763086
1-719527701,9,11,1,0.9987338747327085
1-719527701,10,11,1,0.9985523259960304
1-719527701,11,11,1,0.999165684471645
1-719562894,1,18,1,0.7304138978272037
1-719562894,2,18,1,0.734533440548206
1-719562894,3,18,1,0.7881919722265931
1-719562894,4,18,1,0.774853180232364
1-719562894,5,18,1,0.7742225849869354
1-719562894,6,18,1,0.768154543023292
1-719562894,7,18,1,0.8974833432704711
1-719562894,8,18,1,0.8944651198003
1-719562894,9,18,1,0.7222599806150791
1-719562894,10,18,1,0.7690755170169902
1-719562894,11,18,1,0.8085264013058956
1-719562894,12,18,1,0.7868875035489953
1-719604235,1,9,1,0.9406322589187712
1-719604235,2,9,1,0.941960025541741
1-719604235,3,9,1,0.9429481889434166
1-719604235,4,9,1,0.7198625066934627
1-719604235,5,9,1,0.7485866302105282
1-719604235,6,9,1,0.6870069820842917
1-719604235,7,9,1,0.9229193661153727
1-719604235,8,9,1,0.9794371243628691
1-719604235,9,9,1,0.979512236787435
1-719999107,1,12,1,0.46854410889337933
1-719999107,2,12,1,0.4740514434868803
1-719999107,3,12,1,0.5701011488172766
1-719999107,4,12,1,0.49095930796515896
1-719999107,5,12,1,0.4956240569200938
1-719999107,6,12,1,0.5720404460365605
1-719999107,7,12,1,0.5467159078164118
1-719999107,8,12,1,0.8114059647016844
1-719999107,9,12,1,0.9855923401717114
1-719999107,10,12,1,0.9726351357195094
1-719999107,11,12,1,0.9704787489805208
1-719999107,12,12,1,0.9613537951699568
1-720238611,1,2,1,0.7655085529179747
1-720238611,2,2,1,0.7802844057896825
1-720286653,1,5,1,0.6890654244867697
1-720286653,2,5,1,0.6935939768573574
1-720286653,3,5,1,0.7701455815720779
1-720286653,4,5,1,0.9012917621045795
1-720286653,5,5,1,0.9896742199965589
1-720314291,1,4,1,0.9240209605317014
1-720314291,2,4,1,0.925524791510833
1-720314291,3,4,1,0.9602540687156955
1-720314291,4,4,1,0.961427398767738
1-720344447,1,8,1,0.47544671731084637
1-720344447,2,8,1,0.48072892687604246
1-720344447,3,8,1,0.9822838734703884
1-720344447,4,8,1,0.982075648883036
1-720344447,5,8,1,0.9716510926681325
1-720344447,6,8,1,0.9795013509049613
1-720344447,7,8,1,0.9731844467596914
1-720344447,8,8,1,0.9822732571812213
1-720348105,1,4,1,0.8851180484507997
1-720348105,2,4,1,0.8872458557640878
1-720348105,3,4,1,0.9351067005984494
1-720348105,4,4,1,0.9930748773837019
1-722031971,1,20,1,0.7854754643997135
1-722031971,2,20,1,0.6230577120040259
1-722031971,3,20,1,0.6774344313884545
1-722031971,4,20,1,0.92698410003332
1-722031971,5,20,1,0.9448593817697165
1-722031971,6,20,1,0.9788307436248791
1-722031971,7,20,1,0.9799408842284113
1-722031971,8,20,1,0.9753658545197323
1-722031971,9,20,1,0.984983210638505
1-722031971,10,20,1,0.9654357856647854
1-722031971,11,20,1,0.9712662749650731
1-722031971,12,20,1,0.9659645316876884
1-722332101,1,16,1,0.5594081093293455
1-722332101,2,16,1,0.5665224334527524
1-722332101,3,16,1,0.6762035145937925
1-722332101,4,16,1,0.7458483300981755
1-722332101,5,16,1,0.7878329585885423
1-722332101,6,16,1,0.5916711372541423
1-722332101,7,16,1,0.7253050108716256
1-722332101,8,16,1,0.8439895413604057
1-722332101,9,16,1,0.9194046763286076
1-722332101,10,16,1,0.9273366335183326
1-722332101,11,16,1,0.9112976264638984
1-722332101,12,16,1,0.9328497685272585
1-722362086,1,71,1,0.7971708734358257
1-722362086,2,71,1,0.8005438376274222
1-722362086,3,71,1,0.9032150541100552
1-722362086,4,71,1,0.9340848647184721
1-722362086,5,71,1,0.9404827451703517
1-722362086,6,71,1,0.9546586949593302
1-722362086,7,71,1,0.9574859998281057
1-722362086,8,71,1,0.9790832297075789
1-722362086,9,71,1,0.9674847152129354
1-722362086,10,71,1,0.9709981341252094
1-722362086,11,71,1,0.9883003101112663
1-722362086,12,71,1,0.9876039257827927
1-722415150,1,20,1,0.5683824183090814
1-722415150,2,20,1,0.5737358252953046
1-722415150,3,20,1,0.6804449889409764
1-722415150,4,20,1,0.7744480126852638
1-722415150,5,20,1,0.8210725459916433
1-722415150,6,20,1,0.853734490385525
1-722415150,7,20,1,0.9150026649207087
1-722415150,8,20,1,0.9126377544621407
1-722415150,9,20,1,0.9224988611938584
1-722415150,10,20,1,0.9273439708368723
1-722415150,11,20,1,0.9465218138783125
1-722415150,12,20,1,0.9303001499258201
1-722499503,1,16,1,0.8973524711359335
1-722499503,2,16,1,0.8992965002830149
1-722499503,3,16,1,0.9335442323667442
1-722499503,4,16,1,0.9698835980356072
1-722499503,5,16,1,0.9707362753852993
1-722499503,6,16,1,0.9809829106732941
1-722499503,7,16,1,0.9793105272212451
1-722499503,8,16,1,0.9854919181265602
1-722499503,9,16,1,0.9895096376552429
1-722499503,10,16,1,0.9875944807113216
1-722499503,11,16,1,0.9928377323236073
1-722499503,12,16,1,0.9955480553279179
1-722557526,1,8,1,0.689310458316936
1-722557526,2,8,1,0.6938303691317929
1-722557526,3,8,1,0.8869198487773405
1-722557526,4,8,1,0.9348603650540531
1-722557526,5,8,1,0.9362394463291808
1-722557526,6,8,1,0.9870603132610262
1-722557526,7,8,1,0.9672481412540991
1-722557526,8,8,1,0.97717044227493
1-722557908,1,8,1,0.8190619996085703
1-722557908,2,8,1,0.8218420622053071
1-722557908,3,8,1,0.786241753266209
1-722557908,4,8,1,0.7579637809353503
1-722557908,5,8,1,0.8792014401101841
1-722557908,6,8,1,0.9170929529285946
1-722557908,7,8,1,0.9201484256761691
1-722557908,8,8,1,0.9801224386211547
1-722563391,1,55,1,0.43854019861767507
1-722563391,2,55,1,0.4432835116866508
1-722563391,3,55,1,0.8809089679354127
1-722563391,4,55,1,0.9436482057550343
1-722563391,5,55,1,0.9419786905754728
1-722563391,6,55,1,0.9394898927638328
1-722563391,7,55,1,0.9694382000935626
1-722563391,8,55,1,0.9741823783443663
1-722563391,9,55,1,0.9545145968909421
1-722563391,10,55,1,0.9614758102223958
1-722563391,11,55,1,0.9569596195912873
1-722563391,12,55,1,0.9552914609896146
1-722591617,1,4,1,0.6380856973894478
1-722591617,2,4,1,0.6429432205617259
1-722591617,3,4,1,0.7331925563177709
1-722591617,4,4,1,0.7232698232261605
1-726614295,1,6,1,0.9160292590622321
1-726614295,2,6,1,0.9212703370936888
1-726614295,3,6,1,0.9453116424685427
1-726614295,4,6,1,0.9520609938628544
1-726614295,5,6,1,0.9530056421567018
1-726614295,6,6,1,0.9564273797619196
1-726625502,1,12,1,0.975456914941518
1-726625502,2,12,1,0.9759611143734753
1-726625502,3,12,1,0.9887963703946611
1-726625502,4,12,1,0.9300367255790454
1-726625502,5,12,1,0.9161927333724476
1-726625502,6,12,1,0.9737453411015404
1-726625502,7,12,1,0.9754254732572484
1-726625502,8,12,1,0.9850624547429647
1-726625502,9,12,1,0.9833564665627651
1-726625502,10,12,1,0.9959858985440045
1-726625502,11,12,1,0.9973857168658559
1-726625502,12,12,1,0.9988031387498841
1-726777605,1,13,1,0.9866781881794802
1-726777605,2,13,1,0.9869553498063938
1-726777605,3,13,1,0.9921906301047593
1-726777605,4,13,1,0.9579684076587112
1-726777605,5,13,1,0.9608305540235715
1-726777605,6,13,1,0.9889896965580484
1-726777605,7,13,1,0.9884406380466538
1-726777605,8,13,1,0.9904293145282612
1-726777605,9,13,1,0.9901636663021723
1-726777605,10,13,1,0.9912906578857664
1-726777605,11,13,1,0.993417443378355
1-726777605,12,13,1,0.9866534805751058
1-726834518,1,10,1,0.9897289762736945
1-726834518,2,10,1,0.9899416489685582
1-726834518,3,10,1,0.9931577536733278
1-726834518,4,10,1,0.991306392558396
1-726834518,5,10,1,0.9964207322921388
1-726834518,6,10,1,0.993576645959845
1-726834518,7,10,1,0.9960373716555989
1-726834518,8,10,1,0.9963134633619707
1-726834518,9,10,1,0.9972013096097103
1-726834518,10,10,1,0.9982106499533103
1-726923786,1,4,1,0.8848770596610309
1-726923786,2,4,1,0.8873170195189948
1-726923786,3,4,1,0.9247381081509181
1-726923786,4,4,1,0.932796913984892
1-727152027,1,14,1,0.7863804497731661
1-727152027,2,14,1,0.7899029517564132
1-727152027,3,14,1,0.8710845808683783
1-727152027,4,14,1,0.818436243554658
1-727152027,5,14,1,0.8860888888127773
1-727152027,6,14,1,0.9045289291515203
1-727152027,7,14,1,0.9623284151942222
1-727152027,8,14,1,0.9606007420906373
1-727152027,9,14,1,0.9635764320601918
1-727152027,10,14,1,0.9903931997405219
1-727152027,11,14,1,0.9915353934610076
1-727152027,12,14,1,0.9921682306688483
1-727155202,1,7,1,0.8971688449912968
1-727155202,2,7,1,0.8991480230280248
1-727155202,3,7,1,0.942511440039621
1-727155202,4,7,1,0.9747242551657694
1-727155202,5,7,1,0.9302671588722882
1-727155202,6,7,1,0.9998896372480691
1-727155202,7,7,1,0.9997150422732508
1-728290611,1,10,1,0.9404684849216531
1-728290611,2,10,1,0.9415812578734706
1-728290611,3,10,1,0.9306120181492736
1-728290611,4,10,1,0.9736777311879853
1-728290611,5,10,1,0.9818637896655452
1-728290611,6,10,1,0.9856812560506737
1-728290611,7,10,1,0.9796809577551052
1-728290611,8,10,1,0.9881151568143215
1-728290611,9,10,1,0.982322430678167
1-728290611,10,10,1,0.9878911451151478
1-728308361,1,7,1,0.9628862985793573
1-728308361,2,7,1,0.9636336226519711
1-728308361,3,7,1,0.9670616137014815
1-728308361,4,7,1,0.9518680225206555
1-728308361,5,7,1,0.9616578446632863
1-728308361,6,7,1,0.9754622434674152
1-728308361,7,7,1,0.9719358678854321
1-728515380,1,9,1,0.7733705322862802
1-728515380,2,9,1,0.7772476072250776
1-728515380,3,9,1,0.8709953891444836
1-728515380,4,9,1,0.907697111079062
1-728515380,5,9,1,0.811039183789687
1-728515380,6,9,1,0.6786736540916287
1-728515380,7,9,1,0.7682187757167406
1-728515380,8,9,1,0.7137920198370449
1-728515380,9,9,1,0.8085640168675886
1-728558963,1,3,1,0.9805206416936446
1-728558963,2,3,1,0.9809074030408904
1-728558963,3,3,1,0.9876978200728601
1-728768797,1,7,1,0.9264468671618442
1-728768797,2,7,1,0.9278953146223985
1-728768797,3,7,1,0.9683669538494675
1-728768797,4,7,1,0.9780649244195085
1-728768797,5,7,1,0.9965176161329842
1-728768797,6,7,1,0.9817059489943751
1-728768797,7,7,1,0.9912366754107221
1-729075211,1,17,1,0.9396190009479262
1-729075211,2,17,1,0.9409442319934048
1-729075211,3,17,1,0.9647291930835157
1-729075211,4,17,1,0.9708660658398743
1-729075211,5,17,1,0.9678558225509777
1-729075211,6,17,1,0.9847018977674823
1-729075211,7,17,1,0.9891589666212688
1-729075211,8,17,1,0.951942898057478
1-729075211,9,17,1,0.9736371182842832
1-729075211,10,17,1,0.9775270122382346
1-729075211,11,17,1,0.9735381754926541
1-729075211,12,17,1,0.9764797709535907
1-729244882,1,6,1,0.7369136364393133
1-729244882,2,6,1,0.7410950497308844
1-729244882,3,6,1,0.8061478273698539
1-729244882,4,6,1,0.9914192177862564
1-729244882,5,6,1,0.9904611859471079
1-729244882,6,6,1,0.965053189716746
1-729249186,1,4,1,0.9115800459060426
1-729249186,2,4,1,0.9818664683621772
1-729249186,3,4,1,0.9802109906859351
1-729249186,4,4,1,0.9999477876693105
1-729349739,1,13,1,0.66220086252385
1-729349739,2,13,1,0.6670429590788847
1-729349739,3,13,1,0.8089137544706645
1-729349739,4,13,1,0.46672592010551667
1-729349739,5,13,1,0.45314248701795695
1-729349739,6,13,1,0.4964183754736101
1-729349739,7,13,1,0.9129118707372708
1-729349739,8,13,1,0.9028574246516873
1-729349739,9,13,1,0.9309360098145706
1-729349739,10,13,1,0.9399697119941028
1-729349739,11,13,1,0.9160344838380123
1-729349739,12,13,1,0.9200143698872583
1-729351591,1,19,1,0.6845550741136429
1-729351591,2,19,1,0.703536698493046
1-729351591,3,19,1,0.7417996245898941
1-729351591,4,19,1,0.9146732545016315
1-729351591,5,19,1,0.9311624402340261
1-729351591,6,19,1,0.9436423280844657
1-729351591,7,19,1,0.9409112257773247
1-729351591,8,19,1,0.955014177302112
1-729351591,9,19,1,0.9005859717645155
1-729351591,10,19,1,0.9714176843384882
1-729351591,11,19,1,0.9725470056950752
1-729351591,12,19,1,0.9710283649243664
1-729351752,1,13,1,0.6634983171554525
1-729351752,2,13,1,0.6407143367597713
1-729351752,3,13,1,0.745881446456722
1-729351752,4,13,1,0.6680514990267248
1-729351752,5,13,1,0.6927259295789764
1-729351752,6,13,1,0.6234677133505958
1-729351752,7,13,1,0.6318722567810106
1-729351752,8,13,1,0.8871238153693838
1-729351752,9,13,1,0.930909898794238
1-729351752,10,13,1,0.9297689045624835
1-729351752,11,13,1,0.950571050433371
1-729351752,12,13,1,0.9136302689740048
1-729363660,1,3,0,0.3580139015443095
1-729363660,2,3,0,0.36363553274379384
1-729363660,3,3,0,0.8375882688590732
1-729423171,1,40,1,0.4076296313351872
1-729423171,2,40,1,0.41303093590727646
1-729423171,3,40,1,0.6047709423466566
1-729423171,4,40,1,0.5942546185695954
1-729423171,5,40,1,0.5446937360028252
1-729423171,6,40,1,0.9186593432773196
1-729423171,7,40,1,0.9138274453215204
1-729423171,8,40,1,0.9590414134947622
1-729423171,9,40,1,0.9717033032551241
1-729423171,10,40,1,0.9766358735180339
1-729423171,11,40,1,0.9303472247861091
1-729423171,12,40,1,0.9447358942450058
1-729424771,1,10,1,0.3199139230904877
1-729424771,2,10,1,0.3248583077482956
1-729424771,3,10,1,0.580438686499946
1-729424771,4,10,1,0.5674935816729746
1-729424771,5,10,1,0.4189972375057794
1-729424771,6,10,1,0.41715355406566934
1-729424771,7,10,1,0.6022142729691892
1-729424771,8,10,1,0.590487715858647
1-729424771,9,10,1,0.618667973210933
1-729424771,10,10,1,0.7447793197634882
1-729440375,1,5,1,0.658280751911448
1-729440375,2,5,1,0.6629939855638285
1-729440375,3,5,1,0.8614714496768164
1-729440375,4,5,1,0.840478485635306
1-729440375,5,5,1,0.8498357561720365
1-729463281,1,8,1,0.8992473068531193
1-729463281,2,8,1,0.8951580431544613
1-729463281,3,8,1,0.9026129196650036
1-729463281,4,8,1,0.9773398800278199
1-729463281,5,8,1,0.9712696349944557
1-729463281,6,8,1,0.9471185647864894
1-729463281,7,8,1,0.9452594284821372
1-729463281,8,8,1,0.8722459792451617
1-729463411,1,11,1,0.9457344187025088
1-729463411,2,11,1,0.934978476491973
1-729463411,3,11,1,0.9400259043243737
1-729463411,4,11,1,0.9334218992164827
1-729463411,5,11,1,0.9256635558567695
1-729463411,6,11,1,0.9405959721681728
1-729463411,7,11,1,0.9173716311470684
1-729463411,8,11,1,0.9421945768520097
1-729463411,9,11,1,0.9722975919939061
1-729463411,10,11,1,0.9576376713451811
1-729463411,11,11,1,0.9708166165744092
1-729536403,1,16,1,0.800711752449147
1-729536403,2,16,1,0.8040864573796505
1-729536403,3,16,1,0.7073247301241227
1-729536403,4,16,1,0.6482839093279237
1-729536403,5,16,1,0.5927744343222116
1-729536403,6,16,1,0.8222978410031778
1-729536403,7,16,1,0.9090649106383752
1-729536403,8,16,1,0.9051316388866412
1-729536403,9,16,1,0.930867824355594
1-729536403,10,16,1,0.9934707478559127
1-729536403,11,16,1,0.9947434075332415
1-729536403,12,16,1,0.9838911690726465
1-729564393,1,12,1,0.5276099128540542
1-729564393,2,12,1,0.5328594757049538
1-729564393,3,12,1,0.644503400554872
1-729564393,4,12,1,0.6418257037835012
1-729564393,5,12,1,0.5983071741367064
1-729564393,6,12,1,0.441695394199794
1-729564393,7,12,1,0.5357393864637305
1-729564393,8,12,1,0.9345486171062766
1-729564393,9,12,1,0.929408139777387
1-729564393,10,12,1,0.9649427092546935
1-729564393,11,12,1,0.97695294302909
1-729564393,12,12,1,0.8684373420479764
1-729585074,1,6,0,0.16882152650135007
1-729585074,2,6,0,0.17157642478733842
1-729585074,3,6,0,0.25618856068682216
1-729585074,4,6,0,0.24638980429083884
1-729585074,5,6,0,0.3061121845246634
1-729585074,6,6,0,0.818823643990495
1-729697514,1,12,1,0.6703780595142519
1-729697514,2,12,1,0.6751030068331276
1-729697514,3,12,1,0.7660873274374765
1-729697514,4,12,1,0.9557036808601649
1-729697514,5,12,1,0.9502156022982237
1-729697514,6,12,1,0.784643092741906
1-729697514,7,12,1,0.7578454136201959
1-729697514,8,12,1,0.7100183432037592
1-729697514,9,12,1,0.9063155220244181
1-729697514,10,12,1,0.9083313232198587
1-729697514,11,12,1,0.9616205399507
1-729697514,12,12,1,0.9689311587893973
1-729701261,1,13,0,0.4286403275745579
1-729701261,2,13,0,0.432400025195533
1-729701261,3,13,0,0.6701345917126131
1-729701261,4,13,0,0.6591368915675161
1-729701261,5,13,0,0.7107290167533312
1-729701261,6,13,0,0.6428971019957783
1-729701261,7,13,0,0.8214033292974691
1-729701261,8,13,0,0.8038301772739671
1-729701261,9,13,0,0.8739034908668392
1-729701261,10,13,0,0.8638684192616083
1-729701261,11,13,0,0.9747532440381078
1-729701261,12,13,0,0.9646649512808082
1-729765503,1,15,1,0.7024436609290362
1-729765503,2,15,1,0.7069572114166905
1-729765503,3,15,1,0.722710908388131
1-729765503,4,15,1,0.6656564679357722
1-729765503,5,15,1,0.521334987648376
1-729765503,6,15,1,0.8330847701500995
1-729765503,7,15,1,0.9208131756111293
1-729765503,8,15,1,0.9337248329405546
1-729765503,9,15,1,0.8609013245664014
1-729765503,10,15,1,0.9050596093701453
1-729765503,11,15,1,0.9521405918903193
1-729765503,12,15,1,0.9567271635281973
1-729769620,1,10,1,0.41051569636865526
1-729769620,2,10,1,0.4157644260907586
1-729769620,3,10,1,0.29322088289651205
1-729769620,4,10,1,0.4902077322067593
1-729769620,5,10,1,0.8154917961762082
1-729769620,6,10,1,0.8753181593866687
1-729769620,7,10,1,0.9010805876116671
1-729769620,8,10,1,0.8514195540027758
1-729769620,9,10,1,0.8943742780970412
1-729769620,10,10,1,0.9954238238442904
1-729783786,1,14,1,0.5997571780076522
1-729783786,2,14,1,0.6051219281806434
1-729783786,3,14,1,0.7549402506417259
1-729783786,4,14,1,0.693140191612497
1-729783786,5,14,1,0.7414150558800617
1-729783786,6,14,1,0.7648022283294311
1-729783786,7,14,1,0.8182070154618507
1-729783786,8,14,1,0.9737752819697599
1-729783786,9,14,1,0.9504064178138756
1-729783786,10,14,1,0.9750847901560838
1-729783786,11,14,1,0.9735782136426064
1-729783786,12,14,1,0.9792108923220811
1-729809514,1,6,1,0.5570950917959261
1-729809514,2,6,1,0.5617465306405546
1-729809514,3,6,1,0.6512649871457776
1-729809514,4,6,1,0.8643234884864892
1-729809514,5,6,1,0.8597775043449815
1-729809514,6,6,1,0.8840198842818447
1-729820704,1,12,1,0.5363022006785925
1-729820704,2,12,1,0.5410413433172896
1-729820704,3,12,1,0.7667894616533525
1-729820704,4,12,1,0.7578732283043551
1-729820704,5,12,1,0.7993122928433858
1-729820704,6,12,1,0.726690749247867
1-729820704,7,12,1,0.7965755421232211
1-729820704,8,12,1,0.8638797285017812
1-729820704,9,12,1,0.8491199469728452
1-729820704,10,12,1,0.87758009294471
1-729820704,11,12,1,0.8433490554988632
1-729820704,12,12,1,0.8885174693138591
1-729823831,1,3,1,0.8397020858993398
1-729823831,2,3,1,0.8428878357650301
1-729823831,3,3,1,0.9642274849538475
1-729913690,1,10,1,0.2121830814561765
1-729913690,2,10,1,0.21569334512496713
1-729913690,3,10,1,0.4659617863172338
1-729913690,4,10,1,0.7853767163724615
1-729913690,5,10,1,0.8312076216276292
1-729913690,6,10,1,0.629011605889739
1-729913690,7,10,1,0.6894505430116066
1-729913690,8,10,1,0.7128908872166718
1-729913690,9,10,1,0.8232965552399326
1-729913690,10,10,1,0.8447306785069798
1-730054339,1,5,1,0.49275397232732826
1-730054339,2,5,1,0.498087653336064
1-730054339,3,5,1,0.5421834175677
1-730054339,4,5,1,0.7145811408324656
1-730054339,5,5,1,0.7599773959139609
1-730067309,1,10,1,0.40557953542113717
1-730067309,2,10,1,0.41076894800543107
1-730067309,3,10,1,0.5370201867539326
1-730067309,4,10,1,0.39064013753159993
1-730067309,5,10,1,0.43351630969729427
1-730067309,6,10,1,0.5893389996098659
1-730067309,7,10,1,0.6370820025452216
1-730067309,8,10,1,0.8734698500691448
1-730067309,9,10,1,0.9137753112727068
1-730067309,10,10,1,0.6005321608810756
1-730082325,1,13,0,0.41232656120982175
1-730082325,2,13,0,0.4184381932327742
1-730082325,3,13,0,0.5318827371484984
1-730082325,4,13,0,0.5194949847941723
1-730082325,5,13,0,0.6894673328298022
1-730082325,6,13,0,0.719853566507309
1-730082325,7,13,0,0.7898603503208802
1-730082325,8,13,0,0.7587446227925818
1-730082325,9,13,0,0.7145249506767369
1-730082325,10,13,0,0.6877688023853252
1-730082325,11,13,0,0.7354363045052944
1-730082325,12,13,0,0.8928886563551315
1-730084493,1,8,1,0.4594774434594821
1-730084493,2,8,1,0.46479392711532436
1-730084493,3,8,1,0.6993424255370501
1-730084493,4,8,1,0.6891292233081099
1-730084493,5,8,1,0.6365711664564513
1-730084493,6,8,1,0.7229500229583447
1-730084493,7,8,1,0.7150224819173837
1-730084493,8,8,1,0.9158082261437386
1-730127381,1,7,0,0.9159930091339393
1-730127381,2,7,0,0.9554557658628875
1-730127381,3,7,0,0.9251607559452265
1-730127381,4,7,0,0.876777891352346
1-730127381,5,7,0,0.8849976190104055
1-730127381,6,7,0,0.8317965488096217
1-730127381,7,7,0,0.9027451138362379
1-730130539,1,17,1,0.37598749150108246
1-730130539,2,17,1,0.3809795541651268
1-730130539,3,17,1,0.41212853957092593
1-730130539,4,17,1,0.4307813571170871
1-730130539,5,17,1,0.3664777929710091
1-730130539,6,17,1,0.39906291689172724
1-730130539,7,17,1,0.6042168809364445
1-730130539,8,17,1,0.6322690309919734
1-730130539,9,17,1,0.7927028138913502
1-730130539,10,17,1,0.8478440477948473
1-730130539,11,17,1,0.7660485753465485
1-730130539,12,17,1,0.8773724901932181
1-730529203,1,13,1,0.459830695872596
1-730529203,2,13,1,0.4647666475530276
1-730529203,3,13,1,0.48344163879925045
1-730529203,4,13,1,0.567371604678814
1-730529203,5,13,1,0.5179520426743228
1-730529203,6,13,1,0.5041809248713278
1-730529203,7,13,1,0.8717250064122289
1-730529203,8,13,1,0.86165256806007
1-730529203,9,13,1,0.8984347709767213
1-730529203,10,13,1,0.8391175136176428
1-730529203,11,13,1,0.8572804180467664
1-730529203,12,13,1,0.8438204384524285
1-730533489,1,4,1,0.7370442658765174
1-730533489,2,4,1,0.7406915613864377
1-730533489,3,4,1,0.8006990282869988
1-730533489,4,4,1,0.9533642266501968
1-730655295,1,5,1,0.7034168518444552
1-730655295,2,5,1,0.7073561853280833
1-730655295,3,5,1,0.7790853589432872
1-730655295,4,5,1,0.7955056502003088
1-730655295,5,5,1,0.7999283562267607
1-730692155,1,17,0,0.5040724605779908
1-730692155,2,17,0,0.5088861225004261
1-730692155,3,17,0,0.5924948144095303
1-730692155,4,17,0,0.5665078546069605
1-730692155,5,17,0,0.5546838002381731
1-730692155,6,17,0,0.7218552776215169
1-730692155,7,17,0,0.936911303520489
1-730692155,8,17,0,0.9316294311893838
1-730692155,9,17,0,0.8471820935880174
1-730692155,10,17,0,0.8550295759572087
1-730692155,11,17,0,0.9088087060285226
1-730692155,12,17,0,0.8902278439662444
1-730698833,1,16,1,0.5865326993325175
1-730698833,2,16,1,0.5963687091295643
1-730698833,3,16,1,0.6129357252167887
1-730698833,4,16,1,0.54769254360067
1-730698833,5,16,1,0.4854933173751324
1-730698833,6,16,1,0.701458787867591
1-730698833,7,16,1,0.9505349085048906
1-730698833,8,16,1,0.9460536880602285
1-730698833,9,16,1,0.8814720997310012
1-730698833,10,16,1,0.8876238521968584
1-730698833,11,16,1,0.9210299783188155
1-730698833,12,16,1,0.9448780431461345
1-730760715,1,10,1,0.7340752045943355
1-730760715,2,10,1,0.7375034765383385
1-730760715,3,10,1,0.8212635429870114
1-730760715,4,10,1,0.9423308637520932
1-730760715,5,10,1,0.9391766174669923
1-730760715,6,10,1,0.8661914478867085
1-730760715,7,10,1,0.8754902301181499
1-730760715,8,10,1,0.8857267328055801
1-730760715,9,10,1,0.9572682620032542
1-730760715,10,10,1,0.9686134836424922
1-730969281,1,8,1,0.8214120265866145
1-730969281,2,8,1,0.822723580529774
1-730969281,3,8,1,0.7858752575137499
1-730969281,4,8,1,0.6364638433863741
1-730969281,5,8,1,0.7148323720387367
1-730969281,6,8,1,0.5710906459318866
1-730969281,7,8,1,0.4249964066861599
1-730969281,8,8,1,0.6389945407071796
1-730969611,1,10,1,0.5819883068595847
1-730969611,2,10,1,0.691959837839172
1-730969611,3,10,1,0.7521304755074193
1-730969611,4,10,1,0.7824209936355093
1-730969611,5,10,1,0.7750011699078286
1-730969611,6,10,1,0.931876501272362
1-730969611,7,10,1,0.9343271839451693
1-730969611,8,10,1,0.8767913520822239
1-730969611,9,10,1,0.812798797633977
1-730969611,10,10,1,0.7459976737793161
1-730969852,1,9,1,0.6826462536640882
1-730969852,2,9,1,0.613729464205509
1-730969852,3,9,1,0.5566956710645887
1-730969852,4,9,1,0.673869536625944
1-730969852,5,9,1,0.9262406661714152
1-730969852,6,9,1,0.9295492113397524
1-730969852,7,9,1,0.8848053999291668
1-730969852,8,9,1,0.791473117689698
1-730969852,9,9,1,0.7652739256385115
1-731065533,1,14,0,0.8769549294588636
1-731065533,2,14,0,0.8790024457096945
1-731065533,3,14,0,0.9678925414707646
1-731065533,4,14,0,0.9794298479381891
1-731065533,5,14,0,0.9455220533479345
1-731065533,6,14,0,0.9410994751175282
1-731065533,7,14,0,0.9453273565757787
1-731065533,8,14,0,0.9436161085360245
1-731065533,9,14,0,0.9955123071450169
1-731065533,10,14,0,0.9909657963185899
1-731065533,11,14,0,0.9929400452205868
1-731065533,12,14,0,0.982682932834901
1-731094128,1,16,1,0.7648021899075539
1-731094128,2,16,1,0.7691152528040133
1-731094128,3,16,1,0.699858420152303
1-731094128,4,16,1,0.6742450252983909
1-731094128,5,16,1,0.813163040076251
1-731094128,6,16,1,0.9341058751622562
1-731094128,7,16,1,0.9346649526045602
1-731094128,8,16,1,0.8604039553911025
1-731094128,9,16,1,0.86705500460107
1-731094128,10,16,1,0.940955782152842
1-731094128,11,16,1,0.9568563878543392
1-731094128,12,16,1,0.913924636994057
1-731100012,1,18,1,0.3079241930361479
1-731100012,2,18,1,0.31240759712154875
1-731100012,3,18,1,0.559890551466627
1-731100012,4,18,1,0.5735040219082693
1-731100012,5,18,1,0.5923100358630963
1-731100012,6,18,1,0.743606375090536
1-731100012,7,18,1,0.6671950592644407
1-731100012,8,18,1,0.7847269241068647
1-731100012,9,18,1,0.829275153698197
1-731100012,10,18,1,0.8746238620289655
1-731100012,11,18,1,0.9046098178823168
1-731100012,12,18,1,0.9417970381364139
1-731123267,1,9,1,0.5149744602327496
1-731123267,2,9,1,0.5203590544348323
1-731123267,3,9,1,0.5448550791059092
1-731123267,4,9,1,0.6553770426901739
1-731123267,5,9,1,0.6884030495362035
1-731123267,6,9,1,0.8830733939295613
1-731123267,7,9,1,0.8765835715580247
1-731123267,8,9,1,0.8904699429036583
1-731123267,9,9,1,0.9632669303003804
1-731330695,1,5,1,0.5941204217667686
1-731330695,2,5,1,0.5992024082796628
1-731330695,3,5,1,0.8000306621914355
1-731330695,4,5,1,0.8043676505700862
1-731330695,5,5,1,0.818418723143461
1-731333810,1,13,1,0.7659869920945233
1-731333810,2,13,1,0.7694360388644315
1-731333810,3,13,1,0.9325508111456586
1-731333810,4,13,1,0.9357773400365448
1-731333810,5,13,1,0.9488516295160976
1-731333810,6,13,1,0.9521352094326672
1-731333810,7,13,1,0.9506525201556524
1-731333810,8,13,1,0.9814656284119563
1-731333810,9,13,1,0.9804697530102957
1-731333810,10,13,1,0.9845777613703595
1-731333810,11,13,1,0.9890095645307699
1-731333810,12,13,1,0.9468479611336714
1-731336210,1,4,1,0.30554731510013683
1-731336210,2,4,1,0.6088401249181171
1-731336210,3,4,1,0.7351218083220765
1-731336210,4,4,1,0.922550918684474
1-731342385,1,4,0,0.5987211082232253
1-731342385,2,4,0,0.6070551048969303
1-731342385,3,4,0,0.6941501690643891
1-731342385,4,4,0,0.4754190100830403
1-731439441,1,25,0,0.5249321761482447
1-731439441,2,25,0,0.5308116121762424
1-731439441,3,25,0,0.4966804735066048
1-731439441,4,25,0,0.5018858056584007
1-731439441,5,25,0,0.5616235567868189
1-731439441,6,25,0,0.576281226161157
1-731439441,7,25,0,0.9062365311338616
1-731439441,8,25,0,0.9028936331459805
1-731439441,9,25,0,0.8240150373794701
1-731439441,10,25,0,0.8127543110840035
1-731439441,11,25,0,0.8465457355994233
1-731439441,12,25,0,0.7936899346010962
1-731766006,1,51,1,0.8075957481334184
1-731766006,2,51,1,0.8110695303484036
1-731766006,3,51,1,0.932018981097441
1-731766006,4,51,1,0.84299682166875
1-731766006,5,51,1,0.9268121860927364
1-731766006,6,51,1,0.9811969458221524
1-731766006,7,51,1,0.9850605845132203
1-731766006,8,51,1,0.9804178477821902
1-731766006,9,51,1,0.9742320617124205
1-731766006,10,51,1,0.9338777564910044
1-731766006,11,51,1,0.9473435896148696
1-731766006,12,51,1,0.9806613312376028
1-731814081,1,12,0,0.678749052036696
1-731814081,2,12,0,0.6833248586667308
1-731814081,3,12,0,0.6984254377178469
1-731814081,4,12,0,0.7369408682218482
1-731814081,5,12,0,0.6507371407425399
1-731814081,6,12,0,0.71519501823863
1-731814081,7,12,0,0.6988578432749099
1-731814081,8,12,0,0.6948504841653432
1-731814081,9,12,0,0.6424676497292359
1-731814081,10,12,0,0.7674659678455282
1-731814081,11,12,0,0.9344192456196087
1-731814081,12,12,0,0.4491070829339698
1-731816225,1,5,1,0.18434925590642987
1-731816225,2,5,1,0.1875807617851163
1-731816225,3,5,1,0.29856017019420245
1-731816225,4,5,1,0.2681117993573816
1-731816225,5,5,1,0.38436606976655535
1-731829921,1,9,1,0.8590209221906541
1-731829921,2,9,1,0.8107361209171255
1-731829921,3,9,1,0.8382646660871872
1-731829921,4,9,1,0.8326284533589924
1-731829921,5,9,1,0.7970809322979134
1-731829921,6,9,1,0.8658472185542384
1-731829921,7,9,1,0.976704489419674
1-731829921,8,9,1,0.9775313564759583
1-731829921,9,9,1,0.9903783590771552
1-731829961,1,9,1,0.6843795931607001
1-731829961,2,9,1,0.6153849256948122
1-731829961,3,9,1,0.5584427385637799
1-731829961,4,9,1,0.6757383220328784
1-731829961,5,9,1,0.9264549760581303
1-731829961,6,9,1,0.9297418261778719
1-731829961,7,9,1,0.9724066823308417
1-731829961,8,9,1,0.9403635764244244
1-731829961,9,9,1,0.9993329756402957
1-731830101,1,7,1,0.7585737390287198
1-731830101,2,7,1,0.6931729653416383
1-731830101,3,7,1,0.6410073291948851
1-731830101,4,7,1,0.7459854700305112
1-731830101,5,7,1,0.9467481835521532
1-731830101,6,7,1,0.9491639606293508
1-731830101,7,7,1,0.9288047389098821
1-731861414,1,5,1,0.8543946072652371
1-731861414,2,5,1,0.8572263269492499
1-731861414,3,5,1,0.893986512600536
1-731861414,4,5,1,0.6664814030382693
1-731861414,5,5,1,0.7212534386976429
1-731868931,1,9,1,0.8187740155350924
1-731868931,2,9,1,0.6149013687154926
1-731868931,3,9,1,0.5576016605614931
1-731868931,4,9,1,0.6741713756831804
1-731868931,5,9,1,0.9260199960350911
1-731868931,6,9,1,0.9291462588605593
1-731868931,7,9,1,0.9940003303139957
1-731868931,8,9,1,0.9856591316631962
1-731868931,9,9,1,0.9836471576117015
1-731869271,1,17,1,0.7684725525838647
1-731869271,2,17,1,0.8628374707862452
1-731869271,3,17,1,0.8324528898385146
1-731869271,4,17,1,0.8909900631494935
1-731869271,5,17,1,0.8366433076672214
1-731869271,6,17,1,0.8574439534319256
1-731869271,7,17,1,0.9089463477082281
1-731869271,8,17,1,0.9207248507356677
1-731869271,9,17,1,0.9172600177734826
1-731869271,10,17,1,0.9307285700454924
1-731869271,11,17,1,0.9613247562904077
1-731869271,12,17,1,0.9652914606570336
1-731869451,1,10,1,0.9498893238628998
1-731869451,2,10,1,0.9152584849984301
1-731869451,3,10,1,0.9289206301364542
1-731869451,4,10,1,0.7866677886642022
1-731869451,5,10,1,0.7431560062719279
1-731869451,6,10,1,0.8078991759826794
1-731869451,7,10,1,0.8585813486553826
1-731869451,8,10,1,0.9638856291033376
1-731869451,9,10,1,0.9679578235178741
1-731869451,10,10,1,0.9626498566120784
1-731886981,1,5,1,0.8648323788831715
1-731886981,2,5,1,0.9223624341673261
1-731886981,3,5,1,0.8505492953898257
1-731886981,4,5,1,0.8642926049816423
1-731886981,5,5,1,0.9059361007547169
1-731966140,1,16,1,0.6544091465344739
1-731966140,2,16,1,0.6591928005261609
1-731966140,3,16,1,0.6598832355876322
1-731966140,4,16,1,0.5788285716802469
1-731966140,5,16,1,0.7683513497226202
1-731966140,6,16,1,0.6850464913807834
1-731966140,7,16,1,0.6323073604337518
1-731966140,8,16,1,0.7212549869055461
1-731966140,9,16,1,0.5058961805599963
1-731966140,10,16,1,0.5690792778580434
1-731966140,11,16,1,0.6332398840077864
1-731966140,12,16,1,0.7618965453764639
1-732030201,1,4,1,0.9521489566597457
1-732030201,2,4,1,0.9736673928801026
1-732030201,3,4,1,0.96144164509027
1-732030201,4,4,1,0.9660161712731834
1-732088178,1,27,0,0.6265243420996799
1-732088178,2,27,0,0.6314230213514479
1-732088178,3,27,0,0.6982253690678967
1-732088178,4,27,0,0.7978020979274042
1-732088178,5,27,0,0.8275918958013471
1-732088178,6,27,0,0.8119399166802848
1-732088178,7,27,0,0.8529655208151948
1-732088178,8,27,0,0.8459416880489398
1-732088178,9,27,0,0.8325500905452333
1-732088178,10,27,0,0.878901400022567
1-732088178,11,27,0,0.8497165899162893
1-732088178,12,27,0,0.9230213447502746
1-732124409,1,12,0,0.5215804970606712
1-732124409,2,12,0,0.5268994886464425
1-732124409,3,12,0,0.6991122701382051
1-732124409,4,12,0,0.5907913693506807
1-732124409,5,12,0,0.6350368385199002
1-732124409,6,12,0,0.8047016041454398
1-732124409,7,12,0,0.8946320424013661
1-732124409,8,12,0,0.9424875455610354
1-732124409,9,12,0,0.46386062659110483
1-732124409,10,12,0,0.4374761318596885
1-732124409,11,12,0,0.5015548003572086
1-732124409,12,12,0,0.47638990066520104
1-732193663,1,7,1,0.7649494971857852
1-732193663,2,7,1,0.7687106819525651
1-732193663,3,7,1,0.9524714769346124
1-732193663,4,7,1,0.959182807613397
1-732193663,5,7,1,0.9660820577521027
1-732193663,6,7,1,0.9702386817486998
1-732193663,7,7,1,0.9832970775214073
1-732203933,1,7,1,0.851345985184035
1-732203933,2,7,1,0.8540442455609011
1-732203933,3,7,1,0.9218737219035221
1-732203933,4,7,1,0.8634752701638566
1-732203933,5,7,1,0.8892568922577319
1-732203933,6,7,1,0.8428619145186627
1-732203933,7,7,1,0.88749781204366
1-732211941,1,12,1,0.9079263090646967
1-732211941,2,12,1,0.8757803529025742
1-732211941,3,12,1,0.8478077374697064
1-732211941,4,12,1,0.9015503544729541
1-732211941,5,12,1,0.9793108110976394
1-732211941,6,12,1,0.9794427686342471
1-732211941,7,12,1,0.7788559854684706
1-732211941,8,12,1,0.7556571938716418
1-732211941,9,12,1,0.7605667610443648
1-732211941,10,12,1,0.8304151412553541
1-732211941,11,12,1,0.8632517053353819
1-732211941,12,12,1,0.8122558761165585
1-732261521,1,6,1,0.9611005817147529
1-732261521,2,6,1,0.9435642664518347
1-732261521,3,6,1,0.9565914819842463
1-732261521,4,6,1,0.9666707569019461
1-732261521,5,6,1,0.9548236606640016
1-732261521,6,6,1,0.9493967091994504
1-732279953,1,10,1,0.5319346334894117
1-732279953,2,10,1,0.537217297348024
1-732279953,3,10,1,0.634319028853094
1-732279953,4,10,1,0.6937582175630541
1-732279953,5,10,1,0.7886999986086366
1-732279953,6,10,1,0.8501142604994923
1-732279953,7,10,1,0.5552749394703987
1-732279953,8,10,1,0.5399432072895725
1-732279953,9,10,1,0.9996587695944474
1-732279953,10,10,1,0.9993901181406285
1-732289131,1,30,1,0.7664405412244979
1-732289131,2,30,1,0.7701353650670365
1-732289131,3,30,1,0.9332064482253185
1-732289131,4,30,1,0.9380811407980483
1-732289131,5,30,1,0.9505217100339822
1-732289131,6,30,1,0.9634850156503575
1-732289131,7,30,1,0.9293723813628355
1-732289131,8,30,1,0.9323262630204623
1-732289131,9,30,1,0.9459243766774516
1-732289131,10,30,1,0.9209055558969482
1-732289131,11,30,1,0.9552833447706032
1-732289131,12,30,1,0.9871001638203007
1-732316871,1,23,1,0.8927311000423956
1-732316871,2,23,1,0.8948012585979845
1-732316871,3,23,1,0.8864173124141114
1-732316871,4,23,1,0.8905240468294945
1-732316871,5,23,1,0.9056043520910945
1-732316871,6,23,1,0.9423564104230082
1-732316871,7,23,1,0.9490159642916244
1-732316871,8,23,1,0.9741156845539302
1-732316871,9,23,1,0.9875861405464993
1-732316871,10,23,1,0.973238279208149
1-732316871,11,23,1,0.9789157005018975
1-732316871,12,23,1,0.9686723986330598
1-732325815,1,5,0,0.5033551677726708
1-732325815,2,5,0,0.5086859174122337
1-732325815,3,5,0,0.5252976554422074
1-732325815,4,5,0,0.7117319620694759
1-732325815,5,5,0,0.7277699808281884
1-732361737,1,21,1,0.6797497501614487
1-732361737,2,21,1,0.6843315030920327
1-732361737,3,21,1,0.7631164097524367
1-732361737,4,21,1,0.7872108741715221
1-732361737,5,21,1,0.8330042454540494
1-732361737,6,21,1,0.889559546060661
1-732361737,7,21,1,0.8280730319436764
1-732361737,8,21,1,0.9551628821164947
1-732361737,9,21,1,0.937674433839667
1-732361737,10,21,1,0.9502757791199572
1-732361737,11,21,1,0.9321478983820456
1-732361737,12,21,1,0.9526614627147444
1-732394151,1,4,1,0.4504533518304618
1-732394151,2,4,1,0.7441325550811727
1-732394151,3,4,1,0.8574837487488125
1-732394151,4,4,1,0.8255691923715585
1-732855871,1,6,1,0.3045176043809746
1-732855871,2,6,1,0.3090016508855735
1-732855871,3,6,1,0.2257552949063506
1-732855871,4,6,1,0.29802940556061697
1-732855871,5,6,1,0.41352609228194714
1-732855871,6,6,1,0.39962438771592673
1-732892273,1,10,1,0.783275115761475
1-732892273,2,10,1,0.7865368832930099
1-732892273,3,10,1,0.746802284084763
1-732892273,4,10,1,0.7971149892888534
1-732892273,5,10,1,0.9470300122312497
1-732892273,6,10,1,0.9607711883763869
1-732892273,7,10,1,0.9638642726390457
1-732892273,8,10,1,0.956765833285161
1-732892273,9,10,1,0.936315542351426
1-732892273,10,10,1,0.9303557084552473
1-732943705,1,12,1,0.9328863809358218
1-732943705,2,12,1,0.9341958592377274
1-732943705,3,12,1,0.9539103788411312
1-732943705,4,12,1,0.952249008808764
1-732943705,5,12,1,0.8447413560316086
1-732943705,6,12,1,0.7603688928482961
1-732943705,7,12,1,0.8151882211469612
1-732943705,8,12,1,0.7350772176110669
1-732943705,9,12,1,0.8314084868791146
1-732943705,10,12,1,0.9568445882489126
1-732943705,11,12,1,0.9699009279526536
1-732943705,12,12,1,0.9704976261325893
1-733001687,1,6,0,0.8827624533858441
1-733001687,2,6,0,0.8849791414539137
1-733001687,3,6,0,0.9536476886104392
1-733001687,4,6,0,0.9315424867683579
1-733001687,5,6,0,0.9278767713379479
1-733001687,6,6,0,0.9704881234869149
1-733055291,1,7,1,0.9699461172997982
1-733055291,2,7,1,0.9706354586588422
1-733055291,3,7,1,0.9918942028113179
1-733055291,4,7,1,0.9500373402404017
1-733055291,5,7,1,0.8898531010569073
1-733055291,6,7,1,0.9871120750095868
1-733055291,7,7,1,0.9880095997717797
1-733076472,1,12,1,0.9546766856861405
1-733076472,2,12,1,0.9589761330025779
1-733076472,3,12,1,0.9616612242170108
1-733076472,4,12,1,0.9079746062329022
1-733076472,5,12,1,0.9489068198397211
1-733076472,6,12,1,0.9622792087487357
1-733076472,7,12,1,0.9700478646098114
1-733076472,8,12,1,0.9617414659332405
1-733076472,9,12,1,0.9979746394546501
1-733076472,10,12,1,0.9969005411418284
1-733076472,11,12,1,0.9968176053421024
1-733076472,12,12,1,0.9971210088193708
1-733078101,1,5,1,0.8653137715733746
1-733078101,2,5,1,0.867775169218455
1-733078101,3,5,1,0.9195743997756746
1-733078101,4,5,1,0.8964481485049365
1-733078101,5,5,1,0.9701511900947166
1-733096851,1,8,1,0.8268709507638956
1-733096851,2,8,1,0.8302090865849407
1-733096851,3,8,1,0.9312410642952951
1-733096851,4,8,1,0.9517473194475999
1-733096851,5,8,1,0.9349686830427701
1-733096851,6,8,1,0.9482119337384954
1-733096851,7,8,1,0.9251106585980149
1-733096851,8,8,1,0.9506200469471853
1-733178699,1,14,1,0.9643307248432734
1-733178699,2,14,1,0.9651516564107516
1-733178699,3,14,1,0.986628509250068
1-733178699,4,14,1,0.9717312906852553
1-733178699,5,14,1,0.9855011546346836
1-733178699,6,14,1,0.9856377274940076
1-733178699,7,14,1,0.9905019927899229
1-733178699,8,14,1,0.9900726492566884
1-733178699,9,14,1,0.9926139737343342
1-733178699,10,14,1,0.9889089676063787
1-733178699,11,14,1,0.9939138452850459
1-733178699,12,14,1,0.9956615260022781
1-733240337,1,19,0,0.9765939627329385
1-733240337,2,19,0,0.9771096468595214
1-733240337,3,19,0,0.9884680283481044
1-733240337,4,19,0,0.9598917626331693
1-733240337,5,19,0,0.9686493903934925
1-733240337,6,19,0,0.9626749421999433
1-733240337,7,19,0,0.9548898010773833
1-733240337,8,19,0,0.9453944841984396
1-733240337,9,19,0,0.9563540302530994
1-733240337,10,19,0,0.9614518183032063
1-733240337,11,19,0,0.9623023686606883
1-733240337,12,19,0,0.9572199016084217
1-733244535,1,13,1,0.9782141180453666
1-733244535,2,13,1,0.9786257447951519
1-733244535,3,13,1,0.991966539321626
1-733244535,4,13,1,0.9597331329838769
1-733244535,5,13,1,0.941225691584768
1-733244535,6,13,1,0.9601274640237534
1-733244535,7,13,1,0.9627380460549744
1-733244535,8,13,1,0.8549535481356999
1-733244535,9,13,1,0.8658869295434392
1-733244535,10,13,1,0.8622244684947158
1-733244535,11,13,1,0.905843009993694
1-733244535,12,13,1,0.9024336905154908
1-733252314,1,5,1,0.8145063571807968
1-733252314,2,5,1,0.8180208229820155
1-733252314,3,5,1,0.9234849204941642
1-733252314,4,5,1,0.9236791363238541
1-733252314,5,5,1,0.9603137410034437
1-733252403,1,6,1,0.8175129245467291
1-733252403,2,6,1,0.8209486456399038
1-733252403,3,6,1,0.8798201647166134
1-733252403,4,6,1,0.8974846790433633
1-733252403,5,6,1,0.8780403828077606
1-733252403,6,6,1,0.5986712024803055
1-733265984,1,8,1,0.8318005504705814
1-733265984,2,8,1,0.8341386024707108
1-733265984,3,8,1,0.8563816507729054
1-733265984,4,8,1,0.7857676903411344
1-733265984,5,8,1,0.7751983726403568
1-733265984,6,8,1,0.8676952717129208
1-733265984,7,8,1,0.9027064712085296
1-733265984,8,8,1,0.7249861839373805
1-733271357,1,17,1,0.7588276845858823
1-733271357,2,17,1,0.7623024381456263
1-733271357,3,17,1,0.775742804025569
1-733271357,4,17,1,0.7255209471951843
1-733271357,5,17,1,0.834709365929296
1-733271357,6,17,1,0.9192232232752287
1-733271357,7,17,1,0.915346054928006
1-733271357,8,17,1,0.9260159470161923
1-733271357,9,17,1,0.9847329995328036
1-733271357,10,17,1,0.972312060552959
1-733271357,11,17,1,0.9630723412234322
1-733271357,12,17,1,0.9795928581048953
1-733350311,1,4,1,0.6351351956548694
1-733350311,2,4,1,0.6400927290343629
1-733350311,3,4,1,0.7072605147063493
1-733350311,4,4,1,0.5971610176660326
1-733389423,1,5,1,0.5538066543413811
1-733389423,2,5,1,0.5591189777457115
1-733389423,3,5,1,0.7828200193521895
1-733389423,4,5,1,0.8714725734894554
1-733389423,5,5,1,0.8650045770623895
1-733414248,1,15,1,0.8258166246347467
1-733414248,2,15,1,0.8288244421317935
1-733414248,3,15,1,0.8953716055471077
1-733414248,4,15,1,0.8913986025143971
1-733414248,5,15,1,0.8869895808494792
1-733414248,6,15,1,0.9492952060585682
1-733414248,7,15,1,0.966708933727963
1-733414248,8,15,1,0.9408193992680609
1-733414248,9,15,1,0.9330030089351512
1-733414248,10,15,1,0.9252645981370526
1-733414248,11,15,1,0.9432217512643553
1-733414248,12,15,1,0.9642287924869436
1-733456610,1,4,1,0.9338760644016555
1-733456610,2,4,1,0.9351941146338348
1-733456610,3,4,1,0.9636550715953592
1-733456610,4,4,1,0.9628184563283231
1-733478032,1,5,1,0.806230271769483
1-733478032,2,5,1,0.8094902036057537
1-733478032,3,5,1,0.871909159355379
1-733478032,4,5,1,0.866226900922838
1-733478032,5,5,1,0.8973703841074747
1-733482558,1,9,1,0.8126819552768006
1-733482558,2,9,1,0.8159738643862126
1-733482558,3,9,1,0.8352528243766951
1-733482558,4,9,1,0.8899418166464009
1-733482558,5,9,1,0.871942545872981
1-733482558,6,9,1,0.895493861961512
1-733482558,7,9,1,0.8580950719677024
1-733482558,8,9,1,0.9137674753664102
1-733482558,9,9,1,0.8761547638323351
1-733539596,1,24,1,0.8803345060724821
1-733539596,2,24,1,0.8825293775789597
1-733539596,3,24,1,0.954530649817099
1-733539596,4,24,1,0.9759408468181031
1-733539596,5,24,1,0.9582680586915551
1-733539596,6,24,1,0.9200006969045795
1-733539596,7,24,1,0.9293515631435085
1-733539596,8,24,1,0.968049710136216
1-733539596,9,24,1,0.9819514694600288
1-733539596,10,24,1,0.985653221744269
1-733539596,11,24,1,0.9792960522256319
1-733539596,12,24,1,0.9858316559888666
1-733556566,1,6,1,0.9548274803257989
1-733556566,2,6,1,0.9558379794669046
1-733556566,3,6,1,0.9702926139518618
1-733556566,4,6,1,0.9835373978148376
1-733556566,5,6,1,0.9860626884058357
1-733556566,6,6,1,0.9572129371366488
1-733566832,1,4,0,0.5014899484110651
1-733566832,2,4,0,0.5069533240242611
1-733566832,3,4,0,0.6536646834586808
1-733566832,4,4,0,0.3054798381745441
1-734665561,1,17,1,0.8744487087051865
1-734665561,2,17,1,0.8764763167367327
1-734665561,3,17,1,0.9122706808224402
1-734665561,4,17,1,0.9004328474339501
1-734665561,5,17,1,0.9480777430365751
1-734665561,6,17,1,0.9040679069756048
1-734665561,7,17,1,0.8767921159512302
1-734665561,8,17,1,0.934374755197251
1-734665561,9,17,1,0.9560692505360243
1-734665561,10,17,1,0.9143403246292865
1-734665561,11,17,1,0.9313318896415078
1-734665561,12,17,1,0.8328041131506736
1-734668082,1,5,0,0.9148238533634496
1-734668082,2,5,0,0.9164485799146335
1-734668082,3,5,0,0.9411603851690136
1-734668082,4,5,0,0.8627704439128184
1-734668082,5,5,0,0.8733938355229565
1-734673191,1,23,1,0.9288666476435236
1-734673191,2,23,1,0.8918030420077301
1-734673191,3,23,1,0.9128376888707407
1-734673191,4,23,1,0.958912446950103
1-734673191,5,23,1,0.9662953014456546
1-734673191,6,23,1,0.9240741436645546
1-734673191,7,23,1,0.9364102204438369
1-734673191,8,23,1,0.8930258793911328
1-734673191,9,23,1,0.8789690629750739
1-734673191,10,23,1,0.8625613921764046
1-734673191,11,23,1,0.9184376383809096
1-734673191,12,23,1,0.9148721631365573
1-734673481,1,13,1,0.9778543698225822
1-734673481,2,13,1,0.9534682464605501
1-734673481,3,13,1,0.9612044606332115
1-734673481,4,13,1,0.9696979466923554
1-734673481,5,13,1,0.9744560814319818
1-734673481,6,13,1,0.9744198456587858
1-734673481,7,13,1,0.978201929815486
1-734673481,8,13,1,0.9982302909870825
1-734673481,9,13,1,0.9965396915607373
1-734673481,10,13,1,0.9981205073101314
1-734673481,11,13,1,0.9987501838566938
1-734673481,12,13,1,0.9998424388195674
1-734678351,1,7,1,0.838073136366283
1-734678351,2,7,1,0.8411512471467975
1-734678351,3,7,1,0.909667284313478
1-734678351,4,7,1,0.8973893440850157
1-734678351,5,7,1,0.8840254004120417
1-734678351,6,7,1,0.8689480996354438
1-734678351,7,7,1,0.8614159871281643
1-734697476,1,9,1,0.8621878430905618
1-734697476,2,9,1,0.8646705211844077
1-734697476,3,9,1,0.8855061332257542
1-734697476,4,9,1,0.8581390999398885
1-734697476,5,9,1,0.8738058366708755
1-734697476,6,9,1,0.8684437940951814
1-734697476,7,9,1,0.8936173849967826
1-734697476,8,9,1,0.9974130351067798
1-734697476,9,9,1,0.99441780787691
1-734721812,1,16,1,0.7531801518331807
1-734721812,2,16,1,0.7571029367419307
1-734721812,3,16,1,0.930869398662526
1-734721812,4,16,1,0.9335179294467695
1-734721812,5,16,1,0.9469089145101568
1-734721812,6,16,1,0.9244115059429663
1-734721812,7,16,1,0.9546522426462497
1-734721812,8,16,1,0.9420234943262387
1-734721812,9,16,1,0.9648791684597947
1-734721812,10,16,1,0.9337037909205226
1-734721812,11,16,1,0.9431544968870478
1-734721812,12,16,1,0.8916640733971631
1-734734357,1,7,0,0.865723864870394
1-734734357,2,7,0,0.8684119713377357
1-734734357,3,7,0,0.9464270521067465
1-734734357,4,7,0,0.9732202411787235
1-734734357,5,7,0,0.9777154095379765
1-734734357,6,7,0,0.9537010753483298
1-734734357,7,7,0,0.9569731029476689
1-734796269,1,3,1,0.9609549889621235
1-734796269,2,3,1,0.9617898065535025
1-734796269,3,3,1,0.9991616981678921
1-734802554,1,24,1,0.9392833034778623
1-734802554,2,24,1,0.9404917107283537
1-734802554,3,24,1,0.9614654536660652
1-734802554,4,24,1,0.915768211715335
1-734802554,5,24,1,0.9261799427708817
1-734802554,6,24,1,0.9159674345643517
1-734802554,7,24,1,0.9028500661886066
1-734802554,8,24,1,0.965191932412693
1-734802554,9,24,1,0.966827712348985
1-734802554,10,24,1,0.9751180441371801
1-734802554,11,24,1,0.9842040397203707
1-734802554,12,24,1,0.9875627842359613
1-734811377,1,6,1,0.8733236196448491
1-734811377,2,6,1,0.879280595237978
1-734811377,3,6,1,0.8863605786968001
1-734811377,4,6,1,0.9201574267813358
1-734811377,5,6,1,0.9693331811022355
1-734811377,6,6,1,0.9739016194341619
1-734812451,1,13,1,0.9260621562764265
1-734812451,2,13,1,0.9266130844962149
1-734812451,3,13,1,0.9413286768804949
1-734812451,4,13,1,0.8969830018392034
1-734812451,5,13,1,0.8849521109831642
1-734812451,6,13,1,0.7576168501866449
1-734812451,7,13,1,0.7444113600318889
1-734812451,8,13,1,0.8198880163457583
1-734812451,9,13,1,0.8545649871143443
1-734812451,10,13,1,0.7980799658708227
1-734812451,11,13,1,0.8793345352889251
1-734812451,12,13,1,0.9529725180589802
1-734826334,1,10,1,0.8876767519865126
1-734826334,2,10,1,0.88953771685424
1-734826334,3,10,1,0.938934649128966
1-734826334,4,10,1,0.92982557741687
1-734826334,5,10,1,0.9381885729420998
1-734826334,6,10,1,0.9352648969774681
1-734826334,7,10,1,0.9399201364659376
1-734826334,8,10,1,0.8941921037571346
1-734826334,9,10,1,0.8917782932087478
1-734826334,10,10,1,0.6267757125904568
1-734867990,1,16,0,0.4892843995731661
1-734867990,2,16,0,0.494598896019649
1-734867990,3,16,0,0.6708148897564464
1-734867990,4,16,0,0.6151916396961798
1-734867990,5,16,0,0.4561536186947893
1-734867990,6,16,0,0.44474629812945654
1-734867990,7,16,0,0.6468341853692167
1-734867990,8,16,0,0.6563551455822403
1-734867990,9,16,0,0.8448409848816576
1-734867990,10,16,0,0.8902478978575771
1-734867990,11,16,0,0.9073755571860461
1-734867990,12,16,0,0.7847429963264981
1-734870379,1,15,1,0.8769708740049682
1-734870379,2,15,1,0.8792256547409195
1-734870379,3,15,1,0.8868507257006801
1-734870379,4,15,1,0.9205818462338813
1-734870379,5,15,1,0.9074151384934646
1-734870379,6,15,1,0.9683532895265371
1-734870379,7,15,1,0.9669562780868681
1-734870379,8,15,1,0.9756825582182945
1-734870379,9,15,1,0.9635209559968811
1-734870379,10,15,1,0.9407311249135007
1-734870379,11,15,1,0.9217803688042282
1-734870379,12,15,1,0.9318504409581675
1-734895721,1,24,1,0.8850302828426421
1-734895721,2,24,1,0.8866164161074812
1-734895721,3,24,1,0.9612726020668535
1-734895721,4,24,1,0.9311441891267868
1-734895721,5,24,1,0.9449663600775118
1-734895721,6,24,1,0.9199005416066661
1-734895721,7,24,1,0.9546184297837159
1-734895721,8,24,1,0.9087438247232152
1-734895721,9,24,1,0.9186490810452614
1-734895721,10,24,1,0.8561617338147346
1-734895721,11,24,1,0.9583348935792964
1-734895721,12,24,1,0.9577227907036493
1-734903069,1,5,1,0.9675785057098004
1-734903069,2,5,1,0.9682151515978775
1-734903069,3,5,1,0.953390856806035
1-734903069,4,5,1,0.9528218075422411
1-734903069,5,5,1,0.956088151504293
1-734968581,1,6,1,0.9521862186645893
1-734968581,2,6,1,0.9531450493886925
1-734968581,3,6,1,0.9167677008742636
1-734968581,4,6,1,0.8085470720359621
1-734968581,5,6,1,0.8986498576795192
1-734968581,6,6,1,0.7064563371148124
1-735030751,1,5,1,0.7854776608282528
1-735030751,2,5,1,0.7890075686464143
1-735030751,3,5,1,0.8920855410933798
1-735030751,4,5,1,0.8722463389236956
1-735030751,5,5,1,0.8709771921141362
1-735030780,1,6,1,0.8446283854106454
1-735030780,2,6,1,0.8473808769566612
1-735030780,3,6,1,0.9069755749713726
1-735030780,4,6,1,0.5118787466129194
1-735030780,5,6,1,0.9998052532032119
1-735030780,6,6,1,0.9997694197085216
1-735037660,1,8,1,0.825577226374829
1-735037660,2,8,1,0.8285879621373751
1-735037660,3,8,1,0.9018863413227812
1-735037660,4,8,1,0.8998395704359623
1-735037660,5,8,1,0.814361873836083
1-735037660,6,8,1,0.8515145543683315
1-735037660,7,8,1,0.3812129038196753
1-735037660,8,8,1,0.4617368127903898
1-735063522,1,5,0,0.9059734454037182
1-735063522,2,5,0,0.907704409277929
1-735063522,3,5,0,0.9348854934658458
1-735063522,4,5,0,0.9292877669178308
1-735063522,5,5,0,0.7488383646279512
1-735071172,1,4,1,0.9580411028458006
1-735071172,2,4,1,0.9589813695944494
1-735071172,3,4,1,0.9758659919524123
1-735071172,4,4,1,0.7414253428220067
1-735071603,1,5,0,0.8522011927549229
1-735071603,2,5,0,0.8548373881978711
1-735071603,3,5,0,0.8636735906793235
1-735071603,4,5,0,0.9058182751642859
1-735071603,5,5,0,0.9119976801022122
1-735078091,1,9,0,0.8493241493154818
1-735078091,2,9,0,0.9128140422333367
1-735078091,3,9,0,0.9181288950808364
1-735078091,4,9,0,0.8748015495589713
1-735078091,5,9,0,0.8460722813064331
1-735078091,6,9,0,0.8482659641623214
1-735078091,7,9,0,0.8638468598712654
1-735078091,8,9,0,0.8837359432569949
1-735078091,9,9,0,0.8341824237347752
1-735086266,1,6,1,0.6560747192765048
1-735086266,2,6,1,0.6612387317066688
1-735086266,3,6,1,0.8435395384285749
1-735086266,4,6,1,0.39328178798898233
1-735086266,5,6,1,0.38535530187461337
1-735086266,6,6,1,0.3353065682234262
1-735093723,1,35,1,0.8198173921584038
1-735093723,2,35,1,0.8231440364253361
1-735093723,3,35,1,0.9207204741906947
1-735093723,4,35,1,0.8705255968239084
1-735093723,5,35,1,0.9380785446629571
1-735093723,6,35,1,0.6938655809259144
1-735093723,7,35,1,0.4516459666469647
1-735093723,8,35,1,0.33634362460048417
1-735093723,9,35,1,0.3936097883187893
1-735093723,10,35,1,0.48960154511155707
1-735093723,11,35,1,0.5791966641657414
1-735093723,12,35,1,0.5655112409648174
1-735126180,1,9,0,0.8865855850314756
1-735126180,2,9,0,0.8887329405284199
1-735126180,3,9,0,0.895450986470233
1-735126180,4,9,0,0.9005244238681448
1-735126180,5,9,0,0.9069675912588353
1-735126180,6,9,0,0.9277480229282637
1-735126180,7,9,0,0.8630894392139326
1-735126180,8,9,0,0.879002556073603
1-735126180,9,9,0,0.8801706198166889
1-735129927,1,6,1,0.9107086764250223
1-735129927,2,6,1,0.9126389006932074
1-735129927,3,6,1,0.917777393552321
1-735129927,4,6,1,0.9193727162152362
1-735129927,5,6,1,0.9250650261336242
1-735129927,6,6,1,0.9338820829610629
1-735145461,1,13,1,0.7972713815322365
1-735145461,2,13,1,0.8003313239148835
1-735145461,3,13,1,0.893750456536369
1-735145461,4,13,1,0.8239512816331689
1-735145461,5,13,1,0.7494350020476442
1-735145461,6,13,1,0.691317565380634
1-735145461,7,13,1,0.7338245672253476
1-735145461,8,13,1,0.754416316130977
1-735145461,9,13,1,0.8669513000768166
1-735145461,10,13,1,0.8565502929049332
1-735145461,11,13,1,0.8814003552968784
1-735145461,12,13,1,0.8785736354586622
1-735171475,1,10,1,0.5953918834049672
1-735171475,2,10,1,0.6005711775829745
1-735171475,3,10,1,0.6453475479513219
1-735171475,4,10,1,0.26502937562354695
1-735171475,5,10,1,0.24319140059951716
1-735171475,6,10,1,0.24124660869507195
1-735171475,7,10,1,0.27658036423265764
1-735171475,8,10,1,0.5254680692676992
1-735171475,9,10,1,0.5805817448444472
1-735171475,10,10,1,0.8354582662411206
1-735177767,1,5,1,0.6740112488262818
1-735177767,2,5,1,0.6786408504178407
1-735177767,3,5,1,0.6394664858673783
1-735177767,4,5,1,0.7924495627240504
1-735177767,5,5,1,0.7136258587473937
1-735177798,1,5,1,0.6735108935355466
1-735177798,2,5,1,0.6781578972267641
1-735177798,3,5,1,0.6389586976716427
1-735177798,4,5,1,0.792491702264077
1-735177798,5,5,1,0.7136753010258421
1-735194105,1,8,1,0.6415059113882641
1-735194105,2,8,1,0.8904693192692127
1-735194105,3,8,1,0.8717322872879498
1-735194105,4,8,1,0.9082544463923852
1-735194105,5,8,1,0.899646302091182
1-735194105,6,8,1,0.9092926038146453
1-735194105,7,8,1,0.9051211009131503
1-735194105,8,8,1,0.9153533357808215
1-735231580,1,5,1,0.9511805309215006
1-735231580,2,5,1,0.9522456091632813
1-735231580,3,5,1,0.9654577573347783
1-735231580,4,5,1,0.953548797852555
1-735231580,5,5,1,0.9444312503365109
1-735237150,1,3,1,0.9102173400486462
1-735237150,2,3,1,0.9121159401021498
1-735237150,3,3,1,0.9389360281592304
1-735262744,1,7,1,0.9384107071384452
1-735262744,2,7,1,0.9396181867291455
1-735262744,3,7,1,0.916409133233159
1-735262744,4,7,1,0.6778764465308028
1-735262744,5,7,1,0.6690327396337777
1-735262744,6,7,1,0.641616049676758
1-735262744,7,7,1,0.7033959448432097
1-735318871,1,3,0,0.874051242317363
1-735318871,2,3,0,0.8767628096578268
1-735318871,3,3,0,0.9139831950296115
1-735896953,1,12,1,0.9305239228199447
1-735896953,2,12,1,0.9317434416481182
1-735896953,3,12,1,0.9529745465475169
1-735896953,4,12,1,0.9851658372157566
1-735896953,5,12,1,0.991379073674098
1-735896953,6,12,1,0.9162652508723835
1-735896953,7,12,1,0.8898115347687793
1-735896953,8,12,1,0.9382901731398813
1-735896953,9,12,1,0.8352497041881846
1-735896953,10,12,1,0.818647013196657
1-735896953,11,12,1,0.5160666212197415
1-735896953,12,12,1,0.9846441715579582
1-735918851,1,4,0,0.33111249046076563
1-735918851,2,4,0,0.3196424214436728
1-735918851,3,4,0,0.33766909157553854
1-735918851,4,4,0,0.28687215375217107
1-736304161,1,8,0,0.885342894613982
1-736304161,2,8,0,0.8874712476661194
1-736304161,3,8,0,0.9458869638132871
1-736304161,4,8,0,0.9433399120733006
1-736304161,5,8,0,0.3610981242836184
1-736304161,6,8,0,0.34517914488335383
1-736304161,7,8,0,0.48135073946249546
1-736304161,8,8,0,0.13521270372212388
1-736346269,1,13,1,0.32737076207843113
1-736346269,2,13,1,0.3320260215030386
1-736346269,3,13,1,0.47606255353939414
1-736346269,4,13,1,0.5675037262289888
1-736346269,5,13,1,0.39743685325744144
1-736346269,6,13,1,0.4486598389760888
1-736346269,7,13,1,0.5724465385024431
1-736346269,8,13,1,0.553881856376227
1-736346269,9,13,1,0.6118682580790988
1-736346269,10,13,1,0.5130888986730107
1-736346269,11,13,1,0.6858623109486394
1-736346269,12,13,1,0.6751976494102842
1-736374689,1,5,0,0.34378410063612147
1-736374689,2,5,0,0.3482074112950823
1-736374689,3,5,0,0.49537525770297175
1-736374689,4,5,0,0.14341086104172152
1-736374689,5,5,0,0.1513511635350246
1-736384831,1,3,1,0.5817053406504142
1-736384831,2,3,1,0.5868422833828458
1-736384831,3,3,1,0.6759962515587256
1-736384921,1,6,1,0.23801003542528648
1-736384921,2,6,1,0.24188216226978856
1-736384921,3,6,1,0.3532201223581887
1-736384921,4,6,1,0.4430277972506334
1-736384921,5,6,1,0.35826221826247967
1-736384921,6,6,1,0.38741206332890354
1-736440596,1,13,0,0.06501761358627212
1-736440596,2,13,0,0.06630411524268301
1-736440596,3,13,0,0.12479546041095423
1-736440596,4,13,0,0.10952024412667102
1-736440596,5,13,0,0.060158886509387645
1-736440596,6,13,0,0.012671516278413397
1-736440596,7,13,0,0.02257120903771527
1-736440596,8,13,0,0.01641815569745892
1-736440596,9,13,0,0.013250450351721127
1-736440596,10,13,0,0.022556497945048055
1-736440596,11,13,0,0.024549418337650158
1-736440596,12,13,0,0.018550418210124858
1-736444712,1,6,0,0.2709062751168059
1-736444712,2,6,0,0.28311175270894223
1-736444712,3,6,0,0.29706548068207983
1-736444712,4,6,0,0.5297897165439985
1-736444712,5,6,0,0.5410883226702368
1-736444712,6,6,0,0.5611100534685229
1-736491238,1,4,0,0.4641884954790827
1-736491238,2,4,0,0.4694861815386019
1-736491238,3,4,0,0.6910952971487851
1-736491238,4,4,0,0.6345204637092589
1-736499091,1,3,0,0.6017144051286696
1-736499091,2,3,0,0.5321382312121576
1-736499091,3,3,0,0.45750188702197103
1-736552272,1,7,0,0.27324827400078
1-736552272,2,7,0,0.27746396051896655
1-736552272,3,7,0,0.43503074508843526
1-736552272,4,7,0,0.30386061948874077
1-736552272,5,7,0,0.25575521479981594
1-736552272,6,7,0,0.35526153958600665
1-736552272,7,7,0,0.3736063578684348
1-736570196,1,7,0,0.44612560005762236
1-736570196,2,7,0,0.450937761741354
1-736570196,3,7,0,0.4299514484222222
1-736570196,4,7,0,0.24508112016338984
1-736570196,5,7,0,0.292017788201738
1-736570196,6,7,0,0.21590018352297535
1-736570196,7,7,0,0.3408450882373968
1-736602185,1,8,0,0.3848551524939624
1-736602185,2,8,0,0.38984658626135327
1-736602185,3,8,0,0.5719392341416191
1-736602185,4,8,0,0.5517301464244959
1-736602185,5,8,0,0.48164697941370627
1-736602185,6,8,0,0.5751207786975339
1-736602185,7,8,0,0.3114675291557585
1-736602185,8,8,0,0.2961626749138236
1-736628141,1,10,0,0.16300314363226176
1-736628141,2,10,0,0.1662187874532022
1-736628141,3,10,0,0.29384823979549757
1-736628141,4,10,0,0.2651502686689563
1-736628141,5,10,0,0.1600049188883387
1-736628141,6,10,0,0.23890940498656776
1-736628141,7,10,0,0.08614339091800202
1-736628141,8,10,0,0.05816958322915827
1-736628141,9,10,0,0.04502282859415598
1-736628141,10,10,0,0.06461870477430122
1-736633861,1,2,0,0.11496721144750724
1-736633861,2,2,0,0.11718836452906857
1-736646274,1,10,1,0.49561742372147116
1-736646274,2,10,1,0.5004240291867322
1-736646274,3,10,1,0.6242803624135194
1-736646274,4,10,1,0.7559463466274143
1-736646274,5,10,1,0.7259509026033782
1-736646274,6,10,1,0.281896634165552
1-736646274,7,10,1,0.33187726682114244
1-736646274,8,10,1,0.1985423879494118
1-736646274,9,10,1,0.2838215629319553
1-736646274,10,10,1,0.3221544874904687
1-736665050,1,6,1,0.30570229134538923
1-736665050,2,6,1,0.31019376091226947
1-736665050,3,6,1,0.517446277183625
1-736665050,4,6,1,0.13127706809823778
1-736665050,5,6,1,0.9786394339563235
1-736665050,6,6,1,0.976708810548797
1-736674351,1,3,0,0.3823725344839933
1-736674351,2,3,0,0.28224137549514905
1-736674351,3,3,0,0.2986371714294087
1-736674741,1,4,0,0.6334853951420113
1-736674741,2,4,0,0.729930935622679
1-736674741,3,4,0,0.7449976344903306
1-736674741,4,4,0,0.49297092964647105
1-736674761,1,5,0,0.3167111047791235
1-736674761,2,5,0,0.18180629496313852
1-736674761,3,5,0,0.220234330539724
1-736674761,4,5,0,0.3164040158400791
1-736674761,5,5,0,0.3166824594407633
1-736685322,1,5,0,0.31032395684328257
1-736685322,2,5,0,0.31488863198548966
1-736685322,3,5,0,0.2782273132396636
1-736685322,4,5,0,0.30412892833298644
1-736685322,5,5,0,0.25464823466571407
1-736688781,1,3,0,0.09689408818389705
1-736688781,2,3,0,0.09862917938588715
1-736688781,3,3,0,0.13966591602207973
1-736696291,1,2,0,0.29391608077631626
1-736696291,2,2,0,0.2983721881108502
1-736700836,1,8,0,0.1425323294677579
1-736700836,2,8,0,0.1452012377844147
1-736700836,3,8,0,0.21110807119778408
1-736700836,4,8,0,0.2770203253118516
1-736700836,5,8,0,0.3245299391897495
1-736700836,6,8,0,0.2240235552410002
1-736700836,7,8,0,0.3337738914530344
1-736700836,8,8,0,0.35977704878445693
1-736701710,1,2,0,0.09445133584659314
1-736701710,2,2,0,0.09632376853231452
1-736701726,1,3,0,0.15915629097197584
1-736701726,2,3,0,0.1619370076923208
1-736701726,3,3,0,0.22185067838306152
1-736717361,1,2,0,0.18119925146880933
1-736717361,2,2,0,0.18402085628373863
1-736720489,1,8,0,0.39907218269321765
1-736720489,2,8,0,0.4041697101028631
1-736720489,3,8,0,0.5863860221084385
1-736720489,4,8,0,0.5831131876088892
1-736720489,5,8,0,0.6035126207747623
1-736720489,6,8,0,0.6897326537031329
1-736720489,7,8,0,0.6278723288569467
1-736720489,8,8,0,0.598979965090083
1-736720598,1,7,0,0.3833721698104748
1-736720598,2,7,0,0.38834654871599356
1-736720598,3,7,0,0.570241900813989
1-736720598,4,7,0,0.5688139169802288
1-736720598,5,7,0,0.5877787921525933
1-736720598,6,7,0,0.5929752581366241
1-736720598,7,7,0,0.64172184197481
1-736726143,1,2,0,0.3851267575731816
1-736726143,2,2,0,0.39054276880303235
1-736726506,1,2,0,0.23271846383450462
1-736726506,2,2,0,0.23650667928517516
1-736726674,1,4,0,0.41864453521739786
1-736726674,2,4,0,0.42379021065569344
1-736726674,3,4,0,0.3554377503936795
1-736726674,4,4,0,0.4331658035965841
1-736726945,1,4,0,0.14235478062257323
1-736726945,2,4,0,0.3696511183173658
1-736726945,3,4,0,0.4739866665172327
1-736726945,4,4,0,0.25708927807500204
1-736727363,1,2,0,0.008785707835263895
1-736727363,2,2,0,0.030252681928394132
1-736727792,1,2,0,0.14804026551864474
1-736727792,2,2,0,0.3952245843345858
1-736771176,1,3,0,0.40821369245599715
1-736771176,2,3,0,0.41175354440272294
1-736771176,3,3,0,0.5072618090100448
1-736773340,1,3,0,0.006539826643233302
1-736773340,2,3,0,0.01507030731845652
1-736773340,3,3,0,0.016306360217588835
1-736773836,1,4,0,0.10332574189459792
1-736773836,2,4,0,0.34358961784010894
1-736773836,3,4,0,0.3040370403206141
1-736773836,4,4,0,0.3315338886502844
1-737309288,1,2,0,0.40974741619689736
1-737309288,2,2,0,0.4149932382496672
1-737309366,1,2,0,0.43015048368503844
1-737309366,2,2,0,0.43530850193409226
1-737309490,1,10,0,0.15846903501508502
1-737309490,2,10,0,0.16149149392935924
1-737309490,3,10,0,0.3521058657840005
1-737309490,4,10,0,0.4047325429298642
1-737309490,5,10,0,0.5319272490780329
1-737309490,6,10,0,0.4591141995032742
1-737309490,7,10,0,0.4122094371306802
1-737309490,8,10,0,0.4292366491221681
1-737309490,9,10,0,0.27900009475585225
1-737309490,10,10,0,0.26840600327809905
1-737310100,1,2,0,0.07889140157960042
1-737310100,2,2,0,0.2330328468824885
1-737310146,1,2,0,0.0068542407057967224
1-737310146,2,2,0,0.02391907284513989
1-737325828,1,3,0,0.012609860946568342
1-737325828,2,3,0,0.044738835446267805
1-737325828,3,3,0,0.04826594289381329
1-737325862,1,2,0,0.26566502311767637
1-737325862,2,2,0,0.5675028130330799
1-737332540,1,6,0,0.38971179866918587
1-737332540,2,6,0,0.3949860951703182
1-737332540,3,6,0,0.6081543795457143
1-737332540,4,6,0,0.23421419642067762
1-737332540,5,6,0,0.15929193256103516
1-737332540,6,6,0,0.1372136989493912
1-737336461,1,4,0,0.6647268321775055
1-737336461,2,4,0,0.6694559782759748
1-737336461,3,4,0,0.7782370832269948
1-737336461,4,4,0,0.7062998769094534
1-737336647,1,2,0,0.662835639474934
1-737336647,2,2,0,0.6675479902761307
1-737337973,1,2,0,0.4273377558508925
1-737337973,2,2,0,0.44294689789950903
1-737345200,1,2,0,0.05609491831758513
1-737345200,2,2,0,0.18215176013941423
1-737346409,1,2,0,0.24826941188641863
1-737346409,2,2,0,0.25300106521259225
1-737349941,1,10,0,0.13483026365562495
1-737349941,2,10,0,0.13737191779343422
1-737349941,3,10,0,0.13277595365032957
1-737349941,4,10,0,0.17780186082960592
1-737349941,5,10,0,0.2152698280713906
1-737349941,6,10,0,0.20444372886417947
1-737349941,7,10,0,0.371955637507092
1-737349941,8,10,0,0.1951776789494744
1-737349941,9,10,0,0.23319471089873967
1-737349941,10,10,0,0.046741601468047976
1-737354231,1,21,0,0.13321005454996446
1-737354231,2,21,0,0.1356624079631681
1-737354231,3,21,0,0.12679736767033933
1-737354231,4,21,0,0.07250423723308778
1-737354231,5,21,0,0.08646037128572473
1-737354231,6,21,0,0.0897108541437535
1-737354231,7,21,0,0.16981356502171818
1-737354231,8,21,0,0.07513319433735018
1-737354231,9,21,0,0.09351633184670195
1-737354231,10,21,0,0.03314986100432453
1-737354231,11,21,0,0.040974478248438105
1-737354231,12,21,0,0.030728559123761417
1-737356862,1,2,0,0.304718960404354
1-737356862,2,2,0,0.30919122495024737
1-737357037,1,2,0,0.3298824553977956
1-737357037,2,2,0,0.3342063741456127
1-737363375,1,10,0,0.12583568628602732
1-737363375,2,10,0,0.12569418024840506
1-737363375,3,10,0,0.12063059251682864
1-737363375,4,10,0,0.0740713628923073
1-737363375,5,10,0,0.08852523862181018
1-737363375,6,10,0,0.10832212839145959
1-737363375,7,10,0,0.18999546945464083
1-737363375,8,10,0,0.07800862516138922
1-737363375,9,10,0,0.0972128124453032
1-737363375,10,10,0,0.03030674719030507
1-737366051,1,10,0,0.13196912911311934
1-737366051,2,10,0,0.1341654934142327
1-737366051,3,10,0,0.12671534256866226
1-737366051,4,10,0,0.07262211069289022
1-737366051,5,10,0,0.0866033790660495
1-737366051,6,10,0,0.1051855497159295
1-737366051,7,10,0,0.17143922597187974
1-737366051,8,10,0,0.07526680233189398
1-737366051,9,10,0,0.09390912502314575
1-737366051,10,10,0,0.03252125925397281
1-737370121,1,11,0,0.13118880717328038
1-737370121,2,11,0,0.1327950566704215
1-737370121,3,11,0,0.12660805035801095
1-737370121,4,11,0,0.07274492243238369
1-737370121,5,11,0,0.08674592387200179
1-737370121,6,11,0,0.09304736676734368
1-737370121,7,11,0,0.11239755385559967
1-737370121,8,11,0,0.18428383269646312
1-737370121,9,11,0,0.07842439748196413
1-737370121,10,11,0,0.10079876543717063
1-737370121,11,11,0,0.03432410708977713
1-737374965,1,2,0,0.40840617617937114
1-737374965,2,2,0,0.41349519477088875
1-737375185,1,2,0,0.30222899559834765
1-737375185,2,2,0,0.3068424281954157
1-737375500,1,9,1,0.38343012934272563
1-737375500,2,9,1,0.38805944764573863
1-737375500,3,9,1,0.6155518416990152
1-737375500,4,9,1,0.6919020732772538
1-737375500,5,9,1,0.5697618372754738
1-737375500,6,9,1,0.08156342265850805
1-737375500,7,9,1,0.37134877096190944
1-737375500,8,9,1,0.9978767094711128
1-737375500,9,9,1,0.9921324455678544
1-737378794,1,3,0,0.3771735435529558
1-737378794,2,3,0,0.38203029583426873
1-737378794,3,3,0,0.24761463063006608
1-737378924,1,2,0,0.21974605742176787
1-737378924,2,2,0,0.22378540738323363
1-737380211,1,7,0,0.14243601448319895
1-737380211,2,7,0,0.08106993621642075
1-737380211,3,7,0,0.10061888901981121
1-737380211,4,7,0,0.058151252074485474
1-737380211,5,7,0,0.060944000612341266
1-737380211,6,7,0,0.09873502427015445
1-737380211,7,7,0,0.05213669845271804
1-737380561,1,4,0,0.20402011690690114
1-737380561,2,4,0,0.1122393608019454
1-737380561,3,4,0,0.13842163652054582
1-737380561,4,4,0,0.1726203079836304
1-737380955,1,10,0,0.12684070202360345
1-737380955,2,10,0,0.125697965947417
1-737380955,3,10,0,0.12042849826755668
1-737380955,4,10,0,0.07304296277063749
1-737380955,5,10,0,0.08716892053304423
1-737380955,6,10,0,0.10811412807741706
1-737380955,7,10,0,0.18476522981783025
1-737380955,8,10,0,0.07789685576737995
1-737380955,9,10,0,0.09709871709513371
1-737380955,10,10,0,0.03060103733715683
1-737385451,1,5,1,0.6319939181438894
1-737385451,2,5,1,0.6373436546450088
1-737385451,3,5,1,0.6556509051808125
1-737385451,4,5,1,0.8052776151267326
1-737385451,5,5,1,0.7182095525781519
1-737390851,1,4,0,0.34084749988874324
1-737390851,2,4,0,0.34507419626784486
1-737390851,3,4,0,0.585137263653176
1-737390851,4,4,0,0.5342900925936545
1-737393337,1,2,0,0.16711540033621575
1-737393337,2,2,0,0.16921704183089364
1-737398038,1,4,0,0.4469760483187658
1-737398038,2,4,0,0.45218611635131056
1-737398038,3,4,0,0.6428035542693926
1-737398038,4,4,0,0.5792218203694414
1-737413954,1,2,0,0.1795413969180335
1-737413954,2,2,0,0.18273105548758387
1-737414501,1,2,0,0.4175390702058093
1-737414501,2,2,0,0.4226759272554294
1-737422470,1,2,0,0.01067616501007124
1-737422470,2,2,0,0.023777399384972194
1-737422607,1,2,0,0.01064495311208405
1-737422607,2,2,0,0.023592159877988277
1-737422718,1,4,0,0.169896423249722
1-737422718,2,4,0,0.31540549359814063
1-737422718,3,4,0,0.10304647534583619
1-737422718,4,4,0,0.10750610203213275
1-737461285,1,6,1,0.6177752179625007
1-737461285,2,6,1,0.6319000404893259
1-737461285,3,6,1,0.7740499951780473
1-737461285,4,6,1,0.7652307451023667
1-737461285,5,6,1,0.8055084449549149
1-737461285,6,6,1,0.9989896601038591
1-737462301,1,3,0,0.007917508727113344
1-737462301,2,3,0,0.02741020066506062
1-737462301,3,3,0,0.03780020072380037
1-737462313,1,5,0,0.13239125677117902
1-737462313,2,5,0,0.2607463615205649
1-737462313,3,5,0,0.0808523262596224
1-737462313,4,5,0,0.11848240376904867
1-737462313,5,5,0,0.6091185146211714
1-737462500,1,3,0,0.008045539176158687
1-737462500,2,3,0,0.011122935981462372
1-737462500,3,3,0,0.019652034799366
1-737462627,1,2,0,0.007861270930263327
1-737462627,2,2,0,0.027229087960993364
1-737464591,1,2,0,0.3702358111166534
1-737464591,2,2,0,0.37415032453527486
1-737464711,1,4,0,0.42251173768278794
1-737464711,2,4,0,0.42800887504054375
1-737464711,3,4,0,0.40360987699369893
1-737464711,4,4,0,0.38063753330259026
1-738144182,1,4,1,0.5878526872938005
1-738144182,2,4,1,0.5895629398510335
1-738144182,3,4,1,0.29843488165881876
1-738144182,4,4,1,0.2933589251918913
1-738144221,1,2,0,0.28207189827312595
1-738144221,2,2,0,0.28609624763499486
1-738148832,1,2,0,0.27396729332314357
1-738148832,2,2,0,0.27647758091318986
1-738149111,1,16,0,0.02018674991380523
1-738149111,2,16,0,0.02056763763031159
1-738149111,3,16,0,0.02487069247750912
1-738149111,4,16,0,0.016880286864883548
1-738149111,5,16,0,0.03528527783281477
1-738149111,6,16,0,0.6540372471481216
1-738149111,7,16,0,0.37273007596444285
1-738149111,8,16,0,0.299912955066386
1-738149111,9,16,0,0.35862385215313847
1-738149111,10,16,0,0.2894531215087448
1-738149111,11,16,0,0.33964628623591037
1-738149111,12,16,0,0.46580657797251207
1-738149231,1,2,0,0.32522631875256586
1-738149231,2,2,0,0.3268327183643564
1-738149767,1,6,0,0.26694958420092896
1-738149767,2,6,0,0.27018531180986916
1-738149767,3,6,0,0.44671825274944393
1-738149767,4,6,0,0.43906678168346625
1-738149767,5,6,0,0.4982628564283458
1-738149767,6,6,0,0.398037416133387
1-738150646,1,2,0,0.22501783763926128
1-738150646,2,2,0,0.1394997473784867
1-738151944,1,2,0,0.3538692351432576
1-738151944,2,2,0,0.35876046016536434
1-738153300,1,2,0,0.2690094323123466
1-738153300,2,2,0,0.2732071338944652
1-738153421,1,2,0,0.29125355135396847
1-738153421,2,2,0,0.29340743198271035
1-738155863,1,4,0,0.36594024667686864
1-738155863,2,4,0,0.363828996449149
1-738155863,3,4,0,0.5627255192952793
1-738155863,4,4,0,0.5223437502726751
1-738156778,1,11,0,0.3674931875368225
1-738156778,2,11,0,0.3706118566673575
1-738156778,3,11,0,0.39008378374691505
1-738156778,4,11,0,0.531709654784058
1-738156778,5,11,0,0.5514825657789075
1-738156778,6,11,0,0.12270038185983946
1-738156778,7,11,0,0.20614409466184122
1-738156778,8,11,0,0.19537968114564255
1-738156778,9,11,0,0.23463874470025153
1-738156778,10,11,0,0.1372197134731372
1-738156778,11,11,0,0.17810072135585417
1-738162803,1,2,0,0.21577695906340968
1-738162803,2,2,0,0.21758611517499876
1-738163471,1,2,0,0.4476574265635156
1-738163471,2,2,0,0.4521480209985
1-738165006,1,2,0,0.02770414360195652
1-738165006,2,2,0,0.028200806250911547
1-738165181,1,16,0,0.28487397554024935
1-738165181,2,16,0,0.28888156046736985
1-738165181,3,16,0,0.27416449058744785
1-738165181,4,16,0,0.24464247372024353
1-738165181,5,16,0,0.26518876792993085
1-738165181,6,16,0,0.1568385037275363
1-738165181,7,16,0,0.3404590450436611
1-738165181,8,16,0,0.32054482220950914
1-738165181,9,16,0,0.3011575364989659
1-738165181,10,16,0,0.189630375305614
1-738165181,11,16,0,0.32432385386577806
1-738165181,12,16,0,0.26869695362885254
1-738167144,1,2,0,0.3272991455172443
1-738167144,2,2,0,0.33207120490439296
1-738167982,1,2,0,0.3182542472228583
1-738167982,2,2,0,0.32189553051450037
1-738168816,1,8,0,0.27885697412548904
1-738168816,2,8,0,0.28229466844792445
1-738168816,3,8,0,0.4131422603929637
1-738168816,4,8,0,0.3026433185622983
1-738168816,5,8,0,0.4654585746196593
1-738168816,6,8,0,0.4122202226241083
1-738168816,7,8,0,0.47052839686838965
1-738168816,8,8,0,0.25520886513428953
1-738177301,1,3,1,0.535756986295592
1-738177301,2,3,1,0.5403473385755939
1-738177301,3,3,1,0.2985137999591569
1-738177380,1,2,0,0.1252930360947898
1-738177380,2,2,0,0.12761409830788126
1-738188156,1,2,0,0.30325192578220395
1-738188156,2,2,0,0.307723350261436
1-738188295,1,6,0,0.3933869273690595
1-738188295,2,6,0,0.39794200099309146
1-738188295,3,6,0,0.43394187547994995
1-738188295,4,6,0,0.41637726656412993
1-738188295,5,6,0,0.5839490916902111
1-738188295,6,6,0,0.5654023619065868
1-738188867,1,2,0,0.3217930277902987
1-738188867,2,2,0,0.32549890698194367
1-738194676,1,2,0,0.15323092993277312
1-738194676,2,2,0,0.1557341053531771
1-738197417,1,4,0,0.007537095576942887
1-738197417,2,4,0,0.0258867614003366
1-738197417,3,4,0,0.03906135184254766
1-738197417,4,4,0,0.03627392325401828
1-738201900,1,2,0,0.2973402791073478
1-738201900,2,2,0,0.3004522928196037
1-738203539,1,2,0,0.34925442331317047
1-738203539,2,2,0,0.3535438225561726
1-738218067,1,6,0,0.24013012346540158
1-738218067,2,6,0,0.23988423128423783
1-738218067,3,6,0,0.2803879437581094
1-738218067,4,6,0,0.07784355084050791
1-738218067,5,6,0,0.45760516663929107
1-738218067,6,6,0,0.40539369976325346
1-738218371,1,4,0,0.40387404166090646
1-738218371,2,4,0,0.4043783176574834
1-738218371,3,4,0,0.4974126799882344
1-738218371,4,4,0,0.3789173466477815
1-738222760,1,4,0,0.2443245705926416
1-738222760,2,4,0,0.24785304058904517
1-738222760,3,4,0,0.2576183117212067
1-738222760,4,4,0,0.24630691320891693
1-738226230,1,2,0,0.3059852813921179
1-738226230,2,2,0,0.3104812915557975
1-738229444,1,3,0,0.1765675105708524
1-738229444,2,3,0,0.17803294817693954
1-738229444,3,3,0,0.23523270091663512
1-738230273,1,2,0,0.5273388806293796
1-738230273,2,2,0,0.526284796112857
1-738232764,1,6,0,0.6052225344671487
1-738232764,2,6,0,0.6097599016881989
1-738232764,3,6,0,0.48329787967319837
1-738232764,4,6,0,0.3794810942486561
1-738232764,5,6,0,0.48249558089129374
1-738232764,6,6,0,0.3014252956088451
1-738233795,1,3,0,0.22490018148477264
1-738233795,2,3,0,0.2283554851966943
1-738233795,3,3,0,0.3306340214835268
1-738238611,1,2,0,0.1588233815953372
1-738238611,2,2,0,0.1590896934249265
1-738241838,1,7,0,0.3113607348370193
1-738241838,2,7,0,0.31490091137074616
1-738241838,3,7,0,0.25631692597941536
1-738241838,4,7,0,0.25915496355786655
1-738241838,5,7,0,0.22385157837089675
1-738241838,6,7,0,0.2681229254269852
1-738241838,7,7,0,0.17255104467100285
1-738263602,1,11,0,0.2523579429358843
1-738263602,2,11,0,0.2546409562919642
1-738263602,3,11,0,0.38382456467405435
1-738263602,4,11,0,0.371474160135854
1-738263602,5,11,0,0.4278234549074902
1-738263602,6,11,0,0.33581324311296556
1-738263602,7,11,0,0.4636902535268861
1-738263602,8,11,0,0.3469576743392171
1-738263602,9,11,0,0.4775987227145446
1-738263602,10,11,0,0.35482460331390514
1-738263602,11,11,0,0.4457355366140329
1-738271038,1,2,0,0.29545033062766546
1-738271038,2,2,0,0.29849444630662764
1-738273514,1,4,0,0.08250287538442946
1-738273514,2,4,0,0.0837694776244227
1-738273514,3,4,0,0.2596520848964216
1-738273514,4,4,0,0.25762697318203864
1-738273698,1,9,0,0.39325748935080496
1-738273698,2,9,0,0.3952422103806487
1-738273698,3,9,0,0.4852601640912399
1-738273698,4,9,0,0.5158688605882068
1-738273698,5,9,0,0.3494017946239782
1-738273698,6,9,0,0.3666413266474653
1-738273698,7,9,0,0.20198032668030128
1-738273698,8,9,0,0.29822718051828295
1-738273698,9,9,0,0.30251007887044556
1-738274604,1,7,0,0.47529820622949076
1-738274604,2,7,0,0.4789227134231584
1-738274604,3,7,0,0.540090979977609
1-738274604,4,7,0,0.36939885136798656
1-738274604,5,7,0,0.44122401182043486
1-738274604,6,7,0,0.28226322741919574
1-738274604,7,7,0,0.19447562765164872
1-738279833,1,2,0,0.24588877764633035
1-738279833,2,2,0,0.24857322407894716
1-738281185,1,4,0,0.2849542930341057
1-738281185,2,4,0,0.2892657780957115
1-738281185,3,4,0,0.3319893814860654
1-738281185,4,4,0,0.17045055900622066
1-738286832,1,2,0,0.26690846495359405
1-738286832,2,2,0,0.2682632460883389
1-738303559,1,2,0,0.2660542745916067
1-738303559,2,2,0,0.2689885871369469
1-738304345,1,8,1,0.21574313968309045
1-738304345,2,8,1,0.21621711663005241
1-738304345,3,8,1,0.2609837352988133
1-738304345,4,8,1,0.38127166749652547
1-738304345,5,8,1,0.3884749845883156
1-738304345,6,8,1,0.6237914730343463
1-738304345,7,8,1,0.5034107593958433
1-738304345,8,8,1,0.6005517915232389
1-738317432,1,3,0,0.009830113986957156
1-738317432,2,3,0,0.005355980779089309
1-738317432,3,3,0,0.01408815954178482
1-738328175,1,2,0,0.19181100152705635
1-738328175,2,2,0,0.19478800379892197
1-738331340,1,5,1,0.1757660688614823
1-738331340,2,5,1,0.17803560279807717
1-738331340,3,5,1,0.18948393592630605
1-738331340,4,5,1,0.18349334986661622
1-738331340,5,5,1,0.17792900053126234
1-738337231,1,4,0,0.38701484507457184
1-738337231,2,4,0,0.38257815061061223
1-738337231,3,4,0,0.5310931518007938
1-738337231,4,4,0,0.3851656034880803
1-738337705,1,2,0,0.19759746701474992
1-738337705,2,2,0,0.20097211992033445
1-738339986,1,5,0,0.18269164650456068
1-738339986,2,5,0,0.18585644299385456
1-738339986,3,5,0,0.28818021547488826
1-738339986,4,5,0,0.2780275193342534
1-738339986,5,5,0,0.2942993299356574
1-738342943,1,2,0,0.22721934727865498
1-738342943,2,2,0,0.22385781402321034
1-738347135,1,2,0,0.20335352196924508
1-738347135,2,2,0,0.2054419828889375
1-738350732,1,2,0,0.15876511466026078
1-738350732,2,2,0,0.16065778421327365
1-738366921,1,7,0,0.23851924691901177
1-738366921,2,7,0,0.14029324624059092
1-738366921,3,7,0,0.17148981172491687
1-738366921,4,7,0,0.19482462089818273
1-738366921,5,7,0,0.2109508753306227
1-738366921,6,7,0,0.2650261618779665
1-738366921,7,7,0,0.1493779589129696
1-738366951,1,7,0,0.2935639576752376
1-738366951,2,7,0,0.17573275734598093
1-738366951,3,7,0,0.2132484056961632
1-738366951,4,7,0,0.16125391730465002
1-738366951,5,7,0,0.10749475178221106
1-738366951,6,7,0,0.12165797559306642
1-738366951,7,7,0,0.09739098731224351
1-738367041,1,7,0,0.1847878875865944
1-738367041,2,7,0,0.11702644852698905
1-738367041,3,7,0,0.09502233813509571
1-738367041,4,7,0,0.14708054633476916
1-738367041,5,7,0,0.7102770983221746
1-738367041,6,7,0,0.628810723859711
1-738367041,7,7,0,0.9941096490239124
1-738367052,1,8,0,0.17273540767110024
1-738367052,2,8,0,0.1317491349268299
1-738367052,3,8,0,0.1616703215402355
1-738367052,4,8,0,0.16095980719439745
1-738367052,5,8,0,0.29298537514028644
1-738367052,6,8,0,0.2948717160146812
1-738367052,7,8,0,0.29810186108631925
1-738367052,8,8,0,0.32704306061541544
1-738367116,1,4,0,0.0754320544203469
1-738367116,2,4,0,0.045721176115358954
1-738367116,3,4,0,0.057384147151425265
1-738367116,4,4,0,0.07298609222259982
1-738367331,1,6,0,0.14222514199410902
1-738367331,2,6,0,0.09293435141253191
1-738367331,3,6,0,0.11494909863866414
1-738367331,4,6,0,0.11095907734639654
1-738367331,5,6,0,0.1546952298640299
1-738367331,6,6,0,0.10371121713139946
1-738370200,1,2,0,0.10007005767751549
1-738370200,2,2,0,0.10141351463502335
1-738373275,1,2,0,0.18386219412073712
1-738373275,2,2,0,0.18530876008918662
1-738374940,1,11,0,0.16883207396217786
1-738374940,2,11,0,0.17179829782042189
1-738374940,3,11,0,0.22890153483302067
1-738374940,4,11,0,0.2200555235221769
1-738374940,5,11,0,0.18034898324827012
1-738374940,6,11,0,0.15442428424562074
1-738374940,7,11,0,0.10934080689228678
1-738374940,8,11,0,0.13472752378068367
1-738374940,9,11,0,0.0922075565629187
1-738374940,10,11,0,0.15678553711306356
1-738374940,11,11,0,0.08038598317105254
1-738375594,1,2,0,0.26761659844928987
1-738375594,2,2,0,0.2713213964143695
1-738378721,1,2,0,0.16029114977427805
1-738378721,2,2,0,0.16313963357524144
1-738378749,1,2,0,0.15717246698698187
1-738378749,2,2,0,0.15550701119424332
1-738387944,1,8,0,0.12688043572677682
1-738387944,2,8,0,0.12922183818650015
1-738387944,3,8,0,0.17566263442748742
1-738387944,4,8,0,0.16865156728995817
1-738387944,5,8,0,0.16117571932631003
1-738387944,6,8,0,0.12854709067358894
1-738387944,7,8,0,0.10269344092938067
1-738387944,8,8,0,0.09727980744027158
1-738388399,1,6,0,0.13299561785319144
1-738388399,2,6,0,0.13491607527464358
1-738388399,3,6,0,0.1790099145046476
1-738388399,4,6,0,0.06811282772501992
1-738388399,5,6,0,0.07736702359374449
1-738388399,6,6,0,0.10595838004343422
1-738392288,1,2,0,0.1361969000049313
1-738392288,2,2,0,0.13819845834167818
1-738397839,1,2,0,0.16307536059862784
1-738397839,2,2,0,0.16572182221582532
1-738400398,1,6,0,0.2740097982830477
1-738400398,2,6,0,0.2777448968624887
1-738400398,3,6,0,0.28905738050977187
1-738400398,4,6,0,0.30324749396175943
1-738400398,5,6,0,0.5359859359461754
1-738400398,6,6,0,0.3388262642033235
1-738408165,1,6,0,0.05107074244155821
1-738408165,2,6,0,0.0521851754491934
1-738408165,3,6,0,0.08577229723440498
1-738408165,4,6,0,0.055637133474841456
1-738408165,5,6,0,0.06947529496019993
1-738408165,6,6,0,0.06783203953079249
1-738408281,1,6,0,0.24930516408345227
1-738408281,2,6,0,0.2528617663982298
1-738408281,3,6,0,0.34555417453154946
1-738408281,4,6,0,0.16897927675397761
1-738408281,5,6,0,0.1702853282021575
1-738408281,6,6,0,0.14055163435305998
1-738408461,1,12,0,0.11583324360022518
1-738408461,2,12,0,0.11819123208610414
1-738408461,3,12,0,0.18590553583316125
1-738408461,4,12,0,0.1529039920105892
1-738408461,5,12,0,0.09696446319976232
1-738408461,6,12,0,0.13571551981775826
1-738408461,7,12,0,0.10034386955538968
1-738408461,8,12,0,0.09061934136877782
1-738408461,9,12,0,0.09766178435669194
1-738408461,10,12,0,0.08218683398620076
1-738408461,11,12,0,0.11557054890614586
1-738408461,12,12,0,0.09218839857635747
1-738415799,1,2,0,0.12207194925324855
1-738415799,2,2,0,0.12410215859732876
1-738424868,1,24,0,0.14686653700649385
1-738424868,2,24,0,0.14532333745822368
1-738424868,3,24,0,0.23148996773059458
1-738424868,4,24,0,0.1515043212184677
1-738424868,5,24,0,0.23548372099897782
1-738424868,6,24,0,0.23455778136925903
1-738424868,7,24,0,0.27977293431585815
1-738424868,8,24,0,0.21135399992835202
1-738424868,9,24,0,0.3575030691788334
1-738424868,10,24,0,0.34463997251427814
1-738424868,11,24,0,0.3994001365445005
1-738424868,12,24,0,0.2905916615920854
1-738428797,1,5,0,0.04915773378101323
1-738428797,2,5,0,0.050149246830411186
1-738428797,3,5,0,0.17075448952074082
1-738428797,4,5,0,0.23072739664458716
1-738428797,5,5,0,0.21299911054783197
1-738434873,1,2,0,0.16850890719548162
1-738434873,2,2,0,0.16958874349924277
1-738436894,1,5,0,0.24120894870816612
1-738436894,2,5,0,0.24376108302446914
1-738436894,3,5,0,0.192116900879516
1-738436894,4,5,0,0.08661319908888343
1-738436894,5,5,0,0.09287168086845657
1-738439380,1,2,0,0.012099581111490024
1-738439380,2,2,0,0.03306104543751892
1-738444926,1,2,0,0.13668800208618506
1-738444926,2,2,0,0.13894034373066888
1-738445248,1,2,0,0.11217920601403213
1-738445248,2,2,0,0.11483984843063502
1-738452440,1,6,0,0.09289727264536907
1-738452440,2,6,0,0.09413484797984745
1-738452440,3,6,0,0.20734337814325554
1-738452440,4,6,0,0.19907297047668931
1-738452440,5,6,0,0.24004455286998824
1-738452440,6,6,0,0.17360311924689673
1-738454452,1,7,0,0.14608676268201515
1-738454452,2,7,0,0.1470315444035157
1-738454452,3,7,0,0.2433132449995541
1-738454452,4,7,0,0.222835321790611
1-738454452,5,7,0,0.18977863490288105
1-738454452,6,7,0,0.12930492882113437
1-738454452,7,7,0,0.1781816349652763
1-738456418,1,2,0,0.13703282151131507
1-738456418,2,2,0,0.1395505062693182
1-738457346,1,3,0,0.1326642238617044
1-738457346,2,3,0,0.13486305565777293
1-738457346,3,3,0,0.13620648972557803
1-738466335,1,2,0,0.1325205673049478
1-738466335,2,2,0,0.13359754637775548
1-738477417,1,5,0,0.05698671636942194
1-738477417,2,5,0,0.05800599579629591
1-738477417,3,5,0,0.08705352075996015
1-738477417,4,5,0,0.09188986025580104
1-738477417,5,5,0,0.11988820773403057
1-738482471,1,2,0,0.06743948571042611
1-738482471,2,2,0,0.06734019540728878
1-738492077,1,2,0,0.13804639863022278
1-738492077,2,2,0,0.1368821984528916
1-738495597,1,2,0,0.053590714782987756
1-738495597,2,2,0,0.054666500582805054
1-738496443,1,10,0,0.1617768325326791
1-738496443,2,10,0,0.16346188803783618
1-738496443,3,10,0,0.17362930025058826
1-738496443,4,10,0,0.1456632932532378
1-738496443,5,10,0,0.25041251800416786
1-738496443,6,10,0,0.23023910978200482
1-738496443,7,10,0,0.12748746420187304
1-738496443,8,10,0,0.11427081580347423
1-738496443,9,10,0,0.15445477973367613
1-738496443,10,10,0,0.14821391888947694
1-738501642,1,8,0,0.09428502184677871
1-738501642,2,8,0,0.09614162801094091
1-738501642,3,8,0,0.16954138982922187
1-738501642,4,8,0,0.12648289739138321
1-738501642,5,8,0,0.15524977146825633
1-738501642,6,8,0,0.20536535866190606
1-738501642,7,8,0,0.21974600977283848
1-738501642,8,8,0,0.13223326589405288
1-738503382,1,5,0,0.1499043923440833
1-738503382,2,5,0,0.1526126807248942
1-738503382,3,5,0,0.15873058660900327
1-738503382,4,5,0,0.1247877587769819
1-738503382,5,5,0,0.05662295456779153
1-738506787,1,2,0,0.08980763337864865
1-738506787,2,2,0,0.0899407962799465
1-738508411,1,2,0,0.10138527186835687
1-738508411,2,2,0,0.10331283789435691
1-738508437,1,5,0,0.1674881678422227
1-738508437,2,5,0,0.17044303496934476
1-738508437,3,5,0,0.22724549741623284
1-738508437,4,5,0,0.16059648191255188
1-738508437,5,5,0,0.15141441062381064
1-738508441,1,2,0,0.12788421309032974
1-738508441,2,2,0,0.12975135496601156
1-738509914,1,5,0,0.19655512622283267
1-738509914,2,5,0,0.20002113469459387
1-738509914,3,5,0,0.2558237275603839
1-738509914,4,5,0,0.20069782164166616
1-738509914,5,5,0,0.21316847361447203
1-738515627,1,19,0,0.13529080666899201
1-738515627,2,19,0,0.1329848442757761
1-738515627,3,19,0,0.11458457870201738
1-738515627,4,19,0,0.15860811299599895
1-738515627,5,19,0,0.07910786056777505
1-738515627,6,19,0,0.1381550962572667
1-738515627,7,19,0,0.11424461439435513
1-738515627,8,19,0,0.13339084131386525
1-738515627,9,19,0,0.062046899343680476
1-738515627,10,19,0,0.1094082669982917
1-738515627,11,19,0,0.07237929289114423
1-738515627,12,19,0,0.12451131891394429
1-738517465,1,4,0,0.19271617942436972
1-738517465,2,4,0,0.1960869731343376
1-738517465,3,4,0,0.2525615818431283
1-738517465,4,4,0,0.1255328089266469
1-738521302,1,2,0,0.2774282627808534
1-738521302,2,2,0,0.2797444785700095
1-738522071,1,2,0,0.1678401892933467
1-738522071,2,2,0,0.15686566267979202
1-738527048,1,2,0,0.1149472173855431
1-738527048,2,2,0,0.11624215068400945
1-738527937,1,4,0,0.04853769428780499
1-738527937,2,4,0,0.13710954151505547
1-738527937,3,4,0,0.13800297588961463
1-738527937,4,4,0,0.10766837847634074
1-738527972,1,2,0,0.05505430269787756
1-738527972,2,2,0,0.0908940118828135
1-738528273,1,2,0,0.0016610111866259068
1-738528273,2,2,0,0.005725253250825815
1-738536943,1,7,0,0.12599728245708983
1-738536943,2,7,0,0.1248039528964324
1-738536943,3,7,0,0.1317058657612656
1-738536943,4,7,0,0.23302618273228184
1-738536943,5,7,0,0.15111760716800893
1-738536943,6,7,0,0.3378351883796709
1-738536943,7,7,0,0.37992530129565855
1-738537099,1,7,0,0.04524109879665799
1-738537099,2,7,0,0.04605004177279838
1-738537099,3,7,0,0.05086276220632318
1-738537099,4,7,0,0.09012668630266732
1-738537099,5,7,0,0.11175085781770128
1-738537099,6,7,0,0.07653583888596714
1-738537099,7,7,0,0.1273872405892532
1-738537438,1,2,0,0.09160245178046263
1-738537438,2,2,0,0.09277484631874543
1-738539084,1,2,0,0.10069962903941826
1-738539084,2,2,0,0.10226687585272155
1-738539226,1,2,0,0.09750301482734827
1-738539226,2,2,0,0.09444971046493006
1-738539534,1,2,0,0.12133834775970866
1-738539534,2,2,0,0.1232591368304336
1-738543481,1,7,0,0.0271779888836524
1-738543481,2,7,0,0.027680033121234078
1-738543481,3,7,0,0.07267907713119034
1-738543481,4,7,0,0.10245720517001813
1-738543481,5,7,0,0.05200096697290584
1-738543481,6,7,0,0.055510202111638096
1-738543481,7,7,0,0.06947801270084387
1-738550991,1,6,0,0.3748615134856571
1-738550991,2,6,0,0.3030157654978632
1-738550991,3,6,0,0.3440667404702918
1-738550991,4,6,0,0.196936562410922
1-738550991,5,6,0,0.2132000370326758
1-738550991,6,6,0,0.20501177534000722
1-738551361,1,11,0,0.0710278434962674
1-738551361,2,11,0,0.0697168576315862
1-738551361,3,11,0,0.055979036196444794
1-738551361,4,11,0,0.04977068033884318
1-738551361,5,11,0,0.04530834737735296
1-738551361,6,11,0,0.05472043419769221
1-738551361,7,11,0,0.03697453511476748
1-738551361,8,11,0,0.053592493186391706
1-738551361,9,11,0,0.07297340995718163
1-738551361,10,11,0,0.06832209346012505
1-738551361,11,11,0,0.09333613720281825
1-738551391,1,2,0,0.01834200996575831
1-738551391,2,2,0,0.016047197968357803
1-738551401,1,4,0,0.10353364690838582
1-738551401,2,4,0,0.06590306176909981
1-738551401,3,4,0,0.022502317591905206
1-738551401,4,4,0,0.021448788946155074
1-738553017,1,2,0,0.13745718951488023
1-738553017,2,2,0,0.13995128829110434
1-738553029,1,2,1,0.10831550313877
1-738553029,2,2,1,0.11018856665458214
1-738553123,1,10,0,0.024207956881016422
1-738553123,2,10,0,0.024635350428273056
1-738553123,3,10,0,0.043917626629796785
1-738553123,4,10,0,0.0272915322362794
1-738553123,5,10,0,0.038286949639836546
1-738553123,6,10,0,0.04491087258399856
1-738553123,7,10,0,0.042818810935160725
1-738553123,8,10,0,0.053788901172820675
1-738553123,9,10,0,0.05037121421992681
1-738553123,10,10,0,0.0695166357331543
1-738554633,1,2,0,0.09220154635172267
1-738554633,2,2,0,0.09412879295686953
1-738569907,1,2,0,0.0578313157290275
1-738569907,2,2,0,0.05862285509172131
1-738577312,1,2,0,0.11452525444397996
1-738577312,2,2,0,0.11464968835263348
1-738583478,1,2,0,0.028121206281966342
1-738583478,2,2,0,0.028718893620056137
1-738590073,1,2,0,0.11688700607656305
1-738590073,2,2,0,0.11635714258748775
1-738597140,1,11,0,0.08241340286903683
1-738597140,2,11,0,0.08336928711571277
1-738597140,3,11,0,0.08599558360067372
1-738597140,4,11,0,0.2113592494023221
1-738597140,5,11,0,0.28068722819796293
1-738597140,6,11,0,0.21296328090067543
1-738597140,7,11,0,0.2557887999570264
1-738597140,8,11,0,0.1855968354084161
1-738597140,9,11,0,0.2822025168946651
1-738597140,10,11,0,0.207724537456658
1-738597140,11,11,0,0.27586105795530647
1-738597366,1,2,0,0.07010933410349501
1-738597366,2,2,0,0.07162511176466065
1-738599683,1,5,0,0.0243527329731989
1-738599683,2,5,0,0.02481073896449525
1-738599683,3,5,0,0.03787933788490288
1-738599683,4,5,0,0.04069509777783896
1-738599683,5,5,0,0.04984750531102405
1-738609992,1,2,0,0.04812187364243056
1-738609992,2,2,0,0.04903894109147051
1-738621675,1,2,0,0.07091028452667923
1-738621675,2,2,0,0.07060219774524822
1-738626037,1,2,0,0.024885791829303346
1-738626037,2,2,0,0.025445667466903292
1-738649700,1,2,0,0.10426511652152343
1-738649700,2,2,0,0.10625389823300117
1-738650106,1,18,1,0.07711863605890144
1-738650106,2,18,1,0.07861412232156081
1-738650106,3,18,1,0.15656453219439928
1-738650106,4,18,1,0.9899234315950812
1-738650106,5,18,1,0.9792394828976687
1-738650106,6,18,1,0.9942195402113242
1-738650106,7,18,1,0.9954334496833879
1-738650106,8,18,1,0.9983474854170963
1-738650106,9,18,1,0.999051421210834
1-738650106,10,18,1,0.9986055297145862
1-738650106,11,18,1,0.9991567333537417
1-738650106,12,18,1,0.9983983286013218
1-738662715,1,11,0,0.04698308085089306
1-738662715,2,11,0,0.04772512955282203
1-738662715,3,11,0,0.07247453852315958
1-738662715,4,11,0,0.0688948634548118
1-738662715,5,11,0,0.08197454843488908
1-738662715,6,11,0,0.08129752326293235
1-738662715,7,11,0,0.09978310218034972
1-738662715,8,11,0,0.12088125304078087
1-738662715,9,11,0,0.2011943247984913
1-738662715,10,11,0,0.22004268671947144
1-738662715,11,11,0,0.26008527482085136
1-738681771,1,5,0,0.13502919329303142
1-738681771,2,5,0,0.13789297812146128
1-738681771,3,5,0,0.30008676593507666
1-738681771,4,5,0,0.1563541274245634
1-738681771,5,5,0,0.18189650061487242
1-738684449,1,2,0,0.07568296468930819
1-738684449,2,2,0,0.07695266177744926
1-738691218,1,13,0,0.3222893236996126
1-738691218,2,13,0,0.3260066029788811
1-738691218,3,13,0,0.3428532188596863
1-738691218,4,13,0,0.2538433900427319
1-738691218,5,13,0,0.3048772053377735
1-738691218,6,13,0,0.22315600395941013
1-738691218,7,13,0,0.40543722993987047
1-738691218,8,13,0,0.8656540244701949
1-738691218,9,13,0,0.8147293098642582
1-738691218,10,13,0,0.4027779982076683
1-738691218,11,13,0,0.4619720113640029
1-738691218,12,13,0,0.36522589623592094
1-738706006,1,4,0,0.07460129680814552
1-738706006,2,4,0,0.07593735864503577
1-738706006,3,4,0,0.13038610598493772
1-738706006,4,4,0,0.08589801266393206
1-738708113,1,13,0,0.044740773842509615
1-738708113,2,13,0,0.04515914769820056
1-738708113,3,13,0,0.04945144261128486
1-738708113,4,13,0,0.1746775459935556
1-738708113,5,13,0,0.09764765696639724
1-738708113,6,13,0,0.1229588071783035
1-738708113,7,13,0,0.04323731290109777
1-738708113,8,13,0,0.06874070960215273
1-738708113,9,13,0,0.13694704379453296
1-738708113,10,13,0,0.08344309842527399
1-738708113,11,13,0,0.0493207043700171
1-738708113,12,13,0,0.0756725959978242
1-738710468,1,2,0,0.08583907351047783
1-738710468,2,2,0,0.08745980571573272
1-738710921,1,2,0,0.05521325512127117
1-738710921,2,2,0,0.05641929654808958
1-738712286,1,4,0,0.025372112680468007
1-738712286,2,4,0,0.02584062939906995
1-738712286,3,4,0,0.0457240704082802
1-738712286,4,4,0,0.030090176737258743
1-738712831,1,3,1,0.01457351789698516
1-738712831,2,3,1,0.014882826643720955
1-738712831,3,3,1,0.0280222963493117
1-738714001,1,2,0,0.04918323352379081
1-738714001,2,2,0,0.050082275663677275
1-738716371,1,2,0,0.08497690085167169
1-738716371,2,2,0,0.08665071335296137
1-738716521,1,6,0,0.03953794811795464
1-738716521,2,6,0,0.04034488008852434
1-738716521,3,6,0,0.06152554171060375
1-738716521,4,6,0,0.045111799166771514
1-738716521,5,6,0,0.04350125780424512
1-738716521,6,6,0,0.06049550481067592
1-738720324,1,4,0,0.02092776334931052
1-738720324,2,4,0,0.08806574728693108
1-738720324,3,4,0,0.07441516414835508
1-738720324,4,4,0,0.08045432306881134
1-738720879,1,4,0,0.0009869510814069212
1-738720879,2,4,0,0.0030838392355021266
1-738720879,3,4,0,0.004323365536636343
1-738720879,4,4,0,0.004870787675014776
1-738723725,1,14,0,0.03567110855147882
1-738723725,2,14,0,0.03644787593571667
1-738723725,3,14,0,0.06429018518062013
1-738723725,4,14,0,0.027690792826484727
1-738723725,5,14,0,0.0346588860460916
1-738723725,6,14,0,0.06458792279258951
1-738723725,7,14,0,0.06664124353028753
1-738723725,8,14,0,0.09479449581751244
1-738723725,9,14,0,0.07773511391248819
1-738723725,10,14,0,0.06441146324916998
1-738723725,11,14,0,0.05237719243545424
1-738723725,12,14,0,0.06610795372694488
1-738725241,1,4,0,0.024266410470286007
1-738725241,2,4,0,0.024770462114306693
1-738725241,3,4,0,0.03847519394599198
1-738725241,4,4,0,0.03856549067474036
1-738731009,1,4,0,0.02000115797644754
1-738731009,2,4,0,0.02041995273775977
1-738731009,3,4,0,0.03172250499497168
1-738731009,4,4,0,0.0418940459309802
1-738731656,1,13,0,0.018670458278938755
1-738731656,2,13,0,0.019065817980441137
1-738731656,3,13,0,0.10866167797158484
1-738731656,4,13,0,0.10379777053185843
1-738731656,5,13,0,0.05688929509820764
1-738731656,6,13,0,0.057121491945871135
1-738731656,7,13,0,0.0707331762379334
1-738731656,8,13,0,0.04844828614245417
1-738731656,9,13,0,0.05184096454191007
1-738731656,10,13,0,0.03857920498876164
1-738731656,11,13,0,0.03477655379962084
1-738731656,12,13,0,0.04196463788786727
1-738767821,1,13,0,0.011603838177374285
1-738767821,2,13,0,0.050632298896630006
1-738767821,3,13,0,0.06997010271270312
1-738767821,4,13,0,0.05205062259707399
1-738767821,5,13,0,0.06223985276301475
1-738767821,6,13,0,0.08510989095421634
1-738767821,7,13,0,0.06108202552554453
1-738767821,8,13,0,0.04871027598800005
1-738767821,9,13,0,0.05022044728071446
1-738767821,10,13,0,0.06685589809685107
1-738767821,11,13,0,0.08314838869918571
1-738767821,12,13,0,0.0570965127281825
1-738768721,1,6,0,0.03866735553252173
1-738768721,2,6,0,0.03945923459492165
1-738768721,3,6,0,0.0252287228227872
1-738768721,4,6,0,0.025354589751779972
1-738768721,5,6,0,0.057349222324956234
1-738768721,6,6,0,0.06309707384132235
1-738778268,1,2,0,0.019636372209924296
1-738778268,2,2,0,0.020072810662917377
1-738780975,1,2,0,0.005018403344623571
1-738780975,2,2,0,0.005103438435739518
1-738786961,1,2,0,0.010440037168933686
1-738786961,2,2,0,0.010660913922741133
1-738787035,1,2,0,0.017818452189052793
1-738787035,2,2,0,0.018175658358394523
1-738796436,1,5,0,0.007264740670559677
1-738796436,2,5,0,0.007391966646371527
1-738796436,3,5,0,0.008184750990573406
1-738796436,4,5,0,0.022150287829494273
1-738796436,5,5,0,0.031230656433586995
1-738801466,1,4,0,0.01618235578701068
1-738801466,2,4,0,0.016524898970014502
1-738801466,3,4,0,0.02573196935765798
1-738801466,4,4,0,0.02549427354433251
1-738803735,1,16,0,0.03456316481833349
1-738803735,2,16,0,0.035372742292669665
1-738803735,3,16,0,0.08942160735047482
1-738803735,4,16,0,0.1243535561800955
1-738803735,5,16,0,0.158597024400282
1-738803735,6,16,0,0.11774092123076584
1-738803735,7,16,0,0.19087845070429688
1-738803735,8,16,0,0.2376778167733484
1-738803735,9,16,0,0.17269362444038608
1-738803735,10,16,0,0.26858072497442775
1-738803735,11,16,0,0.3312649165379096
1-738803735,12,16,0,0.2789574052988476
1-738808715,1,7,0,0.007430210983966822
1-738808715,2,7,0,0.007622453653103609
1-738808715,3,7,0,0.008140961883825796
1-738808715,4,7,0,0.011814551180509426
1-738808715,5,7,0,0.026576862134957153
1-738808715,6,7,0,0.022184215586496997
1-738808715,7,7,0,0.021869980196309924
1-738809521,1,4,0,0.029358251985332675
1-738809521,2,4,0,0.03005655473820502
1-738809521,3,4,0,0.0644522515136284
1-738809521,4,4,0,0.06601246761419871
1-738812756,1,3,0,0.0018843646061323922
1-738812756,2,3,0,0.0010253507060987103
1-738812756,3,3,0,0.0028937551623498927
1-738817708,1,8,0,0.038216943699199465
1-738817708,2,8,0,0.03900036523535454
1-738817708,3,8,0,0.058901296610883794
1-738817708,4,8,0,0.10951817290664301
1-738817708,5,8,0,0.12080289130175022
1-738817708,6,8,0,0.11549041020774098
1-738817708,7,8,0,0.24060464314697433
1-738817708,8,8,0,0.23208536356033144
1-738827857,1,11,0,0.03330210617894986
1-738827857,2,11,0,0.03400787506474281
1-738827857,3,11,0,0.04863118370464966
1-738827857,4,11,0,0.049689828364150375
1-738827857,5,11,0,0.053395841666671134
1-738827857,6,11,0,0.06885833936467452
1-738827857,7,11,0,0.06491297958735431
1-738827857,8,11,0,0.06384180674030593
1-738827857,9,11,0,0.05591801518350014
1-738827857,10,11,0,0.07333888677175973
1-738827857,11,11,0,0.049105901137532236
1-738827966,1,2,0,0.00993673037819725
1-738827966,2,2,0,0.010129964213305002
1-738894209,1,5,0,0.01293066055546316
1-738894209,2,5,0,0.01321474932596699
1-738894209,3,5,0,0.011108126359783716
1-738894209,4,5,0,0.04234984769384823
1-738894209,5,5,0,0.03175129891521985
1-738894462,1,4,0,0.01740006694527999
1-738894462,2,4,0,0.017770284333853748
1-738894462,3,4,0,0.022689868039529413
1-738894462,4,4,0,0.20563383248845588
1-738896771,1,6,0,0.03669751690270679
1-738896771,2,6,0,0.03754000373068523
1-738896771,3,6,0,0.04051788709056879
1-738896771,4,6,0,0.04578539864347734
1-738896771,5,6,0,0.04391011494208964
1-738896771,6,6,0,0.04641365624129322
1-738897474,1,8,0,0.04307469363256394
1-738897474,2,8,0,0.043869848050541956
1-738897474,3,8,0,0.06441497638931411
1-738897474,4,8,0,0.06375001744432299
1-738897474,5,8,0,0.07950907491771494
1-738897474,6,8,0,0.055051270944453036
1-738897474,7,8,0,0.09124816622305237
1-738897474,8,8,0,0.09068936036583228
1-738897791,1,2,0,0.024077309060547853
1-738897791,2,2,0,0.024403375220676104
1-739173471,1,3,1,0.11432601689110707
1-739173471,2,3,1,0.11672275393509879
1-739173471,3,3,1,0.18288988390137018
1-739174580,1,2,0,0.0007438105971913589
1-739174580,2,2,0,0.0026432245227188964
1-739176870,1,2,0,0.0377243353140057
1-739176870,2,2,0,0.038493796179568766
1-739176881,1,2,0,0.0796851640870188
1-739176881,2,2,0,0.0813994699851464
1-739177647,1,2,0,0.03703812401513214
1-739177647,2,2,0,0.03779451947500365
1-739181558,1,2,0,0.04795226327613498
1-739181558,2,2,0,0.04894160831094466
1-739183702,1,2,0,0.03645827327709391
1-739183702,2,2,0,0.03730136215477241
1-739186611,1,4,0,0.07122682763504738
1-739186611,2,4,0,0.07308111732095744
1-739186611,3,4,0,0.10680065687988219
1-739186611,4,4,0,0.08416757272108859
1-739188427,1,4,0,0.03499140649102617
1-739188427,2,4,0,0.03563213731216623
1-739188427,3,4,0,0.0615346621004239
1-739188427,4,4,0,0.3712970097364144
1-739196353,1,4,0,0.05138671254990126
1-739196353,2,4,0,0.05211954857026095
1-739196353,3,4,0,0.12723296905929177
1-739196353,4,4,0,0.09100923304497771
1-739196774,1,4,0,0.05052145395936238
1-739196774,2,4,0,0.05184671232236807
1-739196774,3,4,0,0.08251659724197036
1-739196774,4,4,0,0.058950292673888696
1-739198301,1,5,0,0.01238793489340642
1-739198301,2,5,0,0.017097657459177896
1-739198301,3,5,0,0.04555137302028223
1-739198301,4,5,0,0.06962483542384251
1-739198301,5,5,0,0.05182251577486347
1-739198483,1,2,0,0.0007539040669000773
1-739198483,2,2,0,0.0026292570699206876
1-739203288,1,16,0,0.015933904647121976
1-739203288,2,16,0,0.01626709189836105
1-739203288,3,16,0,0.020643599194661036
1-739203288,4,16,0,0.04563273376809152
1-739203288,5,16,0,0.03182821263667467
1-739203288,6,16,0,0.046827446447492406
1-739203288,7,16,0,0.07516757222346836
1-739203288,8,16,0,0.05392365038221236
1-739203288,9,16,0,0.06584138012998794
1-739203288,10,16,0,0.041297804379924884
1-739203288,11,16,0,0.04441780097831495
1-739203288,12,16,0,0.18235448930663184
1-739204551,1,2,0,0.056213660441555104
1-739204551,2,2,0,0.0596697383653665
1-739213619,1,7,0,0.12020932630749591
1-739213619,2,7,0,0.12197672672950123
1-739213619,3,7,0,0.20433451032469083
1-739213619,4,7,0,0.1978782700226464
1-739213619,5,7,0,0.22220917522959163
1-739213619,6,7,0,0.2703151882229946
1-739213619,7,7,0,0.19177903989921471
1-739216265,1,4,0,0.18975594411185034
1-739216265,2,4,0,0.19355257822286737
1-739216265,3,4,0,0.2643521484575808
1-739216265,4,4,0,0.28513067053829605
1-739220334,1,2,0,0.04763925834405459
1-739220334,2,2,0,0.048677714357151104
1-739220615,1,2,0,0.04593186901717975
1-739220615,2,2,0,0.04685746311342685
1-739225681,1,7,0,0.05887427753016858
1-739225681,2,7,0,0.07680336830856573
1-739225681,3,7,0,0.03841578322142068
1-739225681,4,7,0,0.02520305967126383
1-739225681,5,7,0,0.03189998456457972
1-739225681,6,7,0,0.022004474208091578
1-739225681,7,7,0,0.03229512502349767
1-739259299,1,5,0,0.0006122830714392287
1-739259299,2,5,0,0.0006252439605030397
1-739259299,3,5,0,0.0009154015807469754
1-739259299,4,5,0,0.13390025228899696
1-739259299,5,5,0,0.8767285077489018
1-739259666,1,2,0,0.053812087196891074
1-739259666,2,2,0,0.05515386468780644
1-739262291,1,2,0,0.07953752374153245
1-739262291,2,2,0,0.08092308956551808
1-739262701,1,3,1,0.2342070036539023
1-739262701,2,3,1,0.237972708385825
1-739262701,3,3,1,0.28783388356346107
1-739265256,1,9,0,0.03479145191311375
1-739265256,2,9,0,0.03587937354627874
1-739265256,3,9,0,0.03855120495372585
1-739265256,4,9,0,0.03529994872988895
1-739265256,5,9,0,0.03478429069653788
1-739265256,6,9,0,0.04166897993837136
1-739265256,7,9,0,0.055412045938017844
1-739265256,8,9,0,0.10133921978075823
1-739265256,9,9,0,0.07107639775269572
1-739269929,1,10,1,0.05618784059818891
1-739269929,2,10,1,0.057313737131911
1-739269929,3,10,1,0.0642734861095958
1-739269929,4,10,1,0.11535330821018987
1-739269929,5,10,1,0.12347536589961365
1-739269929,6,10,1,0.07186038160643868
1-739269929,7,10,1,0.09970659247138329
1-739269929,8,10,1,0.11724541126693884
1-739269929,9,10,1,0.1121264473955262
1-739269929,10,10,1,0.12030859795356325
1-739271728,1,2,0,0.04476603121584937
1-739271728,2,2,0,0.045573645609916454
1-739276483,1,2,0,0.057563840118200475
1-739276483,2,2,0,0.05871269559910997
1-739279577,1,2,0,0.06296054246122772
1-739279577,2,2,0,0.06436563720370128
1-739279794,1,3,0,0.06582181834621406
1-739279794,2,3,0,0.06712899993471796
1-739279794,3,3,0,0.11643339026755806
1-739285552,1,2,0,0.028296581248442906
1-739285552,2,2,0,0.09447877916977564
1-739289848,1,2,0,0.06685793847074145
1-739289848,2,2,0,0.06858707325026557
1-739292191,1,4,0,0.13458041169784443
1-739292191,2,4,0,0.13707379420239268
1-739292191,3,4,0,0.1814945810504984
1-739292191,4,4,0,0.11870258225777852
1-739292738,1,2,0,0.06770646381790542
1-739292738,2,2,0,0.06969268544140397
1-739302963,1,2,0,0.05932052828069342
1-739302963,2,2,0,0.060476893548110165
1-739308990,1,2,0,0.04887665427147459
1-739308990,2,2,0,0.0497330246948164
1-739314098,1,2,0,0.06411208109396997
1-739314098,2,2,0,0.06548510863656001
1-739322153,1,22,1,0.11570618797271469
1-739322153,2,22,1,0.11848806844849616
1-739322153,3,22,1,0.13746646969904122
1-739322153,4,22,1,0.24375926432065176
1-739322153,5,22,1,0.28978765429120446
1-739322153,6,22,1,0.13703035160725416
1-739322153,7,22,1,0.24502334228473166
1-739322153,8,22,1,0.2290960935345419
1-739322153,9,22,1,0.2829498504139981
1-739322153,10,22,1,0.3643889805174432
1-739322153,11,22,1,0.40800533124543686
1-739322153,12,22,1,0.5299734881683781
1-739322346,1,2,0,0.02773206792353677
1-739322346,2,2,0,0.027869831673975456
1-739323230,1,4,0,0.05830073420167275
1-739323230,2,4,0,0.05966205473994237
1-739323230,3,4,0,0.08890166121266187
1-739323230,4,4,0,0.0695698917960686
1-739328505,1,2,0,0.06669056319310492
1-739328505,2,2,0,0.06846140364244417
1-739331663,1,5,0,0.052017773779857696
1-739331663,2,5,0,0.05307059630584449
1-739331663,3,5,0,0.05686077534413342
1-739331663,4,5,0,0.09950719078938913
1-739331663,5,5,0,0.06529192121444291
1-739333078,1,2,0,0.053897160524772905
1-739333078,2,2,0,0.05484400500874276
1-739336265,1,4,0,0.1252488773804673
1-739336265,2,4,0,0.1275386040509991
1-739336265,3,4,0,0.11669865056970072
1-739336265,4,4,0,0.08168818834385269
1-739337228,1,6,0,0.03633230675076361
1-739337228,2,6,0,0.03690053968234146
1-739337228,3,6,0,0.0490529870600806
1-739337228,4,6,0,0.06987048778557789
1-739337228,5,6,0,0.03846733241349653
1-739337228,6,6,0,0.049449199574492085
1-739337476,1,2,0,0.06603771036190918
1-739337476,2,2,0,0.06734491979451727
1-739359819,1,2,0,0.04584527889644509
1-739359819,2,2,0,0.046864296581410766
1-739362367,1,4,0,0.046054872306198
1-739362367,2,4,0,0.0473437922140836
1-739362367,3,4,0,0.08310506960354351
1-739362367,4,4,0,0.0532211016919824
1-739368043,1,2,0,0.04856037206582727
1-739368043,2,2,0,0.052652847979632544
1-739377921,1,2,0,0.0874785911777723
1-739377921,2,2,0,0.1383798852404147
1-739378031,1,9,1,0.15697485282809495
1-739378031,2,9,1,0.2934205284715113
1-739378031,3,9,1,0.16606684571036787
1-739378031,4,9,1,0.16062005824006223
1-739378031,5,9,1,0.2780990567845204
1-739378031,6,9,1,0.3594498493307594
1-739378031,7,9,1,0.28956528178849456
1-739378031,8,9,1,0.3697441737489225
1-739378031,9,9,1,0.6507072490840972
1-739384308,1,4,0,0.0673427475443476
1-739384308,2,4,0,0.06861226522623565
1-739384308,3,4,0,0.10402973319745946
1-739384308,4,4,0,0.17118169531107394
1-739384346,1,6,0,0.06766942736798362
1-739384346,2,6,0,0.0685102384144534
1-739384346,3,6,0,0.10335838906099479
1-739384346,4,6,0,0.16901638322748186
1-739384346,5,6,0,0.3215827389744553
1-739384346,6,6,0,0.19390138652352662
1-739399169,1,2,0,0.06639273648948937
1-739399169,2,2,0,0.06781353222998357
1-739399384,1,7,0,0.05120192868927503
1-739399384,2,7,0,0.05174308139834181
1-739399384,3,7,0,0.1275808190632631
1-739399384,4,7,0,0.1251688167334632
1-739399384,5,7,0,0.11100531479247215
1-739399384,6,7,0,0.10384104067489641
1-739399384,7,7,0,0.11207178023839694
1-739399730,1,7,0,0.057192458730046344
1-739399730,2,7,0,0.05813380115792383
1-739399730,3,7,0,0.078440365931864
1-739399730,4,7,0,0.09887007174902301
1-739399730,5,7,0,0.12184549439150474
1-739399730,6,7,0,0.13040935908286921
1-739399730,7,7,0,0.20474028753523726
1-739399747,1,7,1,0.07109939962002398
1-739399747,2,7,1,0.07223305000307521
1-739399747,3,7,1,0.11750712578139313
1-739399747,4,7,1,0.12471980917848037
1-739399747,5,7,1,0.13651235618516055
1-739399747,6,7,1,0.15020761133309204
1-739399747,7,7,1,0.22145636572658092
1-739401942,1,2,0,0.08900460727177634
1-739401942,2,2,0,0.09037063845011302
1-739402068,1,2,0,0.06251185663892848
1-739402068,2,2,0,0.063861545176485
1-739402656,1,2,0,0.06310989332864085
1-739402656,2,2,0,0.06404285871579557
1-739403381,1,16,1,0.05782631636470285
1-739403381,2,16,1,0.05886547130373958
1-739403381,3,16,1,0.08318629882759565
1-739403381,4,16,1,0.08191833164653871
1-739403381,5,16,1,0.08752261875122487
1-739403381,6,16,1,0.08626239338205899
1-739403381,7,16,1,0.22705861397590374
1-739403381,8,16,1,0.2208941289385936
1-739403381,9,16,1,0.2110464842932041
1-739403381,10,16,1,0.1873679969998087
1-739403381,11,16,1,0.17024560481369816
1-739403381,12,16,1,0.1632979968734266
1-739405925,1,3,0,0.08477697539948006
1-739405925,2,3,0,0.08643772920724607
1-739405925,3,3,0,0.09073417888057732
1-739407437,1,6,0,0.10944361130075095
1-739407437,2,6,0,0.11077052670463386
1-739407437,3,6,0,0.12368007666239607
1-739407437,4,6,0,0.1264451031398389
1-739407437,5,6,0,0.22221786810967523
1-739407437,6,6,0,0.20183709014761547
1-739411411,1,5,1,0.05719610411806856
1-739411411,2,5,1,0.279481440525262
1-739411411,3,5,1,0.9857970562297476
1-739411411,4,5,1,0.9930465501823504
1-739411411,5,5,1,0.9312021948657294
1-739415526,1,7,0,0.021581359684369007
1-739415526,2,7,0,0.022029091121122998
1-739415526,3,7,0,0.12067445046549145
1-739415526,4,7,0,0.10803036166978862
1-739415526,5,7,0,0.05723308291940777
1-739415526,6,7,0,0.21819107397006043
1-739415526,7,7,0,0.6602597482673975
1-739425131,1,8,0,0.2123437868359564
1-739425131,2,8,0,0.15442028421771248
1-739425131,3,8,0,0.22647334275085643
1-739425131,4,8,0,0.1779298787947594
1-739425131,5,8,0,0.14613183538062854
1-739425131,6,8,0,0.13808208671481728
1-739425131,7,8,0,0.2960984670575313
1-739425131,8,8,0,0.3123035837477612
1-739425731,1,4,0,0.053940263525310755
1-739425731,2,4,0,0.039616257347311536
1-739425731,3,4,0,0.038331111615339135
1-739425731,4,4,0,0.0510410286545004
1-739426614,1,2,0,0.10946321111820531
1-739426614,2,2,0,0.11152633635955271
1-739426850,1,3,0,0.05331145638511219
1-739426850,2,3,0,0.054715190638394945
1-739426850,3,3,0,0.058068408572925084
1-739432770,1,2,0,0.04931210054176039
1-739432770,2,2,0,0.050177691532581836
1-739437632,1,3,0,0.1459313235850951
1-739437632,2,3,0,0.14828205389362148
1-739437632,3,3,0,0.20509544810050742
1-739452230,1,8,0,0.10479433412398213
1-739452230,2,8,0,0.10629695118979109
1-739452230,3,8,0,0.12269120597400612
1-739452230,4,8,0,0.11680460189931416
1-739452230,5,8,0,0.20855404557692284
1-739452230,6,8,0,0.203981974778579
1-739452230,7,8,0,0.23661565594844153
1-739452230,8,8,0,0.28896454544524186
1-739454546,1,2,0,0.04629939796774928
1-739454546,2,2,0,0.04722303502750814
1-739468120,1,5,0,0.05126253671014652
1-739468120,2,5,0,0.05235976519969638
1-739468120,3,5,0,0.05952368494338281
1-739468120,4,5,0,0.08436158924339691
1-739468120,5,5,0,0.06063799216477623
1-739470471,1,2,0,0.05349096822632098
1-739470471,2,2,0,0.05475892983368469
1-739472317,1,9,1,0.0479390713139136
1-739472317,2,9,1,0.0486993315340423
1-739472317,3,9,1,0.08490101959848606
1-739472317,4,9,1,0.6013056458747258
1-739472317,5,9,1,0.43754008596421035
1-739472317,6,9,1,0.5533216606929408
1-739472317,7,9,1,0.5449165890127396
1-739472317,8,9,1,0.6739710316892469
1-739472317,9,9,1,0.9199783420336157
1-739474661,1,2,0,0.034096552552590975
1-739474661,2,2,0,0.03477974483084732
1-739479711,1,5,0,0.09293163169457734
1-739479711,2,5,0,0.09464978247393752
1-739479711,3,5,0,0.10421936088047938
1-739479711,4,5,0,0.10810630551753292
1-739479711,5,5,0,0.12096961849839451
1-739480593,1,8,0,0.03564745642560794
1-739480593,2,8,0,0.036086555613305
1-739480593,3,8,0,0.07030429863834689
1-739480593,4,8,0,0.0572502595644465
1-739480593,5,8,0,0.04497334158909451
1-739480593,6,8,0,0.08346208374847731
1-739480593,7,8,0,0.10010589444412775
1-739480593,8,8,0,0.06618287207269821
1-739482751,1,6,0,0.02944950718917016
1-739482751,2,6,0,0.030234622595186375
1-739482751,3,6,0,0.04716544247769033
1-739482751,4,6,0,0.1535315710074049
1-739482751,5,6,0,0.16448250602499354
1-739482751,6,6,0,0.08180145839690961
1-739483315,1,2,0,0.058294107133845606
1-739483315,2,2,0,0.0637246302619513
1-739494179,1,8,0,0.008169391068223548
1-739494179,2,8,0,0.008318679211214262
1-739494179,3,8,0,0.015288731320760285
1-739494179,4,8,0,0.01938549761234705
1-739494179,5,8,0,0.027987200966633104
1-739494179,6,8,0,0.028210091430509756
1-739494179,7,8,0,0.031109995008047033
1-739494179,8,8,0,0.046384623984622765
1-739494277,1,9,0,0.15341051206687334
1-739494277,2,9,0,0.15553487952085787
1-739494277,3,9,0,0.24195426015854388
1-739494277,4,9,0,0.1860538588917419
1-739494277,5,9,0,0.29399263646019214
1-739494277,6,9,0,0.3119893035183416
1-739494277,7,9,0,0.2489846855176897
1-739494277,8,9,0,0.3625775815320497
1-739494277,9,9,0,0.28161457431601744
1-739494503,1,3,0,0.06493797896486102
1-739494503,2,3,0,0.06644464120303796
1-739494503,3,3,0,0.07131394949391681
1-739494731,1,2,0,0.054517235761639464
1-739494731,2,2,0,0.055847382230540844
1-739497125,1,2,0,0.06631290894414452
1-739497125,2,2,0,0.06840899241584127
1-739518367,1,2,0,0.06061253176817246
1-739518367,2,2,0,0.06192087963240109
1-739523290,1,2,0,0.0011041339924568617
1-739523290,2,2,0,0.003907325808407627
1-739525284,1,2,0,0.05487528397343789
1-739525284,2,2,0,0.05597810059716816
1-739533159,1,2,0,0.057979777574504544
1-739533159,2,2,0,0.0590238383882661
1-739551721,1,2,0,0.008459178397505191
1-739551721,2,2,0,0.008620467594107398
1-739566283,1,2,0,0.06593577128318055
1-739566283,2,2,0,0.06676619616938803
1-739581939,1,2,0,0.024954125611284964
1-739581939,2,2,0,0.025414086573556167
1-739595023,1,5,0,0.059705803848500716
1-739595023,2,5,0,0.06093749470523688
1-739595023,3,5,0,0.06815013873890269
1-739595023,4,5,0,0.08453429698540386
1-739595023,5,5,0,0.09934570216352002
1-739604574,1,4,0,0.018924117309875626
1-739604574,2,4,0,0.0809510354205254
1-739604574,3,4,0,0.07113689038594498
1-739604574,4,4,0,0.07658665733314507
1-739609945,1,2,0,0.033325207560520625
1-739609945,2,2,0,0.033703568871227226
1-739610160,1,2,0,0.06822468086750037
1-739610160,2,2,0,0.0700323241333284
1-739626423,1,2,1,0.026533706170695302
1-739626423,2,2,1,0.027086107372931066
1-739640031,1,2,0,0.04313124894656839
1-739640031,2,2,0,0.044222218201810465
1-739643571,1,4,0,0.09072125406193458
1-739643571,2,4,0,0.09219801122244997
1-739643571,3,4,0,0.2279818342311682
1-739643571,4,4,0,0.11161302257108949
1-739659110,1,13,0,0.04543516489138776
1-739659110,2,13,0,0.046437678461284056
1-739659110,3,13,0,0.13466751651651032
1-739659110,4,13,0,0.21956419292601867
1-739659110,5,13,0,0.3424558902956734
1-739659110,6,13,0,0.21420829348992523
1-739659110,7,13,0,0.1601992062157731
1-739659110,8,13,0,0.41250961428250854
1-739659110,9,13,0,0.22731631486155357
1-739659110,10,13,0,0.24099001389363015
1-739659110,11,13,0,0.23878176483526675
1-739659110,12,13,0,0.6114009257234234
1-739661379,1,14,0,0.014877634169588108
1-739661379,2,14,0,0.015156469253755954
1-739661379,3,14,0,0.031026760594806312
1-739661379,4,14,0,0.025925055536215443
1-739661379,5,14,0,0.013762428503400738
1-739661379,6,14,0,0.0183747802302993
1-739661379,7,14,0,0.041578656886749416
1-739661379,8,14,0,0.029796536536629205
1-739661379,9,14,0,0.08053157432744368
1-739661379,10,14,0,0.2040067878212531
1-739661379,11,14,0,0.07285789944787731
1-739661379,12,14,0,0.03955961312929125
1-739663917,1,2,0,0.08670219579163416
1-739663917,2,2,0,0.08822594237303179
1-739687618,1,7,1,0.09770080219542027
1-739687618,2,7,1,0.09919229054789191
1-739687618,3,7,1,0.10496887495443823
1-739687618,4,7,1,0.1720985617430509
1-739687618,5,7,1,0.3389560971414967
1-739687618,6,7,1,0.20614943525697663
1-739687618,7,7,1,0.22051897605575355
1-739711451,1,4,0,0.022115970485111946
1-739711451,2,4,0,0.02260329241550045
1-739711451,3,4,0,0.040883108157183025
1-739711451,4,4,0,0.03532549659045755
1-739711805,1,5,0,0.05555038111966764
1-739711805,2,5,0,0.05668882303391285
1-739711805,3,5,0,0.1377717881474424
1-739711805,4,5,0,0.12771836822648303
1-739711805,5,5,0,0.1368964219937161
1-739718429,1,2,0,0.05700839411640647
1-739718429,2,2,0,0.05816518128279405
1-739727165,1,2,0,0.008651977753386586
1-739727165,2,2,0,0.00880301947789706
1-739727237,1,2,0,0.03731682406362725
1-739727237,2,2,0,0.038001519241648164
1-739727475,1,8,0,0.04378707051999372
1-739727475,2,8,0,0.04468428123595068
1-739727475,3,8,0,0.049058195045876773
1-739727475,4,8,0,0.0520739767539604
1-739727475,5,8,0,0.08052628461807326
1-739727475,6,8,0,0.12747877710116853
1-739727475,7,8,0,0.15060820686973855
1-739727475,8,8,0,0.7929496983088227
1-739732184,1,10,0,0.010465544472497056
1-739732184,2,10,0,0.010664237017121728
1-739732184,3,10,0,0.009392849972860579
1-739732184,4,10,0,0.013115898336069385
1-739732184,5,10,0,0.02640491449984935
1-739732184,6,10,0,0.041071940619588146
1-739732184,7,10,0,0.04742256732788378
1-739732184,8,10,0,0.17502962090031793
1-739732184,9,10,0,0.26138813017516244
1-739732184,10,10,0,0.28032701206687516
1-739733415,1,5,0,0.02296575348881291
1-739733415,2,5,0,0.02339710949594525
1-739733415,3,5,0,0.02511446456425777
1-739733415,4,5,0,0.026785442014636594
1-739733415,5,5,0,0.07720320309426441
1-739733861,1,13,0,0.08033425968442522
1-739733861,2,13,0,0.08188030714510833
1-739733861,3,13,0,0.13053039502651143
1-739733861,4,13,0,0.1249604395876445
1-739733861,5,13,0,0.1614984868707932
1-739733861,6,13,0,0.20158776868393324
1-739733861,7,13,0,0.17297024750559145
1-739733861,8,13,0,0.2105778696981865
1-739733861,9,13,0,0.10377134158434972
1-739733861,10,13,0,0.17540155832053156
1-739733861,11,13,0,0.13355017465007313
1-739733861,12,13,0,0.21893371124495317
1-739735986,1,2,0,0.001184897915818592
1-739735986,2,2,0,0.004184094458197314
1-739747901,1,7,1,0.07427048559405398
1-739747901,2,7,1,0.0810193099539182
1-739747901,3,7,1,0.14560887894437743
1-739747901,4,7,1,0.41262001035917295
1-739747901,5,7,1,0.43096305323740036
1-739747901,6,7,1,0.3583207401481257
1-739747901,7,7,1,0.4554909245940084
1-739748201,1,4,0,0.09304757509817935
1-739748201,2,4,0,0.01789882135870378
1-739748201,3,4,0,0.0442309099897135
1-739748201,4,4,0,0.23485639570421066
1-739748781,1,5,0,0.09622587903180385
1-739748781,2,5,0,0.11932248953640771
1-739748781,3,5,0,0.09644566322331749
1-739748781,4,5,0,0.06805116089595127
1-739748781,5,5,0,0.07327524765732474
1-739749820,1,5,0,0.04740725453281643
1-739749820,2,5,0,0.048194784163133934
1-739749820,3,5,0,0.040798154355647924
1-739749820,4,5,0,0.03224653535385781
1-739749820,5,5,0,0.025316433838010653
1-739753804,1,2,0,0.006603488459790375
1-739753804,2,2,0,0.006744029736095822
1-739766860,1,2,0,0.07475231351381594
1-739766860,2,2,0,0.07609669975836292
1-739768365,1,2,0,0.03898486519661982
1-739768365,2,2,0,0.0413201136414866
1-739774185,1,4,0,0.13490400140271566
1-739774185,2,4,0,0.13741108385666267
1-739774185,3,4,0,0.2156818161241051
1-739774185,4,4,0,0.25721839930141505
1-739780580,1,6,0,0.07152952118616651
1-739780580,2,6,0,0.07296732325479438
1-739780580,3,6,0,0.14427247564571802
1-739780580,4,6,0,0.13840707835471974
1-739780580,5,6,0,0.2953878324955868
1-739780580,6,6,0,0.33522524178390406
1-739782270,1,8,1,0.061058160336197376
1-739782270,2,8,1,0.06135698009523316
1-739782270,3,8,1,0.06523789522473548
1-739782270,4,8,1,0.06334631367360573
1-739782270,5,8,1,0.09078769299150147
1-739782270,6,8,1,0.03916338670287102
1-739782270,7,8,1,0.049240114568027536
1-739782270,8,8,1,0.5173137449628255
1-739790961,1,2,0,0.015377324570388134
1-739790961,2,2,0,0.01570342146958056
1-739795812,1,9,0,0.014254505897241043
1-739795812,2,9,0,0.014554897233248026
1-739795812,3,9,0,0.022831978524025093
1-739795812,4,9,0,0.04333634520191412
1-739795812,5,9,0,0.054877474324101436
1-739795812,6,9,0,0.06543711095161198
1-739795812,7,9,0,0.0510259685171049
1-739795812,8,9,0,0.08082391108868396
1-739795812,9,9,0,0.07958118356417265
1-739809072,1,4,0,0.010506471789336136
1-739809072,2,4,0,0.010728183619119036
1-739809072,3,4,0,0.016834339428860173
1-739809072,4,4,0,0.022273171858520395
1-739819463,1,2,0,0.005209797398517278
1-739819463,2,2,0,0.0053202268245538436
1-739820726,1,2,0,0.011276519347870873
1-739820726,2,2,0,0.011556631868036044
1-739821483,1,2,0,0.073321253481172
1-739821483,2,2,0,0.07469542153988068
1-739823295,1,4,0,0.021123798873594637
1-739823295,2,4,0,0.021641624121887904
1-739823295,3,4,0,0.018241425678808428
1-739823295,4,4,0,0.033470517432287704
1-739823544,1,2,0,0.021945008944905888
1-739823544,2,2,0,0.022750546844689645
1-739826738,1,6,0,0.044775439341612905
1-739826738,2,6,0,0.045686462732693105
1-739826738,3,6,0,0.05804633664028746
1-739826738,4,6,0,0.39392308899902084
1-739826738,5,6,0,0.4491881203607879
1-739826738,6,6,0,0.35904821064121395
1-739829191,1,4,0,0.011065914620886188
1-739829191,2,4,0,0.03794324633743835
1-739829191,3,4,0,0.044137776617189046
1-739829191,4,4,0,0.040225534816836876
1-739829227,1,4,1,0.01156558978853359
1-739829227,2,4,1,0.039250631003417295
1-739829227,3,4,1,0.04399281556236049
1-739829227,4,4,1,0.2439557740861266
1-739829274,1,2,0,0.0009424437248688631
1-739829274,2,2,0,0.004480511881166154
1-739829634,1,2,0,0.0009916589111190312
1-739829634,2,2,0,0.003525910655494654
1-739845918,1,6,1,0.14751101997114785
1-739845918,2,6,1,0.15021171235431435
1-739845918,3,6,1,0.15956209126178764
1-739845918,4,6,1,0.21061520716397555
1-739845918,5,6,1,0.2806555771653051
1-739845918,6,6,1,0.551819124396944
1-739850206,1,2,0,0.012612897825734971
1-739850206,2,2,0,0.041721269176314656
1-739850265,1,3,0,0.02929819379392129
1-739850265,2,3,0,0.016143506089442386
1-739850265,3,3,0,0.04123013447435858
1-739850631,1,2,0,0.0007472735729909921
1-739850631,2,2,0,0.0037838285742930054
1-739850761,1,2,0,0.014216019729698976
1-739850761,2,2,0,0.06785182431884786
1-739851171,1,6,0,0.07160817010002202
1-739851171,2,6,0,0.07335691768931772
1-739851171,3,6,0,0.11763802489050754
1-739851171,4,6,0,0.08985816645256318
1-739851171,5,6,0,0.08557477021675915
1-739851171,6,6,0,0.1076794736457246
1-739872770,1,2,0,0.09472581861454848
1-739872770,2,2,0,0.09635022928759725
1-739898949,1,5,0,0.000744694340274752
1-739898949,2,5,0,0.003733265637406675
1-739898949,3,5,0,0.004521268870793223
1-739898949,4,5,0,0.008336487534978893
1-739898949,5,5,0,0.006451872567111351
1-739899391,1,3,0,0.00961910671999077
1-739899391,2,3,0,0.01329032469046551
1-739899391,3,3,0,0.03537413655046809
1-739901756,1,2,0,0.06179349310807568
1-739901756,2,2,0,0.06312438014996935
1-739901796,1,2,0,0.059244973408625126
1-739901796,2,2,0,0.06064425219226769
1-740059721,1,3,0,0.1063685626414692
1-740059721,2,3,0,0.10912565444731613
1-740059721,3,3,0,0.18331476794181553
1-740292255,1,9,0,0.023437372255563846
1-740292255,2,9,0,0.07886059770113603
1-740292255,3,9,0,0.08811959439389366
1-740292255,4,9,0,0.08421510667155395
1-740292255,5,9,0,0.10565713522848344
1-740292255,6,9,0,0.1099406545787115
1-740292255,7,9,0,0.13456992869094403
1-740292255,8,9,0,0.12370647489234794
1-740292255,9,9,0,0.13083891142288295
1-740300138,1,4,0,0.06643591044751689
1-740300138,2,4,0,0.06877514605322348
1-740300138,3,4,0,0.16512267668227365
1-740300138,4,4,0,0.11402391265471455
1-740303502,1,12,0,0.056276676977861484
1-740303502,2,12,0,0.057280632861529214
1-740303502,3,12,0,0.10392372844808802
1-740303502,4,12,0,0.12372512050901813
1-740303502,5,12,0,0.15744926275967375
1-740303502,6,12,0,0.22313246813148382
1-740303502,7,12,0,0.23825523367425022
1-740303502,8,12,0,0.22627745984153327
1-740303502,9,12,0,0.6536021357539598
1-740303502,10,12,0,0.6658523729367466
1-740303502,11,12,0,0.6119383588649223
1-740303502,12,12,0,0.47455093117526587
1-740308384,1,4,1,0.22207133176850408
1-740308384,2,4,1,0.22599763979575518
1-740308384,3,4,1,0.3044027217324815
1-740308384,4,4,1,0.68757184233894
1-740308848,1,7,0,0.08680274876850531
1-740308848,2,7,0,0.08874851831908882
1-740308848,3,7,0,0.12408451159076168
1-740308848,4,7,0,0.11840948150429796
1-740308848,5,7,0,0.14107190569857336
1-740308848,6,7,0,0.5534744459767768
1-740308848,7,7,0,0.48255723610587015
1-740316721,1,7,0,0.12255105198211791
1-740316721,2,7,0,0.12340274093256103
1-740316721,3,7,0,0.2894420325113687
1-740316721,4,7,0,0.2832195102537233
1-740316721,5,7,0,0.3111339804926571
1-740316721,6,7,0,0.32012817464972976
1-740316721,7,7,0,0.38636641470052957
1-740316771,1,4,0,0.03797467067565304
1-740316771,2,4,0,0.03886354401822205
1-740316771,3,4,0,0.05938556536608493
1-740316771,4,4,0,0.0566344666709077
1-740322551,1,2,0,0.04434356488614047
1-740322551,2,2,0,0.045303336713000505
1-740322831,1,7,1,0.06285117495207694
1-740322831,2,7,1,0.06438559395712289
1-740322831,3,7,1,0.06964166202675001
1-740322831,4,7,1,0.09508086479259018
1-740322831,5,7,1,0.09821053085523938
1-740322831,6,7,1,0.1212692836820366
1-740322831,7,7,1,0.8799563244559908
1-740330381,1,3,0,0.0024201147324911954
1-740330381,2,3,0,0.0013171387434832945
1-740330381,3,3,0,0.0035810736306403352
1-740340137,1,2,0,0.06143601521260472
1-740340137,2,2,0,0.06282380555030531
1-740342406,1,2,0,0.07205703266229835
1-740342406,2,2,0,0.0734790152653143
1-740342521,1,7,0,0.024685335953261483
1-740342521,2,7,0,0.02522246646116836
1-740342521,3,7,0,0.036560080867104605
1-740342521,4,7,0,0.03494242628595312
1-740342521,5,7,0,0.0438795611394435
1-740342521,6,7,0,0.03131736589941267
1-740342521,7,7,0,0.05557523801239226
1-740357297,1,14,1,0.06113021978097365
1-740357297,2,14,1,0.06252825513719375
1-740357297,3,14,1,0.06972104584073337
1-740357297,4,14,1,0.08837036354457761
1-740357297,5,14,1,0.2116909749538226
1-740357297,6,14,1,0.20603450723417627
1-740357297,7,14,1,0.2477575980146082
1-740357297,8,14,1,0.1791685583801882
1-740357297,9,14,1,0.24579048839276232
1-740357297,10,14,1,0.20387350110173155
1-740357297,11,14,1,0.2656046310327644
1-740357297,12,14,1,0.5664919604905327
1-740371900,1,2,0,0.5789556627962039
1-740371900,2,2,0,0.4510720658343694
1-740380830,1,8,1,0.23421998973031352
1-740380830,2,8,1,0.23800795944566266
1-740380830,3,8,1,0.4023322312078451
1-740380830,4,8,1,0.2781124238401111
1-740380830,5,8,1,0.22294643425183922
1-740380830,6,8,1,0.31046695757451465
1-740380830,7,8,1,0.32762177555487876
1-740380830,8,8,1,0.2783697104714959
1-740384182,1,6,0,0.15413336086594207
1-740384182,2,6,0,0.15654422060091205
1-740384182,3,6,0,0.26227113279767267
1-740384182,4,6,0,0.253170096314235
1-740384182,5,6,0,0.21550703676733377
1-740384182,6,6,0,0.2137088277626019
1-740388710,1,2,0,0.03141932750927023
1-740388710,2,2,0,0.031934152065469505
1-740388786,1,2,0,0.07690152393724647
1-740388786,2,2,0,0.07851644854821549
1-740393512,1,2,0,0.04454969302383537
1-740393512,2,2,0,0.04545179457758678
1-740404280,1,6,0,0.18161020602373198
1-740404280,2,6,0,0.18439164923387408
1-740404280,3,6,0,0.20225794163140245
1-740404280,4,6,0,0.16177961945734254
1-740404280,5,6,0,0.2775364086491774
1-740404280,6,6,0,0.2698232966309428
1-740406890,1,2,0,0.042020395326208215
1-740406890,2,2,0,0.04294620141585095
1-740421001,1,2,0,0.23730836120657928
1-740421001,2,2,0,0.2409561182542813
1-740437511,1,2,0,0.01951393927803395
1-740437511,2,2,0,0.06533298787904573
1-740444700,1,9,0,0.09077456466161053
1-740444700,2,9,0,0.09218417663171255
1-740444700,3,9,0,0.10369497520333809
1-740444700,4,9,0,0.08208315927996385
1-740444700,5,9,0,0.10193217137862974
1-740444700,6,9,0,0.10854393898340836
1-740444700,7,9,0,0.08120403868313952
1-740444700,8,9,0,0.19330233959616838
1-740444700,9,9,0,0.18650728083185036
1-740448903,1,2,0,0.06333636012837862
1-740448903,2,2,0,0.0643831889485614
1-740449572,1,4,0,0.08558012896605725
1-740449572,2,4,0,0.08735839677303972
1-740449572,3,4,0,0.13055175870022043
1-740449572,4,4,0,0.13759271237992415
1-740453306,1,10,1,0.150938485615071
1-740453306,2,10,1,0.15366207965931325
1-740453306,3,10,1,0.25994943133583104
1-740453306,4,10,1,0.5509845340916159
1-740453306,5,10,1,0.5666353386129656
1-740453306,6,10,1,0.4844810741463888
1-740453306,7,10,1,0.622158483899207
1-740453306,8,10,1,0.5291639878974916
1-740453306,9,10,1,0.5583255504874874
1-740453306,10,10,1,0.5486866688212002
1-740455245,1,5,0,0.15554521732220508
1-740455245,2,5,0,0.15838510759598082
1-740455245,3,5,0,0.3761750597449624
1-740455245,4,5,0,0.3101841562277622
1-740455245,5,5,0,0.3469235164935699
1-740455673,1,5,0,0.15576646828883933
1-740455673,2,5,0,0.15942571432639344
1-740455673,3,5,0,0.33911064823492165
1-740455673,4,5,0,0.4275628517176449
1-740455673,5,5,0,0.25287100781371696
1-740455880,1,2,0,0.07933549598540421
1-740455880,2,2,0,0.08095746134208602
1-740460458,1,4,0,0.08733037917541997
1-740460458,2,4,0,0.08902315244815753
1-740460458,3,4,0,0.2058980551514361
1-740460458,4,4,0,0.24951174775050022
1-740461199,1,2,0,0.06735937244088812
1-740461199,2,2,0,0.06939417807361478
1-740462311,1,1,1,0.1211090881478279
1-740470848,1,6,0,0.14939296618717496
1-740470848,2,6,0,0.15255422373995564
1-740470848,3,6,0,0.20795186065273488
1-740470848,4,6,0,0.2300520215072919
1-740470848,5,6,0,0.2804222550139485
1-740470848,6,6,0,0.2679079066560015
1-740471146,1,2,0,0.03640032013794156
1-740471146,2,2,0,0.03726750161972895
1-740490030,1,2,0,0.05933310299608442
1-740490030,2,2,0,0.060278003534541706
1-740493362,1,9,0,0.11058969130477429
1-740493362,2,9,0,0.05891161686270235
1-740493362,3,9,0,0.02898467965931268
1-740493362,4,9,0,0.05708623241790147
1-740493362,5,9,0,0.11197016212771746
1-740493362,6,9,0,0.06704993312620756
1-740493362,7,9,0,0.040661841962208525
1-740493362,8,9,0,0.06267073427050295
1-740493362,9,9,0,0.06785610464128965
1-740529525,1,7,1,0.048317229078391886
1-740529525,2,7,1,0.04972400313915007
1-740529525,3,7,1,0.08535632612849575
1-740529525,4,7,1,0.08134511453265525
1-740529525,5,7,1,0.08079039853486282
1-740529525,6,7,1,0.3677251855330239
1-740529525,7,7,1,0.339743350207091
1-740532960,1,2,0,0.11341200131889476
1-740532960,2,2,0,0.11541372155701515
1-740537782,1,2,0,0.07372050643470818
1-740537782,2,2,0,0.07502036465898591
1-740542062,1,2,0,0.07013215423675831
1-740542062,2,2,0,0.0719692988388997
1-740543015,1,2,0,0.0860192646219631
1-740543015,2,2,0,0.08748988455973994
1-740545215,1,8,0,0.05754894235028826
1-740545215,2,8,0,0.06114156468375074
1-740545215,3,8,0,0.22021387275772833
1-740545215,4,8,0,0.2136781729932198
1-740545215,5,8,0,0.2563505306695153
1-740545215,6,8,0,0.1872342731317117
1-740545215,7,8,0,0.28450457170935584
1-740545215,8,8,0,0.2272505783025541
1-740550404,1,2,0,0.08748798815992744
1-740550404,2,2,0,0.08796981436728683
1-740556828,1,2,0,0.002182084146651689
1-740556828,2,2,0,0.00223213569527695
1-740560358,1,2,0,0.09741076751789357
1-740560358,2,2,0,0.0994508766732078
1-740566848,1,3,0,0.0961906022325354
1-740566848,2,3,0,0.10160621654043157
1-740566848,3,3,0,0.10767853150088208
1-740570848,1,5,0,0.08947437816753304
1-740570848,2,5,0,0.09174359778460163
1-740570848,3,5,0,0.0976739765304953
1-740570848,4,5,0,0.12233270088554359
1-740570848,5,5,0,0.1311408049369504
1-740581426,1,2,0,0.0809754809272932
1-740581426,2,2,0,0.0825490671655049
1-740591340,1,2,0,0.06008828198625741
1-740591340,2,2,0,0.06138001120805814
1-740596977,1,12,1,0.14107953513252722
1-740596977,2,12,1,0.1436450176439079
1-740596977,3,12,1,0.17891657978408507
1-740596977,4,12,1,0.7843503261361054
1-740596977,5,12,1,0.8152528671155962
1-740596977,6,12,1,0.8136927976462827
1-740596977,7,12,1,0.7336897180795697
1-740596977,8,12,1,0.6595663490420597
1-740596977,9,12,1,0.7138242041628027
1-740596977,10,12,1,0.6277125776381607
1-740596977,11,12,1,0.7151700804383713
1-740596977,12,12,1,0.9953541137297965
1-740597381,1,5,0,0.1755153989528048
1-740597381,2,5,0,0.1788946414846156
1-740597381,3,5,0,0.2188476464570497
1-740597381,4,5,0,0.20895274735193858
1-740597381,5,5,0,0.22797810032083743
1-740604514,1,2,0,0.10006921222734069
1-740604514,2,2,0,0.2861401996889296
1-740604526,1,2,0,0.09986440226657732
1-740604526,2,2,0,0.28556338536559583
1-740604632,1,2,0,0.09878511193439486
1-740604632,2,2,0,0.2836384863225054
1-740604727,1,2,0,0.09750768368033715
1-740604727,2,2,0,0.2772319546713995
1-740607229,1,2,0,0.09640681446006563
1-740607229,2,2,0,0.09825100694695982
1-740607267,1,6,0,0.06910891432873706
1-740607267,2,6,0,0.06951196903482737
1-740607267,3,6,0,0.16700954745240681
1-740607267,4,6,0,0.17261245369110523
1-740607267,5,6,0,0.20022586560370437
1-740607267,6,6,0,0.47221435150402225
1-740609951,1,2,0,0.0389575533271675
1-740609951,2,2,0,0.03975552930909516
1-740617839,1,2,0,0.02553763102218845
1-740617839,2,2,0,0.026067382489084114
1-740618165,1,6,0,0.06405867660339151
1-740618165,2,6,0,0.06540817459793956
1-740618165,3,6,0,0.10092471517813713
1-740618165,4,6,0,0.12489739002101247
1-740618165,5,6,0,0.12568903931441217
1-740618165,6,6,0,0.13670276831218708
1-740618490,1,2,0,0.04022075847915785
1-740618490,2,2,0,0.04104185528457444
1-740620951,1,2,1,0.0992377710669245
1-740620951,2,2,1,0.10108959401176695
1-740621151,1,2,0,0.07034010710327666
1-740621151,2,2,0,0.07200894091884488
1-740622990,1,4,0,0.08021942766592569
1-740622990,2,4,0,0.08103692814193594
1-740622990,3,4,0,0.15258649502312743
1-740622990,4,4,0,0.14463946705801103
1-740623233,1,5,0,0.07608924990380174
1-740623233,2,5,0,0.07754468096296557
1-740623233,3,5,0,0.06349633702177784
1-740623233,4,5,0,0.09815639432242079
1-740623233,5,5,0,0.09389942810402507
1-740628430,1,2,0,0.09961942934673776
1-740628430,2,2,0,0.10058844760886596
1-740630090,1,5,0,0.29047966542304776
1-740630090,2,5,0,0.20626841958282652
1-740630090,3,5,0,0.2745969184150536
1-740630090,4,5,0,0.21091963744082248
1-740630090,5,5,0,0.2631634116512311
1-740630613,1,4,0,0.03897744250611484
1-740630613,2,4,0,0.03980052374992168
1-740630613,3,4,0,0.03365977372461986
1-740630613,4,4,0,0.07865557842725586
1-740630690,1,5,0,0.041001152480038605
1-740630690,2,5,0,0.04299246344174079
1-740630690,3,5,0,0.05197909562583337
1-740630690,4,5,0,0.058094235195315494
1-740630690,5,5,0,0.062303925290183526
1-740632224,1,3,0,0.04437838880595817
1-740632224,2,3,0,0.04527673240710981
1-740632224,3,3,0,0.0666998529726055
1-740632403,1,4,0,0.1036460076905308
1-740632403,2,4,0,0.10590283387423759
1-740632403,3,4,0,0.15686894361811984
1-740632403,4,4,0,0.15852080836191473
1-740638251,1,2,0,0.04401744863936967
1-740638251,2,2,0,0.044909279181559604
1-740641078,1,14,0,0.09884350419556884
1-740641078,2,14,0,0.10066804371299612
1-740641078,3,14,0,0.18457926069364242
1-740641078,4,14,0,0.1775929832995526
1-740641078,5,14,0,0.14416812210089064
1-740641078,6,14,0,0.22972458091307965
1-740641078,7,14,0,0.38869364136890755
1-740641078,8,14,0,0.24340531712365993
1-740641078,9,14,0,0.2913015746066915
1-740641078,10,14,0,0.23436014317917478
1-740641078,11,14,0,0.35818475683773643
1-740641078,12,14,0,0.2658980818439576
1-740641770,1,2,0,0.05982754454430216
1-740641770,2,2,0,0.061192824631650655
1-740662398,1,6,1,0.161438074391242
1-740662398,2,6,1,0.1643333723030372
1-740662398,3,6,1,0.184509138543658
1-740662398,4,6,1,0.1899496421815486
1-740662398,5,6,1,0.3182564939510412
1-740662398,6,6,1,0.3043769802616856
1-740662560,1,2,0,0.08271497529383631
1-740662560,2,2,0,0.0844303473530822
1-740676681,1,3,0,0.08427153898215317
1-740676681,2,3,0,0.08618789411373332
1-740676681,3,3,0,0.14740700254059724
1-740679187,1,2,0,0.08120815029353738
1-740679187,2,2,0,0.08298206218435925
1-740680072,1,2,0,0.05343664545687408
1-740680072,2,2,0,0.054414880723382734
1-740680292,1,7,0,0.04114805716905241
1-740680292,2,7,0,0.04205970310258545
1-740680292,3,7,0,0.06498042476277384
1-740680292,4,7,0,0.0962990225196418
1-740680292,5,7,0,0.1025362193712627
1-740680292,6,7,0,0.13536447721606032
1-740680292,7,7,0,0.19459876238421414
1-740680611,1,9,1,0.16530390928094893
1-740680611,2,9,1,0.17035298684730854
1-740680611,3,9,1,0.2941039788615217
1-740680611,4,9,1,0.18555233074454078
1-740680611,5,9,1,0.22430913615488088
1-740680611,6,9,1,0.5096238085213728
1-740680611,7,9,1,0.588923981198669
1-740680611,8,9,1,0.5072190870966351
1-740680611,9,9,1,0.5635684279944453
1-740682529,1,17,0,0.08180795465231007
1-740682529,2,17,0,0.0834002604405141
1-740682529,3,17,0,0.14185233667753497
1-740682529,4,17,0,0.094338797034056
1-740682529,5,17,0,0.21649442910123434
1-740682529,6,17,0,0.11293148332462576
1-740682529,7,17,0,0.137978414735462
1-740682529,8,17,0,0.446901450601005
1-740682529,9,17,0,0.5135365263112125
1-740682529,10,17,0,0.3336006122073686
1-740682529,11,17,0,0.3862917864380676
1-740682529,12,17,0,0.8807471929659353
1-740684725,1,4,0,0.20712855793444612
1-740684725,2,4,0,0.21015719496228427
1-740684725,3,4,0,0.3150574979100775
1-740684725,4,4,0,0.23084954340663102
1-740692523,1,2,0,0.08834842572696076
1-740692523,2,2,0,0.09005468966485841
1-740703272,1,2,0,0.13309251493261287
1-740703272,2,2,0,0.13490156917220106
1-740703747,1,10,0,0.09385504738236257
1-740703747,2,10,0,0.09565468626038397
1-740703747,3,10,0,0.1452299881674471
1-740703747,4,10,0,0.1390445703286922
1-740703747,5,10,0,0.09009732230390258
1-740703747,6,10,0,0.06387478835966609
1-740703747,7,10,0,0.08058594846233143
1-740703747,8,10,0,0.057086274354125464
1-740703747,9,10,0,0.08178734616360461
1-740703747,10,10,0,0.3034081746808092
1-740706986,1,2,0,0.05311055578625584
1-740706986,2,2,0,0.054359293459452174
1-740707407,1,2,0,0.035487580865285695
1-740707407,2,2,0,0.036294398007300534
1-740715079,1,2,0,0.14868686661868302
1-740715079,2,2,0,0.15658218635891527
1-740737718,1,2,0,0.04583489990032119
1-740737718,2,2,0,0.046818711421742855
1-740744927,1,6,1,0.07000945685591148
1-740744927,2,6,1,0.07154188109435805
1-740744927,3,6,1,0.07789003957584364
1-740744927,4,6,1,0.18972988360391657
1-740744927,5,6,1,0.18791505347613094
1-740744927,6,6,1,0.2003308640169063
1-740766742,1,4,0,0.029863744682458743
1-740766742,2,4,0,0.03048321320196379
1-740766742,3,4,0,0.047317212185741385
1-740766742,4,4,0,0.05522844622945181
1-740780617,1,2,0,0.11850963826101503
1-740780617,2,2,0,0.32253966893982156
1-740780871,1,3,0,0.03993007128954316
1-740780871,2,3,0,0.05453275285726494
1-740780871,3,3,0,0.0764299492455834
1-740791441,1,2,0,0.15774244138535148
1-740791441,2,2,0,0.16025196501693395
1-740792353,1,2,0,0.022417811711401045
1-740792353,2,2,0,0.02394713268917956
1-740801390,1,15,1,0.04265664535103508
1-740801390,2,15,1,0.04372327127611325
1-740801390,3,15,1,0.07533857157411333
1-740801390,4,15,1,0.3540674691454268
1-740801390,5,15,1,0.6086322923351426
1-740801390,6,15,1,0.659305730965787
1-740801390,7,15,1,0.5321648214327039
1-740801390,8,15,1,0.6549443605100971
1-740801390,9,15,1,0.9774966382882591
1-740801390,10,15,1,0.9960345932541869
1-740801390,11,15,1,0.9966274297900899
1-740801390,12,15,1,0.9957786832401198
1-740803182,1,5,0,0.031355071785461514
1-740803182,2,5,0,0.03193981645528965
1-740803182,3,5,0,0.049335807633897215
1-740803182,4,5,0,0.062908766076624
1-740803182,5,5,0,0.08268621394478207
1-740803202,1,2,0,0.03752721852096396
1-740803202,2,2,0,0.038483800824150614
1-740803667,1,2,0,0.08457236691176934
1-740803667,2,2,0,0.08655701034603118
1-740811922,1,9,1,0.32425943038717503
1-740811922,2,9,1,0.33052382131105446
1-740811922,3,9,1,0.6506933862607838
1-740811922,4,9,1,0.556652733430595
1-740811922,5,9,1,0.542598983400593
1-740811922,6,9,1,0.7963071489863901
1-740811922,7,9,1,0.6530051493857211
1-740811922,8,9,1,0.8047556357222804
1-740811922,9,9,1,0.8148013411656405
1-740812490,1,8,1,0.05927125781879584
1-740812490,2,8,1,0.06045617308562484
1-740812490,3,8,1,0.313290744163098
1-740812490,4,8,1,0.6182890873318282
1-740812490,5,8,1,0.6779193595846662
1-740812490,6,8,1,0.5937339060851597
1-740812490,7,8,1,0.7468636127469466
1-740812490,8,8,1,0.7399384276775731
1-740814666,1,3,0,0.03102761880684175
1-740814666,2,3,0,0.031720534257238385
1-740814666,3,3,0,0.045844618194150234
1-740820201,1,4,0,0.15453034581949868
1-740820201,2,4,0,0.15821114895705143
1-740820201,3,4,0,0.1459647303166063
1-740820201,4,4,0,0.14436945703386983
1-740839458,1,6,0,0.07597528153521985
1-740839458,2,6,0,0.07748232903603842
1-740839458,3,6,0,0.054530483326952844
1-740839458,4,6,0,0.056803658354852155
1-740839458,5,6,0,0.06458452903099482
1-740839458,6,6,0,0.11481230057172537
1-740839548,1,8,0,0.03611854562789813
1-740839548,2,8,0,0.03692491177493945
1-740839548,3,8,0,0.06192906851557902
1-740839548,4,8,0,0.04223972345016855
1-740839548,5,8,0,0.07472031304582984
1-740839548,6,8,0,0.06611769737935533
1-740839548,7,8,0,0.24202913932482906
1-740839548,8,8,0,0.10834776132217619
1-740841250,1,6,0,0.025159737937087496
1-740841250,2,6,0,0.02573084846313592
1-740841250,3,6,0,0.04011414308832225
1-740841250,4,6,0,0.20023408039634222
1-740841250,5,6,0,0.1830461187360193
1-740841250,6,6,0,0.0808041103157377
1-740842201,1,3,0,0.061864348815297836
1-740842201,2,3,0,0.06300491687148208
1-740842201,3,3,0,0.10129896175517412
1-740844119,1,2,0,0.04709611611986876
1-740844119,2,2,0,0.048172842822591405
1-740846820,1,2,0,0.0229950982256934
1-740846820,2,2,0,0.02347721367421371
1-740847645,1,3,0,0.0017483391491083208
1-740847645,2,3,0,0.006168496271328831
1-740847645,3,3,0,0.00667589648328752
1-740848036,1,3,0,0.03300240372833937
1-740848036,2,3,0,0.033685397907419486
1-740848036,3,3,0,0.058128608097441636
1-740853095,1,5,0,0.10752340691251652
1-740853095,2,5,0,0.11351177266761661
1-740853095,3,5,0,0.3232432117406925
1-740853095,4,5,0,0.38132551097443773
1-740853095,5,5,0,0.3658804100507612
1-740853331,1,2,0,0.8107827463613281
1-740853331,2,2,0,0.8140925713784006
1-740858249,1,5,0,0.054489528649234446
1-740858249,2,5,0,0.055621120673640494
1-740858249,3,5,0,0.08492753521523982
1-740858249,4,5,0,0.24429969901195853
1-740858249,5,5,0,0.26726860704633554
1-740858571,1,4,1,0.06320642824126806
1-740858571,2,4,1,0.06445766350142423
1-740858571,3,4,1,0.14911305962401017
1-740858571,4,4,1,0.28339494070876126
1-740859433,1,2,0,0.22769722607143675
1-740859433,2,2,0,0.23258093874949565
1-740866708,1,2,0,0.06589037673370064
1-740866708,2,2,0,0.06984769925514941
