case_id,k,_n_nonterm,y,p
INC0000066,1,2,0,0.082699604
INC0000066,2,2,0,0.06521064
INC0000076,1,1,0,0.051184405
INC0000084,1,4,1,0.7714683
INC0000084,2,4,1,0.7609753
INC0000084,3,4,1,0.810555
INC0000084,4,4,1,0.98743236
INC0000098,1,4,0,0.08148735
INC0000098,2,4,0,0.07470922
INC0000098,3,4,0,0.09663387
INC0000098,4,4,0,0.083907776
INC0000102,1,16,1,0.104623474
INC0000102,2,16,1,0.21036223
INC0000102,3,16,1,0.2628194
INC0000102,4,16,1,0.3039788
INC0000102,5,16,1,0.30824184
INC0000102,6,16,1,0.3745856
INC0000102,7,16,1,0.26741517
INC0000102,8,16,1,0.8507198
INC0000104,1,5,1,0.09211894
INC0000104,2,5,1,0.8835335
INC0000104,3,5,1,0.9232741
INC0000104,4,5,1,0.93509495
INC0000104,5,5,1,0.9099207
INC0000110,1,2,0,0.10766442
INC0000110,2,2,0,0.114269525
INC0000116,1,2,0,0.071765214
INC0000116,2,2,0,0.17063442
INC0000124,1,2,0,0.12525527
INC0000124,2,2,0,0.13148965
INC0000125,1,5,0,0.077931605
INC0000125,2,5,0,0.07178709
INC0000125,3,5,0,0.13931878
INC0000125,4,5,0,0.12966318
INC0000125,5,5,0,0.13153686
INC0000129,1,11,1,0.092051014
INC0000129,2,11,1,0.20851722
INC0000129,3,11,1,0.3940399
INC0000129,4,11,1,0.4267047
INC0000129,5,11,1,0.9222653
INC0000129,6,11,1,0.9312381
INC0000129,7,11,1,0.9986286
INC0000129,8,11,1,0.99924445
INC0000149,1,2,0,0.0750778
INC0000149,2,2,0,0.076376684
INC0000161,1,9,1,0.10704947
INC0000161,2,9,1,0.09471102
INC0000161,3,9,1,0.9314478
INC0000161,4,9,1,0.95877314
INC0000161,5,9,1,0.9222198
INC0000161,6,9,1,0.2657197
INC0000161,7,9,1,0.40174797
INC0000161,8,9,1,0.39340442
INC0000192,1,1,0,0.19657254
INC0000232,1,11,1,0.39749384
INC0000232,2,11,1,0.38870203
INC0000232,3,11,1,0.4698816
INC0000232,4,11,1,0.58115125
INC0000232,5,11,1,0.74934345
INC0000232,6,11,1,0.7637458
INC0000232,7,11,1,0.6587469
INC0000232,8,11,1,0.97266936
INC0000237,1,2,0,0.19519188
INC0000237,2,2,0,0.2962742
INC0000246,1,7,1,0.18513612
INC0000246,2,7,1,0.21313006
INC0000246,3,7,1,0.2130812
INC0000246,4,7,1,0.35304907
INC0000246,5,7,1,0.830518
INC0000246,6,7,1,0.73978287
INC0000246,7,7,1,0.73637366
INC0000250,1,14,1,0.26746148
INC0000250,2,14,1,0.18187681
INC0000250,3,14,1,0.40044606
INC0000250,4,14,1,0.388051
INC0000250,5,14,1,0.43175706
INC0000250,6,14,1,0.8068026
INC0000250,7,14,1,0.90709054
INC0000250,8,14,1,0.90620965
INC0000266,1,10,1,0.24126579
INC0000266,2,10,1,0.47631958
INC0000266,3,10,1,0.58616054
INC0000266,4,10,1,0.56851935
INC0000266,5,10,1,0.5637624
INC0000266,6,10,1,0.8250867
INC0000266,7,10,1,0.9085157
INC0000266,8,10,1,0.8863525
INC0000272,1,10,1,0.26040706
INC0000272,2,10,1,0.34450868
INC0000272,3,10,1,0.32033774
INC0000272,4,10,1,0.93816435
INC0000272,5,10,1,0.9254527
INC0000272,6,10,1,0.9212907
INC0000272,7,10,1,0.90487015
INC0000272,8,10,1,0.9055688
INC0000283,1,7,0,0.24082148
INC0000283,2,7,0,0.22133851
INC0000283,3,7,0,0.23760246
INC0000283,4,7,0,0.21611604
INC0000283,5,7,0,0.13082758
INC0000283,6,7,0,0.14902219
INC0000283,7,7,0,0.14148757
INC0000292,1,8,0,0.23186247
INC0000292,2,8,0,0.2745818
INC0000292,3,8,0,0.30123237
INC0000292,4,8,0,0.34897447
INC0000292,5,8,0,0.34898442
INC0000292,6,8,0,0.34898442
INC0000292,7,8,0,0.30272666
INC0000292,8,8,0,0.14607865
INC0000317,1,4,1,0.8102895
INC0000317,2,4,1,0.8031128
INC0000317,3,4,1,0.8580289
INC0000317,4,4,1,0.98373556
INC0000348,1,5,1,0.620325
INC0000348,2,5,1,0.5921523
INC0000348,3,5,1,0.61872333
INC0000348,4,5,1,0.9542112
INC0000348,5,5,1,0.96664363
INC0000351,1,2,1,0.8207334
INC0000351,2,2,1,0.8071102
INC0000385,1,8,1,0.449603
INC0000385,2,8,1,0.4717475
INC0000385,3,8,1,0.99965787
INC0000385,4,8,1,0.99901354
INC0000385,5,8,1,0.99907136
INC0000385,6,8,1,0.9985569
INC0000385,7,8,1,0.9988984
INC0000385,8,8,1,0.99822015
INC0000387,1,7,1,0.1362655
INC0000387,2,7,1,0.14548782
INC0000387,3,7,1,0.18056566
INC0000387,4,7,1,0.22589871
INC0000387,5,7,1,0.45392218
INC0000387,6,7,1,0.99077725
INC0000387,7,7,1,0.99258643
INC0000388,1,5,1,0.5157914
INC0000388,2,5,1,0.86894983
INC0000388,3,5,1,0.9010718
INC0000388,4,5,1,0.9983839
INC0000388,5,5,1,0.9980725
INC0000396,1,11,1,0.3798955
INC0000396,2,11,1,0.31374893
INC0000396,3,11,1,0.28733647
INC0000396,4,11,1,0.76651716
INC0000396,5,11,1,0.997537
INC0000396,6,11,1,0.9976174
INC0000396,7,11,1,0.99758697
INC0000396,8,11,1,0.9976107
INC0000403,1,18,1,0.2773277
INC0000403,2,18,1,0.25580695
INC0000403,3,18,1,0.30533835
INC0000403,4,18,1,0.28566098
INC0000403,5,18,1,0.2864297
INC0000403,6,18,1,0.25617227
INC0000403,7,18,1,0.446179
INC0000403,8,18,1,0.43662536
INC0000425,1,1,0,0.48734778
INC0000439,1,2,0,0.640959
INC0000439,2,2,0,0.68913186
INC0000497,1,7,0,0.28537786
INC0000497,2,7,0,0.25297394
INC0000497,3,7,0,0.31587222
INC0000497,4,7,0,0.35758653
INC0000497,5,7,0,0.3703326
INC0000497,6,7,0,0.5449449
INC0000497,7,7,0,0.8452422
INC0000524,1,11,1,0.27446383
INC0000524,2,11,1,0.2881466
INC0000524,3,11,1,0.35607207
INC0000524,4,11,1,0.99924785
INC0000524,5,11,1,0.99945
INC0000524,6,11,1,0.9997507
INC0000524,7,11,1,0.99977046
INC0000524,8,11,1,0.99979335
INC0000525,1,8,0,0.22316687
INC0000525,2,8,0,0.5525518
INC0000525,3,8,0,0.70352674
INC0000525,4,8,0,0.7279995
INC0000525,5,8,0,0.7401272
INC0000525,6,8,0,0.77071834
INC0000525,7,8,0,0.7636764
INC0000525,8,8,0,0.7599572
INC0000564,1,3,0,0.24383248
INC0000564,2,3,0,0.4700894
INC0000564,3,3,0,0.5017117
INC0000568,1,4,1,0.8842594
INC0000568,2,4,1,0.89528537
INC0000568,3,4,1,0.9119045
INC0000568,4,4,1,0.9281339
INC0000571,1,4,0,0.11555855
INC0000571,2,4,0,0.093852036
INC0000571,3,4,0,0.06816557
INC0000571,4,4,0,0.06690138
INC0000606,1,8,1,0.1870246
INC0000606,2,8,1,0.27064252
INC0000606,3,8,1,0.48321986
INC0000606,4,8,1,0.7584859
INC0000606,5,8,1,0.99897444
INC0000606,6,8,1,0.9988901
INC0000606,7,8,1,0.9996669
INC0000606,8,8,1,0.99955374
INC0000614,1,7,0,0.18095419
INC0000614,2,7,0,0.138153
INC0000614,3,7,0,0.15049385
INC0000614,4,7,0,0.14030991
INC0000614,5,7,0,0.1446838
INC0000614,6,7,0,0.13570881
INC0000614,7,7,0,0.132741
INC0000619,1,6,0,0.13066506
INC0000619,2,6,0,0.121754915
INC0000619,3,6,0,0.28431138
INC0000619,4,6,0,0.2569176
INC0000619,5,6,0,0.2578467
INC0000619,6,6,0,0.26234484
INC0000621,1,4,0,0.31019458
INC0000621,2,4,0,0.32434195
INC0000621,3,4,0,0.36425033
INC0000621,4,4,0,0.5040638
INC0000624,1,2,0,0.13431555
INC0000624,2,2,0,0.18990406
INC0000630,1,3,0,0.32437056
INC0000630,2,3,0,0.21131644
INC0000630,3,3,0,0.21869937
INC0000638,1,2,1,0.19465843
INC0000638,2,2,1,0.9252084
INC0000651,1,6,1,0.2571347
INC0000651,2,6,1,0.46263465
INC0000651,3,6,1,0.701574
INC0000651,4,6,1,0.75356627
INC0000651,5,6,1,0.9992318
INC0000651,6,6,1,0.99943703
INC0000666,1,2,0,0.170366
INC0000666,2,2,0,0.23679335
INC0000670,1,3,0,0.34671515
INC0000670,2,3,0,0.41250584
INC0000670,3,3,0,0.37298873
INC0000692,1,1,0,0.15585071
INC0000704,1,3,0,0.26573968
INC0000704,2,3,0,0.28025913
INC0000704,3,3,0,0.46663916
INC0000734,1,4,0,0.290029
INC0000734,2,4,0,0.27266124
INC0000734,3,4,0,0.46406522
INC0000734,4,4,0,0.58918804
INC0000741,1,7,1,0.32226297
INC0000741,2,7,1,0.26745299
INC0000741,3,7,1,0.2724498
INC0000741,4,7,1,0.27039462
INC0000741,5,7,1,0.287466
INC0000741,6,7,1,0.9995474
INC0000741,7,7,1,0.9992654
INC0000745,1,2,0,0.109805636
INC0000745,2,2,0,0.10588606
INC0000763,1,2,0,0.32508558
INC0000763,2,2,0,0.28844336
INC0000771,1,6,1,0.5999785
INC0000771,2,6,1,0.28018564
INC0000771,3,6,1,0.2621976
INC0000771,4,6,1,0.24621893
INC0000771,5,6,1,0.99792
INC0000771,6,6,1,0.9979646
INC0000778,1,5,0,0.107617
INC0000778,2,5,0,0.1032254
INC0000778,3,5,0,0.10104274
INC0000778,4,5,0,0.119982384
INC0000778,5,5,0,0.36032248
INC0000783,1,16,1,0.14618902
INC0000783,2,16,1,0.39355347
INC0000783,3,16,1,0.5595251
INC0000783,4,16,1,0.99884087
INC0000783,5,16,1,0.9994299
INC0000783,6,16,1,0.9988625
INC0000783,7,16,1,0.99953413
INC0000783,8,16,1,0.9991033
INC0000792,1,2,0,0.15599944
INC0000792,2,2,0,0.3821215
INC0000795,1,2,0,0.40597084
INC0000795,2,2,0,0.26593983
INC0000801,1,2,0,0.42760938
INC0000801,2,2,0,0.27573493
INC0000820,1,24,1,0.2080349
INC0000820,2,24,1,0.18191983
INC0000820,3,24,1,0.19273345
INC0000820,4,24,1,0.1831164
INC0000820,5,24,1,0.6268539
INC0000820,6,24,1,0.9990381
INC0000820,7,24,1,0.99904734
INC0000820,8,24,1,0.9991431
INC0000822,1,4,0,0.28759277
INC0000822,2,4,0,0.21144146
INC0000822,3,4,0,0.19227175
INC0000822,4,4,0,0.18642177
INC0000841,1,1,0,0.23138143
INC0000845,1,5,0,0.21129833
INC0000845,2,5,0,0.17976783
INC0000845,3,5,0,0.19732635
INC0000845,4,5,0,0.27727824
INC0000845,5,5,0,0.15429053
INC0000849,1,2,1,0.50867623
INC0000849,2,2,1,0.65481806
INC0000879,1,3,0,0.2990645
INC0000879,2,3,0,0.29697773
INC0000879,3,3,0,0.23826735
INC0000887,1,5,1,0.3995016
INC0000887,2,5,1,0.99757785
INC0000887,3,5,1,0.998382
INC0000887,4,5,1,0.9981811
INC0000887,5,5,1,0.9981743
INC0000892,1,13,1,0.1508174
INC0000892,2,13,1,0.14205168
INC0000892,3,13,1,0.31355897
INC0000892,4,13,1,0.77881503
INC0000892,5,13,1,0.7977476
INC0000892,6,13,1,0.77557164
INC0000892,7,13,1,0.9056335
INC0000892,8,13,1,0.92772746
INC0000906,1,3,0,0.23592241
INC0000906,2,3,0,0.3967007
INC0000906,3,3,0,0.61702013
INC0000908,1,3,0,0.49929896
INC0000908,2,3,0,0.58329546
INC0000908,3,3,0,0.75973487
INC0000914,1,4,1,0.22389056
INC0000914,2,4,1,0.1775216
INC0000914,3,4,1,0.18858266
INC0000914,4,4,1,0.9926439
INC0000917,1,6,0,0.20518376
INC0000917,2,6,0,0.17718384
INC0000917,3,6,0,0.12296089
INC0000917,4,6,0,0.20399927
INC0000917,5,6,0,0.32834566
INC0000917,6,6,0,0.33513212
INC0000920,1,7,1,0.32683805
INC0000920,2,7,1,0.44449523
INC0000920,3,7,1,0.49601826
INC0000920,4,7,1,0.49165502
INC0000920,5,7,1,0.5061877
INC0000920,6,7,1,0.99903834
INC0000920,7,7,1,0.99886143
INC0000930,1,2,0,0.1636532
INC0000930,2,2,0,0.20748493
INC0000981,1,12,1,0.26179415
INC0000981,2,12,1,0.29727396
INC0000981,3,12,1,0.6589625
INC0000981,4,12,1,0.69701165
INC0000981,5,12,1,0.7902659
INC0000981,6,12,1,0.9990965
INC0000981,7,12,1,0.9992144
INC0000981,8,12,1,0.99970275
INC0000990,1,26,1,0.3874116
INC0000990,2,26,1,0.35428327
INC0000990,3,26,1,0.45780244
INC0000990,4,26,1,0.7010448
INC0000990,5,26,1,0.71397406
INC0000990,6,26,1,0.7081482
INC0000990,7,26,1,0.71021086
INC0000990,8,26,1,0.7054174
INC0001008,1,1,0,0.34183937
INC0001010,1,10,0,0.20661977
INC0001010,2,10,0,0.21619295
INC0001010,3,10,0,0.093160234
INC0001010,4,10,0,0.07468292
INC0001010,5,10,0,0.08244596
INC0001010,6,10,0,0.08244596
INC0001010,7,10,0,0.09312824
INC0001010,8,10,0,0.09063673
INC0001014,1,13,1,0.4502535
INC0001014,2,13,1,0.48305026
INC0001014,3,13,1,0.6451345
INC0001014,4,13,1,0.7637086
INC0001014,5,13,1,0.9988219
INC0001014,6,13,1,0.99916816
INC0001014,7,13,1,0.999003
INC0001014,8,13,1,0.9979693
INC0001018,1,5,0,0.34122753
INC0001018,2,5,0,0.36804578
INC0001018,3,5,0,0.3681532
INC0001018,4,5,0,0.55102915
INC0001018,5,5,0,0.5597737
INC0001020,1,2,0,0.23320507
INC0001020,2,2,0,0.30329785
INC0001053,1,7,1,0.30039844
INC0001053,2,7,1,0.37834603
INC0001053,3,7,1,0.30789948
INC0001053,4,7,1,0.29854387
INC0001053,5,7,1,0.33365834
INC0001053,6,7,1,0.9968731
INC0001053,7,7,1,0.99918216
INC0001083,1,3,0,0.28682882
INC0001083,2,3,0,0.32868043
INC0001083,3,3,0,0.40721098
INC0001092,1,3,1,0.519209
INC0001092,2,3,1,0.9984863
INC0001092,3,3,1,0.99903524
INC0001108,1,9,1,0.3763969
INC0001108,2,9,1,0.7586913
INC0001108,3,9,1,0.7578122
INC0001108,4,9,1,0.8631228
INC0001108,5,9,1,0.92223746
INC0001108,6,9,1,0.99950194
INC0001108,7,9,1,0.99974996
INC0001108,8,9,1,0.99977046
INC0001112,1,3,1,0.8970085
INC0001112,2,3,1,0.9566097
INC0001112,3,3,1,0.99984694
INC0001117,1,1,1,0.50098026
INC0001133,1,2,0,0.44214317
INC0001133,2,2,0,0.2404113
INC0001154,1,13,1,0.41548705
INC0001154,2,13,1,0.5888805
INC0001154,3,13,1,0.64856577
INC0001154,4,13,1,0.61739737
INC0001154,5,13,1,0.8544912
INC0001154,6,13,1,0.8859969
INC0001154,7,13,1,0.99937207
INC0001154,8,13,1,0.9995034
INC0001173,1,3,0,0.7162056
INC0001173,2,3,0,0.5495153
INC0001173,3,3,0,0.52031606
INC0001186,1,5,1,0.9137578
INC0001186,2,5,1,0.9954868
INC0001186,3,5,1,0.9987991
INC0001186,4,5,1,0.9987379
INC0001186,5,5,1,0.99848026
INC0001199,1,6,1,0.5095764
INC0001199,2,6,1,0.5608157
INC0001199,3,6,1,0.65466833
INC0001199,4,6,1,0.71834254
INC0001199,5,6,1,0.9988955
INC0001199,6,6,1,0.99873537
INC0001239,1,5,1,0.7673138
INC0001239,2,5,1,0.99928266
INC0001239,3,5,1,0.99910045
INC0001239,4,5,1,0.9991198
INC0001239,5,5,1,0.99917835
INC0001261,1,4,1,0.44804683
INC0001261,2,4,1,0.62249076
INC0001261,3,4,1,0.99873644
INC0001261,4,4,1,0.99876213
INC0001270,1,18,1,0.731597
INC0001270,2,18,1,0.7780851
INC0001270,3,18,1,0.7780851
INC0001270,4,18,1,0.71958363
INC0001270,5,18,1,0.71958363
INC0001270,6,18,1,0.7068987
INC0001270,7,18,1,0.8137528
INC0001270,8,18,1,0.66887575
INC0001278,1,4,1,0.53836614
INC0001278,2,4,1,0.65575314
INC0001278,3,4,1,0.55979425
INC0001278,4,4,1,0.4668175
INC0001295,1,1,0,0.45848006
INC0001313,1,3,1,0.8240543
INC0001313,2,3,1,0.9983412
INC0001313,3,3,1,0.9983015
INC0001318,1,4,0,0.5412065
INC0001318,2,4,0,0.4445224
INC0001318,3,4,0,0.44126332
INC0001318,4,4,0,0.33045906
INC0001319,1,16,1,0.4567301
INC0001319,2,16,1,0.5211593
INC0001319,3,16,1,0.977434
INC0001319,4,16,1,0.97589195
INC0001319,5,16,1,0.9749967
INC0001319,6,16,1,0.81191427
INC0001319,7,16,1,0.8073747
INC0001319,8,16,1,0.7301284
INC0001333,1,1,0,0.73981965
INC0001336,1,6,0,0.5005539
INC0001336,2,6,0,0.4669803
INC0001336,3,6,0,0.3225988
INC0001336,4,6,0,0.31301168
INC0001336,5,6,0,0.3114354
INC0001336,6,6,0,0.30897084
INC0001359,1,2,0,0.40004498
INC0001359,2,2,0,0.23522289
INC0001360,1,2,0,0.4040988
INC0001360,2,2,0,0.43009534
INC0001368,1,2,0,0.63137525
INC0001368,2,2,0,0.5099033
INC0001406,1,4,1,0.666881
INC0001406,2,4,1,0.99930274
INC0001406,3,4,1,0.9992779
INC0001406,4,4,1,0.9987212
INC0001407,1,1,0,0.5220988
INC0001433,1,2,1,0.2539616
INC0001433,2,2,1,0.39046705
INC0001445,1,8,1,0.73451346
INC0001445,2,8,1,0.69467086
INC0001445,3,8,1,0.6786768
INC0001445,4,8,1,0.6795496
INC0001445,5,8,1,0.65470874
INC0001445,6,8,1,0.99775875
INC0001445,7,8,1,0.9974267
INC0001445,8,8,1,0.997656
INC0001474,1,5,0,0.60976076
INC0001474,2,5,0,0.5343865
INC0001474,3,5,0,0.595581
INC0001474,4,5,0,0.5977564
INC0001474,5,5,0,0.5771008
INC0001477,1,7,0,0.22199999
INC0001477,2,7,0,0.16376218
INC0001477,3,7,0,0.15807351
INC0001477,4,7,0,0.18645072
INC0001477,5,7,0,0.20370951
INC0001477,6,7,0,0.20201753
INC0001477,7,7,0,0.22565259
INC0001492,1,3,0,0.37778077
INC0001492,2,3,0,0.7655844
INC0001492,3,3,0,0.7710602
INC0001517,1,11,1,0.62483793
INC0001517,2,11,1,0.5390165
INC0001517,3,11,1,0.5934564
INC0001517,4,11,1,0.6624188
INC0001517,5,11,1,0.77844435
INC0001517,6,11,1,0.7714362
INC0001517,7,11,1,0.754672
INC0001517,8,11,1,0.9954164
INC0001529,1,4,1,0.6016903
INC0001529,2,4,1,0.89838636
INC0001529,3,4,1,0.99981016
INC0001529,4,4,1,0.9995467
INC0001534,1,1,0,0.4158103
INC0001561,1,6,1,0.47184607
INC0001561,2,6,1,0.46783823
INC0001561,3,6,1,0.45959157
INC0001561,4,6,1,0.55171275
INC0001561,5,6,1,0.99927336
INC0001561,6,6,1,0.9992318
INC0001594,1,2,0,0.3396593
INC0001594,2,2,0,0.31231147
INC0001596,1,2,1,0.46136665
INC0001596,2,2,1,0.99032754
INC0001599,1,2,0,0.21247023
INC0001599,2,2,0,0.30345017
INC0001616,1,1,0,0.3312362
INC0001617,1,2,0,0.22797137
INC0001617,2,2,0,0.20252761
INC0001630,1,8,1,0.4984097
INC0001630,2,8,1,0.5163426
INC0001630,3,8,1,0.47510317
INC0001630,4,8,1,0.4631296
INC0001630,5,8,1,0.6518936
INC0001630,6,8,1,0.9934221
INC0001630,7,8,1,0.9986921
INC0001630,8,8,1,0.9987552
INC0001649,1,14,1,0.95345896
INC0001649,2,14,1,0.96265465
INC0001649,3,14,1,0.95749086
INC0001649,4,14,1,0.9999305
INC0001649,5,14,1,0.9998079
INC0001649,6,14,1,0.9998554
INC0001649,7,14,1,0.9997476
INC0001649,8,14,1,0.9997794
INC0001651,1,2,0,0.2748202
INC0001651,2,2,0,0.66194564
INC0001655,1,1,0,0.26936522
INC0001662,1,6,1,0.53800833
INC0001662,2,6,1,0.9956927
INC0001662,3,6,1,0.99473876
INC0001662,4,6,1,0.99618906
INC0001662,5,6,1,0.99656004
INC0001662,6,6,1,0.9992735
INC0001703,1,6,1,0.45567605
INC0001703,2,6,1,0.99679995
INC0001703,3,6,1,0.99672663
INC0001703,4,6,1,0.994364
INC0001703,5,6,1,0.99417865
INC0001703,6,6,1,0.9989636
INC0001713,1,5,1,0.75136876
INC0001713,2,5,1,0.9996132
INC0001713,3,5,1,0.9995803
INC0001713,4,5,1,0.9996815
INC0001713,5,5,1,0.9997192
INC0001714,1,1,0,0.15933405
INC0001737,1,9,1,0.4985297
INC0001737,2,9,1,0.5016664
INC0001737,3,9,1,0.4646956
INC0001737,4,9,1,0.59200513
INC0001737,5,9,1,0.72566175
INC0001737,6,9,1,0.9949108
INC0001737,7,9,1,0.9990613
INC0001737,8,9,1,0.99903214
INC0001753,1,10,1,0.45300817
INC0001753,2,10,1,0.41284734
INC0001753,3,10,1,0.9000525
INC0001753,4,10,1,0.89443254
INC0001753,5,10,1,0.9429319
INC0001753,6,10,1,0.9600679
INC0001753,7,10,1,0.9390298
INC0001753,8,10,1,0.9576009
INC0001759,1,3,1,0.56171495
INC0001759,2,3,1,0.6766168
INC0001759,3,3,1,0.9992704
INC0001768,1,6,1,0.46098924
INC0001768,2,6,1,0.43511564
INC0001768,3,6,1,0.54010844
INC0001768,4,6,1,0.5563572
INC0001768,5,6,1,0.45239362
INC0001768,6,6,1,0.9755255
INC0001769,1,9,1,0.4913384
INC0001769,2,9,1,0.53959805
INC0001769,3,9,1,0.60092443
INC0001769,4,9,1,0.9862367
INC0001769,5,9,1,0.9846468
INC0001769,6,9,1,0.9995278
INC0001769,7,9,1,0.998254
INC0001769,8,9,1,0.99847406
INC0001797,1,3,1,0.95482874
INC0001797,2,3,1,0.96370435
INC0001797,3,3,1,0.96487737
INC0001803,1,15,1,0.8016538
INC0001803,2,15,1,0.84025866
INC0001803,3,15,1,0.996333
INC0001803,4,15,1,0.9897877
INC0001803,5,15,1,0.99393094
INC0001803,6,15,1,0.9923534
INC0001803,7,15,1,0.9853645
INC0001803,8,15,1,0.96478224
INC0001816,1,7,1,0.25608099
INC0001816,2,7,1,0.26534492
INC0001816,3,7,1,0.31099916
INC0001816,4,7,1,0.5926056
INC0001816,5,7,1,0.9997342
INC0001816,6,7,1,0.99900347
INC0001816,7,7,1,0.998887
INC0001822,1,4,1,0.43295738
INC0001822,2,4,1,0.99701935
INC0001822,3,4,1,0.99704295
INC0001822,4,4,1,0.99664503
INC0001828,1,8,1,0.35641107
INC0001828,2,8,1,0.3252227
INC0001828,3,8,1,0.33357006
INC0001828,4,8,1,0.3589765
INC0001828,5,8,1,0.9984366
INC0001828,6,8,1,0.9983368
INC0001828,7,8,1,0.9965485
INC0001828,8,8,1,0.9990227
INC0001835,1,2,1,0.665921
INC0001835,2,2,1,0.600492
INC0001860,1,13,1,0.8083932
INC0001860,2,13,1,0.82720566
INC0001860,3,13,1,0.82927865
INC0001860,4,13,1,0.9184965
INC0001860,5,13,1,0.94406354
INC0001860,6,13,1,0.89097434
INC0001860,7,13,1,0.8999503
INC0001860,8,13,1,0.9841658
INC0001871,1,3,1,0.62697846
INC0001871,2,3,1,0.44647557
INC0001871,3,3,1,0.9993926
INC0001900,1,7,0,0.53795505
INC0001900,2,7,0,0.52543634
INC0001900,3,7,0,0.23832919
INC0001900,4,7,0,0.6000962
INC0001900,5,7,0,0.5574935
INC0001900,6,7,0,0.55951995
INC0001900,7,7,0,0.6062992
INC0001914,1,2,0,0.33761543
INC0001914,2,2,0,0.41164228
INC0001918,1,2,1,0.45854914
INC0001918,2,2,1,0.9982845
INC0001921,1,5,1,0.4480218
INC0001921,2,5,1,0.31890142
INC0001921,3,5,1,0.8890849
INC0001921,4,5,1,0.90777904
INC0001921,5,5,1,0.9985051
INC0001922,1,21,1,0.44615433
INC0001922,2,21,1,0.46681455
INC0001922,3,21,1,0.3405819
INC0001922,4,21,1,0.5596294
INC0001922,5,21,1,0.95489657
INC0001922,6,21,1,0.9654708
INC0001922,7,21,1,0.99465585
INC0001922,8,21,1,0.9833687
INC0001945,1,7,1,0.3205111
INC0001945,2,7,1,0.36463368
INC0001945,3,7,1,0.35460186
INC0001945,4,7,1,0.9103193
INC0001945,5,7,1,0.9433253
INC0001945,6,7,1,0.9995617
INC0001945,7,7,1,0.99901557
INC0001949,1,2,0,0.5067173
INC0001949,2,2,0,0.23145156
INC0001957,1,2,0,0.17770557
INC0001957,2,2,0,0.1306839
INC0001967,1,4,1,0.7950021
INC0001967,2,4,1,0.7042789
INC0001967,3,4,1,0.9986033
INC0001967,4,4,1,0.9991837
INC0001999,1,5,0,0.18507047
INC0001999,2,5,0,0.14273113
INC0001999,3,5,0,0.1579843
INC0001999,4,5,0,0.19052279
INC0001999,5,5,0,0.2248107
INC0002035,1,3,0,0.38173905
INC0002035,2,3,0,0.3286503
INC0002035,3,3,0,0.4127545
INC0002061,1,1,0,0.26439342
INC0002064,1,7,1,0.5476496
INC0002064,2,7,1,0.5342305
INC0002064,3,7,1,0.50315976
INC0002064,4,7,1,0.48988223
INC0002064,5,7,1,0.6738224
INC0002064,6,7,1,0.92193264
INC0002064,7,7,1,0.9227624
INC0002079,1,2,0,0.12304342
INC0002079,2,2,0,0.14318606
INC0002093,1,2,0,0.46455324
INC0002093,2,2,0,0.49479237
INC0002095,1,2,0,0.10246914
INC0002095,2,2,0,0.10948642
INC0002122,1,2,1,0.5284032
INC0002122,2,2,1,0.7562118
INC0002127,1,5,1,0.35849562
INC0002127,2,5,1,0.29136252
INC0002127,3,5,1,0.2531117
INC0002127,4,5,1,0.24485257
INC0002127,5,5,1,0.2426631
INC0002141,1,4,1,0.40706405
INC0002141,2,4,1,0.31712797
INC0002141,3,4,1,0.2831969
INC0002141,4,4,1,0.21949056
INC0002164,1,8,1,0.331491
INC0002164,2,8,1,0.49185127
INC0002164,3,8,1,0.60327023
INC0002164,4,8,1,0.98598063
INC0002164,5,8,1,0.99060094
INC0002164,6,8,1,0.9880768
INC0002164,7,8,1,0.99894625
INC0002164,8,8,1,0.9988432
INC0002181,1,11,1,0.47447947
INC0002181,2,11,1,0.4790952
INC0002181,3,11,1,0.8151827
INC0002181,4,11,1,0.9991296
INC0002181,5,11,1,0.99900347
INC0002181,6,11,1,0.999542
INC0002181,7,11,1,0.9990853
INC0002181,8,11,1,0.9990854
INC0002204,1,1,0,0.131813
INC0002227,1,11,1,0.34740627
INC0002227,2,11,1,0.4564147
INC0002227,3,11,1,0.5391898
INC0002227,4,11,1,0.5764507
INC0002227,5,11,1,0.66345894
INC0002227,6,11,1,0.46614286
INC0002227,7,11,1,0.99136776
INC0002227,8,11,1,0.99402976
INC0002251,1,3,0,0.23057073
INC0002251,2,3,0,0.192985
INC0002251,3,3,0,0.16826424
INC0002319,1,4,1,0.8579616
INC0002319,2,4,1,0.81147295
INC0002319,3,4,1,0.9974421
INC0002319,4,4,1,0.9971079
INC0002339,1,5,1,0.595115
INC0002339,2,5,1,0.9520226
INC0002339,3,5,1,0.9978878
INC0002339,4,5,1,0.99919945
INC0002339,5,5,1,0.99908125
INC0002343,1,1,0,0.5781752
INC0002347,1,2,0,0.074966915
INC0002347,2,2,0,0.08062403
INC0002349,1,2,0,0.6680043
INC0002349,2,2,0,0.5983422
INC0002376,1,11,1,0.5820571
INC0002376,2,11,1,0.460783
INC0002376,3,11,1,0.46467853
INC0002376,4,11,1,0.53700143
INC0002376,5,11,1,0.965988
INC0002376,6,11,1,0.97016305
INC0002376,7,11,1,0.98901725
INC0002376,8,11,1,0.9878929
INC0002378,1,15,1,0.7114114
INC0002378,2,15,1,0.65606683
INC0002378,3,15,1,0.59056765
INC0002378,4,15,1,0.96122646
INC0002378,5,15,1,0.9910642
INC0002378,6,15,1,0.99354833
INC0002378,7,15,1,0.9996929
INC0002378,8,15,1,0.99733955
INC0002379,1,14,1,0.7926204
INC0002379,2,14,1,0.74524856
INC0002379,3,14,1,0.6629981
INC0002379,4,14,1,0.65239364
INC0002379,5,14,1,0.5680946
INC0002379,6,14,1,0.61238474
INC0002379,7,14,1,0.6189101
INC0002379,8,14,1,0.99295056
INC0002391,1,1,0,0.39826658
INC0002406,1,4,1,0.7478979
INC0002406,2,4,1,0.7274039
INC0002406,3,4,1,0.80656064
INC0002406,4,4,1,0.9990729
INC0002409,1,9,1,0.7094504
INC0002409,2,9,1,0.99825555
INC0002409,3,9,1,0.99635243
INC0002409,4,9,1,0.99609095
INC0002409,5,9,1,0.99609095
INC0002409,6,9,1,0.9961591
INC0002409,7,9,1,0.9967187
INC0002409,8,9,1,0.99759346
INC0002412,1,4,0,0.5260727
INC0002412,2,4,0,0.24657983
INC0002412,3,4,0,0.20998469
INC0002412,4,4,0,0.21533218
INC0002415,1,3,1,0.79127187
INC0002415,2,3,1,0.49654892
INC0002415,3,3,1,0.9902452
INC0002426,1,7,1,0.7906069
INC0002426,2,7,1,0.99747545
INC0002426,3,7,1,0.99767786
INC0002426,4,7,1,0.99761176
INC0002426,5,7,1,0.99758327
INC0002426,6,7,1,0.9974623
INC0002426,7,7,1,0.9993414
INC0002428,1,10,1,0.7757753
INC0002428,2,10,1,0.6795477
INC0002428,3,10,1,0.9178766
INC0002428,4,10,1,0.96718985
INC0002428,5,10,1,0.98756033
INC0002428,6,10,1,0.99440575
INC0002428,7,10,1,0.99450064
INC0002428,8,10,1,0.9943197
INC0002446,1,1,0,0.6046927
INC0002452,1,7,1,0.70014614
INC0002452,2,7,1,0.6580571
INC0002452,3,7,1,0.54316634
INC0002452,4,7,1,0.9734205
INC0002452,5,7,1,0.9908578
INC0002452,6,7,1,0.9900373
INC0002452,7,7,1,0.9990638
INC0002457,1,5,1,0.5534154
INC0002457,2,5,1,0.7441449
INC0002457,3,5,1,0.9846565
INC0002457,4,5,1,0.9941176
INC0002457,5,5,1,0.99959904
INC0002463,1,7,1,0.40946317
INC0002463,2,7,1,0.3261434
INC0002463,3,7,1,0.3110809
INC0002463,4,7,1,0.3691072
INC0002463,5,7,1,0.48648688
INC0002463,6,7,1,0.98291725
INC0002463,7,7,1,0.98310745
INC0002468,1,6,1,0.7559469
INC0002468,2,6,1,0.9797585
INC0002468,3,6,1,0.99336255
INC0002468,4,6,1,0.9933229
INC0002468,5,6,1,0.99473214
INC0002468,6,6,1,0.9985323
INC0002492,1,4,1,0.81350094
INC0002492,2,4,1,0.99152124
INC0002492,3,4,1,0.9892798
INC0002492,4,4,1,0.99956864
INC0002515,1,1,0,0.11509783
INC0002521,1,1,0,0.35316667
INC0002546,1,6,1,0.5430247
INC0002546,2,6,1,0.48640135
INC0002546,3,6,1,0.82503647
INC0002546,4,6,1,0.95225537
INC0002546,5,6,1,0.9707792
INC0002546,6,6,1,0.9995789
INC0002551,1,1,1,0.696193
INC0002554,1,1,1,0.46680114
INC0002557,1,7,1,0.8998872
INC0002557,2,7,1,0.87092704
INC0002557,3,7,1,0.99566746
INC0002557,4,7,1,0.9970107
INC0002557,5,7,1,0.9970693
INC0002557,6,7,1,0.9968828
INC0002557,7,7,1,0.99584794
INC0002591,1,4,1,0.1934631
INC0002591,2,4,1,0.20165396
INC0002591,3,4,1,0.20165396
INC0002591,4,4,1,0.21998341
INC0002602,1,3,1,0.62548864
INC0002602,2,3,1,0.5479558
INC0002602,3,3,1,0.974052
INC0002603,1,9,1,0.4189736
INC0002603,2,9,1,0.16898872
INC0002603,3,9,1,0.2641761
INC0002603,4,9,1,0.7936361
INC0002603,5,9,1,0.6652806
INC0002603,6,9,1,0.65083283
INC0002603,7,9,1,0.5908652
INC0002603,8,9,1,0.9153531
INC0002613,1,5,1,0.7834742
INC0002613,2,5,1,0.9937152
INC0002613,3,5,1,0.9937152
INC0002613,4,5,1,0.99520606
INC0002613,5,5,1,0.99167585
INC0002615,1,1,1,0.89567333
INC0002617,1,2,1,0.8537478
INC0002617,2,2,1,0.83344656
INC0002619,1,8,1,0.6559557
INC0002619,2,8,1,0.9767794
INC0002619,3,8,1,0.9908862
INC0002619,4,8,1,0.99263763
INC0002619,5,8,1,0.99353725
INC0002619,6,8,1,0.99347115
INC0002619,7,8,1,0.99548113
INC0002619,8,8,1,0.9979746
INC0002643,1,5,1,0.67119277
INC0002643,2,5,1,0.9859649
INC0002643,3,5,1,0.97782296
INC0002643,4,5,1,0.9863105
INC0002643,5,5,1,0.9991715
INC0002648,1,2,1,0.8574764
INC0002648,2,2,1,0.85446
INC0002670,1,10,1,0.50524807
INC0002670,2,10,1,0.98697144
INC0002670,3,10,1,0.9917889
INC0002670,4,10,1,0.999424
INC0002670,5,10,1,0.9981831
INC0002670,6,10,1,0.9981475
INC0002670,7,10,1,0.99810374
INC0002670,8,10,1,0.99881136
INC0002673,1,6,1,0.49616712
INC0002673,2,6,1,0.98994154
INC0002673,3,6,1,0.9915354
INC0002673,4,6,1,0.9896047
INC0002673,5,6,1,0.98422444
INC0002673,6,6,1,0.9873344
INC0002675,1,6,1,0.74471456
INC0002675,2,6,1,0.9875051
INC0002675,3,6,1,0.9903104
INC0002675,4,6,1,0.9932111
INC0002675,5,6,1,0.9946121
INC0002675,6,6,1,0.99386436
INC0002696,1,1,1,0.60556847
INC0002717,1,6,1,0.5967778
INC0002717,2,6,1,0.44207788
INC0002717,3,6,1,0.43436283
INC0002717,4,6,1,0.57761276
INC0002717,5,6,1,0.96074206
INC0002717,6,6,1,0.9837839
INC0002743,1,6,1,0.71494025
INC0002743,2,6,1,0.7044829
INC0002743,3,6,1,0.737008
INC0002743,4,6,1,0.9938784
INC0002743,5,6,1,0.993471
INC0002743,6,6,1,0.9933154
INC0002749,1,5,1,0.81963176
INC0002749,2,5,1,0.86715853
INC0002749,3,5,1,0.9988852
INC0002749,4,5,1,0.9975715
INC0002749,5,5,1,0.9979874
INC0002753,1,6,1,0.7261094
INC0002753,2,6,1,0.7583038
INC0002753,3,6,1,0.8012717
INC0002753,4,6,1,0.9998203
INC0002753,5,6,1,0.9988034
INC0002753,6,6,1,0.99851686
INC0002760,1,8,1,0.6870673
INC0002760,2,8,1,0.94164103
INC0002760,3,8,1,0.9412783
INC0002760,4,8,1,0.93832076
INC0002760,5,8,1,0.98703986
INC0002760,6,8,1,0.99096465
INC0002760,7,8,1,0.9899122
INC0002760,8,8,1,0.9945298
INC0002772,1,2,0,0.13617451
INC0002772,2,2,0,0.13688841
INC0002789,1,3,1,0.98386186
INC0002789,2,3,1,0.98296344
INC0002789,3,3,1,0.9950245
INC0002794,1,14,1,0.8417725
INC0002794,2,14,1,0.8095138
INC0002794,3,14,1,0.80808985
INC0002794,4,14,1,0.80107194
INC0002794,5,14,1,0.8881111
INC0002794,6,14,1,0.9122161
INC0002794,7,14,1,0.9997652
INC0002794,8,14,1,0.99968505
INC0002810,1,10,0,0.1348022
INC0002810,2,10,0,0.092673965
INC0002810,3,10,0,0.19619802
INC0002810,4,10,0,0.1809138
INC0002810,5,10,0,0.14616953
INC0002810,6,10,0,0.14999236
INC0002810,7,10,0,0.15433
INC0002810,8,10,0,0.1478114
INC0002825,1,2,1,0.6194636
INC0002825,2,2,1,0.9715318
INC0002842,1,3,0,0.74375093
INC0002842,2,3,0,0.7349262
INC0002842,3,3,0,0.7349262
INC0002851,1,6,1,0.8180943
INC0002851,2,6,1,0.80847806
INC0002851,3,6,1,0.818048
INC0002851,4,6,1,0.9987704
INC0002851,5,6,1,0.99878865
INC0002851,6,6,1,0.99907386
INC0002870,1,1,0,0.7182271
INC0002871,1,1,0,0.6545104
INC0002890,1,3,1,0.9963199
INC0002890,2,3,1,0.9961188
INC0002890,3,3,1,0.9962639
INC0002940,1,2,1,0.91639555
INC0002940,2,2,1,0.8940701
INC0002964,1,6,1,0.9304457
INC0002964,2,6,1,0.9071223
INC0002964,3,6,1,0.9197318
INC0002964,4,6,1,0.92107886
INC0002964,5,6,1,0.9222667
INC0002964,6,6,1,0.9180761
INC0002971,1,6,1,0.92147136
INC0002971,2,6,1,0.8982121
INC0002971,3,6,1,0.8957941
INC0002971,4,6,1,0.9846438
INC0002971,5,6,1,0.9851205
INC0002971,6,6,1,0.9850187
INC0002976,1,2,1,0.9386244
INC0002976,2,2,1,0.9173366
INC0003018,1,3,1,0.88979846
INC0003018,2,3,1,0.89886355
INC0003018,3,3,1,0.98659223
INC0003020,1,7,1,0.9093097
INC0003020,2,7,1,0.89414346
INC0003020,3,7,1,0.9809145
INC0003020,4,7,1,0.98467326
INC0003020,5,7,1,0.9962863
INC0003020,6,7,1,0.9983352
INC0003020,7,7,1,0.99837106
INC0003027,1,8,1,0.9027401
INC0003027,2,8,1,0.8483255
INC0003027,3,8,1,0.9791586
INC0003027,4,8,1,0.97957534
INC0003027,5,8,1,0.9908654
INC0003027,6,8,1,0.9924827
INC0003027,7,8,1,0.9949662
INC0003027,8,8,1,0.99931264
INC0003046,1,1,1,0.8888028
INC0003052,1,1,0,0.14774384
INC0003065,1,13,1,0.93032694
INC0003065,2,13,1,0.9885795
INC0003065,3,13,1,0.9859195
INC0003065,4,13,1,0.9935241
INC0003065,5,13,1,0.9945905
INC0003065,6,13,1,0.99430263
INC0003065,7,13,1,0.9936885
INC0003065,8,13,1,0.9938498
INC0003066,1,8,1,0.91838884
INC0003066,2,8,1,0.9675953
INC0003066,3,8,1,0.9797115
INC0003066,4,8,1,0.99911827
INC0003066,5,8,1,0.9995497
INC0003066,6,8,1,0.99942964
INC0003066,7,8,1,0.9994394
INC0003066,8,8,1,0.9987852
INC0003075,1,5,1,0.94996434
INC0003075,2,5,1,0.92410487
INC0003075,3,5,1,0.9897593
INC0003075,4,5,1,0.98395616
INC0003075,5,5,1,0.99387085
INC0003076,1,4,1,0.90121186
INC0003076,2,4,1,0.87656903
INC0003076,3,4,1,0.98943675
INC0003076,4,4,1,0.9928398
INC0003077,1,2,1,0.91838884
INC0003077,2,2,1,0.9693366
INC0003088,1,1,1,0.89357823
INC0003100,1,12,1,0.91321397
INC0003100,2,12,1,0.9884791
INC0003100,3,12,1,0.9790958
INC0003100,4,12,1,0.9841245
INC0003100,5,12,1,0.9909498
INC0003100,6,12,1,0.9910048
INC0003100,7,12,1,0.99933904
INC0003100,8,12,1,0.9993262
INC0003101,1,7,1,0.90248734
INC0003101,2,7,1,0.89119923
INC0003101,3,7,1,0.9788679
INC0003101,4,7,1,0.97795856
INC0003101,5,7,1,0.9853758
INC0003101,6,7,1,0.98452884
INC0003101,7,7,1,0.98060936
INC0003105,1,2,1,0.8640418
INC0003105,2,2,1,0.989127
INC0003106,1,3,1,0.9061795
INC0003106,2,3,1,0.9617596
INC0003106,3,3,1,0.9623755
INC0003110,1,5,1,0.9054169
INC0003110,2,5,1,0.93682957
INC0003110,3,5,1,0.93920803
INC0003110,4,5,1,0.9219675
INC0003110,5,5,1,0.983114
INC0003111,1,4,1,0.9117635
INC0003111,2,4,1,0.8857344
INC0003111,3,4,1,0.8857344
INC0003111,4,4,1,0.9839744
INC0003137,1,7,1,0.9141871
INC0003137,2,7,1,0.9658693
INC0003137,3,7,1,0.97043973
INC0003137,4,7,1,0.99913496
INC0003137,5,7,1,0.99920064
INC0003137,6,7,1,0.99919564
INC0003137,7,7,1,0.9992004
INC0003140,1,22,1,0.8298447
INC0003140,2,22,1,0.9666795
INC0003140,3,22,1,0.95120335
INC0003140,4,22,1,0.96072125
INC0003140,5,22,1,0.98372656
INC0003140,6,22,1,0.9632068
INC0003140,7,22,1,0.9915969
INC0003140,8,22,1,0.9975805
INC0003141,1,7,1,0.90790194
INC0003141,2,7,1,0.9686396
INC0003141,3,7,1,0.98540604
INC0003141,4,7,1,0.98954624
INC0003141,5,7,1,0.9901245
INC0003141,6,7,1,0.98632926
INC0003141,7,7,1,0.9828189
INC0003167,1,1,1,0.95506203
INC0003179,1,10,1,0.91821116
INC0003179,2,10,1,0.9872125
INC0003179,3,10,1,0.9825797
INC0003179,4,10,1,0.97977144
INC0003179,5,10,1,0.9867901
INC0003179,6,10,1,0.9909937
INC0003179,7,10,1,0.99129546
INC0003179,8,10,1,0.99890447
INC0003187,1,2,1,0.9090417
INC0003187,2,2,1,0.98634315
INC0003192,1,5,1,0.9054169
INC0003192,2,5,1,0.8898845
INC0003192,3,5,1,0.93638533
INC0003192,4,5,1,0.94617075
INC0003192,5,5,1,0.99889356
INC0003199,1,3,1,0.9116642
INC0003199,2,3,1,0.952336
INC0003199,3,3,1,0.9612613
INC0003247,1,2,1,0.9191659
INC0003247,2,2,1,0.9655398
INC0003314,1,3,1,0.98839605
INC0003314,2,3,1,0.9929717
INC0003314,3,3,1,0.98735607
INC0003345,1,3,1,0.989287
INC0003345,2,3,1,0.99876946
INC0003345,3,3,1,0.9989961
INC0003359,1,7,1,0.97627604
INC0003359,2,7,1,0.98181057
INC0003359,3,7,1,0.9898453
INC0003359,4,7,1,0.9985183
INC0003359,5,7,1,0.9987343
INC0003359,6,7,1,0.99950993
INC0003359,7,7,1,0.9993542
INC0003360,1,5,1,0.98138875
INC0003360,2,5,1,0.97675043
INC0003360,3,5,1,0.9888405
INC0003360,4,5,1,0.9903015
INC0003360,5,5,1,0.9862325
INC0003378,1,2,1,0.9729303
INC0003378,2,2,1,0.96480066
INC0003389,1,2,1,0.98363197
INC0003389,2,2,1,0.9958687
INC0003406,1,4,1,0.9624756
INC0003406,2,4,1,0.99862814
INC0003406,3,4,1,0.9997241
INC0003406,4,4,1,0.9992638
INC0003410,1,4,1,0.82325566
INC0003410,2,4,1,0.92126197
INC0003410,3,4,1,0.96199614
INC0003410,4,4,1,0.99720424
INC0003417,1,2,1,0.9790364
INC0003417,2,2,1,0.99939954
INC0003420,1,4,1,0.9783789
INC0003420,2,4,1,0.9958687
INC0003420,3,4,1,0.9990957
INC0003420,4,4,1,0.99912924
INC0003445,1,1,1,0.9866562
INC0003448,1,2,1,0.98911816
INC0003448,2,2,1,0.9851998
INC0003453,1,8,1,0.9916082
INC0003453,2,8,1,0.9919789
INC0003453,3,8,1,0.9919715
INC0003453,4,8,1,0.99583685
INC0003453,5,8,1,0.9990226
INC0003453,6,8,1,0.9990681
INC0003453,7,8,1,0.9991667
INC0003453,8,8,1,0.99904376
INC0003479,1,6,1,0.9890855
INC0003479,2,6,1,0.98817796
INC0003479,3,6,1,0.9899588
INC0003479,4,6,1,0.9938362
INC0003479,5,6,1,0.99725634
INC0003479,6,6,1,0.999064
INC0003498,1,5,1,0.98824185
INC0003498,2,5,1,0.9874336
INC0003498,3,5,1,0.9901551
INC0003498,4,5,1,0.9988758
INC0003498,5,5,1,0.99885595
INC0003502,1,8,1,0.9857826
INC0003502,2,8,1,0.9880654
INC0003502,3,8,1,0.9804181
INC0003502,4,8,1,0.9933495
INC0003502,5,8,1,0.99458176
INC0003502,6,8,1,0.9991142
INC0003502,7,8,1,0.9993031
INC0003502,8,8,1,0.9991634
INC0003516,1,10,1,0.9828771
INC0003516,2,10,1,0.9853549
INC0003516,3,10,1,0.9870855
INC0003516,4,10,1,0.9958697
INC0003516,5,10,1,0.9931223
INC0003516,6,10,1,0.98140234
INC0003516,7,10,1,0.98634106
INC0003516,8,10,1,0.97729754
INC0003517,1,3,1,0.98641115
INC0003517,2,3,1,0.98182845
INC0003517,3,3,1,0.9804482
INC0003521,1,2,1,0.9963865
INC0003521,2,2,1,0.9991586
INC0003526,1,6,1,0.99816823
INC0003526,2,6,1,0.99772674
INC0003526,3,6,1,0.9946131
INC0003526,4,6,1,0.9971987
INC0003526,5,6,1,0.99884063
INC0003526,6,6,1,0.9983885
INC0003537,1,7,1,0.99073833
INC0003537,2,7,1,0.98535776
INC0003537,3,7,1,0.98535776
INC0003537,4,7,1,0.99221814
INC0003537,5,7,1,0.9919242
INC0003537,6,7,1,0.99357784
INC0003537,7,7,1,0.9997838
INC0003547,1,3,1,0.99666566
INC0003547,2,3,1,0.99932015
INC0003547,3,3,1,0.99842775
INC0003567,1,6,1,0.99333113
INC0003567,2,6,1,0.99187297
INC0003567,3,6,1,0.9983701
INC0003567,4,6,1,0.99932134
INC0003567,5,6,1,0.99906486
INC0003567,6,6,1,0.9990958
INC0003613,1,3,1,0.9957402
INC0003613,2,3,1,0.99925214
INC0003613,3,3,1,0.9980021
INC0003620,1,6,1,0.9822558
INC0003620,2,6,1,0.9798614
INC0003620,3,6,1,0.9805519
INC0003620,4,6,1,0.98376775
INC0003620,5,6,1,0.97749376
INC0003620,6,6,1,0.97725904
INC0003634,1,4,1,0.97747415
INC0003634,2,4,1,0.97437674
INC0003634,3,4,1,0.9264535
INC0003634,4,4,1,0.9263224
INC0003638,1,3,1,0.9852122
INC0003638,2,3,1,0.98072696
INC0003638,3,3,1,0.9855106
INC0003655,1,2,1,0.9835613
INC0003655,2,2,1,0.97472644
INC0003658,1,23,1,0.98859507
INC0003658,2,23,1,0.98501724
INC0003658,3,23,1,0.9843312
INC0003658,4,23,1,0.98499066
INC0003658,5,23,1,0.9854557
INC0003658,6,23,1,0.9898956
INC0003658,7,23,1,0.9935121
INC0003658,8,23,1,0.99297523
INC0003666,1,10,1,0.9868687
INC0003666,2,10,1,0.97934854
INC0003666,3,10,1,0.99626005
INC0003666,4,10,1,0.9985655
INC0003666,5,10,1,0.9986424
INC0003666,6,10,1,0.99869114
INC0003666,7,10,1,0.9992105
INC0003666,8,10,1,0.9989555
INC0003668,1,4,1,0.99439925
INC0003668,2,4,1,0.9924475
INC0003668,3,4,1,0.9921542
INC0003668,4,4,1,0.9934477
INC0003670,1,9,1,0.9866563
INC0003670,2,9,1,0.9810116
INC0003670,3,9,1,0.982055
INC0003670,4,9,1,0.9969265
INC0003670,5,9,1,0.99739
INC0003670,6,9,1,0.9973916
INC0003670,7,9,1,0.99747485
INC0003670,8,9,1,0.9982332
INC0003673,1,12,1,0.985986
INC0003673,2,12,1,0.9779716
INC0003673,3,12,1,0.98553675
INC0003673,4,12,1,0.99057615
INC0003673,5,12,1,0.9957113
INC0003673,6,12,1,0.99770975
INC0003673,7,12,1,0.9987081
INC0003673,8,12,1,0.9987276
INC0003689,1,2,1,0.98226386
INC0003689,2,2,1,0.9851009
INC0003693,1,5,1,0.98908585
INC0003693,2,5,1,0.98428345
INC0003693,3,5,1,0.98428345
INC0003693,4,5,1,0.99199086
INC0003693,5,5,1,0.9906651
INC0003694,1,3,1,0.9922361
INC0003694,2,3,1,0.99258435
INC0003694,3,3,1,0.99206924
INC0003703,1,11,1,0.9737873
INC0003703,2,11,1,0.9826545
INC0003703,3,11,1,0.9824338
INC0003703,4,11,1,0.9824933
INC0003703,5,11,1,0.9840708
INC0003703,6,11,1,0.9871933
INC0003703,7,11,1,0.99050635
INC0003703,8,11,1,0.99357855
INC0003709,1,2,1,0.9833603
INC0003709,2,2,1,0.98729336
INC0003721,1,6,1,0.98902726
INC0003721,2,6,1,0.99401087
INC0003721,3,6,1,0.98762137
INC0003721,4,6,1,0.9888216
INC0003721,5,6,1,0.99145824
INC0003721,6,6,1,0.99926704
INC0003735,1,17,1,0.9865394
INC0003735,2,17,1,0.98538357
INC0003735,3,17,1,0.9848453
INC0003735,4,17,1,0.97720385
INC0003735,5,17,1,0.9746373
INC0003735,6,17,1,0.9886276
INC0003735,7,17,1,0.98855525
INC0003735,8,17,1,0.9923085
INC0003751,1,2,1,0.9976732
INC0003751,2,2,1,0.9984415
INC0003765,1,1,1,0.9840507
INC0003812,1,7,1,0.99106336
INC0003812,2,7,1,0.98459446
INC0003812,3,7,1,0.9826926
INC0003812,4,7,1,0.9888493
INC0003812,5,7,1,0.98715186
INC0003812,6,7,1,0.99841845
INC0003812,7,7,1,0.9984586
INC0003813,1,5,1,0.98852044
INC0003813,2,5,1,0.9887298
INC0003813,3,5,1,0.98673844
INC0003813,4,5,1,0.99949276
INC0003813,5,5,1,0.9995943
INC0003836,1,4,1,0.99586284
INC0003836,2,4,1,0.9916453
INC0003836,3,4,1,0.9933561
INC0003836,4,4,1,0.98898345
INC0003842,1,5,1,0.99434704
INC0003842,2,5,1,0.9923535
INC0003842,3,5,1,0.99080515
INC0003842,4,5,1,0.99083954
INC0003842,5,5,1,0.99722254
INC0003848,1,1,1,0.99274206
INC0003873,1,5,1,0.98878795
INC0003873,2,5,1,0.9873897
INC0003873,3,5,1,0.9870782
INC0003873,4,5,1,0.9876017
INC0003873,5,5,1,0.9874772
INC0003893,1,12,1,0.98108876
INC0003893,2,12,1,0.9863906
INC0003893,3,12,1,0.9888564
INC0003893,4,12,1,0.99956614
INC0003893,5,12,1,0.99969864
INC0003893,6,12,1,0.99928516
INC0003893,7,12,1,0.9994331
INC0003893,8,12,1,0.99967015
INC0003935,1,7,1,0.98759204
INC0003935,2,7,1,0.98654824
INC0003935,3,7,1,0.9906846
INC0003935,4,7,1,0.9920718
INC0003935,5,7,1,0.992822
INC0003935,6,7,1,0.99912363
INC0003935,7,7,1,0.9991793
INC0003946,1,7,1,0.37251094
INC0003946,2,7,1,0.41041675
INC0003946,3,7,1,0.4210151
INC0003946,4,7,1,0.39326605
INC0003946,5,7,1,0.38090095
INC0003946,6,7,1,0.48412076
INC0003946,7,7,1,0.99948394
INC0003947,1,7,1,0.9904875
INC0003947,2,7,1,0.98781615
INC0003947,3,7,1,0.99001825
INC0003947,4,7,1,0.9949098
INC0003947,5,7,1,0.9998386
INC0003947,6,7,1,0.9998281
INC0003947,7,7,1,0.9998281
INC0003951,1,3,1,0.98838544
INC0003951,2,3,1,0.9903404
INC0003951,3,3,1,0.99209666
INC0003960,1,2,1,0.99755704
INC0003960,2,2,1,0.998757
INC0003965,1,6,0,0.9936026
INC0003965,2,6,0,0.99260074
INC0003965,3,6,0,0.9916402
INC0003965,4,6,0,0.9942129
INC0003965,5,6,0,0.9950294
INC0003965,6,6,0,0.99512595
INC0003981,1,3,1,0.98030955
INC0003981,2,3,1,0.98147756
INC0003981,3,3,1,0.973229
INC0003986,1,16,1,0.98564863
INC0003986,2,16,1,0.9877878
INC0003986,3,16,1,0.9898046
INC0003986,4,16,1,0.99901164
INC0003986,5,16,1,0.9995028
INC0003986,6,16,1,0.9993006
INC0003986,7,16,1,0.99924445
INC0003986,8,16,1,0.9991534
INC0003993,1,7,1,0.9854622
INC0003993,2,7,1,0.98835564
INC0003993,3,7,1,0.99008304
INC0003993,4,7,1,0.99422705
INC0003993,5,7,1,0.9968399
INC0003993,6,7,1,0.995669
INC0003993,7,7,1,0.9969105
INC0004006,1,2,1,0.9854812
INC0004006,2,2,1,0.9826765
INC0004011,1,8,1,0.9749645
INC0004011,2,8,1,0.9847075
INC0004011,3,8,1,0.9900941
INC0004011,4,8,1,0.9930663
INC0004011,5,8,1,0.9951742
INC0004011,6,8,1,0.99919957
INC0004011,7,8,1,0.9991819
INC0004011,8,8,1,0.99923265
INC0004015,1,8,1,0.9829175
INC0004015,2,8,1,0.98178333
INC0004015,3,8,1,0.9878093
INC0004015,4,8,1,0.9891802
INC0004015,5,8,1,0.9887967
INC0004015,6,8,1,0.98859274
INC0004015,7,8,1,0.99342114
INC0004015,8,8,1,0.99955446
INC0004027,1,8,1,0.9866145
INC0004027,2,8,1,0.98954916
INC0004027,3,8,1,0.9913496
INC0004027,4,8,1,0.99274856
INC0004027,5,8,1,0.998451
INC0004027,6,8,1,0.9988312
INC0004027,7,8,1,0.9987997
INC0004027,8,8,1,0.99868613
INC0004062,1,3,1,0.97287184
INC0004062,2,3,1,0.9872802
INC0004062,3,3,1,0.98950535
INC0004082,1,4,1,0.9849064
INC0004082,2,4,1,0.9879915
INC0004082,3,4,1,0.9898239
INC0004082,4,4,1,0.9902001
INC0004089,1,7,1,0.98631513
INC0004089,2,7,1,0.98238385
INC0004089,3,7,1,0.98020977
INC0004089,4,7,1,0.9744042
INC0004089,5,7,1,0.986375
INC0004089,6,7,1,0.98404366
INC0004089,7,7,1,0.9864296
INC0004097,1,8,1,0.97317916
INC0004097,2,8,1,0.9870424
INC0004097,3,8,1,0.9903775
INC0004097,4,8,1,0.9897878
INC0004097,5,8,1,0.98564535
INC0004097,6,8,1,0.9914757
INC0004097,7,8,1,0.9919384
INC0004097,8,8,1,0.99926347
INC0004110,1,4,1,0.99450725
INC0004110,2,4,1,0.9945809
INC0004110,3,4,1,0.9957616
INC0004110,4,4,1,0.99623233
INC0004139,1,3,1,0.9843614
INC0004139,2,3,1,0.9873274
INC0004139,3,3,1,0.9882654
INC0004146,1,3,1,0.98856294
INC0004146,2,3,1,0.9997124
INC0004146,3,3,1,0.9996896
INC0004148,1,2,1,0.9864287
INC0004148,2,2,1,0.9978581
INC0004156,1,8,1,0.98493
INC0004156,2,8,1,0.9887432
INC0004156,3,8,1,0.9916053
INC0004156,4,8,1,0.9859542
INC0004156,5,8,1,0.9848044
INC0004156,6,8,1,0.98526937
INC0004156,7,8,1,0.98565775
INC0004156,8,8,1,0.99912804
INC0004164,1,7,1,0.9829927
INC0004164,2,7,1,0.9791683
INC0004164,3,7,1,0.9817963
INC0004164,4,7,1,0.99402374
INC0004164,5,7,1,0.99348867
INC0004164,6,7,1,0.99522805
INC0004164,7,7,1,0.9987613
INC0004167,1,7,1,0.9722767
INC0004167,2,7,1,0.9859709
INC0004167,3,7,1,0.9893082
INC0004167,4,7,1,0.9799816
INC0004167,5,7,1,0.9830672
INC0004167,6,7,1,0.99382824
INC0004167,7,7,1,0.99319565
INC0004172,1,6,1,0.9907891
INC0004172,2,6,1,0.99248743
INC0004172,3,6,1,0.9926871
INC0004172,4,6,1,0.9973636
INC0004172,5,6,1,0.99784005
INC0004172,6,6,1,0.9994685
INC0004176,1,3,1,0.98641276
INC0004176,2,3,1,0.94321173
INC0004176,3,3,1,0.9452062
INC0004196,1,1,1,0.9846437
INC0004202,1,6,1,0.9942333
INC0004202,2,6,1,0.99291384
INC0004202,3,6,1,0.99291384
INC0004202,4,6,1,0.99459004
INC0004202,5,6,1,0.99516344
INC0004202,6,6,1,0.9950972
INC0004213,1,9,1,0.97057885
INC0004213,2,9,1,0.9685337
INC0004213,3,9,1,0.9695672
INC0004213,4,9,1,0.9685413
INC0004213,5,9,1,0.9757633
INC0004213,6,9,1,0.9769907
INC0004213,7,9,1,0.97973436
INC0004213,8,9,1,0.98210835
INC0004215,1,6,1,0.9851194
INC0004215,2,6,1,0.9890121
INC0004215,3,6,1,0.98921263
INC0004215,4,6,1,0.99575377
INC0004215,5,6,1,0.99651504
INC0004215,6,6,1,0.9992192
INC0004235,1,1,1,0.9833098
INC0004243,1,5,1,0.984162
INC0004243,2,5,1,0.980724
INC0004243,3,5,1,0.9861736
INC0004243,4,5,1,0.9772892
INC0004243,5,5,1,0.97774065
INC0004259,1,3,1,0.9908229
INC0004259,2,3,1,0.98992014
INC0004259,3,3,1,0.99387205
INC0004271,1,2,1,0.9781179
INC0004271,2,2,1,0.97550166
INC0004295,1,16,1,0.99014986
INC0004295,2,16,1,0.98905945
INC0004295,3,16,1,0.9922351
INC0004295,4,16,1,0.9923936
INC0004295,5,16,1,0.9990067
INC0004295,6,16,1,0.99916506
INC0004295,7,16,1,0.9990308
INC0004295,8,16,1,0.99902475
INC0004317,1,7,1,0.992188
INC0004317,2,7,1,0.98992455
INC0004317,3,7,1,0.98903346
INC0004317,4,7,1,0.99310595
INC0004317,5,7,1,0.9971208
INC0004317,6,7,1,0.99951804
INC0004317,7,7,1,0.99911577
INC0004337,1,2,1,0.97533846
INC0004337,2,2,1,0.97699535
INC0004341,1,9,1,0.9904269
INC0004341,2,9,1,0.9906651
INC0004341,3,9,1,0.99036247
INC0004341,4,9,1,0.99050915
INC0004341,5,9,1,0.99093926
INC0004341,6,9,1,0.9908794
INC0004341,7,9,1,0.99139684
INC0004341,8,9,1,0.9991246
INC0004347,1,2,1,0.9896347
INC0004347,2,2,1,0.99773264
INC0004368,1,8,1,0.99646926
INC0004368,2,8,1,0.99552757
INC0004368,3,8,1,0.9998042
INC0004368,4,8,1,0.99941325
INC0004368,5,8,1,0.99939215
INC0004368,6,8,1,0.99912614
INC0004368,7,8,1,0.9993006
INC0004368,8,8,1,0.99908125
INC0004421,1,7,1,0.9868312
INC0004421,2,7,1,0.982486
INC0004421,3,7,1,0.9886049
INC0004421,4,7,1,0.9893133
INC0004421,5,7,1,0.987362
INC0004421,6,7,1,0.98321897
INC0004421,7,7,1,0.99101734
INC0004433,1,4,1,0.98412377
INC0004433,2,4,1,0.98081857
INC0004433,3,4,1,0.9856887
INC0004433,4,4,1,0.9810846
INC0004444,1,11,1,0.9882825
INC0004444,2,11,1,0.99090964
INC0004444,3,11,1,0.99136543
INC0004444,4,11,1,0.9885542
INC0004444,5,11,1,0.99189055
INC0004444,6,11,1,0.9933428
INC0004444,7,11,1,0.9920276
INC0004444,8,11,1,0.9987174
INC0004448,1,2,1,0.9792686
INC0004448,2,2,1,0.98030394
INC0004469,1,9,1,0.9865621
INC0004469,2,9,1,0.9873855
INC0004469,3,9,1,0.98852557
INC0004469,4,9,1,0.9929427
INC0004469,5,9,1,0.99278224
INC0004469,6,9,1,0.994467
INC0004469,7,9,1,0.994934
INC0004469,8,9,1,0.999169
INC0004474,1,9,1,0.99596477
INC0004474,2,9,1,0.9954169
INC0004474,3,9,1,0.9951704
INC0004474,4,9,1,0.99657744
INC0004474,5,9,1,0.99766797
INC0004474,6,9,1,0.99744487
INC0004474,7,9,1,0.99779946
INC0004474,8,9,1,0.9981201
INC0004483,1,3,1,0.9931605
INC0004483,2,3,1,0.9924737
INC0004483,3,3,1,0.994669
INC0004487,1,4,1,0.9896427
INC0004487,2,4,1,0.9859849
INC0004487,3,4,1,0.9857022
INC0004487,4,4,1,0.9857022
INC0004500,1,2,1,0.9856118
INC0004500,2,2,1,0.9921836
INC0004507,1,14,1,0.9898163
INC0004507,2,14,1,0.99084467
INC0004507,3,14,1,0.99055755
INC0004507,4,14,1,0.9949274
INC0004507,5,14,1,0.994087
INC0004507,6,14,1,0.9925454
INC0004507,7,14,1,0.9946307
INC0004507,8,14,1,0.99413896
INC0004508,1,3,1,0.99023485
INC0004508,2,3,1,0.98965734
INC0004508,3,3,1,0.99088156
INC0004588,1,6,1,0.98815805
INC0004588,2,6,1,0.99297136
INC0004588,3,6,1,0.99388677
INC0004588,4,6,1,0.9951638
INC0004588,5,6,1,0.99623847
INC0004588,6,6,1,0.99932957
INC0004601,1,4,1,0.97964394
INC0004601,2,4,1,0.9925333
INC0004601,3,4,1,0.9938134
INC0004601,4,4,1,0.9970553
INC0004603,1,1,0,0.061098706
INC0004617,1,7,1,0.9802919
INC0004617,2,7,1,0.98205274
INC0004617,3,7,1,0.9830819
INC0004617,4,7,1,0.965191
INC0004617,5,7,1,0.9739301
INC0004617,6,7,1,0.98503506
INC0004617,7,7,1,0.9843711
INC0004618,1,6,1,0.988478
INC0004618,2,6,1,0.993632
INC0004618,3,6,1,0.9969441
INC0004618,4,6,1,0.99730515
INC0004618,5,6,1,0.99924695
INC0004618,6,6,1,0.99900514
INC0004622,1,7,1,0.98567134
INC0004622,2,7,1,0.99061793
INC0004622,3,7,1,0.99196035
INC0004622,4,7,1,0.9958162
INC0004622,5,7,1,0.9963982
INC0004622,6,7,1,0.99900156
INC0004622,7,7,1,0.9991866
INC0004645,1,5,1,0.98822916
INC0004645,2,5,1,0.9842413
INC0004645,3,5,1,0.984458
INC0004645,4,5,1,0.991487
INC0004645,5,5,1,0.9879061
INC0004667,1,5,1,0.9937622
INC0004667,2,5,1,0.99940705
INC0004667,3,5,1,0.9994808
INC0004667,4,5,1,0.99912924
INC0004667,5,5,1,0.9993813
INC0004690,1,2,1,0.98864144
INC0004690,2,2,1,0.9926434
INC0004708,1,6,1,0.98752093
INC0004708,2,6,1,0.98949885
INC0004708,3,6,1,0.9958539
INC0004708,4,6,1,0.9963432
INC0004708,5,6,1,0.99797374
INC0004708,6,6,1,0.99831486
INC0004739,1,10,1,0.98191756
INC0004739,2,10,1,0.9935142
INC0004739,3,10,1,0.9943697
INC0004739,4,10,1,0.9969862
INC0004739,5,10,1,0.9974367
INC0004739,6,10,1,0.99953425
INC0004739,7,10,1,0.9996141
INC0004739,8,10,1,0.99926096
INC0004751,1,5,1,0.9893796
INC0004751,2,5,1,0.9845916
INC0004751,3,5,1,0.9788481
INC0004751,4,5,1,0.97627115
INC0004751,5,5,1,0.97627115
INC0004752,1,2,1,0.9928993
INC0004752,2,2,1,0.9923316
INC0004768,1,4,1,0.99139273
INC0004768,2,4,1,0.9963372
INC0004768,3,4,1,0.9971909
INC0004768,4,4,1,0.9991462
INC0004838,1,4,1,0.98113084
INC0004838,2,4,1,0.9800795
INC0004838,3,4,1,0.97537225
INC0004838,4,4,1,0.97682375
INC0004844,1,2,1,0.9899188
INC0004844,2,2,1,0.99835443
INC0004846,1,7,1,0.9933263
INC0004846,2,7,1,0.99302834
INC0004846,3,7,1,0.9957612
INC0004846,4,7,1,0.99763596
INC0004846,5,7,1,0.99878997
INC0004846,6,7,1,0.999054
INC0004846,7,7,1,0.9993705
INC0004857,1,2,1,0.9882848
INC0004857,2,2,1,0.98619264
INC0004860,1,3,1,0.99400854
INC0004860,2,3,1,0.9956657
INC0004860,3,3,1,0.9970036
INC0004862,1,4,1,0.9897423
INC0004862,2,4,1,0.9906775
INC0004862,3,4,1,0.98450875
INC0004862,4,4,1,0.9840698
INC0004873,1,9,1,0.9939254
INC0004873,2,9,1,0.9972734
INC0004873,3,9,1,0.9978258
INC0004873,4,9,1,0.9990576
INC0004873,5,9,1,0.99868256
INC0004873,6,9,1,0.99813086
INC0004873,7,9,1,0.9988543
INC0004873,8,9,1,0.99825245
INC0004882,1,6,1,0.99363506
INC0004882,2,6,1,0.99455583
INC0004882,3,6,1,0.994156
INC0004882,4,6,1,0.99422294
INC0004882,5,6,1,0.9944887
INC0004882,6,6,1,0.99393517
INC0004886,1,4,1,0.99316335
INC0004886,2,4,1,0.99065113
INC0004886,3,4,1,0.9903543
INC0004886,4,4,1,0.99216
INC0004940,1,14,1,0.99259466
INC0004940,2,14,1,0.9936883
INC0004940,3,14,1,0.9948915
INC0004940,4,14,1,0.9958346
INC0004940,5,14,1,0.99792683
INC0004940,6,14,1,0.99506974
INC0004940,7,14,1,0.99544513
INC0004940,8,14,1,0.9967753
INC0004952,1,3,1,0.9828478
INC0004952,2,3,1,0.9907804
INC0004952,3,3,1,0.99595034
INC0004955,1,1,1,0.99803096
INC0004956,1,13,1,0.99082047
INC0004956,2,13,1,0.99164
INC0004956,3,13,1,0.99273854
INC0004956,4,13,1,0.9917223
INC0004956,5,13,1,0.9956474
INC0004956,6,13,1,0.9940849
INC0004956,7,13,1,0.9931043
INC0004956,8,13,1,0.9942638
INC0004959,1,2,1,0.99789053
INC0004959,2,2,1,0.99954104
INC0004965,1,14,1,0.9931558
INC0004965,2,14,1,0.99720556
INC0004965,3,14,1,0.997113
INC0004965,4,14,1,0.9966265
INC0004965,5,14,1,0.99815
INC0004965,6,14,1,0.99815
INC0004965,7,14,1,0.9984332
INC0004965,8,14,1,0.99860173
INC0004985,1,2,1,0.99292105
INC0004985,2,2,1,0.99793434
INC0004994,1,8,1,0.9914396
INC0004994,2,8,1,0.9930453
INC0004994,3,8,1,0.9946912
INC0004994,4,8,1,0.99608237
INC0004994,5,8,1,0.9963413
INC0004994,6,8,1,0.9961051
INC0004994,7,8,1,0.99589515
INC0004994,8,8,1,0.9962937
INC0005034,1,8,1,0.9915173
INC0005034,2,8,1,0.988901
INC0005034,3,8,1,0.98694485
INC0005034,4,8,1,0.9909106
INC0005034,5,8,1,0.99178165
INC0005034,6,8,1,0.9975706
INC0005034,7,8,1,0.9987649
INC0005034,8,8,1,0.9986859
INC0005041,1,2,1,0.9979571
INC0005041,2,2,1,0.99719316
INC0005044,1,5,1,0.9905518
INC0005044,2,5,1,0.9925524
INC0005044,3,5,1,0.9975682
INC0005044,4,5,1,0.99750394
INC0005044,5,5,1,0.9973322
INC0005057,1,9,1,0.99264055
INC0005057,2,9,1,0.9943163
INC0005057,3,9,1,0.99835336
INC0005057,4,9,1,0.999178
INC0005057,5,9,1,0.9990822
INC0005057,6,9,1,0.9989918
INC0005057,7,9,1,0.9994518
INC0005057,8,9,1,0.99919015
INC0005074,1,14,1,0.99312913
INC0005074,2,14,1,0.99150497
INC0005074,3,14,1,0.99150497
INC0005074,4,14,1,0.9920982
INC0005074,5,14,1,0.9966486
INC0005074,6,14,1,0.9927995
INC0005074,7,14,1,0.99652416
INC0005074,8,14,1,0.9931109
INC0005082,1,3,0,0.9872825
INC0005082,2,3,0,0.9901349
INC0005082,3,3,0,0.9898912
INC0005088,1,6,1,0.9923109
INC0005088,2,6,1,0.99712294
INC0005088,3,6,1,0.99740785
INC0005088,4,6,1,0.9983432
INC0005088,5,6,1,0.9988294
INC0005088,6,6,1,0.99840313
INC0005098,1,7,1,0.99384046
INC0005098,2,7,1,0.9968458
INC0005098,3,7,1,0.9960348
INC0005098,4,7,1,0.9969896
INC0005098,5,7,1,0.9967507
INC0005098,6,7,1,0.99887794
INC0005098,7,7,1,0.9985775
INC0005136,1,4,1,0.9939254
INC0005136,2,4,1,0.9991479
INC0005136,3,4,1,0.9995932
INC0005136,4,4,1,0.9984036
INC0005150,1,11,1,0.98937106
INC0005150,2,11,1,0.9898101
INC0005150,3,11,1,0.99321234
INC0005150,4,11,1,0.99686545
INC0005150,5,11,1,0.9982083
INC0005150,6,11,1,0.99712807
INC0005150,7,11,1,0.99963176
INC0005150,8,11,1,0.9996183
INC0005181,1,4,1,0.985081
INC0005181,2,4,1,0.98923373
INC0005181,3,4,1,0.99573475
INC0005181,4,4,1,0.9956512
INC0005192,1,3,1,0.9956886
INC0005192,2,3,1,0.9960764
INC0005192,3,3,1,0.9960045
INC0005203,1,7,1,0.99272525
INC0005203,2,7,1,0.9968263
INC0005203,3,7,1,0.9848919
INC0005203,4,7,1,0.99755716
INC0005203,5,7,1,0.9971831
INC0005203,6,7,1,0.9967989
INC0005203,7,7,1,0.99785477
INC0005206,1,4,1,0.9890915
INC0005206,2,4,1,0.9915953
INC0005206,3,4,1,0.99660695
INC0005206,4,4,1,0.9986167
INC0005217,1,9,1,0.9922316
INC0005217,2,9,1,0.9918881
INC0005217,3,9,1,0.99045324
INC0005217,4,9,1,0.9942614
INC0005217,5,9,1,0.9943455
INC0005217,6,9,1,0.99083745
INC0005217,7,9,1,0.98448783
INC0005217,8,9,1,0.9971443
INC0005225,1,3,1,0.9925876
INC0005225,2,3,1,0.99695873
INC0005225,3,3,1,0.99701285
INC0005231,1,4,1,0.9943299
INC0005231,2,4,1,0.9973985
INC0005231,3,4,1,0.9930403
INC0005231,4,4,1,0.9983631
INC0005254,1,7,1,0.99406636
INC0005254,2,7,1,0.9968587
INC0005254,3,7,1,0.9968755
INC0005254,4,7,1,0.99571013
INC0005254,5,7,1,0.9988751
INC0005254,6,7,1,0.99911064
INC0005254,7,7,1,0.99877685
INC0005260,1,2,1,0.9847861
INC0005260,2,2,1,0.9942865
INC0005271,1,7,1,0.99085
INC0005271,2,7,1,0.9871848
INC0005271,3,7,1,0.9875364
INC0005271,4,7,1,0.9876781
INC0005271,5,7,1,0.9966125
INC0005271,6,7,1,0.9911186
INC0005271,7,7,1,0.99244386
INC0005282,1,2,1,0.99484575
INC0005282,2,2,1,0.99842334
INC0005298,1,1,1,0.99873763
INC0005313,1,4,1,0.9970312
INC0005313,2,4,1,0.99643075
INC0005313,3,4,1,0.99835134
INC0005313,4,4,1,0.9793528
INC0005316,1,2,1,0.99647945
INC0005316,2,2,1,0.99349445
INC0005349,1,2,1,0.9972645
INC0005349,2,2,1,0.99590564
INC0005353,1,1,1,0.9951917
INC0005356,1,3,1,0.9969416
INC0005356,2,3,1,0.9956791
INC0005356,3,3,1,0.9941788
INC0005362,1,4,1,0.9968592
INC0005362,2,4,1,0.9980661
INC0005362,3,4,1,0.99774265
INC0005362,4,4,1,0.9980527
INC0005363,1,5,1,0.9976508
INC0005363,2,5,1,0.9869826
INC0005363,3,5,1,0.99833786
INC0005363,4,5,1,0.9990903
INC0005363,5,5,1,0.9994305
INC0005374,1,2,1,0.99678075
INC0005374,2,2,1,0.99525416
INC0005380,1,8,1,0.99720323
INC0005380,2,8,1,0.9981906
INC0005380,3,8,1,0.99834013
INC0005380,4,8,1,0.9983321
INC0005380,5,8,1,0.99868435
INC0005380,6,8,1,0.99915934
INC0005380,7,8,1,0.9989869
INC0005380,8,8,1,0.99886715
INC0005398,1,8,1,0.993568
INC0005398,2,8,1,0.995891
INC0005398,3,8,1,0.9957308
INC0005398,4,8,1,0.99646723
INC0005398,5,8,1,0.9963043
INC0005398,6,8,1,0.9968761
INC0005398,7,8,1,0.98981434
INC0005398,8,8,1,0.9974022
INC0005421,1,12,1,0.9900159
INC0005421,2,12,1,0.9938671
INC0005421,3,12,1,0.99583554
INC0005421,4,12,1,0.9975116
INC0005421,5,12,1,0.99459755
INC0005421,6,12,1,0.99485165
INC0005421,7,12,1,0.99656975
INC0005421,8,12,1,0.9966434
INC0005438,1,2,1,0.996761
INC0005438,2,2,1,0.9976776
INC0005447,1,9,1,0.9931772
INC0005447,2,9,1,0.99174094
INC0005447,3,9,1,0.99207205
INC0005447,4,9,1,0.99448365
INC0005447,5,9,1,0.9844453
INC0005447,6,9,1,0.9980033
INC0005447,7,9,1,0.9980465
INC0005447,8,9,1,0.99775666
INC0005457,1,7,1,0.9983175
INC0005457,2,7,1,0.9986243
INC0005457,3,7,1,0.99828327
INC0005457,4,7,1,0.9984041
INC0005457,5,7,1,0.99229527
INC0005457,6,7,1,0.9992816
INC0005457,7,7,1,0.99956506
INC0005466,1,2,1,0.9964644
INC0005466,2,2,1,0.998594
INC0005511,1,6,1,0.9964408
INC0005511,2,6,1,0.99493045
INC0005511,3,6,1,0.9956779
INC0005511,4,6,1,0.9963637
INC0005511,5,6,1,0.9965544
INC0005511,6,6,1,0.9957866
INC0005525,1,5,1,0.9979467
INC0005525,2,5,1,0.9990189
INC0005525,3,5,1,0.99784815
INC0005525,4,5,1,0.9978849
INC0005525,5,5,1,0.9975211
INC0005558,1,8,1,0.9934738
INC0005558,2,8,1,0.9954091
INC0005558,3,8,1,0.9945529
INC0005558,4,8,1,0.99575436
INC0005558,5,8,1,0.99133897
INC0005558,6,8,1,0.9993211
INC0005558,7,8,1,0.9980026
INC0005558,8,8,1,0.99786586
INC0005580,1,2,1,0.9963731
INC0005580,2,2,1,0.996007
INC0005602,1,6,1,0.99675304
INC0005602,2,6,1,0.9949916
INC0005602,3,6,1,0.9887806
INC0005602,4,6,1,0.95112276
INC0005602,5,6,1,0.95615286
INC0005602,6,6,1,0.96804047
INC0005626,1,6,1,0.99746007
INC0005626,2,6,1,0.9955842
INC0005626,3,6,1,0.9939486
INC0005626,4,6,1,0.97194695
INC0005626,5,6,1,0.99673575
INC0005626,6,6,1,0.9972058
INC0005628,1,10,1,0.9943922
INC0005628,2,10,1,0.9959906
INC0005628,3,10,1,0.9965011
INC0005628,4,10,1,0.99137247
INC0005628,5,10,1,0.97430634
INC0005628,6,10,1,0.9647436
INC0005628,7,10,1,0.9823888
INC0005628,8,10,1,0.98966706
INC0005699,1,1,1,0.9871313
INC0005700,1,3,0,0.9860454
INC0005700,2,3,0,0.98866206
INC0005700,3,3,0,0.98867863
INC0005721,1,8,1,0.98603046
INC0005721,2,8,1,0.9327435
INC0005721,3,8,1,0.90272576
INC0005721,4,8,1,0.93321705
INC0005721,5,8,1,0.7354294
INC0005721,6,8,1,0.7607028
INC0005721,7,8,1,0.7550782
INC0005721,8,8,1,0.7512819
INC0005746,1,7,1,0.9771313
INC0005746,2,7,1,0.99359375
INC0005746,3,7,1,0.99312145
INC0005746,4,7,1,0.9905098
INC0005746,5,7,1,0.99047863
INC0005746,6,7,1,0.9905854
INC0005746,7,7,1,0.9938917
INC0005762,1,9,1,0.98821914
INC0005762,2,9,1,0.9983152
INC0005762,3,9,1,0.9984652
INC0005762,4,9,1,0.9708745
INC0005762,5,9,1,0.9718186
INC0005762,6,9,1,0.9814014
INC0005762,7,9,1,0.99596244
INC0005762,8,9,1,0.9965289
INC0005790,1,5,1,0.98874295
INC0005790,2,5,1,0.97572565
INC0005790,3,5,1,0.31829393
INC0005790,4,5,1,0.913471
INC0005790,5,5,1,0.9923665
INC0005802,1,8,1,0.98890114
INC0005802,2,8,1,0.9889979
INC0005802,3,8,1,0.9590905
INC0005802,4,8,1,0.42234978
INC0005802,5,8,1,0.33415452
INC0005802,6,8,1,0.3366931
INC0005802,7,8,1,0.9934835
INC0005802,8,8,1,0.9935568
INC0005809,1,3,1,0.98915976
INC0005809,2,3,1,0.98708946
INC0005809,3,3,1,0.9618632
INC0005812,1,12,1,0.98937035
INC0005812,2,12,1,0.6926315
INC0005812,3,12,1,0.9712305
INC0005812,4,12,1,0.90268105
INC0005812,5,12,1,0.9340774
INC0005812,6,12,1,0.9307741
INC0005812,7,12,1,0.99841666
INC0005812,8,12,1,0.99703085
INC0005836,1,4,1,0.98775834
INC0005836,2,4,1,0.90699065
INC0005836,3,4,1,0.93057656
INC0005836,4,4,1,0.9468887
INC0005864,1,4,1,0.9878565
INC0005864,2,4,1,0.9598099
INC0005864,3,4,1,0.9130291
INC0005864,4,4,1,0.95282733
INC0005873,1,8,1,0.9802869
INC0005873,2,8,1,0.98051274
INC0005873,3,8,1,0.9803187
INC0005873,4,8,1,0.9803187
INC0005873,5,8,1,0.49084994
INC0005873,6,8,1,0.9988261
INC0005873,7,8,1,0.9955415
INC0005873,8,8,1,0.9955929
INC0005884,1,4,1,0.97159463
INC0005884,2,4,1,0.992695
INC0005884,3,4,1,0.9585345
INC0005884,4,4,1,0.95835
INC0005894,1,4,1,0.9877088
INC0005894,2,4,1,0.98388267
INC0005894,3,4,1,0.94212687
INC0005894,4,4,1,0.93474203
INC0005918,1,10,1,0.9878632
INC0005918,2,10,1,0.956803
INC0005918,3,10,1,0.8291423
INC0005918,4,10,1,0.8675783
INC0005918,5,10,1,0.9228334
INC0005918,6,10,1,0.9638059
INC0005918,7,10,1,0.9966376
INC0005918,8,10,1,0.9967891
INC0005926,1,2,1,0.9916176
INC0005926,2,2,1,0.99585426
INC0005943,1,10,1,0.9902874
INC0005943,2,10,1,0.9911602
INC0005943,3,10,1,0.9921388
INC0005943,4,10,1,0.555426
INC0005943,5,10,1,0.66095406
INC0005943,6,10,1,0.7614516
INC0005943,7,10,1,0.8260125
INC0005943,8,10,1,0.7695895
INC0005958,1,3,1,0.98514533
INC0005958,2,3,1,0.9913283
INC0005958,3,3,1,0.99231356
INC0005972,1,7,0,0.009037281
INC0005972,2,7,0,0.009549346
INC0005972,3,7,0,0.013035255
INC0005972,4,7,0,0.010912143
INC0005972,5,7,0,0.010412735
INC0005972,6,7,0,0.010707403
INC0005972,7,7,0,0.010716957
INC0005999,1,5,1,0.9915944
INC0005999,2,5,1,0.9909061
INC0005999,3,5,1,0.9959965
INC0005999,4,5,1,0.9866332
INC0005999,5,5,1,0.9281008
INC0006023,1,8,1,0.9919138
INC0006023,2,8,1,0.94344866
INC0006023,3,8,1,0.9233939
INC0006023,4,8,1,0.99526465
INC0006023,5,8,1,0.9956493
INC0006023,6,8,1,0.99623543
INC0006023,7,8,1,0.9941273
INC0006023,8,8,1,0.9939674
INC0006064,1,8,1,0.99063194
INC0006064,2,8,1,0.9904419
INC0006064,3,8,1,0.98909867
INC0006064,4,8,1,0.9919092
INC0006064,5,8,1,0.99190545
INC0006064,6,8,1,0.9661511
INC0006064,7,8,1,0.9691743
INC0006064,8,8,1,0.9122824
INC0006074,1,1,1,0.9849563
INC0006082,1,14,1,0.99215347
INC0006082,2,14,1,0.9742177
INC0006082,3,14,1,0.9687001
INC0006082,4,14,1,0.911741
INC0006082,5,14,1,0.9158987
INC0006082,6,14,1,0.94315124
INC0006082,7,14,1,0.9538186
INC0006082,8,14,1,0.9488607
INC0006093,1,3,1,0.99091387
INC0006093,2,3,1,0.9416282
INC0006093,3,3,1,0.97723776
INC0006100,1,2,1,0.987363
INC0006100,2,2,1,0.9932213
INC0006117,1,2,1,0.99630827
INC0006117,2,2,1,0.8231879
INC0006125,1,7,1,0.96418685
INC0006125,2,7,1,0.9555537
INC0006125,3,7,1,0.9454886
INC0006125,4,7,1,0.966918
INC0006125,5,7,1,0.25841683
INC0006125,6,7,1,0.83729655
INC0006125,7,7,1,0.99192566
INC0006136,1,8,1,0.9928732
INC0006136,2,8,1,0.95812416
INC0006136,3,8,1,0.9070075
INC0006136,4,8,1,0.92831284
INC0006136,5,8,1,0.90202045
INC0006136,6,8,1,0.9048521
INC0006136,7,8,1,0.9680597
INC0006136,8,8,1,0.99408156
INC0006139,1,3,1,0.9664942
INC0006139,2,3,1,0.93318933
INC0006139,3,3,1,0.948546
INC0006140,1,7,1,0.9569968
INC0006140,2,7,1,0.9529584
INC0006140,3,7,1,0.9428697
INC0006140,4,7,1,0.94061565
INC0006140,5,7,1,0.5587808
INC0006140,6,7,1,0.8960524
INC0006140,7,7,1,0.95955455
INC0006141,1,3,1,0.92944753
INC0006141,2,3,1,0.9298029
INC0006141,3,3,1,0.90930367
INC0006155,1,1,1,0.97947216
INC0006172,1,12,1,0.9696732
INC0006172,2,12,1,0.9475286
INC0006172,3,12,1,0.9475519
INC0006172,4,12,1,0.95207465
INC0006172,5,12,1,0.87877953
INC0006172,6,12,1,0.8703557
INC0006172,7,12,1,0.709022
INC0006172,8,12,1,0.99369794
INC0006175,1,6,1,0.9737524
INC0006175,2,6,1,0.970722
INC0006175,3,6,1,0.98675936
INC0006175,4,6,1,0.8740194
INC0006175,5,6,1,0.9684873
INC0006175,6,6,1,0.6376803
INC0006178,1,9,1,0.95418125
INC0006178,2,9,1,0.93809134
INC0006178,3,9,1,0.95491624
INC0006178,4,9,1,0.42648003
INC0006178,5,9,1,0.56287587
INC0006178,6,9,1,0.6463609
INC0006178,7,9,1,0.84815794
INC0006178,8,9,1,0.6154927
INC0006186,1,7,1,0.947365
INC0006186,2,7,1,0.9382515
INC0006186,3,7,1,0.8570034
INC0006186,4,7,1,0.94880587
INC0006186,5,7,1,0.9716538
INC0006186,6,7,1,0.97175837
INC0006186,7,7,1,0.9663118
INC0006193,1,1,1,0.9378261
INC0006199,1,9,1,0.96225864
INC0006199,2,9,1,0.8487281
INC0006199,3,9,1,0.954602
INC0006199,4,9,1,0.95233893
INC0006199,5,9,1,0.70630974
INC0006199,6,9,1,0.77540493
INC0006199,7,9,1,0.94646764
INC0006199,8,9,1,0.9977488
INC0006200,1,3,1,0.9521663
INC0006200,2,3,1,0.99720865
INC0006200,3,3,1,0.99597013
INC0006215,1,4,1,0.9487678
INC0006215,2,4,1,0.93997043
INC0006215,3,4,1,0.91278
INC0006215,4,4,1,0.43861425
INC0006220,1,5,1,0.9889447
INC0006220,2,5,1,0.98260856
INC0006220,3,5,1,0.9749693
INC0006220,4,5,1,0.8147742
INC0006220,5,5,1,0.99761295
INC0006224,1,15,1,0.8966491
INC0006224,2,15,1,0.97166866
INC0006224,3,15,1,0.6710376
INC0006224,4,15,1,0.911601
INC0006224,5,15,1,0.99466264
INC0006224,6,15,1,0.99463826
INC0006224,7,15,1,0.99557436
INC0006224,8,15,1,0.99521047
INC0006229,1,4,1,0.955698
INC0006229,2,4,1,0.9471303
INC0006229,3,4,1,0.820457
INC0006229,4,4,1,0.8007635
INC0006245,1,1,1,0.6615316
INC0006257,1,4,1,0.822533
INC0006257,2,4,1,0.8180099
INC0006257,3,4,1,0.8682166
INC0006257,4,4,1,0.9379716
INC0006273,1,1,1,0.62633663
INC0006281,1,6,1,0.8326054
INC0006281,2,6,1,0.92359227
INC0006281,3,6,1,0.9501207
INC0006281,4,6,1,0.94507587
INC0006281,5,6,1,0.99723154
INC0006281,6,6,1,0.9966208
INC0006295,1,4,1,0.64224434
INC0006295,2,4,1,0.8316026
INC0006295,3,4,1,0.82987624
INC0006295,4,4,1,0.8299426
INC0006349,1,2,1,0.8774982
INC0006349,2,2,1,0.9691367
INC0006381,1,1,0,0.029461922
INC0006394,1,4,1,0.9798396
INC0006394,2,4,1,0.9797421
INC0006394,3,4,1,0.8236955
INC0006394,4,4,1,0.92243356
INC0006419,1,8,1,0.6614242
INC0006419,2,8,1,0.5231775
INC0006419,3,8,1,0.83298916
INC0006419,4,8,1,0.8675309
INC0006419,5,8,1,0.99888426
INC0006419,6,8,1,0.9989956
INC0006419,7,8,1,0.9989728
INC0006419,8,8,1,0.9989513
INC0006424,1,3,1,0.9712815
INC0006424,2,3,1,0.79441994
INC0006424,3,3,1,0.9517729
INC0006435,1,7,1,0.9108778
INC0006435,2,7,1,0.71303356
INC0006435,3,7,1,0.71576375
INC0006435,4,7,1,0.7119687
INC0006435,5,7,1,0.7314978
INC0006435,6,7,1,0.7767405
INC0006435,7,7,1,0.7755117
INC0006446,1,3,1,0.80572826
INC0006446,2,3,1,0.77758145
INC0006446,3,3,1,0.43947053
INC0006450,1,5,1,0.9551868
INC0006450,2,5,1,0.9550025
INC0006450,3,5,1,0.9551459
INC0006450,4,5,1,0.959763
INC0006450,5,5,1,0.9642167
INC0006455,1,3,1,0.79060435
INC0006455,2,3,1,0.78324026
INC0006455,3,3,1,0.17486712
INC0006467,1,3,1,0.9767948
INC0006467,2,3,1,0.9665786
INC0006467,3,3,1,0.90556765
INC0006494,1,3,1,0.97754467
INC0006494,2,3,1,0.9948519
INC0006494,3,3,1,0.9990513
INC0006508,1,5,1,0.9474665
INC0006508,2,5,1,0.9660007
INC0006508,3,5,1,0.96459764
INC0006508,4,5,1,0.96322453
INC0006508,5,5,1,0.96322453
INC0006509,1,4,1,0.9465375
INC0006509,2,4,1,0.99525553
INC0006509,3,4,1,0.9990409
INC0006509,4,4,1,0.9993043
INC0006514,1,1,1,0.83514273
INC0006520,1,7,1,0.9787541
INC0006520,2,7,1,0.9723374
INC0006520,3,7,1,0.97285944
INC0006520,4,7,1,0.8617223
INC0006520,5,7,1,0.85926527
INC0006520,6,7,1,0.818603
INC0006520,7,7,1,0.8349642
INC0006532,1,4,1,0.9007616
INC0006532,2,4,1,0.8326208
INC0006532,3,4,1,0.660334
INC0006532,4,4,1,0.740635
INC0006549,1,1,1,0.7646001
INC0006550,1,6,1,0.97171336
INC0006550,2,6,1,0.9560236
INC0006550,3,6,1,0.9336354
INC0006550,4,6,1,0.8579365
INC0006550,5,6,1,0.9025692
INC0006550,6,6,1,0.94115674
INC0006555,1,3,1,0.8804844
INC0006555,2,3,1,0.82036823
INC0006555,3,3,1,0.8669336
INC0006562,1,6,1,0.4666674
INC0006562,2,6,1,0.62897974
INC0006562,3,6,1,0.39415586
INC0006562,4,6,1,0.6973025
INC0006562,5,6,1,0.73518634
INC0006562,6,6,1,0.7617499
INC0006566,1,4,1,0.97564745
INC0006566,2,4,1,0.88647574
INC0006566,3,4,1,0.9936528
INC0006566,4,4,1,0.99845135
INC0006569,1,2,1,0.77307475
INC0006569,2,2,1,0.27274743
INC0006580,1,2,0,0.029101076
INC0006580,2,2,0,0.02335023
INC0006583,1,1,1,0.87249005
INC0006584,1,6,1,0.80540353
INC0006584,2,6,1,0.56053513
INC0006584,3,6,1,0.744525
INC0006584,4,6,1,0.7548056
INC0006584,5,6,1,0.75448316
INC0006584,6,6,1,0.7525529
INC0006585,1,9,1,0.8917307
INC0006585,2,9,1,0.8322346
INC0006585,3,9,1,0.87334347
INC0006585,4,9,1,0.9979808
INC0006585,5,9,1,0.9978714
INC0006585,6,9,1,0.99782735
INC0006585,7,9,1,0.9976567
INC0006585,8,9,1,0.9978808
INC0006588,1,4,1,0.6639367
INC0006588,2,4,1,0.68195885
INC0006588,3,4,1,0.25218052
INC0006588,4,4,1,0.39066547
INC0006603,1,2,1,0.635401
INC0006603,2,2,1,0.26918036
INC0006609,1,5,1,0.7861349
INC0006609,2,5,1,0.4668406
INC0006609,3,5,1,0.5436376
INC0006609,4,5,1,0.5485104
INC0006609,5,5,1,0.769158
INC0006622,1,4,1,0.8969521
INC0006622,2,4,1,0.99113655
INC0006622,3,4,1,0.9988294
INC0006622,4,4,1,0.9988475
INC0006629,1,2,1,0.50380015
INC0006629,2,2,1,0.64131016
INC0006651,1,1,1,0.0794076
INC0006654,1,3,1,0.95792633
INC0006654,2,3,1,0.9902794
INC0006654,3,3,1,0.9910778
INC0006661,1,10,1,0.5122693
INC0006661,2,10,1,0.80746263
INC0006661,3,10,1,0.8120557
INC0006661,4,10,1,0.99770397
INC0006661,5,10,1,0.99786097
INC0006661,6,10,1,0.9979254
INC0006661,7,10,1,0.99841595
INC0006661,8,10,1,0.998278
INC0006663,1,7,1,0.50561064
INC0006663,2,7,1,0.4925452
INC0006663,3,7,1,0.6776208
INC0006663,4,7,1,0.85752475
INC0006663,5,7,1,0.99883705
INC0006663,6,7,1,0.99820554
INC0006663,7,7,1,0.99816835
INC0006708,1,1,1,0.49636194
INC0006736,1,6,1,0.62498385
INC0006736,2,6,1,0.48896685
INC0006736,3,6,1,0.7733048
INC0006736,4,6,1,0.9505282
INC0006736,5,6,1,0.97263837
INC0006736,6,6,1,0.9952408
INC0006760,1,4,1,0.31811053
INC0006760,2,4,1,0.32869712
INC0006760,3,4,1,0.8403293
INC0006760,4,4,1,0.99745625
INC0006767,1,2,1,0.43425483
INC0006767,2,2,1,0.870051
INC0006768,1,7,1,0.31495914
INC0006768,2,7,1,0.44757336
INC0006768,3,7,1,0.8157869
INC0006768,4,7,1,0.83859
INC0006768,5,7,1,0.8687177
INC0006768,6,7,1,0.86949545
INC0006768,7,7,1,0.8683117
INC0006782,1,2,1,0.159249
INC0006782,2,2,1,0.54332715
INC0006787,1,2,1,0.39656362
INC0006787,2,2,1,0.6062336
INC0006788,1,3,1,0.5371239
INC0006788,2,3,1,0.4968555
INC0006788,3,3,1,0.8951627
INC0006802,1,4,1,0.2555565
INC0006802,2,4,1,0.24846424
INC0006802,3,4,1,0.847143
INC0006802,4,4,1,0.75500584
INC0006809,1,9,1,0.4946881
INC0006809,2,9,1,0.48707634
INC0006809,3,9,1,0.73958534
INC0006809,4,9,1,0.8038901
INC0006809,5,9,1,0.8307371
INC0006809,6,9,1,0.83567595
INC0006809,7,9,1,0.82121044
INC0006809,8,9,1,0.91709274
INC0006820,1,3,1,0.31987983
INC0006820,2,3,1,0.5186976
INC0006820,3,3,1,0.8781918
INC0006869,1,7,1,0.693747
INC0006869,2,7,1,0.8624964
INC0006869,3,7,1,0.8040948
INC0006869,4,7,1,0.84648764
INC0006869,5,7,1,0.8507751
INC0006869,6,7,1,0.8416568
INC0006869,7,7,1,0.85084045
INC0006872,1,5,1,0.6549009
INC0006872,2,5,1,0.605686
INC0006872,3,5,1,0.8854974
INC0006872,4,5,1,0.91314876
INC0006872,5,5,1,0.7919198
INC0006893,1,2,1,0.92274
INC0006893,2,2,1,0.964721
INC0006909,1,4,1,0.62481785
INC0006909,2,4,1,0.60090834
INC0006909,3,4,1,0.77574366
INC0006909,4,4,1,0.77574366
INC0006941,1,2,1,0.42097408
INC0006941,2,2,1,0.60169464
INC0006942,1,1,1,0.8376079
INC0006944,1,3,1,0.6561473
INC0006944,2,3,1,0.6623306
INC0006944,3,3,1,0.6511995
INC0006951,1,4,1,0.6923611
INC0006951,2,4,1,0.55363417
INC0006951,3,4,1,0.5825949
INC0006951,4,4,1,0.99648005
INC0006962,1,2,1,0.42900747
INC0006962,2,2,1,0.73169017
INC0006968,1,5,1,0.9223049
INC0006968,2,5,1,0.93538654
INC0006968,3,5,1,0.91138023
INC0006968,4,5,1,0.7602229
INC0006968,5,5,1,0.76363814
INC0006974,1,1,1,0.5709635
INC0006983,1,7,1,0.89375204
INC0006983,2,7,1,0.89987534
INC0006983,3,7,1,0.9371314
INC0006983,4,7,1,0.94067043
INC0006983,5,7,1,0.974329
INC0006983,6,7,1,0.9709001
INC0006983,7,7,1,0.8866511
INC0006996,1,5,1,0.96277064
INC0006996,2,5,1,0.99251443
INC0006996,3,5,1,0.9984149
INC0006996,4,5,1,0.9985044
INC0006996,5,5,1,0.99846435
INC0007016,1,6,1,0.8180923
INC0007016,2,6,1,0.9130396
INC0007016,3,6,1,0.8567576
INC0007016,4,6,1,0.83638287
INC0007016,5,6,1,0.9982247
INC0007016,6,6,1,0.99837804
INC0007024,1,5,1,0.95822626
INC0007024,2,5,1,0.9795221
INC0007024,3,5,1,0.9915479
INC0007024,4,5,1,0.9995493
INC0007024,5,5,1,0.9995384
INC0007037,1,7,1,0.45432422
INC0007037,2,7,1,0.74633867
INC0007037,3,7,1,0.823948
INC0007037,4,7,1,0.82028437
INC0007037,5,7,1,0.83977395
INC0007037,6,7,1,0.7181356
INC0007037,7,7,1,0.78221923
INC0007058,1,3,0,0.76233286
INC0007058,2,3,0,0.9282813
INC0007058,3,3,0,0.93508977
INC0007063,1,7,1,0.84726
INC0007063,2,7,1,0.9285724
INC0007063,3,7,1,0.72351164
INC0007063,4,7,1,0.80021
INC0007063,5,7,1,0.8137279
INC0007063,6,7,1,0.80614275
INC0007063,7,7,1,0.8125408
INC0007076,1,1,1,0.7895299
INC0007084,1,1,1,0.7466152
INC0007086,1,1,1,0.7589745
INC0007102,1,1,1,0.89506716
INC0007104,1,6,1,0.97733843
INC0007104,2,6,1,0.9817617
INC0007104,3,6,1,0.98622525
INC0007104,4,6,1,0.9075169
INC0007104,5,6,1,0.9306104
INC0007104,6,6,1,0.9479918
INC0007108,1,7,1,0.98866606
INC0007108,2,7,1,0.9907348
INC0007108,3,7,1,0.9808419
INC0007108,4,7,1,0.9383559
INC0007108,5,7,1,0.9577204
INC0007108,6,7,1,0.9590307
INC0007108,7,7,1,0.9425146
INC0007114,1,6,1,0.798997
INC0007114,2,6,1,0.8516113
INC0007114,3,6,1,0.6811055
INC0007114,4,6,1,0.68357664
INC0007114,5,6,1,0.6909052
INC0007114,6,6,1,0.6890669
INC0007128,1,1,1,0.8524448
INC0007141,1,5,1,0.93066233
INC0007141,2,5,1,0.9325272
INC0007141,3,5,1,0.9216615
INC0007141,4,5,1,0.86626136
INC0007141,5,5,1,0.7382533
INC0007155,1,8,1,0.8555488
INC0007155,2,8,1,0.91547126
INC0007155,3,8,1,0.72668695
INC0007155,4,8,1,0.7731644
INC0007155,5,8,1,0.7735566
INC0007155,6,8,1,0.7932265
INC0007155,7,8,1,0.8284564
INC0007155,8,8,1,0.85685223
INC0007162,1,2,1,0.68344426
INC0007162,2,2,1,0.76007843
INC0007165,1,4,1,0.9574622
INC0007165,2,4,1,0.97941065
INC0007165,3,4,1,0.9802729
INC0007165,4,4,1,0.99902165
INC0007169,1,4,1,0.8523007
INC0007169,2,4,1,0.8027908
INC0007169,3,4,1,0.8436036
INC0007169,4,4,1,0.82265663
INC0007174,1,8,1,0.4780892
INC0007174,2,8,1,0.70758116
INC0007174,3,8,1,0.7199962
INC0007174,4,8,1,0.81848544
INC0007174,5,8,1,0.89391166
INC0007174,6,8,1,0.731013
INC0007174,7,8,1,0.8731344
INC0007174,8,8,1,0.8720371
INC0007187,1,8,1,0.9227925
INC0007187,2,8,1,0.76413095
INC0007187,3,8,1,0.7980777
INC0007187,4,8,1,0.9981976
INC0007187,5,8,1,0.99839056
INC0007187,6,8,1,0.99809355
INC0007187,7,8,1,0.9980591
INC0007187,8,8,1,0.99829656
INC0007198,1,7,0,0.042033426
INC0007198,2,7,0,0.13354085
INC0007198,3,7,0,0.1289216
INC0007198,4,7,0,0.1506077
INC0007198,5,7,0,0.078375615
INC0007198,6,7,0,0.1016203
INC0007198,7,7,0,0.079604
INC0007208,1,10,1,0.921236
INC0007208,2,10,1,0.44717497
INC0007208,3,10,1,0.48444566
INC0007208,4,10,1,0.4305731
INC0007208,5,10,1,0.3988831
INC0007208,6,10,1,0.43621287
INC0007208,7,10,1,0.99544406
INC0007208,8,10,1,0.9953609
INC0007224,1,14,1,0.9204791
INC0007224,2,14,1,0.8803309
INC0007224,3,14,1,0.90320456
INC0007224,4,14,1,0.9975432
INC0007224,5,14,1,0.9974377
INC0007224,6,14,1,0.9974235
INC0007224,7,14,1,0.99762374
INC0007224,8,14,1,0.99792933
INC0007228,1,5,1,0.8731919
INC0007228,2,5,1,0.8889733
INC0007228,3,5,1,0.7467865
INC0007228,4,5,1,0.7243666
INC0007228,5,5,1,0.7640811
INC0007253,1,4,1,0.73429316
INC0007253,2,4,1,0.41976017
INC0007253,3,4,1,0.44843757
INC0007253,4,4,1,0.333088
INC0007300,1,8,1,0.9066708
INC0007300,2,8,1,0.8948279
INC0007300,3,8,1,0.91672826
INC0007300,4,8,1,0.95318884
INC0007300,5,8,1,0.8784371
INC0007300,6,8,1,0.83911264
INC0007300,7,8,1,0.892613
INC0007300,8,8,1,0.9222271
INC0007328,1,3,1,0.83337295
INC0007328,2,3,1,0.9389574
INC0007328,3,3,1,0.9529908
INC0007330,1,7,1,0.28095752
INC0007330,2,7,1,0.5646963
INC0007330,3,7,1,0.62098914
INC0007330,4,7,1,0.6893611
INC0007330,5,7,1,0.76402843
INC0007330,6,7,1,0.9978356
INC0007330,7,7,1,0.9980009
INC0007332,1,2,1,0.621198
INC0007332,2,2,1,0.74416155
INC0007334,1,2,1,0.73804086
INC0007334,2,2,1,0.9980406
INC0007368,1,5,1,0.85320556
INC0007368,2,5,1,0.9453928
INC0007368,3,5,1,0.94523597
INC0007368,4,5,1,0.95968056
INC0007368,5,5,1,0.99878234
INC0007382,1,3,1,0.9425112
INC0007382,2,3,1,0.9484766
INC0007382,3,3,1,0.9611496
INC0007400,1,5,1,0.7754145
INC0007400,2,5,1,0.8361828
INC0007400,3,5,1,0.9111569
INC0007400,4,5,1,0.9987834
INC0007400,5,5,1,0.998752
INC0007402,1,11,1,0.93072915
INC0007402,2,11,1,0.9376431
INC0007402,3,11,1,0.94868696
INC0007402,4,11,1,0.9121146
INC0007402,5,11,1,0.90460193
INC0007402,6,11,1,0.9191365
INC0007402,7,11,1,0.95442563
INC0007402,8,11,1,0.95649505
INC0007414,1,6,1,0.6126556
INC0007414,2,6,1,0.4952747
INC0007414,3,6,1,0.78269196
INC0007414,4,6,1,0.9958903
INC0007414,5,6,1,0.99701905
INC0007414,6,6,1,0.996723
INC0007421,1,3,1,0.5763862
INC0007421,2,3,1,0.6982292
INC0007421,3,3,1,0.6295444
INC0007428,1,11,1,0.4068595
INC0007428,2,11,1,0.7968914
INC0007428,3,11,1,0.79322463
INC0007428,4,11,1,0.8770657
INC0007428,5,11,1,0.8791179
INC0007428,6,11,1,0.902652
INC0007428,7,11,1,0.99736375
INC0007428,8,11,1,0.9970772
INC0007429,1,6,1,0.6239129
INC0007429,2,6,1,0.7086416
INC0007429,3,6,1,0.7306716
INC0007429,4,6,1,0.7768028
INC0007429,5,6,1,0.8194384
INC0007429,6,6,1,0.85257566
INC0007445,1,7,1,0.6804979
INC0007445,2,7,1,0.78058946
INC0007445,3,7,1,0.9976453
INC0007445,4,7,1,0.9975598
INC0007445,5,7,1,0.9977984
INC0007445,6,7,1,0.9977558
INC0007445,7,7,1,0.99820983
INC0007481,1,3,0,0.61551213
INC0007481,2,3,0,0.5235216
INC0007481,3,3,0,0.5235216
INC0007504,1,8,1,0.12184022
INC0007504,2,8,1,0.24546646
INC0007504,3,8,1,0.41897228
INC0007504,4,8,1,0.7141419
INC0007504,5,8,1,0.9978453
INC0007504,6,8,1,0.9983
INC0007504,7,8,1,0.99825925
INC0007504,8,8,1,0.9973355
INC0007521,1,16,1,0.34786803
INC0007521,2,16,1,0.28128308
INC0007521,3,16,1,0.28059304
INC0007521,4,16,1,0.37061524
INC0007521,5,16,1,0.37327853
INC0007521,6,16,1,0.5003016
INC0007521,7,16,1,0.45588624
INC0007521,8,16,1,0.9848165
INC0007542,1,1,0,0.021422448
INC0007561,1,5,1,0.5989273
INC0007561,2,5,1,0.7561926
INC0007561,3,5,1,0.7575906
INC0007561,4,5,1,0.9374502
INC0007561,5,5,1,0.98002875
INC0007562,1,5,0,0.37287426
INC0007562,2,5,0,0.39308602
INC0007562,3,5,0,0.40836596
INC0007562,4,5,0,0.4266764
INC0007562,5,5,0,0.5364256
INC0007565,1,3,0,0.06338883
INC0007565,2,3,0,0.16045094
INC0007565,3,3,0,0.14223495
INC0007566,1,3,1,0.5127923
INC0007566,2,3,1,0.45223138
INC0007566,3,3,1,0.9981243
INC0007573,1,2,0,0.4613229
INC0007573,2,2,0,0.3413178
INC0007582,1,1,0,0.4076972
INC0007592,1,3,1,0.5969369
INC0007592,2,3,1,0.5535285
INC0007592,3,3,1,0.97581124
INC0007598,1,6,1,0.43655223
INC0007598,2,6,1,0.3805295
INC0007598,3,6,1,0.5553728
INC0007598,4,6,1,0.73628163
INC0007598,5,6,1,0.99789846
INC0007598,6,6,1,0.99792576
INC0007621,1,1,0,0.036290307
INC0007632,1,7,1,0.2757947
INC0007632,2,7,1,0.7143836
INC0007632,3,7,1,0.8355337
INC0007632,4,7,1,0.88308483
INC0007632,5,7,1,0.9986665
INC0007632,6,7,1,0.998613
INC0007632,7,7,1,0.99841297
INC0007643,1,4,1,0.46705112
INC0007643,2,4,1,0.99665064
INC0007643,3,4,1,0.99736804
INC0007643,4,4,1,0.9962645
INC0007663,1,3,0,0.52065945
INC0007663,2,3,0,0.70253223
INC0007663,3,3,0,0.8695329
INC0007664,1,5,0,0.48800132
INC0007664,2,5,0,0.48532188
INC0007664,3,5,0,0.49755004
INC0007664,4,5,0,0.60745233
INC0007664,5,5,0,0.6639757
INC0007673,1,2,1,0.5154064
INC0007673,2,2,1,0.8546196
INC0007681,1,1,0,0.5165066
INC0007696,1,6,1,0.5747374
INC0007696,2,6,1,0.60878694
INC0007696,3,6,1,0.998868
INC0007696,4,6,1,0.99897254
INC0007696,5,6,1,0.99898547
INC0007696,6,6,1,0.99819785
INC0007734,1,1,0,0.008579237
INC0007748,1,1,0,0.35500613
INC0007762,1,2,0,0.30686694
INC0007762,2,2,0,0.40031165
INC0007767,1,7,1,0.4452692
INC0007767,2,7,1,0.3629669
INC0007767,3,7,1,0.48418444
INC0007767,4,7,1,0.83490175
INC0007767,5,7,1,0.99809664
INC0007767,6,7,1,0.99816906
INC0007767,7,7,1,0.9980381
INC0007788,1,5,0,0.46590114
INC0007788,2,5,0,0.537243
INC0007788,3,5,0,0.555852
INC0007788,4,5,0,0.6379812
INC0007788,5,5,0,0.6120475
INC0007798,1,3,1,0.36084586
INC0007798,2,3,1,0.68616974
INC0007798,3,3,1,0.99808156
INC0007841,1,2,0,0.49951196
INC0007841,2,2,0,0.4135269
INC0007847,1,3,1,0.9845694
INC0007847,2,3,1,0.98869216
INC0007847,3,3,1,0.9883293
INC0007853,1,5,1,0.47244006
INC0007853,2,5,1,0.64876884
INC0007853,3,5,1,0.79337025
INC0007853,4,5,1,0.8376242
INC0007853,5,5,1,0.97089875
INC0007859,1,6,0,0.595762
INC0007859,2,6,0,0.61660594
INC0007859,3,6,0,0.65496504
INC0007859,4,6,0,0.5930677
INC0007859,5,6,0,0.7815439
INC0007859,6,6,0,0.58512336
INC0007860,1,7,1,0.24554314
INC0007860,2,7,1,0.46456915
INC0007860,3,7,1,0.67465967
INC0007860,4,7,1,0.78456056
INC0007860,5,7,1,0.7862705
INC0007860,6,7,1,0.83135647
INC0007860,7,7,1,0.99798906
INC0007868,1,1,0,0.049183022
INC0007869,1,2,0,0.5285431
INC0007869,2,2,0,0.7091316
INC0007904,1,4,0,0.44243124
INC0007904,2,4,0,0.5061919
INC0007904,3,4,0,0.46769977
INC0007904,4,4,0,0.42725542
INC0007935,1,3,0,0.44190404
INC0007935,2,3,0,0.37415588
INC0007935,3,3,0,0.29431686
INC0007956,1,5,1,0.57707965
INC0007956,2,5,1,0.5189862
INC0007956,3,5,1,0.50610983
INC0007956,4,5,1,0.56305087
INC0007956,5,5,1,0.9985745
INC0007975,1,7,1,0.5923343
INC0007975,2,7,1,0.64757836
INC0007975,3,7,1,0.6980466
INC0007975,4,7,1,0.7116178
INC0007975,5,7,1,0.69995505
INC0007975,6,7,1,0.76722336
INC0007975,7,7,1,0.9987018
INC0008014,1,8,0,0.57220113
INC0008014,2,8,0,0.5799087
INC0008014,3,8,0,0.5944226
INC0008014,4,8,0,0.58191085
INC0008014,5,8,0,0.5671162
INC0008014,6,8,0,0.56736374
INC0008014,7,8,0,0.5894662
INC0008014,8,8,0,0.41877604
INC0008039,1,10,1,0.413289
INC0008039,2,10,1,0.30141848
INC0008039,3,10,1,0.5706187
INC0008039,4,10,1,0.5843976
INC0008039,5,10,1,0.64240146
INC0008039,6,10,1,0.68524826
INC0008039,7,10,1,0.6488475
INC0008039,8,10,1,0.95572734
INC0008070,1,5,0,0.26324832
INC0008070,2,5,0,0.29243165
INC0008070,3,5,0,0.3754991
INC0008070,4,5,0,0.30716014
INC0008070,5,5,0,0.3116229
INC0008106,1,3,0,0.41348416
INC0008106,2,3,0,0.63832074
INC0008106,3,3,0,0.6413125
INC0008119,1,8,1,0.10872714
INC0008119,2,8,1,0.22879416
INC0008119,3,8,1,0.23192301
INC0008119,4,8,1,0.26376167
INC0008119,5,8,1,0.26899517
INC0008119,6,8,1,0.27261555
INC0008119,7,8,1,0.3959545
INC0008119,8,8,1,0.9586011
INC0008126,1,3,0,0.16197073
INC0008126,2,3,0,0.50360477
INC0008126,3,3,0,0.6312556
INC0008133,1,1,0,0.1991253
INC0008140,1,14,0,0.062333908
INC0008140,2,14,0,0.085071445
INC0008140,3,14,0,0.28333914
INC0008140,4,14,0,0.28118572
INC0008140,5,14,0,0.095095865
INC0008140,6,14,0,0.093588
INC0008140,7,14,0,0.1006746
INC0008140,8,14,0,0.09324055
INC0008141,1,1,0,0.032341205
INC0008150,1,2,0,0.6567561
INC0008150,2,2,0,0.5126996
INC0008151,1,4,1,0.79269546
INC0008151,2,4,1,0.99901223
INC0008151,3,4,1,0.9992638
INC0008151,4,4,1,0.9986578
INC0008154,1,1,0,0.03129557
INC0008164,1,1,0,0.041155875
INC0008189,1,4,1,0.4609569
INC0008189,2,4,1,0.9570484
INC0008189,3,4,1,0.96993005
INC0008189,4,4,1,0.9747611
INC0008207,1,4,0,0.37044275
INC0008207,2,4,0,0.31021214
INC0008207,3,4,0,0.28521857
INC0008207,4,4,0,0.5346642
INC0008224,1,1,1,0.36218497
INC0008227,1,5,1,0.42070404
INC0008227,2,5,1,0.3416341
INC0008227,3,5,1,0.44794172
INC0008227,4,5,1,0.99734503
INC0008227,5,5,1,0.9978847
INC0008232,1,13,1,0.32769644
INC0008232,2,13,1,0.3335381
INC0008232,3,13,1,0.37156904
INC0008232,4,13,1,0.4540672
INC0008232,5,13,1,0.99754035
INC0008232,6,13,1,0.99777263
INC0008232,7,13,1,0.99784374
INC0008232,8,13,1,0.9979989
INC0008236,1,8,1,0.7189085
INC0008236,2,8,1,0.5388786
INC0008236,3,8,1,0.52450114
INC0008236,4,8,1,0.6129245
INC0008236,5,8,1,0.91014874
INC0008236,6,8,1,0.9169922
INC0008236,7,8,1,0.9378384
INC0008236,8,8,1,0.96221405
INC0008238,1,3,0,0.40211272
INC0008238,2,3,0,0.42618772
INC0008238,3,3,0,0.81193256
INC0008254,1,4,1,0.98950213
INC0008254,2,4,1,0.99071586
INC0008254,3,4,1,0.9989704
INC0008254,4,4,1,0.9991755
INC0008272,1,1,0,0.029640729
INC0008312,1,2,0,0.029948026
INC0008312,2,2,0,0.06723123
INC0008313,1,10,1,0.4099765
INC0008313,2,10,1,0.33547997
INC0008313,3,10,1,0.4486846
INC0008313,4,10,1,0.6031746
INC0008313,5,10,1,0.7183226
INC0008313,6,10,1,0.87819415
INC0008313,7,10,1,0.87846535
INC0008313,8,10,1,0.88010085
INC0008323,1,5,1,0.59396905
INC0008323,2,5,1,0.71053475
INC0008323,3,5,1,0.9709618
INC0008323,4,5,1,0.997191
INC0008323,5,5,1,0.99658954
INC0008325,1,13,1,0.4040616
INC0008325,2,13,1,0.44627964
INC0008325,3,13,1,0.6348948
INC0008325,4,13,1,0.65512496
INC0008325,5,13,1,0.92436576
INC0008325,6,13,1,0.99625504
INC0008325,7,13,1,0.99623543
INC0008325,8,13,1,0.9965835
INC0008327,1,2,0,0.39259276
INC0008327,2,2,0,0.32230884
INC0008355,1,3,1,0.5105815
INC0008355,2,3,1,0.7289189
INC0008355,3,3,1,0.6011322
INC0008362,1,1,0,0.5419613
INC0008370,1,4,1,0.27548048
INC0008370,2,4,1,0.9950197
INC0008370,3,4,1,0.9934182
INC0008370,4,4,1,0.99342924
INC0008373,1,2,0,0.43179378
INC0008373,2,2,0,0.22661786
INC0008382,1,1,0,0.35729483
INC0008385,1,7,1,0.5702969
INC0008385,2,7,1,0.65842324
INC0008385,3,7,1,0.6569271
INC0008385,4,7,1,0.6631316
INC0008385,5,7,1,0.72004646
INC0008385,6,7,1,0.9297696
INC0008385,7,7,1,0.8913514
INC0008402,1,8,0,0.4137075
INC0008402,2,8,0,0.33789313
INC0008402,3,8,0,0.22537445
INC0008402,4,8,0,0.25607806
INC0008402,5,8,0,0.5452567
INC0008402,6,8,0,0.54551643
INC0008402,7,8,0,0.4871122
INC0008402,8,8,0,0.63158005
INC0008436,1,7,1,0.31592378
INC0008436,2,7,1,0.3718731
INC0008436,3,7,1,0.5521849
INC0008436,4,7,1,0.44926122
INC0008436,5,7,1,0.7326874
INC0008436,6,7,1,0.774677
INC0008436,7,7,1,0.93075407
INC0008437,1,8,1,0.5809816
INC0008437,2,8,1,0.9358897
INC0008437,3,8,1,0.9455281
INC0008437,4,8,1,0.9452055
INC0008437,5,8,1,0.9543131
INC0008437,6,8,1,0.9968817
INC0008437,7,8,1,0.99625105
INC0008437,8,8,1,0.99677545
INC0008438,1,4,0,0.6531807
INC0008438,2,4,0,0.7544041
INC0008438,3,4,0,0.86441535
INC0008438,4,4,0,0.8439141
INC0008448,1,8,1,0.8421292
INC0008448,2,8,1,0.8137978
INC0008448,3,8,1,0.997612
INC0008448,4,8,1,0.99853194
INC0008448,5,8,1,0.998516
INC0008448,6,8,1,0.9983279
INC0008448,7,8,1,0.998543
INC0008448,8,8,1,0.9981791
INC0008454,1,2,0,0.3781621
INC0008454,2,2,0,0.47318348
INC0008456,1,3,0,0.15087199
INC0008456,2,3,0,0.2134907
INC0008456,3,3,0,0.21293403
INC0008457,1,5,0,0.20213474
INC0008457,2,5,0,0.3208883
INC0008457,3,5,0,0.67679745
INC0008457,4,5,0,0.854897
INC0008457,5,5,0,0.8401126
INC0008465,1,8,0,0.24322256
INC0008465,2,8,0,0.17376427
INC0008465,3,8,0,0.20713836
INC0008465,4,8,0,0.2075042
INC0008465,5,8,0,0.36063388
INC0008465,6,8,0,0.3536402
INC0008465,7,8,0,0.32295105
INC0008465,8,8,0,0.5447621
INC0008467,1,4,1,0.372567
INC0008467,2,4,1,0.3223545
INC0008467,3,4,1,0.99710923
INC0008467,4,4,1,0.99653196
INC0008479,1,1,1,0.46151412
INC0008485,1,18,0,0.31666732
INC0008485,2,18,0,0.28172827
INC0008485,3,18,0,0.38677785
INC0008485,4,18,0,0.62767756
INC0008485,5,18,0,0.6113011
INC0008485,6,18,0,0.60864156
INC0008485,7,18,0,0.61381733
INC0008485,8,18,0,0.7010199
INC0008512,1,1,0,0.12903357
INC0008514,1,1,0,0.42012545
INC0008518,1,1,0,0.10503853
INC0008535,1,4,0,0.8881123
INC0008535,2,4,0,0.8958508
INC0008535,3,4,0,0.874675
INC0008535,4,4,0,0.50943226
INC0008543,1,10,1,0.6629428
INC0008543,2,10,1,0.6899241
INC0008543,3,10,1,0.72651285
INC0008543,4,10,1,0.7865373
INC0008543,5,10,1,0.81642723
INC0008543,6,10,1,0.8820426
INC0008543,7,10,1,0.9720219
INC0008543,8,10,1,0.9983981
INC0008545,1,3,1,0.33054876
INC0008545,2,3,1,0.32458562
INC0008545,3,3,1,0.54005516
INC0008568,1,6,1,0.40748608
INC0008568,2,6,1,0.53439486
INC0008568,3,6,1,0.8474756
INC0008568,4,6,1,0.99716395
INC0008568,5,6,1,0.9957575
INC0008568,6,6,1,0.9959825
INC0008585,1,3,1,0.509833
INC0008585,2,3,1,0.5101794
INC0008585,3,3,1,0.8827299
INC0008587,1,3,0,0.31036156
INC0008587,2,3,0,0.30911976
INC0008587,3,3,0,0.38468644
INC0008588,1,18,1,0.6306566
INC0008588,2,18,1,0.68870234
INC0008588,3,18,1,0.6592555
INC0008588,4,18,1,0.92333484
INC0008588,5,18,1,0.9986828
INC0008588,6,18,1,0.9979842
INC0008588,7,18,1,0.9977477
INC0008588,8,18,1,0.9975648
INC0008591,1,8,0,0.5825475
INC0008591,2,8,0,0.17571107
INC0008591,3,8,0,0.58195746
INC0008591,4,8,0,0.61653906
INC0008591,5,8,0,0.70835614
INC0008591,6,8,0,0.4658224
INC0008591,7,8,0,0.62454116
INC0008591,8,8,0,0.6221704
INC0008598,1,4,1,0.9435154
INC0008598,2,4,1,0.93500495
INC0008598,3,4,1,0.93606913
INC0008598,4,4,1,0.9978969
INC0008599,1,3,0,0.35807684
INC0008599,2,3,0,0.38280806
INC0008599,3,3,0,0.3891343
INC0008610,1,8,1,0.5357072
INC0008610,2,8,1,0.5291844
INC0008610,3,8,1,0.7367995
INC0008610,4,8,1,0.9978465
INC0008610,5,8,1,0.99688077
INC0008610,6,8,1,0.9910732
INC0008610,7,8,1,0.9959044
INC0008610,8,8,1,0.9952305
INC0008611,1,10,1,0.31450018
INC0008611,2,10,1,0.46263877
INC0008611,3,10,1,0.5113484
INC0008611,4,10,1,0.6975537
INC0008611,5,10,1,0.70555246
INC0008611,6,10,1,0.72630554
INC0008611,7,10,1,0.8009445
INC0008611,8,10,1,0.92394423
INC0008615,1,2,1,0.97024107
INC0008615,2,2,1,0.98055184
INC0008644,1,1,0,0.018294202
INC0008648,1,10,1,0.48016977
INC0008648,2,10,1,0.4251478
INC0008648,3,10,1,0.46799886
INC0008648,4,10,1,0.99722004
INC0008648,5,10,1,0.9984621
INC0008648,6,10,1,0.9978434
INC0008648,7,10,1,0.99817526
INC0008648,8,10,1,0.9973476
INC0008649,1,4,1,0.41578463
INC0008649,2,4,1,0.60921335
INC0008649,3,4,1,0.6766096
INC0008649,4,4,1,0.9947796
INC0008656,1,5,1,0.40080246
INC0008656,2,5,1,0.9968022
INC0008656,3,5,1,0.9972836
INC0008656,4,5,1,0.996828
INC0008656,5,5,1,0.99650383
INC0008695,1,4,1,0.4826258
INC0008695,2,4,1,0.99733907
INC0008695,3,4,1,0.9976478
INC0008695,4,4,1,0.9975624
INC0008707,1,8,1,0.08746006
INC0008707,2,8,1,0.69562703
INC0008707,3,8,1,0.8673087
INC0008707,4,8,1,0.81586486
INC0008707,5,8,1,0.8273309
INC0008707,6,8,1,0.802096
INC0008707,7,8,1,0.995743
INC0008707,8,8,1,0.99637777
INC0008741,1,2,1,0.48307294
INC0008741,2,2,1,0.72040343
INC0008743,1,5,1,0.3227688
INC0008743,2,5,1,0.4734727
INC0008743,3,5,1,0.9939938
INC0008743,4,5,1,0.9970186
INC0008743,5,5,1,0.9946121
INC0008752,1,7,1,0.31382686
INC0008752,2,7,1,0.26766348
INC0008752,3,7,1,0.27113694
INC0008752,4,7,1,0.38876018
INC0008752,5,7,1,0.781372
INC0008752,6,7,1,0.9930067
INC0008752,7,7,1,0.9938968
INC0008753,1,4,0,0.35140118
INC0008753,2,4,0,0.50836056
INC0008753,3,4,0,0.4940882
INC0008753,4,4,0,0.48565698
INC0008782,1,2,1,0.24546939
INC0008782,2,2,1,0.2916494
INC0008795,1,9,1,0.6985339
INC0008795,2,9,1,0.62473947
INC0008795,3,9,1,0.293598
INC0008795,4,9,1,0.39320642
INC0008795,5,9,1,0.5705307
INC0008795,6,9,1,0.9960078
INC0008795,7,9,1,0.995858
INC0008795,8,9,1,0.9936858
INC0008818,1,5,1,0.40262213
INC0008818,2,5,1,0.41589785
INC0008818,3,5,1,0.499583
INC0008818,4,5,1,0.7424163
INC0008818,5,5,1,0.9949915
INC0008863,1,3,0,0.30868927
INC0008863,2,3,0,0.6580671
INC0008863,3,3,0,0.8443194
INC0008887,1,4,1,0.49847272
INC0008887,2,4,1,0.44757283
INC0008887,3,4,1,0.5914432
INC0008887,4,4,1,0.7552381
INC0008897,1,4,1,0.31579542
INC0008897,2,4,1,0.33736035
INC0008897,3,4,1,0.4463167
INC0008897,4,4,1,0.8162304
INC0008900,1,4,0,0.2390567
INC0008900,2,4,0,0.31226274
INC0008900,3,4,0,0.35215354
INC0008900,4,4,0,0.35713857
INC0008925,1,5,1,0.4655807
INC0008925,2,5,1,0.6618978
INC0008925,3,5,1,0.64872515
INC0008925,4,5,1,0.7406325
INC0008925,5,5,1,0.9970457
INC0008926,1,2,0,0.32600656
INC0008926,2,2,0,0.27960423
INC0008963,1,6,1,0.3342494
INC0008963,2,6,1,0.3444382
INC0008963,3,6,1,0.99380845
INC0008963,4,6,1,0.99482405
INC0008963,5,6,1,0.9939744
INC0008963,6,6,1,0.9961463
INC0008986,1,3,0,0.41071925
INC0008986,2,3,0,0.4525209
INC0008986,3,3,0,0.53769374
INC0008990,1,3,0,0.2251236
INC0008990,2,3,0,0.2914
INC0008990,3,3,0,0.31833944
INC0009037,1,4,0,0.43431526
INC0009037,2,4,0,0.309421
INC0009037,3,4,0,0.43723044
INC0009037,4,4,0,0.40179452
INC0009070,1,12,0,0.46229076
INC0009070,2,12,0,0.41057238
INC0009070,3,12,0,0.4890768
INC0009070,4,12,0,0.55105424
INC0009070,5,12,0,0.5598647
INC0009070,6,12,0,0.55591047
INC0009070,7,12,0,0.5846362
INC0009070,8,12,0,0.5846362
INC0009071,1,2,0,0.3598707
INC0009071,2,2,0,0.19168834
INC0009089,1,8,1,0.4015534
INC0009089,2,8,1,0.5563854
INC0009089,3,8,1,0.54725844
INC0009089,4,8,1,0.56735367
INC0009089,5,8,1,0.9957938
INC0009089,6,8,1,0.99691916
INC0009089,7,8,1,0.9968696
INC0009089,8,8,1,0.99690187
INC0009112,1,1,0,0.018214272
INC0009146,1,6,1,0.23540552
INC0009146,2,6,1,0.37777966
INC0009146,3,6,1,0.47357446
INC0009146,4,6,1,0.37846163
INC0009146,5,6,1,0.99700755
INC0009146,6,6,1,0.9969683
INC0009147,1,4,1,0.929744
INC0009147,2,4,1,0.98068076
INC0009147,3,4,1,0.97459847
INC0009147,4,4,1,0.9697934
INC0009154,1,2,0,0.24339284
INC0009154,2,2,0,0.5064881
INC0009159,1,3,0,0.23669653
INC0009159,2,3,0,0.20616107
INC0009159,3,3,0,0.16679722
INC0009169,1,1,0,0.01769714
INC0009172,1,5,1,0.1160403
INC0009172,2,5,1,0.21869068
INC0009172,3,5,1,0.26949647
INC0009172,4,5,1,0.35848954
INC0009172,5,5,1,0.41733503
INC0009194,1,1,0,0.13443829
INC0009199,1,5,0,0.33408132
INC0009199,2,5,0,0.28337833
INC0009199,3,5,0,0.5258649
INC0009199,4,5,0,0.6033579
INC0009199,5,5,0,0.6221254
INC0009214,1,1,0,0.14914376
INC0009225,1,6,0,0.12380094
INC0009225,2,6,0,0.28677198
INC0009225,3,6,0,0.19867499
INC0009225,4,6,0,0.21950811
INC0009225,5,6,0,0.32376146
INC0009225,6,6,0,0.30445608
INC0009245,1,3,1,0.39249298
INC0009245,2,3,1,0.5766482
INC0009245,3,3,1,0.9026218
INC0009255,1,1,0,0.101491876
INC0009264,1,1,0,0.14522256
INC0009276,1,1,0,0.02344527
INC0009292,1,6,0,0.22117218
INC0009292,2,6,0,0.4652739
INC0009292,3,6,0,0.61220187
INC0009292,4,6,0,0.77022773
INC0009292,5,6,0,0.8325845
INC0009292,6,6,0,0.8699299
INC0009294,1,1,0,0.036654115
INC0009299,1,1,0,0.4153877
INC0009301,1,11,0,0.32219815
INC0009301,2,11,0,0.3357317
INC0009301,3,11,0,0.3574745
INC0009301,4,11,0,0.1849644
INC0009301,5,11,0,0.16977862
INC0009301,6,11,0,0.1635156
INC0009301,7,11,0,0.16965753
INC0009301,8,11,0,0.20565322
INC0009316,1,1,0,0.023345644
INC0009319,1,3,0,0.5130175
INC0009319,2,3,0,0.62631637
INC0009319,3,3,0,0.64188814
INC0009327,1,4,0,0.27814814
INC0009327,2,4,0,0.25455162
INC0009327,3,4,0,0.23885022
INC0009327,4,4,0,0.2979191
INC0009329,1,2,0,0.20724177
INC0009329,2,2,0,0.38193244
INC0009337,1,3,1,0.38092208
INC0009337,2,3,1,0.3818644
INC0009337,3,3,1,0.64283293
INC0009356,1,5,0,0.3285097
INC0009356,2,5,0,0.41647553
INC0009356,3,5,0,0.57861984
INC0009356,4,5,0,0.71956533
INC0009356,5,5,0,0.77767694
INC0009360,1,3,1,0.3188424
INC0009360,2,3,1,0.9263402
INC0009360,3,3,1,0.95702505
INC0009367,1,1,0,0.13191265
INC0009370,1,6,1,0.4278976
INC0009370,2,6,1,0.3997927
INC0009370,3,6,1,0.4766774
INC0009370,4,6,1,0.50434273
INC0009370,5,6,1,0.645824
INC0009370,6,6,1,0.7288412
INC0009378,1,6,1,0.5193694
INC0009378,2,6,1,0.31833804
INC0009378,3,6,1,0.37446502
INC0009378,4,6,1,0.5855404
INC0009378,5,6,1,0.6684628
INC0009378,6,6,1,0.9976653
INC0009382,1,3,0,0.44465384
INC0009382,2,3,0,0.25220835
INC0009382,3,3,0,0.31403574
INC0009397,1,1,0,0.10723159
INC0009414,1,5,0,0.40904117
INC0009414,2,5,0,0.64214
INC0009414,3,5,0,0.60054594
INC0009414,4,5,0,0.6911548
INC0009414,5,5,0,0.87531734
INC0009418,1,3,0,0.4599763
INC0009418,2,3,0,0.32012033
INC0009418,3,3,0,0.38756332
INC0009437,1,2,0,0.56722677
INC0009437,2,2,0,0.28933418
INC0009446,1,2,1,0.45162532
INC0009446,2,2,1,0.9979665
INC0009451,1,3,0,0.1969026
INC0009451,2,3,0,0.3609414
INC0009451,3,3,0,0.4086539
INC0009502,1,6,0,0.29516104
INC0009502,2,6,0,0.2556518
INC0009502,3,6,0,0.2556518
INC0009502,4,6,0,0.28441
INC0009502,5,6,0,0.31734392
INC0009502,6,6,0,0.3708638
INC0009503,1,3,1,0.4494095
INC0009503,2,3,1,0.45852497
INC0009503,3,3,1,0.99760395
INC0009531,1,3,0,0.39521003
INC0009531,2,3,0,0.27050373
INC0009531,3,3,0,0.2727594
INC0009532,1,20,1,0.5640407
INC0009532,2,20,1,0.5270599
INC0009532,3,20,1,0.5270599
INC0009532,4,20,1,0.80047154
INC0009532,5,20,1,0.78109926
INC0009532,6,20,1,0.84017366
INC0009532,7,20,1,0.82587594
INC0009532,8,20,1,0.99858487
INC0009586,1,3,1,0.4666887
INC0009586,2,3,1,0.3697101
INC0009586,3,3,1,0.60275483
INC0009613,1,2,1,0.39355215
INC0009613,2,2,1,0.3912289
INC0009652,1,6,0,0.45671347
INC0009652,2,6,0,0.24986382
INC0009652,3,6,0,0.3009023
INC0009652,4,6,0,0.30139297
INC0009652,5,6,0,0.3032076
INC0009652,6,6,0,0.34983593
INC0009690,1,3,0,0.56430316
INC0009690,2,3,0,0.41883808
INC0009690,3,3,0,0.47630936
INC0009695,1,2,0,0.43202603
INC0009695,2,2,0,0.50578547
INC0009704,1,7,0,0.41451898
INC0009704,2,7,0,0.3562998
INC0009704,3,7,0,0.44255567
INC0009704,4,7,0,0.49812907
INC0009704,5,7,0,0.4900244
INC0009704,6,7,0,0.47312006
INC0009704,7,7,0,0.31503713
INC0009719,1,1,0,0.28212416
INC0009746,1,1,0,0.14917856
INC0009772,1,3,0,0.4970525
INC0009772,2,3,0,0.45009077
INC0009772,3,3,0,0.36238554
INC0009787,1,3,1,0.35315612
INC0009787,2,3,1,0.33038098
INC0009787,3,3,1,0.59631395
INC0009818,1,3,0,0.57459295
INC0009818,2,3,0,0.2940955
INC0009818,3,3,0,0.33588988
INC0009830,1,8,1,0.7428313
INC0009830,2,8,1,0.48843646
INC0009830,3,8,1,0.7260041
INC0009830,4,8,1,0.7804515
INC0009830,5,8,1,0.67556894
INC0009830,6,8,1,0.6800231
INC0009830,7,8,1,0.99894243
INC0009830,8,8,1,0.99917054
INC0009857,1,3,0,0.6199283
INC0009857,2,3,0,0.60675704
INC0009857,3,3,0,0.60087043
INC0009866,1,1,0,0.09251557
INC0009870,1,3,0,0.6331175
INC0009870,2,3,0,0.66757256
INC0009870,3,3,0,0.4839813
INC0009877,1,6,1,0.6449089
INC0009877,2,6,1,0.40812087
INC0009877,3,6,1,0.4439724
INC0009877,4,6,1,0.82373464
INC0009877,5,6,1,0.43283144
INC0009877,6,6,1,0.44021663
INC0009888,1,1,0,0.028492972
INC0009896,1,2,0,0.49241757
INC0009896,2,2,0,0.5781707
INC0009909,1,1,1,0.6670242
INC0009926,1,7,0,0.5347928
INC0009926,2,7,0,0.50758517
INC0009926,3,7,0,0.23993781
INC0009926,4,7,0,0.35099766
INC0009926,5,7,0,0.30596012
INC0009926,6,7,0,0.30972043
INC0009926,7,7,0,0.30596012
INC0009938,1,4,0,0.23626636
INC0009938,2,4,0,0.17388691
INC0009938,3,4,0,0.22224309
INC0009938,4,4,0,0.20012757
INC0009940,1,13,1,0.22190058
INC0009940,2,13,1,0.5078452
INC0009940,3,13,1,0.76580137
INC0009940,4,13,1,0.9977946
INC0009940,5,13,1,0.9968262
INC0009940,6,13,1,0.9981317
INC0009940,7,13,1,0.99856013
INC0009940,8,13,1,0.99856216
INC0009955,1,1,0,0.15673383
INC0009957,1,2,0,0.16014758
INC0009957,2,2,0,0.54259956
INC0009960,1,16,1,0.4198621
INC0009960,2,16,1,0.49748063
INC0009960,3,16,1,0.6755642
INC0009960,4,16,1,0.7675891
INC0009960,5,16,1,0.83759737
INC0009960,6,16,1,0.9993198
INC0009960,7,16,1,0.9989981
INC0009960,8,16,1,0.9988176
INC0009968,1,4,0,0.43600395
INC0009968,2,4,0,0.500065
INC0009968,3,4,0,0.48177448
INC0009968,4,4,0,0.5978205
INC0009971,1,1,0,0.03449653
INC0010026,1,1,0,0.13749813
INC0010040,1,5,1,0.5127785
INC0010040,2,5,1,0.604516
INC0010040,3,5,1,0.728283
INC0010040,4,5,1,0.99742126
INC0010040,5,5,1,0.99742246
INC0010068,1,2,0,0.46308905
INC0010068,2,2,0,0.40652254
INC0010073,1,3,1,0.7191296
INC0010073,2,3,1,0.9991685
INC0010073,3,3,1,0.9991623
INC0010101,1,9,1,0.4665777
INC0010101,2,9,1,0.53978246
INC0010101,3,9,1,0.39831716
INC0010101,4,9,1,0.4837329
INC0010101,5,9,1,0.605127
INC0010101,6,9,1,0.70694816
INC0010101,7,9,1,0.9980275
INC0010101,8,9,1,0.9968905
INC0010111,1,2,0,0.3455957
INC0010111,2,2,0,0.71437544
INC0010115,1,2,1,0.52061653
INC0010115,2,2,1,0.9946444
INC0010140,1,2,0,0.28810322
INC0010140,2,2,0,0.33489367
INC0010160,1,2,0,0.534283
INC0010160,2,2,0,0.64928985
INC0010175,1,6,0,0.58368903
INC0010175,2,6,0,0.48201898
INC0010175,3,6,0,0.455973
INC0010175,4,6,0,0.5454725
INC0010175,5,6,0,0.4075671
INC0010175,6,6,0,0.5383449
INC0010180,1,4,0,0.43263453
INC0010180,2,4,0,0.53347754
INC0010180,3,4,0,0.62671465
INC0010180,4,4,0,0.7191531
INC0010208,1,13,0,0.45826295
INC0010208,2,13,0,0.6378178
INC0010208,3,13,0,0.7992763
INC0010208,4,13,0,0.755337
INC0010208,5,13,0,0.98685515
INC0010208,6,13,0,0.98656034
INC0010208,7,13,0,0.9858963
INC0010208,8,13,0,0.9757102
INC0010240,1,1,0,0.10505797
INC0010241,1,4,1,0.25699008
INC0010241,2,4,1,0.21769665
INC0010241,3,4,1,0.21387564
INC0010241,4,4,1,0.29445237
INC0010250,1,3,0,0.09056939
INC0010250,2,3,0,0.093667716
INC0010250,3,3,0,0.093667716
INC0010253,1,2,0,0.45730573
INC0010253,2,2,0,0.22931711
INC0010269,1,3,0,0.22219889
INC0010269,2,3,0,0.22545876
INC0010269,3,3,0,0.24459797
INC0010281,1,2,0,0.27574974
INC0010281,2,2,0,0.33776307
INC0010298,1,2,0,0.73112833
INC0010298,2,2,0,0.58985937
INC0010316,1,3,1,0.87906563
INC0010316,2,3,1,0.9994735
INC0010316,3,3,1,0.9994282
INC0010330,1,9,1,0.27526906
INC0010330,2,9,1,0.19426227
INC0010330,3,9,1,0.18979932
INC0010330,4,9,1,0.32599568
INC0010330,5,9,1,0.76452196
INC0010330,6,9,1,0.7451565
INC0010330,7,9,1,0.99847394
INC0010330,8,9,1,0.99673957
INC0010353,1,7,0,0.041392025
INC0010353,2,7,0,0.04045368
INC0010353,3,7,0,0.10453241
INC0010353,4,7,0,0.08998932
INC0010353,5,7,0,0.16719022
INC0010353,6,7,0,0.24336284
INC0010353,7,7,0,0.43320224
INC0010355,1,8,1,0.35060513
INC0010355,2,8,1,0.24937707
INC0010355,3,8,1,0.32688004
INC0010355,4,8,1,0.32107842
INC0010355,5,8,1,0.31247807
INC0010355,6,8,1,0.30965826
INC0010355,7,8,1,0.9679349
INC0010355,8,8,1,0.9658104
INC0010362,1,7,1,0.3856254
INC0010362,2,7,1,0.3762511
INC0010362,3,7,1,0.416839
INC0010362,4,7,1,0.39922476
INC0010362,5,7,1,0.68683785
INC0010362,6,7,1,0.9986022
INC0010362,7,7,1,0.9987036
INC0010411,1,11,1,0.47852486
INC0010411,2,11,1,0.695908
INC0010411,3,11,1,0.9981018
INC0010411,4,11,1,0.99817336
INC0010411,5,11,1,0.9975787
INC0010411,6,11,1,0.9976059
INC0010411,7,11,1,0.99815744
INC0010411,8,11,1,0.9977519
INC0010420,1,1,0,0.18071155
INC0010423,1,11,1,0.2754783
INC0010423,2,11,1,0.5946004
INC0010423,3,11,1,0.5497098
INC0010423,4,11,1,0.9583329
INC0010423,5,11,1,0.9978036
INC0010423,6,11,1,0.9976877
INC0010423,7,11,1,0.9975509
INC0010423,8,11,1,0.99756634
INC0010455,1,3,0,0.18296506
INC0010455,2,3,0,0.14619437
INC0010455,3,3,0,0.14400524
INC0010472,1,1,1,0.58218306
INC0010489,1,3,0,0.16013922
INC0010489,2,3,0,0.18901987
INC0010489,3,3,0,0.20671076
INC0010507,1,12,1,0.41965392
INC0010507,2,12,1,0.35606575
INC0010507,3,12,1,0.3336563
INC0010507,4,12,1,0.48463044
INC0010507,5,12,1,0.53490716
INC0010507,6,12,1,0.99807894
INC0010507,7,12,1,0.9977586
INC0010507,8,12,1,0.99789315
INC0010535,1,4,1,0.46756312
INC0010535,2,4,1,0.75241125
INC0010535,3,4,1,0.99862313
INC0010535,4,4,1,0.9984927
INC0010565,1,13,1,0.47959343
INC0010565,2,13,1,0.5029335
INC0010565,3,13,1,0.4423202
INC0010565,4,13,1,0.67234665
INC0010565,5,13,1,0.7574864
INC0010565,6,13,1,0.9540522
INC0010565,7,13,1,0.995095
INC0010565,8,13,1,0.995812
INC0010582,1,1,0,0.52992225
INC0010583,1,1,0,0.24430737
INC0010595,1,1,0,0.51534224
INC0010607,1,2,1,0.5704501
INC0010607,2,2,1,0.8919463
INC0010631,1,6,1,0.5054272
INC0010631,2,6,1,0.53491354
INC0010631,3,6,1,0.54752535
INC0010631,4,6,1,0.608307
INC0010631,5,6,1,0.998486
INC0010631,6,6,1,0.99859995
INC0010638,1,17,1,0.4618783
INC0010638,2,17,1,0.74207324
INC0010638,3,17,1,0.9984995
INC0010638,4,17,1,0.9988803
INC0010638,5,17,1,0.99893445
INC0010638,6,17,1,0.99785525
INC0010638,7,17,1,0.9956097
INC0010638,8,17,1,0.99615437
INC0010659,1,1,0,0.1506432
INC0010662,1,2,0,0.7066241
INC0010662,2,2,0,0.55466557
INC0010673,1,5,0,0.33794907
INC0010673,2,5,0,0.4506409
INC0010673,3,5,0,0.42090213
INC0010673,4,5,0,0.4038823
INC0010673,5,5,0,0.30844355
INC0010676,1,18,1,0.6966445
INC0010676,2,18,1,0.79953915
INC0010676,3,18,1,0.8586211
INC0010676,4,18,1,0.9991405
INC0010676,5,18,1,0.9988796
INC0010676,6,18,1,0.9984273
INC0010676,7,18,1,0.9985688
INC0010676,8,18,1,0.99841213
INC0010699,1,4,1,0.7373673
INC0010699,2,4,1,0.99959224
INC0010699,3,4,1,0.99959844
INC0010699,4,4,1,0.99827397
INC0010704,1,14,1,0.46264806
INC0010704,2,14,1,0.3757073
INC0010704,3,14,1,0.39403108
INC0010704,4,14,1,0.6267376
INC0010704,5,14,1,0.9971444
INC0010704,6,14,1,0.9973041
INC0010704,7,14,1,0.99764013
INC0010704,8,14,1,0.99707854
INC0010717,1,2,0,0.47679093
INC0010717,2,2,0,0.5677583
INC0010733,1,1,0,0.3965553
INC0010737,1,2,0,0.44830462
INC0010737,2,2,0,0.49141204
INC0010782,1,3,1,0.42329982
INC0010782,2,3,1,0.93418086
INC0010782,3,3,1,0.9946444
INC0010786,1,6,1,0.35169247
INC0010786,2,6,1,0.5739682
INC0010786,3,6,1,0.59454167
INC0010786,4,6,1,0.8403305
INC0010786,5,6,1,0.99912053
INC0010786,6,6,1,0.99823844
INC0010801,1,2,0,0.0958198
INC0010801,2,2,0,0.09907818
INC0010809,1,2,0,0.46691698
INC0010809,2,2,0,0.50568223
INC0010823,1,6,0,0.3998522
INC0010823,2,6,0,0.45422652
INC0010823,3,6,0,0.5943494
INC0010823,4,6,0,0.39269385
INC0010823,5,6,0,0.38555983
INC0010823,6,6,0,0.37525252
INC0010825,1,5,0,0.3607494
INC0010825,2,5,0,0.3054774
INC0010825,3,5,0,0.30104133
INC0010825,4,5,0,0.35533038
INC0010825,5,5,0,0.32739666
INC0010852,1,5,1,0.42306852
INC0010852,2,5,1,0.4942459
INC0010852,3,5,1,0.44409138
INC0010852,4,5,1,0.49596873
INC0010852,5,5,1,0.46018413
INC0010898,1,7,1,0.73137295
INC0010898,2,7,1,0.9965425
INC0010898,3,7,1,0.9949004
INC0010898,4,7,1,0.99507576
INC0010898,5,7,1,0.99608165
INC0010898,6,7,1,0.9956142
INC0010898,7,7,1,0.9955309
INC0010899,1,1,0,0.021719577
INC0010941,1,2,0,0.40158427
INC0010941,2,2,0,0.6092822
INC0010946,1,5,1,0.5038937
INC0010946,2,5,1,0.7225361
INC0010946,3,5,1,0.9973922
INC0010946,4,5,1,0.99715185
INC0010946,5,5,1,0.99629563
INC0010972,1,4,1,0.5383825
INC0010972,2,4,1,0.5855527
INC0010972,3,4,1,0.50369453
INC0010972,4,4,1,0.9980926
INC0010982,1,3,0,0.34082502
INC0010982,2,3,0,0.60261023
INC0010982,3,3,0,0.6012599
INC0010984,1,3,1,0.39989474
INC0010984,2,3,1,0.4397102
INC0010984,3,3,1,0.99438417
INC0010990,1,2,0,0.30998376
INC0010990,2,2,0,0.15529484
INC0011005,1,1,0,0.025382828
INC0011034,1,2,0,0.4270102
INC0011034,2,2,0,0.5079245
INC0011038,1,1,0,0.21465945
INC0011045,1,2,1,0.60587925
INC0011045,2,2,1,0.6124295
INC0011064,1,3,0,0.34603837
INC0011064,2,3,0,0.33394995
INC0011064,3,3,0,0.39804065
INC0011090,1,4,0,0.36112472
INC0011090,2,4,0,0.2762796
INC0011090,3,4,0,0.268991
INC0011090,4,4,0,0.268991
INC0011091,1,5,0,0.4643591
INC0011091,2,5,0,0.46839595
INC0011091,3,5,0,0.45082232
INC0011091,4,5,0,0.43392074
INC0011091,5,5,0,0.43392074
INC0011100,1,2,1,0.48841605
INC0011100,2,2,1,0.5504298
INC0011129,1,10,1,0.5883822
INC0011129,2,10,1,0.59177774
INC0011129,3,10,1,0.81427413
INC0011129,4,10,1,0.8076985
INC0011129,5,10,1,0.9799558
INC0011129,6,10,1,0.99832064
INC0011129,7,10,1,0.99795234
INC0011129,8,10,1,0.9969753
INC0011147,1,5,1,0.4143802
INC0011147,2,5,1,0.5562866
INC0011147,3,5,1,0.68147516
INC0011147,4,5,1,0.75673765
INC0011147,5,5,1,0.9828859
INC0011189,1,11,1,0.53288734
INC0011189,2,11,1,0.5361303
INC0011189,3,11,1,0.49987236
INC0011189,4,11,1,0.59129477
INC0011189,5,11,1,0.58978426
INC0011189,6,11,1,0.6154365
INC0011189,7,11,1,0.9949073
INC0011189,8,11,1,0.99468476
INC0011193,1,3,0,0.31562528
INC0011193,2,3,0,0.57858145
INC0011193,3,3,0,0.48841798
INC0011197,1,2,0,0.5001399
INC0011197,2,2,0,0.5331252
INC0011218,1,5,1,0.39106292
INC0011218,2,5,1,0.6197555
INC0011218,3,5,1,0.9973194
INC0011218,4,5,1,0.9978916
INC0011218,5,5,1,0.99764675
INC0011222,1,3,0,0.28985077
INC0011222,2,3,0,0.3691599
INC0011222,3,3,0,0.78007275
INC0011242,1,7,0,0.34009042
INC0011242,2,7,0,0.3790715
INC0011242,3,7,0,0.4429759
INC0011242,4,7,0,0.3018067
INC0011242,5,7,0,0.3425068
INC0011242,6,7,0,0.44987896
INC0011242,7,7,0,0.44723395
INC0011249,1,2,0,0.86277103
INC0011249,2,2,0,0.9232816
INC0011268,1,7,1,0.20455098
INC0011268,2,7,1,0.576703
INC0011268,3,7,1,0.94307226
INC0011268,4,7,1,0.9692407
INC0011268,5,7,1,0.9961253
INC0011268,6,7,1,0.9973707
INC0011268,7,7,1,0.99793386
INC0011269,1,3,0,0.4351708
INC0011269,2,3,0,0.38072574
INC0011269,3,3,0,0.37385935
INC0011280,1,3,1,0.39175516
INC0011280,2,3,1,0.53646845
INC0011280,3,3,1,0.9914157
INC0011284,1,6,1,0.46283078
INC0011284,2,6,1,0.4701303
INC0011284,3,6,1,0.503061
INC0011284,4,6,1,0.99052095
INC0011284,5,6,1,0.97366685
INC0011284,6,6,1,0.9735347
INC0011320,1,4,1,0.48334283
INC0011320,2,4,1,0.283095
INC0011320,3,4,1,0.9937975
INC0011320,4,4,1,0.9944535
INC0011321,1,3,1,0.36175764
INC0011321,2,3,1,0.4923496
INC0011321,3,3,1,0.4794116
INC0011354,1,2,0,0.1104252
INC0011354,2,2,0,0.19484858
INC0011375,1,2,0,0.118076794
INC0011375,2,2,0,0.2103311
INC0011381,1,5,1,0.26264665
INC0011381,2,5,1,0.42955324
INC0011381,3,5,1,0.49766836
INC0011381,4,5,1,0.4234707
INC0011381,5,5,1,0.5563212
INC0011435,1,2,0,0.015442521
INC0011435,2,2,0,0.026742872
INC0011436,1,5,1,0.12507537
INC0011436,2,5,1,0.2475008
INC0011436,3,5,1,0.37728998
INC0011436,4,5,1,0.994595
INC0011436,5,5,1,0.9944898
INC0011441,1,1,0,0.0123179
INC0011457,1,4,0,0.22567149
INC0011457,2,4,0,0.15899695
INC0011457,3,4,0,0.17193179
INC0011457,4,4,0,0.17193179
INC0011472,1,1,0,0.014672138
INC0011486,1,1,0,0.015871616
INC0011491,1,3,0,0.34849912
INC0011491,2,3,0,0.29078275
INC0011491,3,3,0,0.4009791
INC0011536,1,1,0,0.21380366
INC0011550,1,3,1,0.27386183
INC0011550,2,3,1,0.4617775
INC0011550,3,3,1,0.5068293
INC0011559,1,1,0,0.014127793
INC0011584,1,1,0,0.16984709
INC0011599,1,1,0,0.075086035
INC0011616,1,2,0,0.15263309
INC0011616,2,2,0,0.21164927
INC0011617,1,1,0,0.03607963
INC0011619,1,3,0,0.41251385
INC0011619,2,3,0,0.73737407
INC0011619,3,3,0,0.8598835
INC0011643,1,5,0,0.31012014
INC0011643,2,5,0,0.2621352
INC0011643,3,5,0,0.243519
INC0011643,4,5,0,0.28623462
INC0011643,5,5,0,0.28496006
INC0011651,1,2,0,0.10903701
INC0011651,2,2,0,0.21258497
INC0011654,1,5,0,0.29562762
INC0011654,2,5,0,0.36560827
INC0011654,3,5,0,0.4549561
INC0011654,4,5,0,0.44804913
INC0011654,5,5,0,0.51351243
INC0011667,1,2,0,0.11003595
INC0011667,2,2,0,0.22032689
INC0011688,1,8,1,0.11161376
INC0011688,2,8,1,0.44300377
INC0011688,3,8,1,0.6667654
INC0011688,4,8,1,0.7708882
INC0011688,5,8,1,0.9979765
INC0011688,6,8,1,0.9970432
INC0011688,7,8,1,0.9970696
INC0011688,8,8,1,0.9969047
INC0011714,1,2,0,0.35957053
INC0011714,2,2,0,0.7938243
INC0011725,1,3,1,0.27166486
INC0011725,2,3,1,0.24755257
INC0011725,3,3,1,0.47164467
INC0011730,1,9,1,0.15941124
INC0011730,2,9,1,0.4298163
INC0011730,3,9,1,0.82502544
INC0011730,4,9,1,0.99773204
INC0011730,5,9,1,0.9969338
INC0011730,6,9,1,0.99672014
INC0011730,7,9,1,0.99703264
INC0011730,8,9,1,0.9959259
INC0011731,1,7,1,0.36373395
INC0011731,2,7,1,0.5009471
INC0011731,3,7,1,0.99824536
INC0011731,4,7,1,0.9981692
INC0011731,5,7,1,0.99720997
INC0011731,6,7,1,0.9976699
INC0011731,7,7,1,0.9975356
INC0011732,1,2,0,0.020318933
INC0011732,2,2,0,0.047076765
INC0011733,1,3,0,0.29895487
INC0011733,2,3,0,0.28039643
INC0011733,3,3,0,0.24579749
INC0011740,1,2,0,0.15365267
INC0011740,2,2,0,0.20705424
INC0011753,1,3,0,0.17874286
INC0011753,2,3,0,0.17468016
INC0011753,3,3,0,0.15428801
INC0011756,1,3,1,0.2932725
INC0011756,2,3,1,0.36506343
INC0011756,3,3,1,0.9572443
INC0011795,1,4,1,0.49352905
INC0011795,2,4,1,0.54614335
INC0011795,3,4,1,0.5867345
INC0011795,4,4,1,0.9630746
INC0011801,1,1,0,0.2647147
INC0011802,1,1,0,0.11680938
INC0011823,1,4,1,0.47974762
INC0011823,2,4,1,0.4199308
INC0011823,3,4,1,0.9224013
INC0011823,4,4,1,0.92231226
INC0011829,1,10,1,0.33900198
INC0011829,2,10,1,0.5170744
INC0011829,3,10,1,0.5173507
INC0011829,4,10,1,0.74437135
INC0011829,5,10,1,0.6956835
INC0011829,6,10,1,0.99858236
INC0011829,7,10,1,0.99876225
INC0011829,8,10,1,0.9982381
INC0011836,1,1,1,0.34775046
INC0011854,1,7,1,0.2667951
INC0011854,2,7,1,0.6048262
INC0011854,3,7,1,0.6675269
INC0011854,4,7,1,0.6536133
INC0011854,5,7,1,0.6506161
INC0011854,6,7,1,0.6517685
INC0011854,7,7,1,0.9980478
INC0011857,1,3,0,0.1706043
INC0011857,2,3,0,0.2751416
INC0011857,3,3,0,0.47488555
INC0011858,1,9,0,0.32747945
INC0011858,2,9,0,0.27742407
INC0011858,3,9,0,0.36281312
INC0011858,4,9,0,0.42600486
INC0011858,5,9,0,0.41674772
INC0011858,6,9,0,0.39972684
INC0011858,7,9,0,0.40046892
INC0011858,8,9,0,0.4107748
INC0011868,1,9,1,0.5114315
INC0011868,2,9,1,0.66387177
INC0011868,3,9,1,0.99866843
INC0011868,4,9,1,0.9984895
INC0011868,5,9,1,0.99689364
INC0011868,6,9,1,0.99810827
INC0011868,7,9,1,0.9972531
INC0011868,8,9,1,0.99876153
INC0011873,1,1,0,0.25570294
INC0011880,1,3,0,0.04248631
INC0011880,2,3,0,0.103713974
INC0011880,3,3,0,0.103713974
INC0011887,1,2,0,0.12192882
INC0011887,2,2,0,0.14294441
INC0011890,1,2,0,0.38884473
INC0011890,2,2,0,0.41840193
INC0011895,1,1,0,0.26204458
INC0011919,1,1,0,0.14883934
INC0011948,1,7,1,0.38347203
INC0011948,2,7,1,0.5280115
INC0011948,3,7,1,0.73953605
INC0011948,4,7,1,0.99777883
INC0011948,5,7,1,0.99696004
INC0011948,6,7,1,0.9971807
INC0011948,7,7,1,0.9972543
INC0011970,1,1,0,0.3643631
INC0011989,1,2,1,0.4042662
INC0011989,2,2,1,0.55767435
INC0011994,1,2,0,0.29452485
INC0011994,2,2,0,0.41512367
INC0012045,1,3,0,0.44657758
INC0012045,2,3,0,0.5071607
INC0012045,3,3,0,0.56656027
INC0012053,1,2,0,0.16468161
INC0012053,2,2,0,0.28088334
INC0012062,1,9,0,0.3122877
INC0012062,2,9,0,0.33855814
INC0012062,3,9,0,0.5545476
INC0012062,4,9,0,0.5204638
INC0012062,5,9,0,0.520126
INC0012062,6,9,0,0.5741448
INC0012062,7,9,0,0.3695404
INC0012062,8,9,0,0.38171038
INC0012084,1,1,0,0.3255779
INC0012092,1,4,0,0.16894738
INC0012092,2,4,0,0.39705932
INC0012092,3,4,0,0.45259482
INC0012092,4,4,0,0.45259482
INC0012098,1,3,1,0.525313
INC0012098,2,3,1,0.99842024
INC0012098,3,3,1,0.99807537
INC0012175,1,1,0,0.17351453
INC0012209,1,10,1,0.33403075
INC0012209,2,10,1,0.40779966
INC0012209,3,10,1,0.48762563
INC0012209,4,10,1,0.5052346
INC0012209,5,10,1,0.5528617
INC0012209,6,10,1,0.40437183
INC0012209,7,10,1,0.45300227
INC0012209,8,10,1,0.43955177
INC0012294,1,4,0,0.27065372
INC0012294,2,4,0,0.22438706
INC0012294,3,4,0,0.27528512
INC0012294,4,4,0,0.50027496
INC0012300,1,3,0,0.09827716
INC0012300,2,3,0,0.19130486
INC0012300,3,3,0,0.21326768
INC0012311,1,7,0,0.4451889
INC0012311,2,7,0,0.2756015
INC0012311,3,7,0,0.57187545
INC0012311,4,7,0,0.4153096
INC0012311,5,7,0,0.41279128
INC0012311,6,7,0,0.60319245
INC0012311,7,7,0,0.5388671
INC0012313,1,1,0,0.109499946
INC0012326,1,1,0,0.25405535
INC0012333,1,7,1,0.5734819
INC0012333,2,7,1,0.21192446
INC0012333,3,7,1,0.21192446
INC0012333,4,7,1,0.552562
INC0012333,5,7,1,0.5202297
INC0012333,6,7,1,0.99719244
INC0012333,7,7,1,0.9976712
INC0012411,1,4,0,0.27830833
INC0012411,2,4,0,0.24549796
INC0012411,3,4,0,0.2057468
INC0012411,4,4,0,0.2057468
INC0012433,1,6,0,0.10408844
INC0012433,2,6,0,0.0965496
INC0012433,3,6,0,0.09581045
INC0012433,4,6,0,0.081271395
INC0012433,5,6,0,0.12982863
INC0012433,6,6,0,0.1788823
INC0012462,1,7,0,0.24947688
INC0012462,2,7,0,0.30655646
INC0012462,3,7,0,0.3406183
INC0012462,4,7,0,0.3255867
INC0012462,5,7,0,0.30406484
INC0012462,6,7,0,0.33012286
INC0012462,7,7,0,0.3053792
INC0012471,1,3,1,0.4238051
INC0012471,2,3,1,0.23902158
INC0012471,3,3,1,0.9970853
INC0012472,1,2,0,0.03649101
INC0012472,2,2,0,0.08211822
INC0012479,1,2,1,0.23600633
INC0012479,2,2,1,0.9947312
INC0012517,1,3,0,0.16123085
INC0012517,2,3,0,0.18566307
INC0012517,3,3,0,0.18566307
INC0012538,1,8,1,0.28794876
INC0012538,2,8,1,0.23294234
INC0012538,3,8,1,0.14366627
INC0012538,4,8,1,0.14021958
INC0012538,5,8,1,0.13543859
INC0012538,6,8,1,0.17456092
INC0012538,7,8,1,0.20854482
INC0012538,8,8,1,0.9951711
INC0012551,1,4,1,0.18101725
INC0012551,2,4,1,0.13633195
INC0012551,3,4,1,0.2155088
INC0012551,4,4,1,0.25225082
INC0012561,1,2,0,0.32471895
INC0012561,2,2,0,0.12096839
INC0012566,1,3,0,0.33347797
INC0012566,2,3,0,0.2750113
INC0012566,3,3,0,0.28196675
INC0012585,1,3,0,0.351111
INC0012585,2,3,0,0.16330126
INC0012585,3,3,0,0.20247555
INC0012610,1,7,1,0.5331722
INC0012610,2,7,1,0.4833577
INC0012610,3,7,1,0.48473474
INC0012610,4,7,1,0.9972984
INC0012610,5,7,1,0.99477637
INC0012610,6,7,1,0.99399877
INC0012610,7,7,1,0.99390453
INC0012615,1,2,1,0.35196853
INC0012615,2,2,1,0.9978491
INC0012625,1,9,0,0.32544234
INC0012625,2,9,0,0.28567487
INC0012625,3,9,0,0.30144668
INC0012625,4,9,0,0.30850536
INC0012625,5,9,0,0.3075833
INC0012625,6,9,0,0.3016226
INC0012625,7,9,0,0.4453263
INC0012625,8,9,0,0.5084581
INC0012631,1,1,0,0.06204185
INC0012659,1,2,0,0.77229655
INC0012659,2,2,0,0.8127
INC0012666,1,5,1,0.16612595
INC0012666,2,5,1,0.3211367
INC0012666,3,5,1,0.3607225
INC0012666,4,5,1,0.34652886
INC0012666,5,5,1,0.51943105
INC0012668,1,2,0,0.13935685
INC0012668,2,2,0,0.123016916
INC0012672,1,1,1,0.39827216
INC0012704,1,6,0,0.6479142
INC0012704,2,6,0,0.5971511
INC0012704,3,6,0,0.7259174
INC0012704,4,6,0,0.61134684
INC0012704,5,6,0,0.7423784
INC0012704,6,6,0,0.7581853
INC0012723,1,2,0,0.0683903
INC0012723,2,2,0,0.09151712
INC0012781,1,3,0,0.042637866
INC0012781,2,3,0,0.03546449
INC0012781,3,3,0,0.036475126
INC0012789,1,6,0,0.29898947
INC0012789,2,6,0,0.16655563
INC0012789,3,6,0,0.27399236
INC0012789,4,6,0,0.2415956
INC0012789,5,6,0,0.2685429
INC0012789,6,6,0,0.3217013
INC0012809,1,6,0,0.1720943
INC0012809,2,6,0,0.114660226
INC0012809,3,6,0,0.13247968
INC0012809,4,6,0,0.1386385
INC0012809,5,6,0,0.16632174
INC0012809,6,6,0,0.1744871
INC0012877,1,3,0,0.37430233
INC0012877,2,3,0,0.25909045
INC0012877,3,3,0,0.13845246
INC0012884,1,7,1,0.1710222
INC0012884,2,7,1,0.53095067
INC0012884,3,7,1,0.59939414
INC0012884,4,7,1,0.996476
INC0012884,5,7,1,0.9970696
INC0012884,6,7,1,0.9963169
INC0012884,7,7,1,0.9978885
INC0012891,1,6,1,0.12499304
INC0012891,2,6,1,0.36531788
INC0012891,3,6,1,0.53165466
INC0012891,4,6,1,0.9967763
INC0012891,5,6,1,0.9943135
INC0012891,6,6,1,0.9928706
INC0012895,1,29,1,0.2680174
INC0012895,2,29,1,0.5964981
INC0012895,3,29,1,0.5829099
INC0012895,4,29,1,0.50695276
INC0012895,5,29,1,0.5362301
INC0012895,6,29,1,0.57098526
INC0012895,7,29,1,0.56068635
INC0012895,8,29,1,0.58484083
INC0012900,1,2,1,0.97761613
INC0012900,2,2,1,0.9497766
INC0012904,1,2,0,0.022820909
INC0012904,2,2,0,0.051842056
INC0012912,1,4,0,0.3141165
INC0012912,2,4,0,0.17598242
INC0012912,3,4,0,0.14659251
INC0012912,4,4,0,0.17674795
INC0012967,1,13,1,0.13193776
INC0012967,2,13,1,0.41912514
INC0012967,3,13,1,0.41033766
INC0012967,4,13,1,0.40382296
INC0012967,5,13,1,0.4147786
INC0012967,6,13,1,0.41564387
INC0012967,7,13,1,0.48287472
INC0012967,8,13,1,0.47813562
INC0012973,1,12,1,0.30662465
INC0012973,2,12,1,0.35409242
INC0012973,3,12,1,0.9780884
INC0012973,4,12,1,0.9965798
INC0012973,5,12,1,0.99789655
INC0012973,6,12,1,0.9976146
INC0012973,7,12,1,0.99759346
INC0012973,8,12,1,0.99796355
INC0012979,1,8,0,0.14895694
INC0012979,2,8,0,0.16717991
INC0012979,3,8,0,0.1597346
INC0012979,4,8,0,0.17512846
INC0012979,5,8,0,0.19090812
INC0012979,6,8,0,0.18045348
INC0012979,7,8,0,0.18060267
INC0012979,8,8,0,0.20079046
INC0012980,1,14,1,0.29237607
INC0012980,2,14,1,0.24688067
INC0012980,3,14,1,0.25658354
INC0012980,4,14,1,0.4292602
INC0012980,5,14,1,0.39545232
INC0012980,6,14,1,0.38402885
INC0012980,7,14,1,0.38410905
INC0012980,8,14,1,0.63492405
INC0013004,1,4,0,0.5014509
INC0013004,2,4,0,0.22191522
INC0013004,3,4,0,0.2231705
INC0013004,4,4,0,0.31538603
INC0013029,1,2,0,0.16640049
INC0013029,2,2,0,0.1555355
INC0013049,1,2,0,0.53881866
INC0013049,2,2,0,0.26437888
INC0013060,1,1,0,0.20151022
INC0013112,1,7,1,0.4026574
INC0013112,2,7,1,0.6160058
INC0013112,3,7,1,0.6646587
INC0013112,4,7,1,0.97987604
INC0013112,5,7,1,0.99752206
INC0013112,6,7,1,0.9978155
INC0013112,7,7,1,0.9976713
INC0013127,1,2,0,0.07815373
INC0013127,2,2,0,0.090754606
INC0013169,1,3,1,0.66084963
INC0013169,2,3,1,0.88552785
INC0013169,3,3,1,0.9159766
INC0013197,1,2,1,0.33645546
INC0013197,2,2,1,0.524446
INC0013217,1,2,0,0.05434431
INC0013217,2,2,0,0.0685779
INC0013234,1,2,0,0.40539852
INC0013234,2,2,0,0.3676957
INC0013235,1,2,1,0.30169508
INC0013235,2,2,1,0.99633175
INC0013245,1,2,0,0.36348686
INC0013245,2,2,0,0.1593451
INC0013251,1,7,1,0.31952354
INC0013251,2,7,1,0.3181682
INC0013251,3,7,1,0.38805878
INC0013251,4,7,1,0.60617435
INC0013251,5,7,1,0.85343593
INC0013251,6,7,1,0.9890091
INC0013251,7,7,1,0.98865706
INC0013262,1,4,0,0.19462311
INC0013262,2,4,0,0.16673388
INC0013262,3,4,0,0.17464203
INC0013262,4,4,0,0.20753126
INC0013263,1,3,1,0.15061903
INC0013263,2,3,1,0.33194244
INC0013263,3,3,1,0.3232398
INC0013317,1,7,1,0.3267971
INC0013317,2,7,1,0.41806307
INC0013317,3,7,1,0.41982925
INC0013317,4,7,1,0.28419322
INC0013317,5,7,1,0.4072685
INC0013317,6,7,1,0.3982191
INC0013317,7,7,1,0.95116514
INC0013325,1,3,0,0.35574335
INC0013325,2,3,0,0.2898563
INC0013325,3,3,0,0.27150026
INC0013331,1,14,1,0.5501348
INC0013331,2,14,1,0.5678971
INC0013331,3,14,1,0.66890496
INC0013331,4,14,1,0.21968752
INC0013331,5,14,1,0.81602657
INC0013331,6,14,1,0.8112849
INC0013331,7,14,1,0.8832503
INC0013331,8,14,1,0.9022298
INC0013342,1,9,1,0.29609457
INC0013342,2,9,1,0.2487697
INC0013342,3,9,1,0.30101717
INC0013342,4,9,1,0.6069503
INC0013342,5,9,1,0.37355155
INC0013342,6,9,1,0.7897306
INC0013342,7,9,1,0.8191472
INC0013342,8,9,1,0.7590679
INC0013374,1,6,0,0.26029694
INC0013374,2,6,0,0.32132882
INC0013374,3,6,0,0.32001233
INC0013374,4,6,0,0.29322582
INC0013374,5,6,0,0.27872348
INC0013374,6,6,0,0.37697163
INC0013385,1,4,1,0.3039591
INC0013385,2,4,1,0.37793803
INC0013385,3,4,1,0.4412804
INC0013385,4,4,1,0.5773743
INC0013394,1,7,1,0.27929586
INC0013394,2,7,1,0.22790092
INC0013394,3,7,1,0.27571577
INC0013394,4,7,1,0.40286034
INC0013394,5,7,1,0.39302552
INC0013394,6,7,1,0.39786258
INC0013394,7,7,1,0.437659
INC0013404,1,4,0,0.2564133
INC0013404,2,4,0,0.19685742
INC0013404,3,4,0,0.17859617
INC0013404,4,4,0,0.3041938
INC0013410,1,8,1,0.27770445
INC0013410,2,8,1,0.2830877
INC0013410,3,8,1,0.2678866
INC0013410,4,8,1,0.26979917
INC0013410,5,8,1,0.30444986
INC0013410,6,8,1,0.37917867
INC0013410,7,8,1,0.8016371
INC0013410,8,8,1,0.8032226
INC0013450,1,2,0,0.13013735
INC0013450,2,2,0,0.18420304
INC0013459,1,1,0,0.043505374
INC0013478,1,2,1,0.49505535
INC0013478,2,2,1,0.40534934
INC0013495,1,5,0,0.28156894
INC0013495,2,5,0,0.24536657
INC0013495,3,5,0,0.24496154
INC0013495,4,5,0,0.29541492
INC0013495,5,5,0,0.30393088
INC0013499,1,9,1,0.37915024
INC0013499,2,9,1,0.43815714
INC0013499,3,9,1,0.44289535
INC0013499,4,9,1,0.53562045
INC0013499,5,9,1,0.6256757
INC0013499,6,9,1,0.99818206
INC0013499,7,9,1,0.99819463
INC0013499,8,9,1,0.9975865
INC0013526,1,1,0,0.07716435
INC0013542,1,6,1,0.2552555
INC0013542,2,6,1,0.40703022
INC0013542,3,6,1,0.35375693
INC0013542,4,6,1,0.48434278
INC0013542,5,6,1,0.99627715
INC0013542,6,6,1,0.9966619
INC0013550,1,2,0,0.29218578
INC0013550,2,2,0,0.2884443
INC0013551,1,3,0,0.80799514
INC0013551,2,3,0,0.6955848
INC0013551,3,3,0,0.70116264
INC0013576,1,5,1,0.18938978
INC0013576,2,5,1,0.31032157
INC0013576,3,5,1,0.45940387
INC0013576,4,5,1,0.43100175
INC0013576,5,5,1,0.5312259
INC0013583,1,2,0,0.057696827
INC0013583,2,2,0,0.07735358
INC0013586,1,12,1,0.43212938
INC0013586,2,12,1,0.3082008
INC0013586,3,12,1,0.30448982
INC0013586,4,12,1,0.30172905
INC0013586,5,12,1,0.3742872
INC0013586,6,12,1,0.22029608
INC0013586,7,12,1,0.16204906
INC0013586,8,12,1,0.34943208
INC0013593,1,5,0,0.3759026
INC0013593,2,5,0,0.29427692
INC0013593,3,5,0,0.2860725
INC0013593,4,5,0,0.28082296
INC0013593,5,5,0,0.2806951
INC0013600,1,3,1,0.3435999
INC0013600,2,3,1,0.54094386
INC0013600,3,3,1,0.6408665
INC0013610,1,3,1,0.43903148
INC0013610,2,3,1,0.5265014
INC0013610,3,3,1,0.9973008
INC0013628,1,1,0,0.16861595
INC0013631,1,4,0,0.12850496
INC0013631,2,4,0,0.10634642
INC0013631,3,4,0,0.10622836
INC0013631,4,4,0,0.10332834
INC0013648,1,1,0,0.054239467
INC0013656,1,2,0,0.2799685
INC0013656,2,2,0,0.24108014
INC0013667,1,1,0,0.23061232
INC0013673,1,4,0,0.16780026
INC0013673,2,4,0,0.09519334
INC0013673,3,4,0,0.11198782
INC0013673,4,4,0,0.113025546
INC0013677,1,3,1,0.88523436
INC0013677,2,3,1,0.8197144
INC0013677,3,3,1,0.99901295
INC0013685,1,3,1,0.88968354
INC0013685,2,3,1,0.8182266
INC0013685,3,3,1,0.99887794
INC0013693,1,17,1,0.34252396
INC0013693,2,17,1,0.2675066
INC0013693,3,17,1,0.34699827
INC0013693,4,17,1,0.3965754
INC0013693,5,17,1,0.4917561
INC0013693,6,17,1,0.4434402
INC0013693,7,17,1,0.43899584
INC0013693,8,17,1,0.4567485
INC0013765,1,1,0,0.091123775
INC0013773,1,2,0,0.3666931
INC0013773,2,2,0,0.17204203
INC0013784,1,5,0,0.25992286
INC0013784,2,5,0,0.20810649
INC0013784,3,5,0,0.20601593
INC0013784,4,5,0,0.20601593
INC0013784,5,5,0,0.2502491
INC0013798,1,4,0,0.2860049
INC0013798,2,4,0,0.2425399
INC0013798,3,4,0,0.240518
INC0013798,4,4,0,0.5666185
INC0013813,1,6,1,0.26551268
INC0013813,2,6,1,0.2645616
INC0013813,3,6,1,0.26293373
INC0013813,4,6,1,0.49624524
INC0013813,5,6,1,0.8496235
INC0013813,6,6,1,0.99185926
INC0013817,1,9,1,0.3055724
INC0013817,2,9,1,0.3891184
INC0013817,3,9,1,0.5084058
INC0013817,4,9,1,0.34865028
INC0013817,5,9,1,0.27915475
INC0013817,6,9,1,0.32015532
INC0013817,7,9,1,0.3739568
INC0013817,8,9,1,0.50088006
INC0013823,1,2,0,0.22436935
INC0013823,2,2,0,0.18460444
INC0013826,1,2,0,0.018627884
INC0013826,2,2,0,0.041878927
INC0013847,1,3,0,0.22382514
INC0013847,2,3,0,0.12447185
INC0013847,3,3,0,0.12390135
INC0013866,1,2,0,0.17587073
INC0013866,2,2,0,0.15129043
INC0013872,1,3,0,0.11689793
INC0013872,2,3,0,0.21182588
INC0013872,3,3,0,0.18879369
INC0013880,1,1,0,0.03440858
INC0013886,1,1,0,0.018313382
INC0013893,1,2,1,0.36873677
INC0013893,2,2,1,0.33099267
INC0013910,1,3,0,0.12818776
INC0013910,2,3,0,0.10521758
INC0013910,3,3,0,0.10413317
INC0013922,1,3,0,0.2911262
INC0013922,2,3,0,0.39585674
INC0013922,3,3,0,0.33156553
INC0013932,1,4,1,0.9665581
INC0013932,2,4,1,0.96955675
INC0013932,3,4,1,0.94916606
INC0013932,4,4,1,0.9512248
INC0013944,1,4,0,0.1601942
INC0013944,2,4,0,0.07936744
INC0013944,3,4,0,0.1674565
INC0013944,4,4,0,0.16911635
INC0013948,1,5,0,0.22550684
INC0013948,2,5,0,0.19871712
INC0013948,3,5,0,0.16439
INC0013948,4,5,0,0.18157443
INC0013948,5,5,0,0.16795087
INC0013975,1,5,0,0.22913203
INC0013975,2,5,0,0.17701536
INC0013975,3,5,0,0.18884455
INC0013975,4,5,0,0.29918635
INC0013975,5,5,0,0.28405896
INC0013982,1,2,0,0.21746762
INC0013982,2,2,0,0.2072355
INC0014005,1,7,0,0.1889502
INC0014005,2,7,0,0.08044684
INC0014005,3,7,0,0.32658336
INC0014005,4,7,0,0.37072164
INC0014005,5,7,0,0.30831283
INC0014005,6,7,0,0.25055888
INC0014005,7,7,0,0.22582851
INC0014007,1,6,1,0.2592756
INC0014007,2,6,1,0.9924148
INC0014007,3,6,1,0.99199486
INC0014007,4,6,1,0.99404305
INC0014007,5,6,1,0.9958111
INC0014007,6,6,1,0.9966084
INC0014018,1,2,1,0.39885285
INC0014018,2,2,1,0.34398884
INC0014048,1,4,0,0.23716955
INC0014048,2,4,0,0.16671406
INC0014048,3,4,0,0.26822296
INC0014048,4,4,0,0.2702677
INC0014082,1,1,0,0.054544266
INC0014085,1,4,0,0.2754514
INC0014085,2,4,0,0.43147254
INC0014085,3,4,0,0.34889042
INC0014085,4,4,0,0.446593
INC0014089,1,1,0,0.055786572
INC0014098,1,2,0,0.06445305
INC0014098,2,2,0,0.16807586
INC0014104,1,10,1,0.20440644
INC0014104,2,10,1,0.33487734
INC0014104,3,10,1,0.37537324
INC0014104,4,10,1,0.3289771
INC0014104,5,10,1,0.19572441
INC0014104,6,10,1,0.7344943
INC0014104,7,10,1,0.9852072
INC0014104,8,10,1,0.990542
INC0014112,1,7,1,0.088945076
INC0014112,2,7,1,0.117791615
INC0014112,3,7,1,0.13460408
INC0014112,4,7,1,0.29947308
INC0014112,5,7,1,0.9831176
INC0014112,6,7,1,0.990673
INC0014112,7,7,1,0.98927325
INC0014124,1,2,0,0.20704004
INC0014124,2,2,0,0.2719687
INC0014134,1,3,1,0.20924532
INC0014134,2,3,1,0.2583609
INC0014134,3,3,1,0.99735034
INC0014175,1,1,0,0.06520704
INC0014176,1,1,0,0.06688795
INC0014191,1,9,1,0.44831803
INC0014191,2,9,1,0.3568198
INC0014191,3,9,1,0.3626902
INC0014191,4,9,1,0.41295493
INC0014191,5,9,1,0.4101623
INC0014191,6,9,1,0.99660647
INC0014191,7,9,1,0.9966859
INC0014191,8,9,1,0.99793893
INC0014201,1,4,0,0.11221598
INC0014201,2,4,0,0.17964438
INC0014201,3,4,0,0.17892648
INC0014201,4,4,0,0.15178397
INC0014204,1,3,0,0.24107069
INC0014204,2,3,0,0.658237
INC0014204,3,3,0,0.45684698
INC0014230,1,3,1,0.7979028
INC0014230,2,3,1,0.80853057
INC0014230,3,3,1,0.9994229
INC0014231,1,1,0,0.060410354
INC0014237,1,6,0,0.2934954
INC0014237,2,6,0,0.316305
INC0014237,3,6,0,0.263648
INC0014237,4,6,0,0.79967785
INC0014237,5,6,0,0.84618694
INC0014237,6,6,0,0.9314319
INC0014270,1,3,0,0.18386458
INC0014270,2,3,0,0.20392051
INC0014270,3,3,0,0.20122734
INC0014275,1,1,0,0.012736335
INC0014286,1,4,0,0.35259733
INC0014286,2,4,0,0.26260406
INC0014286,3,4,0,0.36236966
INC0014286,4,4,0,0.3650051
INC0014309,1,2,0,0.269273
INC0014309,2,2,0,0.25938964
INC0014318,1,1,0,0.08912993
INC0014320,1,5,0,0.25052643
INC0014320,2,5,0,0.1962309
INC0014320,3,5,0,0.16005199
INC0014320,4,5,0,0.17278114
INC0014320,5,5,0,0.14248008
INC0014338,1,1,0,0.12848893
INC0014344,1,2,0,0.046686023
INC0014344,2,2,0,0.049865507
INC0014345,1,1,0,0.054221712
INC0014346,1,2,0,0.24318014
INC0014346,2,2,0,0.22710817
INC0014357,1,2,0,0.2793811
INC0014357,2,2,0,0.25899354
INC0014364,1,1,0,0.011457773
INC0014366,1,1,0,0.009616571
INC0014374,1,1,0,0.010754657
INC0014375,1,1,0,0.011678289
INC0014376,1,2,0,0.009616571
INC0014376,2,2,0,0.030607572
INC0014377,1,2,0,0.034844283
INC0014377,2,2,0,0.05593429
INC0014378,1,1,0,0.0018426067
INC0014386,1,1,0,0.010742605
INC0014393,1,1,0,0.01458103
INC0014413,1,1,0,0.07102059
INC0014418,1,8,0,0.29177412
INC0014418,2,8,0,0.34487465
INC0014418,3,8,0,0.35654062
INC0014418,4,8,0,0.21986085
INC0014418,5,8,0,0.2736007
INC0014418,6,8,0,0.2888808
INC0014418,7,8,0,0.251474
INC0014418,8,8,0,0.34185126
INC0014423,1,5,0,0.16946445
INC0014423,2,5,0,0.331876
INC0014423,3,5,0,0.24504675
INC0014423,4,5,0,0.17078139
INC0014423,5,5,0,0.15456142
INC0014425,1,3,0,0.25332734
INC0014425,2,3,0,0.15537474
INC0014425,3,3,0,0.15528351
INC0014426,1,7,0,0.05117571
INC0014426,2,7,0,0.3387584
INC0014426,3,7,0,0.3962119
INC0014426,4,7,0,0.40903693
INC0014426,5,7,0,0.16860753
INC0014426,6,7,0,0.1865147
INC0014426,7,7,0,0.41964728
INC0014429,1,3,0,0.3463465
INC0014429,2,3,0,0.37759545
INC0014429,3,3,0,0.4417668
INC0014446,1,11,0,0.37299
INC0014446,2,11,0,0.5610746
INC0014446,3,11,0,0.54853237
INC0014446,4,11,0,0.38405424
INC0014446,5,11,0,0.35023448
INC0014446,6,11,0,0.24168701
INC0014446,7,11,0,0.24016356
INC0014446,8,11,0,0.17095932
INC0014454,1,1,0,0.08662097
INC0014463,1,2,0,0.01101728
INC0014463,2,2,0,0.025898587
INC0014479,1,3,0,0.30217654
INC0014479,2,3,0,0.2758133
INC0014479,3,3,0,0.29094565
INC0014503,1,1,0,0.029082078
INC0014509,1,2,1,0.20257981
INC0014509,2,2,1,0.9927442
INC0014517,1,1,0,0.28999645
INC0014543,1,1,0,0.0036498448
INC0014545,1,4,1,0.34797522
INC0014545,2,4,1,0.32987675
INC0014545,3,4,1,0.9981109
INC0014545,4,4,1,0.9976133
INC0014558,1,5,0,0.21728958
INC0014558,2,5,0,0.2088207
INC0014558,3,5,0,0.18796659
INC0014558,4,5,0,0.1852877
INC0014558,5,5,0,0.17408001
INC0014560,1,12,1,0.39121643
INC0014560,2,12,1,0.40244156
INC0014560,3,12,1,0.44612813
INC0014560,4,12,1,0.516357
INC0014560,5,12,1,0.37930456
INC0014560,6,12,1,0.99787724
INC0014560,7,12,1,0.998154
INC0014560,8,12,1,0.9977653
INC0014564,1,3,1,0.10782356
INC0014564,2,3,1,0.112675406
INC0014564,3,3,1,0.38924384
INC0014581,1,1,0,0.0912067
INC0014589,1,4,0,0.24072433
INC0014589,2,4,0,0.2284222
INC0014589,3,4,0,0.23054498
INC0014589,4,4,0,0.2461335
INC0014590,1,2,0,0.2592663
INC0014590,2,2,0,0.18608932
INC0014599,1,4,0,0.20714003
INC0014599,2,4,0,0.17810166
INC0014599,3,4,0,0.16119464
INC0014599,4,4,0,0.24310443
INC0014602,1,1,0,0.35348216
INC0014646,1,1,0,0.12210794
INC0014656,1,9,0,0.21300167
INC0014656,2,9,0,0.2545707
INC0014656,3,9,0,0.2515366
INC0014656,4,9,0,0.18638831
INC0014656,5,9,0,0.20343676
INC0014656,6,9,0,0.12091407
INC0014656,7,9,0,0.10898014
INC0014656,8,9,0,0.13296607
INC0014658,1,4,0,0.10445557
INC0014658,2,4,0,0.19917417
INC0014658,3,4,0,0.21460441
INC0014658,4,4,0,0.24125278
INC0014665,1,4,1,0.37757275
INC0014665,2,4,1,0.28813484
INC0014665,3,4,1,0.29951707
INC0014665,4,4,1,0.7746577
INC0014698,1,1,0,0.057049587
INC0014701,1,2,0,0.19200757
INC0014701,2,2,0,0.1633037
INC0014711,1,11,1,0.27294704
INC0014711,2,11,1,0.29823026
INC0014711,3,11,1,0.23928078
INC0014711,4,11,1,0.2644921
INC0014711,5,11,1,0.32545474
INC0014711,6,11,1,0.31994838
INC0014711,7,11,1,0.38544345
INC0014711,8,11,1,0.3543954
INC0014731,1,1,0,0.038142834
INC0014736,1,3,0,0.20372978
INC0014736,2,3,0,0.28764677
INC0014736,3,3,0,0.28734007
INC0014746,1,2,0,0.2012944
INC0014746,2,2,0,0.24579766
INC0014762,1,3,0,0.09970705
INC0014762,2,3,0,0.26297358
INC0014762,3,3,0,0.29628938
INC0014778,1,8,0,0.32542697
INC0014778,2,8,0,0.20655382
INC0014778,3,8,0,0.21851955
INC0014778,4,8,0,0.3217053
INC0014778,5,8,0,0.34425
INC0014778,6,8,0,0.2653987
INC0014778,7,8,0,0.24924733
INC0014778,8,8,0,0.35135415
INC0014779,1,16,1,0.3384899
INC0014779,2,16,1,0.4039874
INC0014779,3,16,1,0.28256825
INC0014779,4,16,1,0.9969842
INC0014779,5,16,1,0.9965429
INC0014779,6,16,1,0.9965649
INC0014779,7,16,1,0.9960173
INC0014779,8,16,1,0.99619293
INC0014786,1,1,0,0.03823951
INC0014796,1,7,0,0.30220646
INC0014796,2,7,0,0.24336879
INC0014796,3,7,0,0.24013382
INC0014796,4,7,0,0.2542359
INC0014796,5,7,0,0.2541467
INC0014796,6,7,0,0.16704407
INC0014796,7,7,0,0.146857
INC0014797,1,1,0,0.13960297
INC0014839,1,2,0,0.23618503
INC0014839,2,2,0,0.23360386
INC0014843,1,2,1,0.37806836
INC0014843,2,2,1,0.36473128
INC0014846,1,6,1,0.37915424
INC0014846,2,6,1,0.39601237
INC0014846,3,6,1,0.28979254
INC0014846,4,6,1,0.69449973
INC0014846,5,6,1,0.99828845
INC0014846,6,6,1,0.9979977
INC0014849,1,6,0,0.33337578
INC0014849,2,6,0,0.29148674
INC0014849,3,6,0,0.19299749
INC0014849,4,6,0,0.2259601
INC0014849,5,6,0,0.3260607
INC0014849,6,6,0,0.2834976
INC0014865,1,1,0,0.101884
INC0014875,1,2,0,0.13758789
INC0014875,2,2,0,0.25155792
INC0014877,1,2,0,0.28401318
INC0014877,2,2,0,0.23411813
INC0014895,1,1,0,0.1194688
INC0014901,1,8,0,0.4017477
INC0014901,2,8,0,0.44778016
INC0014901,3,8,0,0.44513252
INC0014901,4,8,0,0.39086106
INC0014901,5,8,0,0.40518773
INC0014901,6,8,0,0.4934977
INC0014901,7,8,0,0.4236379
INC0014901,8,8,0,0.3581668
INC0014909,1,1,0,0.12816852
INC0014912,1,4,0,0.37657994
INC0014912,2,4,0,0.40745208
INC0014912,3,4,0,0.2699077
INC0014912,4,4,0,0.3618578
INC0014915,1,9,0,0.10689227
INC0014915,2,9,0,0.39137676
INC0014915,3,9,0,0.32257435
INC0014915,4,9,0,0.3327809
INC0014915,5,9,0,0.42129582
INC0014915,6,9,0,0.57071024
INC0014915,7,9,0,0.6766706
INC0014915,8,9,0,0.6048884
INC0014927,1,4,0,0.27560923
INC0014927,2,4,0,0.29707664
INC0014927,3,4,0,0.32659656
INC0014927,4,4,0,0.6831473
INC0014937,1,2,0,0.117465176
INC0014937,2,2,0,0.23761173
INC0014947,1,1,0,0.1150582
INC0014951,1,2,0,0.3983042
INC0014951,2,2,0,0.37001336
INC0014952,1,3,0,0.12683602
INC0014952,2,3,0,0.24877295
INC0014952,3,3,0,0.1642783
INC0014964,1,5,0,0.20539348
INC0014964,2,5,0,0.14989144
INC0014964,3,5,0,0.15521373
INC0014964,4,5,0,0.22100113
INC0014964,5,5,0,0.2021964
INC0014974,1,2,1,0.34162632
INC0014974,2,2,1,0.41296965
INC0014986,1,2,0,0.33836472
INC0014986,2,2,0,0.34629688
INC0014991,1,1,0,0.032058436
INC0014992,1,1,0,0.07297432
INC0014998,1,5,0,0.33347625
INC0014998,2,5,0,0.34947836
INC0014998,3,5,0,0.2414713
INC0014998,4,5,0,0.32841268
INC0014998,5,5,0,0.3111713
INC0015001,1,3,0,0.12262884
INC0015001,2,3,0,0.1148477
INC0015001,3,3,0,0.13631834
INC0015004,1,4,0,0.35099792
INC0015004,2,4,0,0.36338967
INC0015004,3,4,0,0.40014112
INC0015004,4,4,0,0.3910751
INC0015005,1,3,1,0.563517
INC0015005,2,3,1,0.48556724
INC0015005,3,3,1,0.83856696
INC0015018,1,2,0,0.056948654
INC0015018,2,2,0,0.13425906
INC0015044,1,9,0,0.26583856
INC0015044,2,9,0,0.21686569
INC0015044,3,9,0,0.22888778
INC0015044,4,9,0,0.28670087
INC0015044,5,9,0,0.30131078
INC0015044,6,9,0,0.34568062
INC0015044,7,9,0,0.47436413
INC0015044,8,9,0,0.48821455
INC0015047,1,9,1,0.24414662
INC0015047,2,9,1,0.23664887
INC0015047,3,9,1,0.25567153
INC0015047,4,9,1,0.24940099
INC0015047,5,9,1,0.5387993
INC0015047,6,9,1,0.46602207
INC0015047,7,9,1,0.6973114
INC0015047,8,9,1,0.7267569
INC0015055,1,7,0,0.17458394
INC0015055,2,7,0,0.32065946
INC0015055,3,7,0,0.39381486
INC0015055,4,7,0,0.3671932
INC0015055,5,7,0,0.41437757
INC0015055,6,7,0,0.30743274
INC0015055,7,7,0,0.28448993
INC0015061,1,1,0,0.088202216
INC0015066,1,5,0,0.04589927
INC0015066,2,5,0,0.15174876
INC0015066,3,5,0,0.08583078
INC0015066,4,5,0,0.07485932
INC0015066,5,5,0,0.07965922
INC0015068,1,8,0,0.17492683
INC0015068,2,8,0,0.15438233
INC0015068,3,8,0,0.2690009
INC0015068,4,8,0,0.38434783
INC0015068,5,8,0,0.46156308
INC0015068,6,8,0,0.36102748
INC0015068,7,8,0,0.3470066
INC0015068,8,8,0,0.3735087
INC0015092,1,1,0,0.10691626
INC0015111,1,2,0,0.2760376
INC0015111,2,2,0,0.25398967
INC0015166,1,3,1,0.1682499
INC0015166,2,3,1,0.62691104
INC0015166,3,3,1,0.6113337
INC0015189,1,1,0,0.07947757
INC0015208,1,3,0,0.25322315
INC0015208,2,3,0,0.23828925
INC0015208,3,3,0,0.3523261
INC0015216,1,1,0,0.037888184
INC0015230,1,1,0,0.20123284
INC0015244,1,3,1,0.21622446
INC0015244,2,3,1,0.35183603
INC0015244,3,3,1,0.8347941
INC0015250,1,3,0,0.14732306
INC0015250,2,3,0,0.13949153
INC0015250,3,3,0,0.31039825
INC0015252,1,3,1,0.21291447
INC0015252,2,3,1,0.48562744
INC0015252,3,3,1,0.84722316
INC0015264,1,1,0,0.07877616
INC0015267,1,2,0,0.103099294
INC0015267,2,2,0,0.17344777
INC0015271,1,1,0,0.04167493
INC0015287,1,4,0,0.09401315
INC0015287,2,4,0,0.15864116
INC0015287,3,4,0,0.21939088
INC0015287,4,4,0,0.21206708
INC0015289,1,2,0,0.23907146
INC0015289,2,2,0,0.29639426
INC0015294,1,1,1,0.8531235
INC0015296,1,1,0,0.5282625
INC0015298,1,2,0,0.19260071
INC0015298,2,2,0,0.25841728
INC0015304,1,4,0,0.17958839
INC0015304,2,4,0,0.1404762
INC0015304,3,4,0,0.17878446
INC0015304,4,4,0,0.1738166
INC0015305,1,2,0,0.27062035
INC0015305,2,2,0,0.3636279
INC0015309,1,1,0,0.05323313
INC0015310,1,3,1,0.1666908
INC0015310,2,3,1,0.27896237
INC0015310,3,3,1,0.27421737
INC0015316,1,1,0,0.04147408
INC0015332,1,1,0,0.21061541
INC0015356,1,1,0,0.03751686
INC0015363,1,3,0,0.154955
INC0015363,2,3,0,0.14872214
INC0015363,3,3,0,0.148048
INC0015368,1,2,0,0.08867466
INC0015368,2,2,0,0.30616537
INC0015391,1,3,0,0.096014746
INC0015391,2,3,0,0.19872546
INC0015391,3,3,0,0.19614467
INC0015396,1,1,0,0.04456043
INC0015398,1,9,1,0.3373784
INC0015398,2,9,1,0.24913089
INC0015398,3,9,1,0.16158327
INC0015398,4,9,1,0.17356959
INC0015398,5,9,1,0.2444539
INC0015398,6,9,1,0.21769556
INC0015398,7,9,1,0.21766946
INC0015398,8,9,1,0.29211223
INC0015399,1,7,0,0.09238958
INC0015399,2,7,0,0.2205736
INC0015399,3,7,0,0.3882336
INC0015399,4,7,0,0.4306297
INC0015399,5,7,0,0.4564359
INC0015399,6,7,0,0.4322906
INC0015399,7,7,0,0.3789374
INC0015406,1,4,0,0.22892518
INC0015406,2,4,0,0.18391491
INC0015406,3,4,0,0.2965713
INC0015406,4,4,0,0.2933004
INC0015416,1,4,0,0.10184629
INC0015416,2,4,0,0.24294767
INC0015416,3,4,0,0.2508062
INC0015416,4,4,0,0.2680964
INC0015418,1,2,0,0.24734697
INC0015418,2,2,0,0.16750632
INC0015427,1,4,1,0.26861337
INC0015427,2,4,1,0.20743078
INC0015427,3,4,1,0.4657598
INC0015427,4,4,1,0.9988819
INC0015436,1,3,0,0.25245294
INC0015436,2,3,0,0.23341182
INC0015436,3,3,0,0.1964972
INC0015450,1,5,0,0.1366468
INC0015450,2,5,0,0.114405066
INC0015450,3,5,0,0.19701543
INC0015450,4,5,0,0.20233586
INC0015450,5,5,0,0.34036234
INC0015455,1,1,0,0.019219302
INC0015465,1,1,0,0.032958176
INC0015479,1,4,0,0.25283554
INC0015479,2,4,0,0.2232737
INC0015479,3,4,0,0.20090671
INC0015479,4,4,0,0.19166511
INC0015483,1,6,0,0.2602757
INC0015483,2,6,0,0.22715582
INC0015483,3,6,0,0.34581304
INC0015483,4,6,0,0.45631653
INC0015483,5,6,0,0.7397305
INC0015483,6,6,0,0.6698141
INC0015495,1,1,0,0.05564071
INC0015496,1,1,0,0.0338378
INC0015525,1,2,0,0.174535
INC0015525,2,2,0,0.17254773
INC0015528,1,2,0,0.24405052
INC0015528,2,2,0,0.14955302
INC0015538,1,2,0,0.108967245
INC0015538,2,2,0,0.10778355
INC0015543,1,1,0,0.02819084
INC0015545,1,4,1,0.094079226
INC0015545,2,4,1,0.51511407
INC0015545,3,4,1,0.99760264
INC0015545,4,4,1,0.9962612
INC0015560,1,1,0,0.057043932
INC0015589,1,1,0,0.054026287
INC0015600,1,3,0,0.17010927
INC0015600,2,3,0,0.20668322
INC0015600,3,3,0,0.742067
INC0015602,1,5,1,0.50863945
INC0015602,2,5,1,0.5022376
INC0015602,3,5,1,0.47673678
INC0015602,4,5,1,0.790381
INC0015602,5,5,1,0.7627085
INC0015608,1,1,0,0.07106304
INC0015633,1,2,0,0.23642807
INC0015633,2,2,0,0.24752204
INC0015635,1,1,0,0.18105802
INC0015705,1,4,0,0.2804523
INC0015705,2,4,0,0.24177879
INC0015705,3,4,0,0.18749915
INC0015705,4,4,0,0.26965412
INC0015708,1,3,0,0.23337291
INC0015708,2,3,0,0.17481324
INC0015708,3,3,0,0.22840434
INC0015711,1,1,0,0.08231379
INC0015713,1,1,0,0.019321842
INC0015728,1,2,0,0.23618111
INC0015728,2,2,0,0.16020782
INC0015741,1,10,0,0.17662412
INC0015741,2,10,0,0.10683866
INC0015741,3,10,0,0.17013213
INC0015741,4,10,0,0.27501807
INC0015741,5,10,0,0.2182228
INC0015741,6,10,0,0.3220038
INC0015741,7,10,0,0.2587914
INC0015741,8,10,0,0.250459
INC0015752,1,4,0,0.25642526
INC0015752,2,4,0,0.28060853
INC0015752,3,4,0,0.26944295
INC0015752,4,4,0,0.34677997
INC0015769,1,6,1,0.6169925
INC0015769,2,6,1,0.9983891
INC0015769,3,6,1,0.9949262
INC0015769,4,6,1,0.99731654
INC0015769,5,6,1,0.9967288
INC0015769,6,6,1,0.9961551
INC0015809,1,1,0,0.023022829
INC0015815,1,5,1,0.3118791
INC0015815,2,5,1,0.26433283
INC0015815,3,5,1,0.21427324
INC0015815,4,5,1,0.8388682
INC0015815,5,5,1,0.99958867
INC0015818,1,9,0,0.11936445
INC0015818,2,9,0,0.33410528
INC0015818,3,9,0,0.33919537
INC0015818,4,9,0,0.33919537
INC0015818,5,9,0,0.30665353
INC0015818,6,9,0,0.30665353
INC0015818,7,9,0,0.39916754
INC0015818,8,9,0,0.4530734
INC0015833,1,1,0,0.026400069
INC0015838,1,1,0,0.02556743
INC0015864,1,8,1,0.29706654
INC0015864,2,8,1,0.22894515
INC0015864,3,8,1,0.3854688
INC0015864,4,8,1,0.37484485
INC0015864,5,8,1,0.5194857
INC0015864,6,8,1,0.9806871
INC0015864,7,8,1,0.9827139
INC0015864,8,8,1,0.99802774
INC0015886,1,1,0,0.018260786
INC0015888,1,2,1,0.5601451
INC0015888,2,2,1,0.46106383
INC0015895,1,7,1,0.28148976
INC0015895,2,7,1,0.7016055
INC0015895,3,7,1,0.99674964
INC0015895,4,7,1,0.9967878
INC0015895,5,7,1,0.99789435
INC0015895,6,7,1,0.9980678
INC0015895,7,7,1,0.99762976
INC0015906,1,1,1,0.83684427
INC0015911,1,2,0,0.022345128
INC0015911,2,2,0,0.05814909
INC0015918,1,1,0,0.06506612
INC0015931,1,9,1,0.45065895
INC0015931,2,9,1,0.36293736
INC0015931,3,9,1,0.29949072
INC0015931,4,9,1,0.30667076
INC0015931,5,9,1,0.33310905
INC0015931,6,9,1,0.31988797
INC0015931,7,9,1,0.42265114
INC0015931,8,9,1,0.6319942
INC0015936,1,3,0,0.3075903
INC0015936,2,3,0,0.30041692
INC0015936,3,3,0,0.3268795
INC0015987,1,6,1,0.69984394
INC0015987,2,6,1,0.6113258
INC0015987,3,6,1,0.9991246
INC0015987,4,6,1,0.99818426
INC0015987,5,6,1,0.99814653
INC0015987,6,6,1,0.9981546
INC0015990,1,2,0,0.05527043
INC0015990,2,2,0,0.13273439
INC0015991,1,16,1,0.071575895
INC0015991,2,16,1,0.23920278
INC0015991,3,16,1,0.22141255
INC0015991,4,16,1,0.19070764
INC0015991,5,16,1,0.20493516
INC0015991,6,16,1,0.31958768
INC0015991,7,16,1,0.30084872
INC0015991,8,16,1,0.4329936
INC0016008,1,1,0,0.07737489
INC0016017,1,2,0,0.21535818
INC0016017,2,2,0,0.18318377
INC0016026,1,5,1,0.3444179
INC0016026,2,5,1,0.30350828
INC0016026,3,5,1,0.30350828
INC0016026,4,5,1,0.9714264
INC0016026,5,5,1,0.9964199
INC0016027,1,9,1,0.37264827
INC0016027,2,9,1,0.99761
INC0016027,3,9,1,0.9976739
INC0016027,4,9,1,0.99759287
INC0016027,5,9,1,0.9975969
INC0016027,6,9,1,0.9977968
INC0016027,7,9,1,0.9977869
INC0016027,8,9,1,0.99731535
INC0016029,1,1,1,0.8062135
INC0016036,1,2,0,0.2574366
INC0016036,2,2,0,0.21901721
INC0016038,1,2,0,0.11687437
INC0016038,2,2,0,0.23428033
INC0016067,1,27,1,0.3238019
INC0016067,2,27,1,0.3765294
INC0016067,3,27,1,0.49871776
INC0016067,4,27,1,0.60152704
INC0016067,5,27,1,0.5325255
INC0016067,6,27,1,0.44891688
INC0016067,7,27,1,0.4108024
INC0016067,8,27,1,0.40840596
INC0016072,1,12,1,0.26186737
INC0016072,2,12,1,0.17683244
INC0016072,3,12,1,0.22106159
INC0016072,4,12,1,0.21543962
INC0016072,5,12,1,0.21644822
INC0016072,6,12,1,0.26682487
INC0016072,7,12,1,0.27377704
INC0016072,8,12,1,0.5274342
INC0016076,1,3,0,0.12014305
INC0016076,2,3,0,0.04859604
INC0016076,3,3,0,0.04859604
INC0016081,1,9,1,0.19846863
INC0016081,2,9,1,0.20820612
INC0016081,3,9,1,0.21451105
INC0016081,4,9,1,0.2118879
INC0016081,5,9,1,0.20638643
INC0016081,6,9,1,0.9571952
INC0016081,7,9,1,0.9652274
INC0016081,8,9,1,0.9696992
INC0016083,1,9,1,0.34855258
INC0016083,2,9,1,0.3197199
INC0016083,3,9,1,0.39886552
INC0016083,4,9,1,0.3707066
INC0016083,5,9,1,0.29178023
INC0016083,6,9,1,0.970739
INC0016083,7,9,1,0.9705694
INC0016083,8,9,1,0.9706799
INC0016089,1,2,0,0.12703453
INC0016089,2,2,0,0.2310835
INC0016106,1,8,1,0.34105313
INC0016106,2,8,1,0.31979233
INC0016106,3,8,1,0.3042893
INC0016106,4,8,1,0.36310786
INC0016106,5,8,1,0.42565623
INC0016106,6,8,1,0.53163254
INC0016106,7,8,1,0.5542805
INC0016106,8,8,1,0.94901955
INC0016111,1,13,1,0.35118434
INC0016111,2,13,1,0.35030827
INC0016111,3,13,1,0.3982148
INC0016111,4,13,1,0.9746609
INC0016111,5,13,1,0.9808766
INC0016111,6,13,1,0.9740572
INC0016111,7,13,1,0.9731452
INC0016111,8,13,1,0.97713053
INC0016122,1,2,1,0.34748936
INC0016122,2,2,1,0.2663661
INC0016133,1,10,1,0.3414715
INC0016133,2,10,1,0.9641128
INC0016133,3,10,1,0.96182394
INC0016133,4,10,1,0.9688409
INC0016133,5,10,1,0.96624005
INC0016133,6,10,1,0.99638367
INC0016133,7,10,1,0.997894
INC0016133,8,10,1,0.9977143
INC0016142,1,4,0,0.28605106
INC0016142,2,4,0,0.33391035
INC0016142,3,4,0,0.30673528
INC0016142,4,4,0,0.3288132
INC0016165,1,1,0,0.1393621
INC0016168,1,1,0,0.50564706
INC0016203,1,2,0,0.31346628
INC0016203,2,2,0,0.39153084
INC0016209,1,9,1,0.28350413
INC0016209,2,9,1,0.25334942
INC0016209,3,9,1,0.27294025
INC0016209,4,9,1,0.2929008
INC0016209,5,9,1,0.521355
INC0016209,6,9,1,0.4612709
INC0016209,7,9,1,0.3810074
INC0016209,8,9,1,0.99347466
INC0016236,1,4,0,0.23670429
INC0016236,2,4,0,0.26593274
INC0016236,3,4,0,0.2275435
INC0016236,4,4,0,0.29269925
INC0016264,1,1,0,0.14192705
INC0016265,1,4,0,0.8422228
INC0016265,2,4,0,0.92681384
INC0016265,3,4,0,0.92563105
INC0016265,4,4,0,0.89432544
INC0016267,1,1,0,0.26842162
INC0016286,1,1,0,0.041919835
INC0016290,1,2,0,0.10947296
INC0016290,2,2,0,0.14985831
INC0016296,1,2,0,0.106508374
INC0016296,2,2,0,0.14517376
INC0016323,1,2,0,0.1220579
INC0016323,2,2,0,0.10512402
INC0016336,1,2,0,0.0779794
INC0016336,2,2,0,0.118570276
INC0016342,1,4,1,0.17600861
INC0016342,2,4,1,0.15398072
INC0016342,3,4,1,0.13018635
INC0016342,4,4,1,0.32640925
INC0016344,1,1,0,0.07142129
INC0016346,1,1,0,0.035518304
INC0016364,1,1,0,0.020183861
INC0016370,1,1,0,0.019428462
INC0016379,1,3,1,0.2028849
INC0016379,2,3,1,0.65010715
INC0016379,3,3,1,0.6416425
INC0016387,1,1,0,0.111623004
INC0016390,1,4,1,0.259599
INC0016390,2,4,1,0.2764773
INC0016390,3,4,1,0.28642
INC0016390,4,4,1,0.37369242
INC0016391,1,1,0,0.018732563
INC0016392,1,2,0,0.2283739
INC0016392,2,2,0,0.19971275
INC0016417,1,5,1,0.1831635
INC0016417,2,5,1,0.92623067
INC0016417,3,5,1,0.99611366
INC0016417,4,5,1,0.9974437
INC0016417,5,5,1,0.99811697
INC0016418,1,4,1,0.20899022
INC0016418,2,4,1,0.22194675
INC0016418,3,4,1,0.90262794
INC0016418,4,4,1,0.94743407
INC0016451,1,7,1,0.11667046
INC0016451,2,7,1,0.093902774
INC0016451,3,7,1,0.48965988
INC0016451,4,7,1,0.6608447
INC0016451,5,7,1,0.86568534
INC0016451,6,7,1,0.8559697
INC0016451,7,7,1,0.8586343
INC0016454,1,2,0,0.09475023
INC0016454,2,2,0,0.08183059
INC0016455,1,1,0,0.1442767
INC0016462,1,2,0,0.1942938
INC0016462,2,2,0,0.15844658
INC0016463,1,2,0,0.18103224
INC0016463,2,2,0,0.15283889
INC0016468,1,5,0,0.0696873
INC0016468,2,5,0,0.045801837
INC0016468,3,5,0,0.17529677
INC0016468,4,5,0,0.15315421
INC0016468,5,5,0,0.061329007
INC0016470,1,3,0,0.23152952
INC0016470,2,3,0,0.13451944
INC0016470,3,3,0,0.18839431
INC0016479,1,1,0,0.01863974
INC0016482,1,1,0,0.253449
INC0016498,1,10,1,0.2488787
INC0016498,2,10,1,0.21641296
INC0016498,3,10,1,0.18349506
INC0016498,4,10,1,0.18994425
INC0016498,5,10,1,0.21675949
INC0016498,6,10,1,0.20523572
INC0016498,7,10,1,0.21784335
INC0016498,8,10,1,0.5759959
INC0016548,1,6,0,0.2522575
INC0016548,2,6,0,0.2817008
INC0016548,3,6,0,0.28281596
INC0016548,4,6,0,0.24241836
INC0016548,5,6,0,0.30365247
INC0016548,6,6,0,0.28840944
INC0016551,1,6,1,0.2830933
INC0016551,2,6,1,0.2227099
INC0016551,3,6,1,0.3777357
INC0016551,4,6,1,0.37698647
INC0016551,5,6,1,0.4619942
INC0016551,6,6,1,0.9526068
INC0016563,1,2,0,0.1690389
INC0016563,2,2,0,0.16489302
INC0016564,1,3,1,0.16512941
INC0016564,2,3,1,0.13053434
INC0016564,3,3,1,0.8491619
INC0016567,1,5,0,0.16233598
INC0016567,2,5,0,0.13068552
INC0016567,3,5,0,0.119647585
INC0016567,4,5,0,0.14274117
INC0016567,5,5,0,0.1371346
INC0016574,1,2,1,0.7045274
INC0016574,2,2,1,0.8156506
INC0016582,1,2,0,0.10965025
INC0016582,2,2,0,0.12834208
INC0016587,1,1,0,0.04849544
INC0016590,1,2,0,0.24441636
INC0016590,2,2,0,0.20603651
INC0016600,1,5,1,0.12167136
INC0016600,2,5,1,0.27378753
INC0016600,3,5,1,0.9982653
INC0016600,4,5,1,0.9981431
INC0016600,5,5,1,0.997875
INC0016608,1,2,0,0.23311475
INC0016608,2,2,0,0.26019987
INC0016633,1,2,0,0.1928829
INC0016633,2,2,0,0.19200933
INC0016649,1,1,0,0.09251186
INC0016655,1,4,0,0.16018432
INC0016655,2,4,0,0.2929331
INC0016655,3,4,0,0.27167776
INC0016655,4,4,0,0.2687184
INC0016661,1,4,0,0.29874375
INC0016661,2,4,0,0.36718825
INC0016661,3,4,0,0.39519235
INC0016661,4,4,0,0.38109118
INC0016664,1,5,1,0.20832473
INC0016664,2,5,1,0.23861946
INC0016664,3,5,1,0.16985713
INC0016664,4,5,1,0.19310914
INC0016664,5,5,1,0.22087412
INC0016673,1,2,0,0.13178036
INC0016673,2,2,0,0.10921229
INC0016674,1,2,0,0.2255838
INC0016674,2,2,0,0.1371114
INC0016683,1,5,0,0.15475675
INC0016683,2,5,0,0.13751401
INC0016683,3,5,0,0.14055051
INC0016683,4,5,0,0.16677055
INC0016683,5,5,0,0.18869896
INC0016686,1,5,0,0.076422594
INC0016686,2,5,0,0.15405627
INC0016686,3,5,0,0.13340609
INC0016686,4,5,0,0.11043262
INC0016686,5,5,0,0.111603
INC0016711,1,6,0,0.22983205
INC0016711,2,6,0,0.22955032
INC0016711,3,6,0,0.117209226
INC0016711,4,6,0,0.1278051
INC0016711,5,6,0,0.10519887
INC0016711,6,6,0,0.12919843
INC0016739,1,8,0,0.30126452
INC0016739,2,8,0,0.52575886
INC0016739,3,8,0,0.46698883
INC0016739,4,8,0,0.45577157
INC0016739,5,8,0,0.45996875
INC0016739,6,8,0,0.4647113
INC0016739,7,8,0,0.7501015
INC0016739,8,8,0,0.6321621
INC0016764,1,4,1,0.3647942
INC0016764,2,4,1,0.33278623
INC0016764,3,4,1,0.32246983
INC0016764,4,4,1,0.9894134
INC0016766,1,2,0,0.05688044
INC0016766,2,2,0,0.11888056
INC0016776,1,7,1,0.4392875
INC0016776,2,7,1,0.32477
INC0016776,3,7,1,0.5090673
INC0016776,4,7,1,0.49874538
INC0016776,5,7,1,0.99768186
INC0016776,6,7,1,0.99785846
INC0016776,7,7,1,0.9962543
INC0016787,1,1,0,0.21824282
INC0016797,1,2,0,0.09784719
INC0016797,2,2,0,0.16153859
INC0016804,1,3,0,0.29226428
INC0016804,2,3,0,0.28773057
INC0016804,3,3,0,0.32367298
INC0016809,1,3,0,0.057203166
INC0016809,2,3,0,0.072294615
INC0016809,3,3,0,0.09613504
INC0016817,1,4,1,0.20439407
INC0016817,2,4,1,0.25120434
INC0016817,3,4,1,0.24359718
INC0016817,4,4,1,0.99341667
INC0016827,1,4,0,0.0867485
INC0016827,2,4,0,0.07481745
INC0016827,3,4,0,0.06409872
INC0016827,4,4,0,0.10068906
INC0016829,1,1,0,0.022101466
INC0016832,1,1,0,0.06667656
INC0016834,1,6,0,0.2076081
INC0016834,2,6,0,0.14925471
INC0016834,3,6,0,0.15616825
INC0016834,4,6,0,0.18047199
INC0016834,5,6,0,0.124742195
INC0016834,6,6,0,0.12359191
INC0016839,1,1,0,0.0597221
INC0016853,1,4,0,0.2081857
INC0016853,2,4,0,0.17919028
INC0016853,3,4,0,0.25168946
INC0016853,4,4,0,0.27104542
INC0016906,1,1,0,0.037072822
INC0016911,1,1,0,0.10068635
INC0016914,1,4,0,0.22920556
INC0016914,2,4,0,0.18818696
INC0016914,3,4,0,0.09156201
INC0016914,4,4,0,0.15173033
INC0016947,1,4,1,0.18135485
INC0016947,2,4,1,0.14058842
INC0016947,3,4,1,0.9947619
INC0016947,4,4,1,0.9907686
INC0016953,1,1,0,0.026644653
INC0016955,1,1,0,0.18190117
INC0016962,1,4,0,0.1641757
INC0016962,2,4,0,0.13266872
INC0016962,3,4,0,0.13227673
INC0016962,4,4,0,0.16005926
INC0016963,1,1,0,0.07402119
INC0016964,1,1,0,0.016370507
INC0016995,1,6,0,0.17331001
INC0016995,2,6,0,0.104187734
INC0016995,3,6,0,0.25622067
INC0016995,4,6,0,0.1112405
INC0016995,5,6,0,0.10356559
INC0016995,6,6,0,0.113981366
INC0016999,1,1,0,0.546886
INC0017005,1,5,0,0.16307473
INC0017005,2,5,0,0.1809961
INC0017005,3,5,0,0.13066714
INC0017005,4,5,0,0.115485184
INC0017005,5,5,0,0.11472335
INC0017023,1,7,0,0.24877404
INC0017023,2,7,0,0.21888947
INC0017023,3,7,0,0.2686929
INC0017023,4,7,0,0.23726584
INC0017023,5,7,0,0.29363805
INC0017023,6,7,0,0.15636584
INC0017023,7,7,0,0.20291229
INC0017029,1,6,1,0.5358108
INC0017029,2,6,1,0.4648874
INC0017029,3,6,1,0.37860674
INC0017029,4,6,1,0.4265045
INC0017029,5,6,1,0.4312829
INC0017029,6,6,1,0.55573094
INC0017032,1,2,0,0.20445853
INC0017032,2,2,0,0.11582436
INC0017034,1,9,0,0.27417135
INC0017034,2,9,0,0.21549357
INC0017034,3,9,0,0.23191534
INC0017034,4,9,0,0.23058909
INC0017034,5,9,0,0.18146299
INC0017034,6,9,0,0.23758453
INC0017034,7,9,0,0.28379455
INC0017034,8,9,0,0.36604166
INC0017055,1,5,0,0.3078353
INC0017055,2,5,0,0.22742763
INC0017055,3,5,0,0.15960877
INC0017055,4,5,0,0.15960877
INC0017055,5,5,0,0.18670079
INC0017059,1,2,0,0.19975075
INC0017059,2,2,0,0.17227246
INC0017064,1,7,1,0.19425865
INC0017064,2,7,1,0.16883716
INC0017064,3,7,1,0.377331
INC0017064,4,7,1,0.2874767
INC0017064,5,7,1,0.28993636
INC0017064,6,7,1,0.46099195
INC0017064,7,7,1,0.9941235
INC0017081,1,5,0,0.19863579
INC0017081,2,5,0,0.1733483
INC0017081,3,5,0,0.166163
INC0017081,4,5,0,0.16385645
INC0017081,5,5,0,0.16834074
INC0017082,1,12,1,0.09020804
INC0017082,2,12,1,0.22070466
INC0017082,3,12,1,0.44864509
INC0017082,4,12,1,0.56946504
INC0017082,5,12,1,0.8523028
INC0017082,6,12,1,0.8695298
INC0017082,7,12,1,0.9166931
INC0017082,8,12,1,0.9485782
INC0017114,1,1,0,0.14430866
INC0017118,1,1,0,0.042527515
INC0017121,1,1,0,0.03954474
INC0017164,1,3,0,0.08072207
INC0017164,2,3,0,0.09622879
INC0017164,3,3,0,0.09813305
INC0017175,1,1,0,0.088020846
INC0017176,1,10,0,0.5169744
INC0017176,2,10,0,0.3143123
INC0017176,3,10,0,0.3143123
INC0017176,4,10,0,0.5500292
INC0017176,5,10,0,0.5074906
INC0017176,6,10,0,0.58441794
INC0017176,7,10,0,0.37022078
INC0017176,8,10,0,0.34435856
INC0017184,1,5,1,0.11927694
INC0017184,2,5,1,0.34311917
INC0017184,3,5,1,0.29186562
INC0017184,4,5,1,0.56465924
INC0017184,5,5,1,0.9978951
INC0017197,1,6,0,0.23325568
INC0017197,2,6,0,0.17881939
INC0017197,3,6,0,0.1892651
INC0017197,4,6,0,0.3502531
INC0017197,5,6,0,0.27421257
INC0017197,6,6,0,0.26837623
INC0017204,1,9,0,0.083682634
INC0017204,2,9,0,0.11578321
INC0017204,3,9,0,0.13497525
INC0017204,4,9,0,0.115318716
INC0017204,5,9,0,0.11653411
INC0017204,6,9,0,0.12647109
INC0017204,7,9,0,0.13757509
INC0017204,8,9,0,0.23941015
INC0017206,1,5,0,0.14466499
INC0017206,2,5,0,0.27165034
INC0017206,3,5,0,0.30683514
INC0017206,4,5,0,0.27343562
INC0017206,5,5,0,0.36073446
INC0017209,1,1,0,0.19094492
INC0017242,1,4,1,0.2561449
INC0017242,2,4,1,0.30129015
INC0017242,3,4,1,0.26319343
INC0017242,4,4,1,0.3349688
INC0017261,1,8,1,0.17848206
INC0017261,2,8,1,0.27807453
INC0017261,3,8,1,0.35433084
INC0017261,4,8,1,0.26078632
INC0017261,5,8,1,0.43410966
INC0017261,6,8,1,0.32324824
INC0017261,7,8,1,0.8652298
INC0017261,8,8,1,0.9052001
INC0017276,1,1,0,0.07410153
INC0017277,1,1,0,0.017606312
INC0017280,1,1,0,0.057825726
INC0017291,1,8,0,0.18303202
INC0017291,2,8,0,0.21066758
INC0017291,3,8,0,0.13313542
INC0017291,4,8,0,0.1352179
INC0017291,5,8,0,0.1352179
INC0017291,6,8,0,0.15762451
INC0017291,7,8,0,0.09563453
INC0017291,8,8,0,0.122521944
INC0017293,1,2,0,0.059132192
INC0017293,2,2,0,0.1441034
INC0017312,1,1,0,0.05217868
INC0017328,1,2,0,0.07013734
INC0017328,2,2,0,0.10328686
INC0017329,1,2,0,0.20020154
INC0017329,2,2,0,0.19314525
INC0017334,1,8,1,0.28138438
INC0017334,2,8,1,0.26133913
INC0017334,3,8,1,0.24662477
INC0017334,4,8,1,0.29295224
INC0017334,5,8,1,0.56259334
INC0017334,6,8,1,0.87680376
INC0017334,7,8,1,0.99620724
INC0017334,8,8,1,0.99783033
INC0017355,1,2,0,0.16276368
INC0017355,2,2,0,0.12179265
INC0017382,1,4,0,0.27404287
INC0017382,2,4,0,0.24131824
INC0017382,3,4,0,0.4163936
INC0017382,4,4,0,0.26951182
INC0017387,1,2,0,0.11610938
INC0017387,2,2,0,0.18607718
INC0017388,1,4,1,0.313998
INC0017388,2,4,1,0.84076107
INC0017388,3,4,1,0.7695795
INC0017388,4,4,1,0.99933714
INC0017403,1,3,0,0.3268975
INC0017403,2,3,0,0.36725453
INC0017403,3,3,0,0.50680786
INC0017416,1,1,0,0.053803988
INC0017417,1,4,0,0.11286739
INC0017417,2,4,0,0.2046206
INC0017417,3,4,0,0.29697502
INC0017417,4,4,0,0.24045937
INC0017419,1,1,0,0.1124133
INC0017420,1,3,1,0.2502351
INC0017420,2,3,1,0.25464794
INC0017420,3,3,1,0.9979145
INC0017450,1,3,0,0.046984773
INC0017450,2,3,0,0.15362214
INC0017450,3,3,0,0.15517043
INC0017464,1,5,0,0.31007004
INC0017464,2,5,0,0.397864
INC0017464,3,5,0,0.37534064
INC0017464,4,5,0,0.33590865
INC0017464,5,5,0,0.46330383
INC0017486,1,2,0,0.19893879
INC0017486,2,2,0,0.17192231
INC0017487,1,2,0,0.2427907
INC0017487,2,2,0,0.21736488
INC0017526,1,1,0,0.018990753
INC0017542,1,3,0,0.30135128
INC0017542,2,3,0,0.36855513
INC0017542,3,3,0,0.42187077
INC0017543,1,2,0,0.11781335
INC0017543,2,2,0,0.22518094
INC0017548,1,7,1,0.4555354
INC0017548,2,7,1,0.30318528
INC0017548,3,7,1,0.39548826
INC0017548,4,7,1,0.54150516
INC0017548,5,7,1,0.5582119
INC0017548,6,7,1,0.54712033
INC0017548,7,7,1,0.9978592
INC0017556,1,1,0,0.20375113
INC0017562,1,1,0,0.02429483
INC0017579,1,1,0,0.049734447
INC0017590,1,3,0,0.2510917
INC0017590,2,3,0,0.16480695
INC0017590,3,3,0,0.30956003
INC0017600,1,4,1,0.027916571
INC0017600,2,4,1,0.05737385
INC0017600,3,4,1,0.051864456
INC0017600,4,4,1,0.016466375
INC0017606,1,2,0,0.25301796
INC0017606,2,2,0,0.3320061
INC0017613,1,3,0,0.30353904
INC0017613,2,3,0,0.29176208
INC0017613,3,3,0,0.25350997
INC0017668,1,4,1,0.4834334
INC0017668,2,4,1,0.32588267
INC0017668,3,4,1,0.32053548
INC0017668,4,4,1,0.27081808
INC0017681,1,3,0,0.41567
INC0017681,2,3,0,0.5607566
INC0017681,3,3,0,0.60888517
INC0017689,1,3,1,0.25342745
INC0017689,2,3,1,0.18309955
INC0017689,3,3,1,0.9951273
INC0017692,1,2,0,0.12155685
INC0017692,2,2,0,0.25177047
INC0017708,1,4,0,0.20098285
INC0017708,2,4,0,0.12275766
INC0017708,3,4,0,0.14144105
INC0017708,4,4,0,0.20543799
INC0017725,1,3,0,0.37670934
INC0017725,2,3,0,0.3347058
INC0017725,3,3,0,0.26724148
INC0017750,1,6,0,0.029405057
INC0017750,2,6,0,0.038714197
INC0017750,3,6,0,0.05656742
INC0017750,4,6,0,0.062342964
INC0017750,5,6,0,0.06103649
INC0017750,6,6,0,0.04217853
INC0017756,1,6,1,0.43165296
INC0017756,2,6,1,0.3692608
INC0017756,3,6,1,0.3759631
INC0017756,4,6,1,0.45597368
INC0017756,5,6,1,0.5284926
INC0017756,6,6,1,0.6939227
INC0017760,1,7,0,0.05594894
INC0017760,2,7,0,0.030394113
INC0017760,3,7,0,0.042807154
INC0017760,4,7,0,0.03659002
INC0017760,5,7,0,0.052486565
INC0017760,6,7,0,0.04968399
INC0017760,7,7,0,0.027331851
INC0017784,1,1,0,0.31795713
INC0017794,1,3,0,0.23398492
INC0017794,2,3,0,0.35888678
INC0017794,3,3,0,0.23141603
INC0017811,1,2,0,0.43177226
INC0017811,2,2,0,0.51526153
INC0017815,1,4,0,0.18421812
INC0017815,2,4,0,0.12841669
INC0017815,3,4,0,0.2070438
INC0017815,4,4,0,0.20865199
INC0017816,1,5,0,0.1454817
INC0017816,2,5,0,0.3021259
INC0017816,3,5,0,0.3029359
INC0017816,4,5,0,0.27341488
INC0017816,5,5,0,0.2667249
INC0017828,1,6,0,0.20579876
INC0017828,2,6,0,0.1570762
INC0017828,3,6,0,0.2272545
INC0017828,4,6,0,0.22926286
INC0017828,5,6,0,0.21340625
INC0017828,6,6,0,0.2016292
INC0017837,1,2,0,0.07813241
INC0017837,2,2,0,0.17614582
INC0017838,1,1,1,0.69712675
INC0017864,1,15,1,0.04874532
INC0017864,2,15,1,0.11094209
INC0017864,3,15,1,0.11975008
INC0017864,4,15,1,0.15200104
INC0017864,5,15,1,0.1507962
INC0017864,6,15,1,0.25105804
INC0017864,7,15,1,0.2269934
INC0017864,8,15,1,0.34469458
INC0017877,1,2,0,0.10981122
INC0017877,2,2,0,0.032796055
INC0017918,1,1,0,0.029564561
INC0017941,1,4,0,0.21480747
INC0017941,2,4,0,0.15606815
INC0017941,3,4,0,0.23122235
INC0017941,4,4,0,0.30307487
INC0017946,1,3,0,0.103984214
INC0017946,2,3,0,0.13026124
INC0017946,3,3,0,0.1282094
INC0017947,1,6,0,0.09656052
INC0017947,2,6,0,0.23928352
INC0017947,3,6,0,0.29925773
INC0017947,4,6,0,0.57394934
INC0017947,5,6,0,0.55775106
INC0017947,6,6,0,0.58194333
INC0017963,1,3,0,0.13678053
INC0017963,2,3,0,0.24862461
INC0017963,3,3,0,0.10678234
INC0017986,1,1,0,0.08240428
INC0017997,1,10,0,0.29362494
INC0017997,2,10,0,0.25607154
INC0017997,3,10,0,0.24235891
INC0017997,4,10,0,0.20792171
INC0017997,5,10,0,0.20799923
INC0017997,6,10,0,0.22523023
INC0017997,7,10,0,0.20775568
INC0017997,8,10,0,0.2048042
INC0018017,1,4,0,0.410059
INC0018017,2,4,0,0.32452977
INC0018017,3,4,0,0.42481902
INC0018017,4,4,0,0.43873465
INC0018020,1,2,0,0.22294995
INC0018020,2,2,0,0.23755041
INC0018033,1,1,0,0.09674875
INC0018034,1,4,0,0.21475331
INC0018034,2,4,0,0.19893293
INC0018034,3,4,0,0.20892532
INC0018034,4,4,0,0.19997373
INC0018051,1,3,0,0.24472277
INC0018051,2,3,0,0.15821682
INC0018051,3,3,0,0.1368065
INC0018052,1,8,1,0.39196587
INC0018052,2,8,1,0.2090353
INC0018052,3,8,1,0.31864095
INC0018052,4,8,1,0.33014894
INC0018052,5,8,1,0.5683225
INC0018052,6,8,1,0.99749655
INC0018052,7,8,1,0.99779403
INC0018052,8,8,1,0.9980988
INC0018054,1,1,1,0.6861654
INC0018072,1,2,0,0.03267173
INC0018072,2,2,0,0.07839868
INC0018094,1,2,0,0.22735213
INC0018094,2,2,0,0.20891868
INC0018096,1,6,1,0.71658695
INC0018096,2,6,1,0.8369129
INC0018096,3,6,1,0.79678583
INC0018096,4,6,1,0.8238115
INC0018096,5,6,1,0.8819346
INC0018096,6,6,1,0.9985605
INC0018119,1,1,0,0.10600974
INC0018124,1,2,0,0.25180215
INC0018124,2,2,0,0.22262548
INC0018173,1,1,0,0.11378903
INC0018180,1,9,0,0.28483465
INC0018180,2,9,0,0.215193
INC0018180,3,9,0,0.26926473
INC0018180,4,9,0,0.27729183
INC0018180,5,9,0,0.3696126
INC0018180,6,9,0,0.4714833
INC0018180,7,9,0,0.5186411
INC0018180,8,9,0,0.5096152
INC0018183,1,5,0,0.3300472
INC0018183,2,5,0,0.23194058
INC0018183,3,5,0,0.29435372
INC0018183,4,5,0,0.2792411
INC0018183,5,5,0,0.43162847
INC0018193,1,2,0,0.29415706
INC0018193,2,2,0,0.26303568
INC0018201,1,1,0,0.0688102
INC0018220,1,3,0,0.26727396
INC0018220,2,3,0,0.23841405
INC0018220,3,3,0,0.3902937
INC0018227,1,1,0,0.047765415
INC0018238,1,5,1,0.62964624
INC0018238,2,5,1,0.5809334
INC0018238,3,5,1,0.59161973
INC0018238,4,5,1,0.9983248
INC0018238,5,5,1,0.9978403
INC0018239,1,2,0,0.2651065
INC0018239,2,2,0,0.22976732
INC0018243,1,2,0,0.2852133
INC0018243,2,2,0,0.29383713
INC0018246,1,1,0,0.044909313
INC0018273,1,2,0,0.030986402
INC0018273,2,2,0,0.046983406
INC0018310,1,1,0,0.53445685
INC0018314,1,8,0,0.17656769
INC0018314,2,8,0,0.19447099
INC0018314,3,8,0,0.20317832
INC0018314,4,8,0,0.21599215
INC0018314,5,8,0,0.21624269
INC0018314,6,8,0,0.20375876
INC0018314,7,8,0,0.28158617
INC0018314,8,8,0,0.42081863
INC0018329,1,1,0,0.04179282
INC0018337,1,5,1,0.25052488
INC0018337,2,5,1,0.2205812
INC0018337,3,5,1,0.35563225
INC0018337,4,5,1,0.4873317
INC0018337,5,5,1,0.99563795
INC0018355,1,1,0,0.055891115
INC0018360,1,2,0,0.29876575
INC0018360,2,2,0,0.34263742
INC0018363,1,1,0,0.10215305
INC0018371,1,1,1,0.658274
INC0018381,1,4,1,0.381633
INC0018381,2,4,1,0.40522593
INC0018381,3,4,1,0.37881127
INC0018381,4,4,1,0.99773693
INC0018399,1,1,0,0.16788942
INC0018400,1,4,0,0.22460815
INC0018400,2,4,0,0.20738354
INC0018400,3,4,0,0.22142299
INC0018400,4,4,0,0.22149992
INC0018416,1,1,0,0.025776258
INC0018420,1,1,0,0.07264923
INC0018424,1,1,0,0.01253103
INC0018426,1,2,0,0.21481271
INC0018426,2,2,0,0.22406182
INC0018429,1,1,0,0.08315073
INC0018434,1,4,0,0.105339125
INC0018434,2,4,0,0.14246714
INC0018434,3,4,0,0.14011377
INC0018434,4,4,0,0.1922763
INC0018439,1,2,0,0.06861431
INC0018439,2,2,0,0.083146185
INC0018443,1,3,0,0.24501033
INC0018443,2,3,0,0.16585167
INC0018443,3,3,0,0.29164538
INC0018450,1,6,1,0.12936266
INC0018450,2,6,1,0.10042915
INC0018450,3,6,1,0.9719667
INC0018450,4,6,1,0.9691683
INC0018450,5,6,1,0.97080123
INC0018450,6,6,1,0.99554414
INC0018465,1,1,0,0.01754041
INC0018473,1,1,0,0.018266793
INC0018488,1,2,0,0.21456036
INC0018488,2,2,0,0.07625638
INC0018496,1,9,0,0.19637537
INC0018496,2,9,0,0.18575466
INC0018496,3,9,0,0.28695586
INC0018496,4,9,0,0.2763193
INC0018496,5,9,0,0.2164516
INC0018496,6,9,0,0.2133277
INC0018496,7,9,0,0.29537547
INC0018496,8,9,0,0.46941093
INC0018508,1,7,0,0.18506388
INC0018508,2,7,0,0.17568783
INC0018508,3,7,0,0.13011993
INC0018508,4,7,0,0.13399504
INC0018508,5,7,0,0.10845143
INC0018508,6,7,0,0.18366638
INC0018508,7,7,0,0.23714559
INC0018511,1,2,0,0.092103094
INC0018511,2,2,0,0.10495984
INC0018515,1,1,0,0.09921632
INC0018516,1,1,0,0.08554407
INC0018523,1,1,0,0.081827074
INC0018525,1,1,0,0.03750423
INC0018530,1,1,0,0.02221892
INC0018551,1,3,0,0.07953177
INC0018551,2,3,0,0.23597714
INC0018551,3,3,0,0.31646162
INC0018554,1,3,1,0.4336917
INC0018554,2,3,1,0.99215066
INC0018554,3,3,1,0.99815744
INC0018578,1,1,0,0.04044849
INC0018582,1,5,0,0.11513498
INC0018582,2,5,0,0.16258118
INC0018582,3,5,0,0.1487221
INC0018582,4,5,0,0.32354498
INC0018582,5,5,0,0.29287925
INC0018585,1,7,0,0.023416094
INC0018585,2,7,0,0.019002507
INC0018585,3,7,0,0.018194309
INC0018585,4,7,0,0.021946605
INC0018585,5,7,0,0.022113057
INC0018585,6,7,0,0.056100193
INC0018585,7,7,0,0.054388665
INC0018591,1,1,0,0.067725115
INC0018610,1,4,1,0.1961617
INC0018610,2,4,1,0.20601855
INC0018610,3,4,1,0.17406327
INC0018610,4,4,1,0.24465668
INC0018643,1,3,1,0.107408375
INC0018643,2,3,1,0.2848498
INC0018643,3,3,1,0.99772686
INC0018655,1,1,0,0.03899998
INC0018666,1,1,0,0.10468228
INC0018669,1,1,0,0.10415057
INC0018679,1,2,0,0.12662388
INC0018679,2,2,0,0.13359717
INC0018703,1,1,0,0.060785513
INC0018712,1,1,0,0.14104223
INC0018715,1,10,1,0.11415761
INC0018715,2,10,1,0.1177294
INC0018715,3,10,1,0.15199147
INC0018715,4,10,1,0.19783275
INC0018715,5,10,1,0.19851002
INC0018715,6,10,1,0.18258785
INC0018715,7,10,1,0.17340262
INC0018715,8,10,1,0.17172064
INC0018739,1,11,1,0.21378765
INC0018739,2,11,1,0.2061785
INC0018739,3,11,1,0.25208282
INC0018739,4,11,1,0.2619997
INC0018739,5,11,1,0.32780612
INC0018739,6,11,1,0.33073035
INC0018739,7,11,1,0.40945944
INC0018739,8,11,1,0.9738385
INC0018779,1,6,0,0.29013795
INC0018779,2,6,0,0.2520131
INC0018779,3,6,0,0.19903147
INC0018779,4,6,0,0.19562227
INC0018779,5,6,0,0.4739108
INC0018779,6,6,0,0.3389502
INC0018826,1,1,0,0.051935572
INC0018831,1,1,0,0.062093474
INC0018837,1,1,0,0.2497762
INC0018845,1,1,0,0.12823212
INC0018855,1,6,0,0.23188706
INC0018855,2,6,0,0.19805071
INC0018855,3,6,0,0.17397866
INC0018855,4,6,0,0.24401653
INC0018855,5,6,0,0.16322982
INC0018855,6,6,0,0.25727725
INC0018865,1,1,0,0.1632674
INC0018921,1,1,0,0.033292297
INC0018942,1,1,0,0.07495397
INC0018955,1,9,0,0.032156862
INC0018955,2,9,0,0.025765693
INC0018955,3,9,0,0.029828902
INC0018955,4,9,0,0.039606486
INC0018955,5,9,0,0.039196093
INC0018955,6,9,0,0.036364097
INC0018955,7,9,0,0.031781785
INC0018955,8,9,0,0.039819892
INC0018971,1,2,0,0.092255525
INC0018971,2,2,0,0.1660663
INC0018973,1,1,0,0.26006344
INC0018977,1,1,0,0.026506796
INC0018984,1,1,0,0.1316659
INC0018989,1,2,0,0.27410263
INC0018989,2,2,0,0.18765256
INC0019000,1,3,0,0.106560975
INC0019000,2,3,0,0.08495661
INC0019000,3,3,0,0.078381576
INC0019009,1,8,1,0.15328762
INC0019009,2,8,1,0.16295741
INC0019009,3,8,1,0.4159217
INC0019009,4,8,1,0.30100492
INC0019009,5,8,1,0.22503804
INC0019009,6,8,1,0.3619254
INC0019009,7,8,1,0.8569612
INC0019009,8,8,1,0.85837555
INC0019010,1,4,0,0.10598876
INC0019010,2,4,0,0.2279851
INC0019010,3,4,0,0.26546812
INC0019010,4,4,0,0.22685274
INC0019014,1,3,0,0.043466255
INC0019014,2,3,0,0.38138133
INC0019014,3,3,0,0.40187714
INC0019020,1,10,0,0.033408258
INC0019020,2,10,0,0.024683071
INC0019020,3,10,0,0.02315429
INC0019020,4,10,0,0.024175378
INC0019020,5,10,0,0.023011087
INC0019020,6,10,0,0.028916363
INC0019020,7,10,0,0.032933757
INC0019020,8,10,0,0.029945007
INC0019056,1,3,0,0.14438987
INC0019056,2,3,0,0.11890472
INC0019056,3,3,0,0.15599291
INC0019057,1,3,0,0.15306154
INC0019057,2,3,0,0.082826495
INC0019057,3,3,0,0.06444993
INC0019059,1,1,0,0.09360062
INC0019061,1,1,0,0.07044026
INC0019086,1,5,1,0.28846684
INC0019086,2,5,1,0.21291995
INC0019086,3,5,1,0.22146171
INC0019086,4,5,1,0.99889404
INC0019086,5,5,1,0.99849975
INC0019089,1,7,1,0.23713723
INC0019089,2,7,1,0.22764045
INC0019089,3,7,1,0.20000064
INC0019089,4,7,1,0.28327942
INC0019089,5,7,1,0.2714085
INC0019089,6,7,1,0.2768395
INC0019089,7,7,1,0.94290406
INC0019090,1,3,0,0.050875124
INC0019090,2,3,0,0.13200675
INC0019090,3,3,0,0.1328945
INC0019108,1,5,0,0.55830806
INC0019108,2,5,0,0.52010596
INC0019108,3,5,0,0.59739906
INC0019108,4,5,0,0.6608132
INC0019108,5,5,0,0.6701652
INC0019110,1,3,0,0.23778425
INC0019110,2,3,0,0.66345966
INC0019110,3,3,0,0.1857155
INC0019113,1,1,0,0.082278766
INC0019128,1,8,0,0.26759386
INC0019128,2,8,0,0.21587913
INC0019128,3,8,0,0.27112848
INC0019128,4,8,0,0.2738791
INC0019128,5,8,0,0.27074942
INC0019128,6,8,0,0.21997325
INC0019128,7,8,0,0.21574107
INC0019128,8,8,0,0.22567557
INC0019168,1,1,0,0.04904801
INC0019172,1,6,0,0.24416485
INC0019172,2,6,0,0.17955478
INC0019172,3,6,0,0.2197375
INC0019172,4,6,0,0.2560881
INC0019172,5,6,0,0.25379595
INC0019172,6,6,0,0.25737822
INC0019173,1,3,0,0.48183087
INC0019173,2,3,0,0.11554601
INC0019173,3,3,0,0.073959135
INC0019208,1,1,0,0.12581255
INC0019222,1,2,0,0.16904503
INC0019222,2,2,0,0.15493166
INC0019225,1,6,0,0.30242455
INC0019225,2,6,0,0.3726618
INC0019225,3,6,0,0.26240396
INC0019225,4,6,0,0.28162876
INC0019225,5,6,0,0.2562528
INC0019225,6,6,0,0.25653476
INC0019227,1,1,0,0.020307848
INC0019228,1,1,0,0.11103025
INC0019263,1,9,1,0.36343282
INC0019263,2,9,1,0.9104738
INC0019263,3,9,1,0.96941817
INC0019263,4,9,1,0.9688271
INC0019263,5,9,1,0.9414718
INC0019263,6,9,1,0.97176987
INC0019263,7,9,1,0.9988495
INC0019263,8,9,1,0.9988625
INC0019264,1,2,1,0.08478266
INC0019264,2,2,1,0.27223954
INC0019271,1,3,0,0.27390814
INC0019271,2,3,0,0.27863222
INC0019271,3,3,0,0.29172653
INC0019278,1,2,0,0.10987784
INC0019278,2,2,0,0.10388802
INC0019295,1,7,0,0.180723
INC0019295,2,7,0,0.10816803
INC0019295,3,7,0,0.10127344
INC0019295,4,7,0,0.10223709
INC0019295,5,7,0,0.079101376
INC0019295,6,7,0,0.121895775
INC0019295,7,7,0,0.3442625
INC0019300,1,1,0,0.062170856
INC0019308,1,3,0,0.5770446
INC0019308,2,3,0,0.8532453
INC0019308,3,3,0,0.998548
INC0019323,1,1,0,0.016344236
INC0019325,1,14,1,0.7528944
INC0019325,2,14,1,0.73337084
INC0019325,3,14,1,0.903353
INC0019325,4,14,1,0.90089333
INC0019325,5,14,1,0.9974718
INC0019325,6,14,1,0.99800795
INC0019325,7,14,1,0.99884087
INC0019325,8,14,1,0.998454
INC0019345,1,3,0,0.14125182
INC0019345,2,3,0,0.17569268
INC0019345,3,3,0,0.1534476
INC0019348,1,5,0,0.25091687
INC0019348,2,5,0,0.18638164
INC0019348,3,5,0,0.22327681
INC0019348,4,5,0,0.14198795
INC0019348,5,5,0,0.14589563
INC0019349,1,1,0,0.04941051
INC0019355,1,3,0,0.25510424
INC0019355,2,3,0,0.1898711
INC0019355,3,3,0,0.18780051
INC0019357,1,4,0,0.40186784
INC0019357,2,4,0,0.32019892
INC0019357,3,4,0,0.3606196
INC0019357,4,4,0,0.53876245
INC0019371,1,3,0,0.22939098
INC0019371,2,3,0,0.378524
INC0019371,3,3,0,0.37362516
INC0019380,1,10,0,0.29372227
INC0019380,2,10,0,0.24558581
INC0019380,3,10,0,0.242662
INC0019380,4,10,0,0.2510464
INC0019380,5,10,0,0.2112524
INC0019380,6,10,0,0.21946566
INC0019380,7,10,0,0.31504086
INC0019380,8,10,0,0.3437227
INC0019389,1,1,0,0.084295094
INC0019394,1,1,0,0.17392668
INC0019401,1,3,0,0.2835219
INC0019401,2,3,0,0.28159156
INC0019401,3,3,0,0.29350528
INC0019419,1,1,0,0.020465272
INC0019439,1,3,0,0.16138145
INC0019439,2,3,0,0.13090414
INC0019439,3,3,0,0.10364818
INC0019441,1,1,0,0.053078815
INC0019456,1,1,0,0.04354165
INC0019459,1,3,0,0.106012754
INC0019459,2,3,0,0.114319555
INC0019459,3,3,0,0.12905781
INC0019479,1,3,0,0.14725798
INC0019479,2,3,0,0.10475595
INC0019479,3,3,0,0.20465797
INC0019484,1,1,0,0.025782906
INC0019485,1,1,0,0.09182386
INC0019489,1,7,0,0.12750168
INC0019489,2,7,0,0.10289697
INC0019489,3,7,0,0.10946785
INC0019489,4,7,0,0.122195035
INC0019489,5,7,0,0.13435814
INC0019489,6,7,0,0.35926417
INC0019489,7,7,0,0.4269906
INC0019490,1,3,0,0.08822964
INC0019490,2,3,0,0.07687775
INC0019490,3,3,0,0.06764053
INC0019495,1,4,0,0.08029295
INC0019495,2,4,0,0.1022317
INC0019495,3,4,0,0.39129797
INC0019495,4,4,0,0.33807117
INC0019556,1,2,0,0.15517949
INC0019556,2,2,0,0.12932798
INC0019564,1,1,0,0.04628106
INC0019573,1,6,0,0.14355196
INC0019573,2,6,0,0.11984875
INC0019573,3,6,0,0.17053778
INC0019573,4,6,0,0.17068046
INC0019573,5,6,0,0.17068046
INC0019573,6,6,0,0.15661792
INC0019575,1,2,0,0.10952241
INC0019575,2,2,0,0.059450254
INC0019581,1,3,0,0.03507639
INC0019581,2,3,0,0.04766458
INC0019581,3,3,0,0.04901639
INC0019586,1,3,0,0.13963105
INC0019586,2,3,0,0.11648717
INC0019586,3,3,0,0.074890204
INC0019598,1,1,0,0.71913046
INC0019613,1,1,0,0.14884415
INC0019622,1,1,0,0.039098565
INC0019623,1,2,0,0.009865848
INC0019623,2,2,0,0.021709751
INC0019638,1,3,0,0.15165919
INC0019638,2,3,0,0.105651475
INC0019638,3,3,0,0.06578274
INC0019655,1,2,0,0.07091522
INC0019655,2,2,0,0.093200706
INC0019676,1,1,0,0.081491716
INC0019695,1,3,0,0.14239873
INC0019695,2,3,0,0.13214265
INC0019695,3,3,0,0.2213908
INC0019699,1,13,0,0.16315071
INC0019699,2,13,0,0.17663161
INC0019699,3,13,0,0.16413522
INC0019699,4,13,0,0.13511789
INC0019699,5,13,0,0.20985787
INC0019699,6,13,0,0.2988959
INC0019699,7,13,0,0.2893259
INC0019699,8,13,0,0.34488118
INC0019709,1,1,0,0.030345388
INC0019710,1,1,0,0.030757101
INC0019726,1,2,0,0.037521187
INC0019726,2,2,0,0.09143036
INC0019738,1,1,0,0.033698943
INC0019796,1,1,0,0.082595974
INC0019817,1,3,1,0.44904125
INC0019817,2,3,1,0.99441767
INC0019817,3,3,1,0.9931137
INC0019829,1,2,0,0.2643573
INC0019829,2,2,0,0.15530439
INC0019854,1,2,0,0.1899452
INC0019854,2,2,0,0.30551526
INC0019867,1,2,0,0.10411263
INC0019867,2,2,0,0.0868974
INC0019875,1,1,0,0.014381091
INC0019878,1,1,0,0.04808136
INC0019887,1,20,1,0.19083554
INC0019887,2,20,1,0.1681182
INC0019887,3,20,1,0.16407976
INC0019887,4,20,1,0.22270896
INC0019887,5,20,1,0.2101414
INC0019887,6,20,1,0.22252518
INC0019887,7,20,1,0.208675
INC0019887,8,20,1,0.9974572
INC0019892,1,6,1,0.15435801
INC0019892,2,6,1,0.99374044
INC0019892,3,6,1,0.99584156
INC0019892,4,6,1,0.99599826
INC0019892,5,6,1,0.9956215
INC0019892,6,6,1,0.9957288
INC0019893,1,1,0,0.027311765
INC0019900,1,4,0,0.16708866
INC0019900,2,4,0,0.17174181
INC0019900,3,4,0,0.15845855
INC0019900,4,4,0,0.14406137
INC0019940,1,1,0,0.14826496
INC0019950,1,12,1,0.24395275
INC0019950,2,12,1,0.258046
INC0019950,3,12,1,0.23863722
INC0019950,4,12,1,0.33299643
INC0019950,5,12,1,0.41721636
INC0019950,6,12,1,0.520562
INC0019950,7,12,1,0.5040839
INC0019950,8,12,1,0.49036756
INC0019970,1,3,0,0.029952882
INC0019970,2,3,0,0.07338205
INC0019970,3,3,0,0.086026646
INC0019991,1,1,0,0.087383695
INC0020000,1,1,0,0.07163078
INC0020012,1,6,0,0.20586911
INC0020012,2,6,0,0.1746522
INC0020012,3,6,0,0.20351392
INC0020012,4,6,0,0.22160506
INC0020012,5,6,0,0.21269296
INC0020012,6,6,0,0.17889485
INC0020016,1,2,0,0.009311394
INC0020016,2,2,0,0.013121278
INC0020033,1,1,0,0.027041424
INC0020052,1,11,1,0.41490254
INC0020052,2,11,1,0.36404243
INC0020052,3,11,1,0.4469874
INC0020052,4,11,1,0.4514131
INC0020052,5,11,1,0.53331023
INC0020052,6,11,1,0.5434735
INC0020052,7,11,1,0.40951043
INC0020052,8,11,1,0.40245768
INC0020056,1,1,0,0.047679514
INC0020061,1,1,0,0.09722067
INC0020104,1,1,0,0.12092817
INC0020117,1,6,1,0.029963234
INC0020117,2,6,1,0.1412613
INC0020117,3,6,1,0.47104985
INC0020117,4,6,1,0.22045894
INC0020117,5,6,1,0.27504915
INC0020117,6,6,1,0.3213315
INC0020128,1,4,0,0.36654633
INC0020128,2,4,0,0.3733841
INC0020128,3,4,0,0.43263346
INC0020128,4,4,0,0.48648077
INC0020130,1,1,0,0.0929156
INC0020146,1,1,0,0.046804957
INC0020150,1,4,0,0.14620675
INC0020150,2,4,0,0.22561316
INC0020150,3,4,0,0.2978957
INC0020150,4,4,0,0.45255578
INC0020153,1,1,0,0.063167535
INC0020160,1,16,1,0.2225749
INC0020160,2,16,1,0.19868332
INC0020160,3,16,1,0.19597736
INC0020160,4,16,1,0.20571741
INC0020160,5,16,1,0.2434199
INC0020160,6,16,1,0.19382049
INC0020160,7,16,1,0.2626618
INC0020160,8,16,1,0.4269806
INC0020170,1,1,0,0.08561802
INC0020184,1,1,0,0.07362005
INC0020187,1,2,0,0.10129269
INC0020187,2,2,0,0.11135655
INC0020199,1,8,0,0.13913466
INC0020199,2,8,0,0.29831806
INC0020199,3,8,0,0.26170895
INC0020199,4,8,0,0.25027943
INC0020199,5,8,0,0.15725583
INC0020199,6,8,0,0.21689543
INC0020199,7,8,0,0.3548074
INC0020199,8,8,0,0.4643394
INC0020217,1,1,0,0.20663269
INC0020220,1,4,0,0.33124262
INC0020220,2,4,0,0.32761934
INC0020220,3,4,0,0.26528516
INC0020220,4,4,0,0.4400416
INC0020232,1,1,0,0.061317287
INC0020234,1,1,0,0.025201188
INC0020237,1,5,0,0.2841026
INC0020237,2,5,0,0.31874743
INC0020237,3,5,0,0.25162163
INC0020237,4,5,0,0.39020994
INC0020237,5,5,0,0.38872454
INC0020243,1,1,0,0.10285259
INC0020251,1,1,0,0.08623205
INC0020272,1,1,0,0.07526098
INC0020277,1,1,0,0.0735826
INC0020287,1,1,0,0.07826679
INC0020292,1,1,0,0.07340511
INC0020300,1,5,1,0.09691138
INC0020300,2,5,1,0.22504452
INC0020300,3,5,1,0.2731901
INC0020300,4,5,1,0.25022903
INC0020300,5,5,1,0.3353769
INC0020319,1,5,0,0.3363835
INC0020319,2,5,0,0.3667589
INC0020319,3,5,0,0.3667589
INC0020319,4,5,0,0.38284448
INC0020319,5,5,0,0.33982468
INC0020348,1,1,0,0.10263272
INC0020353,1,15,1,0.20468839
INC0020353,2,15,1,0.22777914
INC0020353,3,15,1,0.21289712
INC0020353,4,15,1,0.32519403
INC0020353,5,15,1,0.5684706
INC0020353,6,15,1,0.9987668
INC0020353,7,15,1,0.99900573
INC0020353,8,15,1,0.99868864
INC0020371,1,6,0,0.3764558
INC0020371,2,6,0,0.244047
INC0020371,3,6,0,0.35219923
INC0020371,4,6,0,0.29941565
INC0020371,5,6,0,0.3018516
INC0020371,6,6,0,0.20343755
INC0020399,1,1,0,0.11630816
INC0020408,1,6,0,0.13223855
INC0020408,2,6,0,0.2729485
INC0020408,3,6,0,0.29469886
INC0020408,4,6,0,0.26888505
INC0020408,5,6,0,0.23604445
INC0020408,6,6,0,0.21181133
INC0020417,1,1,0,0.15307309
INC0020419,1,1,0,0.15496267
INC0020442,1,3,0,0.50519264
INC0020442,2,3,0,0.4797266
INC0020442,3,3,0,0.4640609
INC0020459,1,5,1,0.42309618
INC0020459,2,5,1,0.3745915
INC0020459,3,5,1,0.32176957
INC0020459,4,5,1,0.9581604
INC0020459,5,5,1,0.98788273
INC0020467,1,5,0,0.14839685
INC0020467,2,5,0,0.21663783
INC0020467,3,5,0,0.19590014
INC0020467,4,5,0,0.18509808
INC0020467,5,5,0,0.2821636
INC0020472,1,6,0,0.37379363
INC0020472,2,6,0,0.20107119
INC0020472,3,6,0,0.20099561
INC0020472,4,6,0,0.18714488
INC0020472,5,6,0,0.17307115
INC0020472,6,6,0,0.17162943
INC0020504,1,4,0,0.5426057
INC0020504,2,4,0,0.4424671
INC0020504,3,4,0,0.15477397
INC0020504,4,4,0,0.15226302
INC0020509,1,3,1,0.84209585
INC0020509,2,3,1,0.65172905
INC0020509,3,3,1,0.8351848
INC0020537,1,2,0,0.26567382
INC0020537,2,2,0,0.22601375
INC0020547,1,1,0,0.07862666
INC0020581,1,8,0,0.23419526
INC0020581,2,8,0,0.22083834
INC0020581,3,8,0,0.20651698
INC0020581,4,8,0,0.25335848
INC0020581,5,8,0,0.2103977
INC0020581,6,8,0,0.19266824
INC0020581,7,8,0,0.18495609
INC0020581,8,8,0,0.15627502
INC0020584,1,1,0,0.16790414
INC0020613,1,3,0,0.3425199
INC0020613,2,3,0,0.29761526
INC0020613,3,3,0,0.16656722
INC0020620,1,3,1,0.33861634
INC0020620,2,3,1,0.26519704
INC0020620,3,3,1,0.44257402
INC0020642,1,1,0,0.12549543
INC0020647,1,1,0,0.12532258
INC0020654,1,9,1,0.32748893
INC0020654,2,9,1,0.22988826
INC0020654,3,9,1,0.51613295
INC0020654,4,9,1,0.51767033
INC0020654,5,9,1,0.58561367
INC0020654,6,9,1,0.99909174
INC0020654,7,9,1,0.998248
INC0020654,8,9,1,0.99835867
INC0020658,1,13,1,0.12821169
INC0020658,2,13,1,0.98359805
INC0020658,3,13,1,0.9838689
INC0020658,4,13,1,0.98999524
INC0020658,5,13,1,0.99047285
INC0020658,6,13,1,0.9907526
INC0020658,7,13,1,0.98747766
INC0020658,8,13,1,0.9875514
INC0020688,1,4,1,0.40936214
INC0020688,2,4,1,0.48021528
INC0020688,3,4,1,0.5500003
INC0020688,4,4,1,0.957837
INC0020693,1,2,0,0.28512698
INC0020693,2,2,0,0.18521893
INC0020724,1,3,0,0.48392218
INC0020724,2,3,0,0.42641014
INC0020724,3,3,0,0.3792709
INC0020730,1,1,0,0.1900149
INC0020736,1,19,1,0.13382101
INC0020736,2,19,1,0.17927556
INC0020736,3,19,1,0.1637758
INC0020736,4,19,1,0.12890053
INC0020736,5,19,1,0.13020706
INC0020736,6,19,1,0.31478658
INC0020736,7,19,1,0.43815133
INC0020736,8,19,1,0.99063104
INC0020761,1,2,1,0.21362074
INC0020761,2,2,1,0.783854
INC0020793,1,1,0,0.047013275
INC0020809,1,1,0,0.08375521
INC0020814,1,1,0,0.006587843
INC0020846,1,1,1,0.48378402
INC0020856,1,5,0,0.17293549
INC0020856,2,5,0,0.1318423
INC0020856,3,5,0,0.15794398
INC0020856,4,5,0,0.15660441
INC0020856,5,5,0,0.22752662
INC0020870,1,3,0,0.2313068
INC0020870,2,3,0,0.19489521
INC0020870,3,3,0,0.19172177
INC0020874,1,1,0,0.01830964
INC0020902,1,4,0,0.48895347
INC0020902,2,4,0,0.44151637
INC0020902,3,4,0,0.49864814
INC0020902,4,4,0,0.5797746
INC0020946,1,2,0,0.29886326
INC0020946,2,2,0,0.16123714
INC0020972,1,1,0,0.03900843
INC0020980,1,1,0,0.23916443
INC0020987,1,6,1,0.18312432
INC0020987,2,6,1,0.2997381
INC0020987,3,6,1,0.19799255
INC0020987,4,6,1,0.31004417
INC0020987,5,6,1,0.50704885
INC0020987,6,6,1,0.98145837
INC0020988,1,1,1,0.31479144
INC0021040,1,5,0,0.31046867
INC0021040,2,5,0,0.31845415
INC0021040,3,5,0,0.36188698
INC0021040,4,5,0,0.33771396
INC0021040,5,5,0,0.33020502
INC0021045,1,1,0,0.066029266
INC0021055,1,2,1,0.6083541
INC0021055,2,2,1,0.9981263
INC0021070,1,1,1,0.21414322
INC0021087,1,1,0,0.18796235
INC0021097,1,3,0,0.4044604
INC0021097,2,3,0,0.36702245
INC0021097,3,3,0,0.3484338
INC0021152,1,1,0,0.08221321
INC0021155,1,12,1,0.24278589
INC0021155,2,12,1,0.2712489
INC0021155,3,12,1,0.27564764
INC0021155,4,12,1,0.25842693
INC0021155,5,12,1,0.32857406
INC0021155,6,12,1,0.54885465
INC0021155,7,12,1,0.29024577
INC0021155,8,12,1,0.90484977
INC0021158,1,3,0,0.2833481
INC0021158,2,3,0,0.20129731
INC0021158,3,3,0,0.21496561
INC0021170,1,2,0,0.31281245
INC0021170,2,2,0,0.54980385
INC0021182,1,1,0,0.41301838
INC0021186,1,2,0,0.083300516
INC0021186,2,2,0,0.21808182
INC0021196,1,1,0,0.09575948
INC0021197,1,1,0,0.10846763
INC0021199,1,3,1,0.86088216
INC0021199,2,3,1,0.8601736
INC0021199,3,3,1,0.84124845
INC0021215,1,2,1,0.4976361
INC0021215,2,2,1,0.25724602
INC0021226,1,1,0,0.078649774
INC0021231,1,3,0,0.25713688
INC0021231,2,3,0,0.2663818
INC0021231,3,3,0,0.2504216
INC0021244,1,6,1,0.14641972
INC0021244,2,6,1,0.14269578
INC0021244,3,6,1,0.1105139
INC0021244,4,6,1,0.15026951
INC0021244,5,6,1,0.9774032
INC0021244,6,6,1,0.9977488
INC0021253,1,3,0,0.023443561
INC0021253,2,3,0,0.03865433
INC0021253,3,3,0,0.03083082
INC0021273,1,1,0,0.25735337
INC0021277,1,3,0,0.20665371
INC0021277,2,3,0,0.17943637
INC0021277,3,3,0,0.23174979
INC0021279,1,2,0,0.3332809
INC0021279,2,2,0,0.26694822
INC0021282,1,7,0,0.13900961
INC0021282,2,7,0,0.22210822
INC0021282,3,7,0,0.18181723
INC0021282,4,7,0,0.18047966
INC0021282,5,7,0,0.18041009
INC0021282,6,7,0,0.2606693
INC0021282,7,7,0,0.24954076
INC0021291,1,5,0,0.1992231
INC0021291,2,5,0,0.20348026
INC0021291,3,5,0,0.22154944
INC0021291,4,5,0,0.17803113
INC0021291,5,5,0,0.21161658
INC0021296,1,1,0,0.10471652
INC0021303,1,1,0,0.12952852
INC0021322,1,4,0,0.30874366
INC0021322,2,4,0,0.2553812
INC0021322,3,4,0,0.2576269
INC0021322,4,4,0,0.29196593
INC0021336,1,1,0,0.10572162
INC0021337,1,1,0,0.10314428
INC0021342,1,1,0,0.09481477
INC0021348,1,1,0,0.09217744
INC0021351,1,1,0,0.10694033
INC0021359,1,2,1,0.98010343
INC0021359,2,2,1,0.9876765
INC0021368,1,11,1,0.36706364
INC0021368,2,11,1,0.33816394
INC0021368,3,11,1,0.31411552
INC0021368,4,11,1,0.30325875
INC0021368,5,11,1,0.9749977
INC0021368,6,11,1,0.97675896
INC0021368,7,11,1,0.9977254
INC0021368,8,11,1,0.99808156
INC0021384,1,4,1,0.97223747
INC0021384,2,4,1,0.9861617
INC0021384,3,4,1,0.97982943
INC0021384,4,4,1,0.9807294
INC0021393,1,4,1,0.9696398
INC0021393,2,4,1,0.9861617
INC0021393,3,4,1,0.97982943
INC0021393,4,4,1,0.9821717
INC0021397,1,4,1,0.9676097
INC0021397,2,4,1,0.9861617
INC0021397,3,4,1,0.97982943
INC0021397,4,4,1,0.9801137
INC0021432,1,2,0,0.18957432
INC0021432,2,2,0,0.10131729
INC0021449,1,1,0,0.13404922
INC0021470,1,6,1,0.39358097
INC0021470,2,6,1,0.3423426
INC0021470,3,6,1,0.43117306
INC0021470,4,6,1,0.41058692
INC0021470,5,6,1,0.3521126
INC0021470,6,6,1,0.96493375
INC0021471,1,13,1,0.28128773
INC0021471,2,13,1,0.28219512
INC0021471,3,13,1,0.44163844
INC0021471,4,13,1,0.37045515
INC0021471,5,13,1,0.34495956
INC0021471,6,13,1,0.32047293
INC0021471,7,13,1,0.276054
INC0021471,8,13,1,0.28247234
INC0021475,1,5,1,0.33370835
INC0021475,2,5,1,0.4115009
INC0021475,3,5,1,0.99852484
INC0021475,4,5,1,0.99922895
INC0021475,5,5,1,0.9983909
INC0021477,1,1,0,0.58626163
INC0021489,1,2,0,0.1890959
INC0021489,2,2,0,0.09994964
INC0021492,1,1,0,0.033724967
INC0021494,1,1,0,0.24641079
INC0021505,1,1,1,0.9372208
INC0021546,1,1,0,0.06931609
INC0021563,1,1,0,0.07352335
INC0021592,1,4,0,0.10578103
INC0021592,2,4,0,0.1325911
INC0021592,3,4,0,0.1401398
INC0021592,4,4,0,0.18394232
INC0021597,1,1,0,0.028855208
INC0021621,1,6,1,0.412598
INC0021621,2,6,1,0.36133373
INC0021621,3,6,1,0.41744992
INC0021621,4,6,1,0.39288998
INC0021621,5,6,1,0.43056497
INC0021621,6,6,1,0.42430812
INC0021645,1,2,1,0.34830964
INC0021645,2,2,1,0.34052253
INC0021665,1,6,1,0.28643733
INC0021665,2,6,1,0.25250286
INC0021665,3,6,1,0.31238315
INC0021665,4,6,1,0.9208339
INC0021665,5,6,1,0.9078746
INC0021665,6,6,1,0.9162189
INC0021679,1,4,1,0.6381817
INC0021679,2,4,1,0.71522695
INC0021679,3,4,1,0.9330791
INC0021679,4,4,1,0.92240685
INC0021736,1,4,0,0.51288706
INC0021736,2,4,0,0.31319848
INC0021736,3,4,0,0.27509674
INC0021736,4,4,0,0.3199595
INC0021745,1,1,0,0.29482302
INC0021754,1,3,0,0.12846304
INC0021754,2,3,0,0.16431428
INC0021754,3,3,0,0.14845508
INC0021757,1,1,0,0.15939179
INC0021770,1,9,1,0.37486622
INC0021770,2,9,1,0.57375795
INC0021770,3,9,1,0.5953697
INC0021770,4,9,1,0.6373928
INC0021770,5,9,1,0.72431105
INC0021770,6,9,1,0.91733056
INC0021770,7,9,1,0.949504
INC0021770,8,9,1,0.96044135
INC0021771,1,2,0,0.076077975
INC0021771,2,2,0,0.10013795
INC0021776,1,3,0,0.10330129
INC0021776,2,3,0,0.123328775
INC0021776,3,3,0,0.33418494
INC0021785,1,1,0,0.020244667
INC0021787,1,7,0,0.21641932
INC0021787,2,7,0,0.17644465
INC0021787,3,7,0,0.17398381
INC0021787,4,7,0,0.2111481
INC0021787,5,7,0,0.2969531
INC0021787,6,7,0,0.5689286
INC0021787,7,7,0,0.62269896
INC0021789,1,1,0,0.018886914
INC0021795,1,1,0,0.035257455
INC0021828,1,1,0,0.24189156
INC0021878,1,3,0,0.0827626
INC0021878,2,3,0,0.081705086
INC0021878,3,3,0,0.23353742
INC0021880,1,2,0,0.09263712
INC0021880,2,2,0,0.30068833
INC0021883,1,1,0,0.018956173
INC0021884,1,4,0,0.046380706
INC0021884,2,4,0,0.08786648
INC0021884,3,4,0,0.1429577
INC0021884,4,4,0,0.11826889
INC0021916,1,3,0,0.059339557
INC0021916,2,3,0,0.08833269
INC0021916,3,3,0,0.1043636
INC0021931,1,4,0,0.052597053
INC0021931,2,4,0,0.059695546
INC0021931,3,4,0,0.06975146
INC0021931,4,4,0,0.040489394
INC0021942,1,1,0,0.039520755
INC0021943,1,2,0,0.014003442
INC0021943,2,2,0,0.013854309
INC0021948,1,1,0,0.006664359
INC0021970,1,5,1,0.9665815
INC0021970,2,5,1,0.9673062
INC0021970,3,5,1,0.9659751
INC0021970,4,5,1,0.9513138
INC0021970,5,5,1,0.9522256
INC0021989,1,1,0,0.024427595
INC0022030,1,1,0,0.02902065
INC0022060,1,1,0,0.008196286
INC0022062,1,1,0,0.028180713
INC0022063,1,1,0,0.07934763
INC0022076,1,1,0,0.032979522
INC0022101,1,1,0,0.016646545
INC0022111,1,1,0,0.04318902
INC0022123,1,1,0,0.026565125
INC0022139,1,10,0,0.07833035
INC0022139,2,10,0,0.030884465
INC0022139,3,10,0,0.030171018
INC0022139,4,10,0,0.029454187
INC0022139,5,10,0,0.03419985
INC0022139,6,10,0,0.0348745
INC0022139,7,10,0,0.034324385
INC0022139,8,10,0,0.034252983
INC0022143,1,2,0,0.0285049
INC0022143,2,2,0,0.034036238
INC0022158,1,1,0,0.018785147
INC0022160,1,1,0,0.0034511972
INC0022166,1,1,0,0.0114674615
INC0022173,1,1,0,0.02661665
INC0022179,1,2,0,0.05158338
INC0022179,2,2,0,0.034351636
INC0022184,1,1,0,0.04970473
INC0022188,1,1,0,0.0034362336
INC0022189,1,1,0,0.044960413
INC0022192,1,1,0,0.0062551955
INC0022227,1,7,0,0.024499124
INC0022227,2,7,0,0.047094617
INC0022227,3,7,0,0.04556232
INC0022227,4,7,0,0.046989255
INC0022227,5,7,0,0.05369421
INC0022227,6,7,0,0.053745467
INC0022227,7,7,0,0.05377734
INC0022228,1,2,0,0.07483922
INC0022228,2,2,0,0.052358814
INC0022260,1,1,0,0.02093273
INC0022306,1,3,0,0.081992246
INC0022306,2,3,0,0.04319982
INC0022306,3,3,0,0.044307683
INC0022320,1,1,0,0.010652676
INC0022329,1,1,0,0.033733267
INC0022333,1,1,0,0.024447234
INC0022338,1,2,0,0.046891756
INC0022338,2,2,0,0.035010904
INC0022342,1,3,0,0.04128732
INC0022342,2,3,0,0.025463633
INC0022342,3,3,0,0.02322429
INC0022349,1,3,0,0.03298013
INC0022349,2,3,0,0.028380373
INC0022349,3,3,0,0.02909657
INC0022353,1,1,0,0.03447237
INC0022357,1,3,0,0.07563803
INC0022357,2,3,0,0.038467046
INC0022357,3,3,0,0.042020928
INC0022358,1,1,0,0.034205418
INC0022378,1,1,0,0.048008192
INC0022379,1,2,0,0.06534515
INC0022379,2,2,0,0.050075922
INC0022383,1,1,0,0.061769526
INC0022388,1,1,0,0.019047767
INC0022391,1,4,0,0.052657295
INC0022391,2,4,0,0.0360649
INC0022391,3,4,0,0.031808294
INC0022391,4,4,0,0.07672938
INC0022398,1,1,0,0.021908961
INC0022399,1,4,0,0.061554927
INC0022399,2,4,0,0.18638587
INC0022399,3,4,0,0.15384187
INC0022399,4,4,0,0.14739488
INC0022412,1,1,0,0.026848752
INC0022421,1,4,0,0.06114548
INC0022421,2,4,0,0.05041587
INC0022421,3,4,0,0.055321805
INC0022421,4,4,0,0.055924967
INC0022441,1,2,0,0.03850367
INC0022441,2,2,0,0.015947355
INC0022445,1,1,0,0.017245032
INC0022447,1,2,0,0.022565298
INC0022447,2,2,0,0.039545517
INC0022448,1,1,0,0.01624883
INC0022467,1,4,0,0.12241911
INC0022467,2,4,0,0.07188907
INC0022467,3,4,0,0.069171056
INC0022467,4,4,0,0.06003296
INC0022469,1,1,0,0.057999514
INC0022484,1,1,0,0.015993329
INC0022494,1,1,0,0.010608464
INC0022499,1,2,0,0.07818065
INC0022499,2,2,0,0.057900414
INC0022528,1,1,0,0.022533322
INC0022531,1,3,0,0.04184847
INC0022531,2,3,0,0.045060106
INC0022531,3,3,0,0.035743747
INC0022536,1,8,0,0.030549617
INC0022536,2,8,0,0.03204116
INC0022536,3,8,0,0.028324815
INC0022536,4,8,0,0.028982809
INC0022536,5,8,0,0.02922049
INC0022536,6,8,0,0.028030934
INC0022536,7,8,0,0.027371848
INC0022536,8,8,0,0.026856465
INC0022543,1,5,0,0.13035145
INC0022543,2,5,0,0.09284747
INC0022543,3,5,0,0.046584632
INC0022543,4,5,0,0.07767828
INC0022543,5,5,0,0.11111848
INC0022557,1,6,0,0.027308473
INC0022557,2,6,0,0.0627174
INC0022557,3,6,0,0.06429216
INC0022557,4,6,0,0.063861534
INC0022557,5,6,0,0.05902231
INC0022557,6,6,0,0.040940702
INC0022579,1,5,1,0.7278015
INC0022579,2,5,1,0.93919647
INC0022579,3,5,1,0.76198906
INC0022579,4,5,1,0.75715333
INC0022579,5,5,1,0.7481294
INC0022580,1,5,0,0.024268594
INC0022580,2,5,0,0.02081919
INC0022580,3,5,0,0.020874837
INC0022580,4,5,0,0.020655604
INC0022580,5,5,0,0.021179449
INC0022601,1,1,0,0.04809726
INC0022603,1,1,0,0.030699909
INC0022607,1,1,0,0.023476979
INC0022616,1,3,0,0.049585156
INC0022616,2,3,0,0.031476725
INC0022616,3,3,0,0.033213966
INC0022655,1,1,0,0.024445169
INC0022656,1,4,0,0.06668861
INC0022656,2,4,0,0.05925881
INC0022656,3,4,0,0.053397957
INC0022656,4,4,0,0.059657708
INC0022689,1,1,0,0.01974387
INC0022694,1,1,0,0.008923183
INC0022700,1,1,0,0.027113851
INC0022705,1,4,0,0.04271239
INC0022705,2,4,0,0.019765873
INC0022705,3,4,0,0.019730294
INC0022705,4,4,0,0.025079135
INC0022753,1,2,0,0.015791645
INC0022753,2,2,0,0.029817645
INC0022806,1,1,0,0.015237549
INC0022813,1,6,1,0.36562425
INC0022813,2,6,1,0.31520116
INC0022813,3,6,1,0.31520116
INC0022813,4,6,1,0.31520116
INC0022813,5,6,1,0.33337164
INC0022813,6,6,1,0.9954158
INC0022814,1,2,0,0.010719229
INC0022814,2,2,0,0.030789277
INC0022816,1,2,0,0.026512278
INC0022816,2,2,0,0.042987056
INC0022817,1,1,0,0.0142928455
INC0022848,1,1,0,0.13912012
INC0022860,1,1,0,0.025178876
INC0022886,1,2,0,0.105479166
INC0022886,2,2,0,0.11299031
INC0022899,1,2,0,0.039663922
INC0022899,2,2,0,0.079213016
INC0022907,1,3,0,0.04217568
INC0022907,2,3,0,0.046145424
INC0022907,3,3,0,0.039806593
INC0022916,1,1,0,0.016301537
INC0022920,1,3,0,0.051665835
INC0022920,2,3,0,0.036804516
INC0022920,3,3,0,0.022850377
INC0022934,1,1,0,0.03129541
INC0022936,1,1,0,0.014695126
INC0022938,1,2,0,0.020922326
INC0022938,2,2,0,0.03404497
INC0022940,1,5,0,0.057358805
INC0022940,2,5,0,0.06373458
INC0022940,3,5,0,0.053976167
INC0022940,4,5,0,0.04767365
INC0022940,5,5,0,0.052303877
INC0022951,1,1,0,0.009058731
INC0022961,1,2,0,0.019347556
INC0022961,2,2,0,0.03334862
INC0022974,1,2,0,0.014935252
INC0022974,2,2,0,0.016944261
INC0023001,1,1,0,0.024289757
INC0023010,1,2,0,0.023205413
INC0023010,2,2,0,0.013928754
INC0023017,1,1,0,0.011151641
INC0023022,1,2,0,0.03625163
INC0023022,2,2,0,0.033118326
INC0023051,1,8,0,0.021675492
INC0023051,2,8,0,0.0671375
INC0023051,3,8,0,0.04255859
INC0023051,4,8,0,0.04184525
INC0023051,5,8,0,0.03961876
INC0023051,6,8,0,0.03804518
INC0023051,7,8,0,0.050569877
INC0023051,8,8,0,0.04866287
INC0023060,1,2,0,0.054147545
INC0023060,2,2,0,0.045823067
INC0023065,1,2,0,0.0541042
INC0023065,2,2,0,0.26702258
INC0023073,1,2,0,0.015589018
INC0023073,2,2,0,0.02889616
INC0023079,1,2,0,0.014079841
INC0023079,2,2,0,0.025262566
INC0023096,1,1,0,0.019563215
INC0023121,1,1,0,0.014623721
INC0023131,1,2,0,0.0314398
INC0023131,2,2,0,0.024910836
INC0023136,1,2,0,0.027776733
INC0023136,2,2,0,0.027609052
INC0023147,1,3,0,0.050707456
INC0023147,2,3,0,0.025619075
INC0023147,3,3,0,0.02692976
INC0023153,1,2,0,0.04009045
INC0023153,2,2,0,0.03839034
INC0023166,1,1,0,0.020444056
INC0023176,1,2,0,0.022835901
INC0023176,2,2,0,0.024128327
INC0023187,1,2,0,0.037967265
INC0023187,2,2,0,0.03635378
INC0023192,1,2,0,0.039744183
INC0023192,2,2,0,0.038058173
INC0023229,1,1,0,0.005408749
INC0023241,1,1,0,0.016830295
INC0023251,1,5,0,0.12271301
INC0023251,2,5,0,0.091509804
INC0023251,3,5,0,0.09603472
INC0023251,4,5,0,0.09707584
INC0023251,5,5,0,0.058263946
INC0023257,1,1,0,0.02697604
INC0023259,1,1,0,0.017420474
INC0023267,1,2,0,0.0449132
INC0023267,2,2,0,0.033070706
INC0023275,1,3,0,0.0299051
INC0023275,2,3,0,0.026656948
INC0023275,3,3,0,0.20106679
INC0023282,1,3,0,0.06180082
INC0023282,2,3,0,0.03531221
INC0023282,3,3,0,0.07404261
INC0023289,1,1,0,0.017999437
INC0023293,1,1,0,0.0036082356
INC0023325,1,1,0,0.052880708
INC0023331,1,5,0,0.03679997
INC0023331,2,5,0,0.028301733
INC0023331,3,5,0,0.026445245
INC0023331,4,5,0,0.025625449
INC0023331,5,5,0,0.03309591
INC0023341,1,1,0,0.07543224
INC0023362,1,5,0,0.03697533
INC0023362,2,5,0,0.032420922
INC0023362,3,5,0,0.03616598
INC0023362,4,5,0,0.035501774
INC0023362,5,5,0,0.5767973
INC0023424,1,3,0,0.04531465
INC0023424,2,3,0,0.5974251
INC0023424,3,3,0,0.48001897
INC0023443,1,4,0,0.11192105
INC0023443,2,4,0,0.024918584
INC0023443,3,4,0,0.1632159
INC0023443,4,4,0,0.13689274
INC0023449,1,1,0,0.0036143283
INC0023456,1,3,0,0.050108675
INC0023456,2,3,0,0.036415163
INC0023456,3,3,0,0.029347751
INC0023463,1,1,0,0.030911691
INC0023469,1,4,0,0.025491284
INC0023469,2,4,0,0.04174857
INC0023469,3,4,0,0.038007397
INC0023469,4,4,0,0.049580596
INC0023488,1,1,0,0.015032177
INC0023495,1,1,0,0.011753242
INC0023503,1,2,0,0.01447543
INC0023503,2,2,0,0.01652025
INC0023515,1,2,0,0.03394908
INC0023515,2,2,0,0.01579229
INC0023518,1,2,0,0.013960659
INC0023518,2,2,0,0.015050855
INC0023521,1,3,0,0.03792719
INC0023521,2,3,0,0.018765561
INC0023521,3,3,0,0.015456092
INC0023522,1,2,0,0.008047137
INC0023522,2,2,0,0.00696248
INC0023533,1,1,0,0.011753242
INC0023591,1,6,0,0.059942707
INC0023591,2,6,0,0.11353614
INC0023591,3,6,0,0.07269616
INC0023591,4,6,0,0.077334456
INC0023591,5,6,0,0.088112526
INC0023591,6,6,0,0.105281666
INC0023594,1,2,0,0.035950042
INC0023594,2,2,0,0.08890716
INC0023612,1,1,0,0.010119205
INC0023624,1,1,0,0.0054560057
INC0023637,1,1,0,0.020694641
INC0023643,1,1,0,0.0055036675
INC0023646,1,1,0,0.029192781
INC0023653,1,2,0,0.082269676
INC0023653,2,2,0,0.032198336
INC0023660,1,3,0,0.1733314
INC0023660,2,3,0,0.7103553
INC0023660,3,3,0,0.4528718
INC0023661,1,1,0,0.12542318
INC0023666,1,1,0,0.11255746
INC0023694,1,4,0,0.55572
INC0023694,2,4,0,0.1354332
INC0023694,3,4,0,0.265496
INC0023694,4,4,0,0.24538405
INC0023703,1,1,0,0.0787632
INC0023705,1,1,0,0.092203796
INC0023708,1,1,0,0.05287973
INC0023746,1,4,0,0.0888255
INC0023746,2,4,0,0.11902711
INC0023746,3,4,0,0.33728027
INC0023746,4,4,0,0.13312939
INC0023763,1,1,0,0.109171
INC0023773,1,1,0,0.03128483
INC0023803,1,2,0,0.09120024
INC0023803,2,2,0,0.14466734
INC0023812,1,1,0,0.11189838
INC0023823,1,1,0,0.024486817
INC0023855,1,3,0,0.25211677
INC0023855,2,3,0,0.23063718
INC0023855,3,3,0,0.32120168
INC0023868,1,2,0,0.08522618
INC0023868,2,2,0,0.039898857
INC0023915,1,3,0,0.22359313
INC0023915,2,3,0,0.27840346
INC0023915,3,3,0,0.5693522
INC0023918,1,1,0,0.31593686
INC0023927,1,1,0,0.099238865
INC0023948,1,1,0,0.06838222
INC0023952,1,1,0,0.011367307
INC0023957,1,3,0,0.18310952
INC0023957,2,3,0,0.15231112
INC0023957,3,3,0,0.24542928
INC0023982,1,2,0,0.0759082
INC0023982,2,2,0,0.08748497
INC0023989,1,2,0,0.09031304
INC0023989,2,2,0,0.17612776
INC0023993,1,2,0,0.21880192
INC0023993,2,2,0,0.16104664
INC0024002,1,1,0,0.04105514
INC0024008,1,2,0,0.043152284
INC0024008,2,2,0,0.10179333
INC0024025,1,2,0,0.07789393
INC0024025,2,2,0,0.096693836
INC0024032,1,1,0,0.01292338
INC0024040,1,1,0,0.08050734
INC0024041,1,4,0,0.12194674
INC0024041,2,4,0,0.11379489
INC0024041,3,4,0,0.14758305
INC0024041,4,4,0,0.14779992
INC0024050,1,2,0,0.2775927
INC0024050,2,2,0,0.14864951
INC0024051,1,1,0,0.053870786
INC0024062,1,2,0,0.11207302
INC0024062,2,2,0,0.043147046
INC0024078,1,1,0,0.29842722
INC0024079,1,1,0,0.18802482
INC0024086,1,2,0,0.05569751
INC0024086,2,2,0,0.03990713
INC0024147,1,1,0,0.016586885
INC0024190,1,4,0,0.37439334
INC0024190,2,4,0,0.3038793
INC0024190,3,4,0,0.31445807
INC0024190,4,4,0,0.3102202
INC0024237,1,4,0,0.08606976
INC0024237,2,4,0,0.15255342
INC0024237,3,4,0,0.13072968
INC0024237,4,4,0,0.13958906
INC0024254,1,1,0,0.01599425
INC0024262,1,2,0,0.30813882
INC0024262,2,2,0,0.22120008
INC0024277,1,1,0,0.084760115
INC0024286,1,1,0,0.08301469
INC0024299,1,1,0,0.052776072
INC0024303,1,1,0,0.03556782
INC0024331,1,1,0,0.060593426
INC0024334,1,1,0,0.06831942
INC0024340,1,2,0,0.060043506
INC0024340,2,2,0,0.043428957
INC0024342,1,1,0,0.15301932
INC0024343,1,1,0,0.17978683
INC0024346,1,1,0,0.04989631
INC0024361,1,2,0,0.074083716
INC0024361,2,2,0,0.08804545
INC0024407,1,3,0,0.18348762
INC0024407,2,3,0,0.19636087
INC0024407,3,3,0,0.21500409
INC0024423,1,1,0,0.008314147
INC0025355,1,5,0,0.5078389
INC0025355,2,5,0,0.39513266
INC0025355,3,5,0,0.4063716
INC0025355,4,5,0,0.036683198
INC0025355,5,5,0,0.037583955
INC0025782,1,4,0,0.8540589
INC0025782,2,4,0,0.8491192
INC0025782,3,4,0,0.84860843
INC0025782,4,4,0,0.84860843
