case_id,k,_n_nonterm,y,p
1-467153946,1,38,1,0.95414627
1-467153946,2,38,1,0.95735425
1-467153946,3,38,1,0.96155304
1-467153946,4,38,1,0.9619792
1-467153946,5,38,1,0.96208274
1-467153946,6,38,1,0.9529872
1-467153946,7,38,1,0.9495667
1-467153946,8,38,1,0.9501443
1-467153946,9,38,1,0.97659653
1-467153946,10,38,1,0.97630286
1-467153946,11,38,1,0.97602457
1-467153946,12,38,1,0.97602457
1-530458987,1,28,1,0.9674559
1-530458987,2,28,1,0.96801645
1-530458987,3,28,1,0.9709452
1-530458987,4,28,1,0.9322824
1-530458987,5,28,1,0.934894
1-530458987,6,28,1,0.9207971
1-530458987,7,28,1,0.91715896
1-530458987,8,28,1,0.91886824
1-530458987,9,28,1,0.95404667
1-530458987,10,28,1,0.952091
1-530458987,11,28,1,0.9741323
1-530458987,12,28,1,0.97486985
1-530838254,1,40,1,0.9670126
1-530838254,2,40,1,0.9686946
1-530838254,3,40,1,0.97085696
1-530838254,4,40,1,0.9192682
1-530838254,5,40,1,0.9199575
1-530838254,6,40,1,0.92084277
1-530838254,7,40,1,0.9226388
1-530838254,8,40,1,0.9291426
1-530838254,9,40,1,0.9332131
1-530838254,10,40,1,0.92938113
1-530838254,11,40,1,0.9319152
1-530838254,12,40,1,0.97688204
1-543317665,1,21,1,0.95937234
1-543317665,2,21,1,0.95857185
1-543317665,3,21,1,0.96375805
1-543317665,4,21,1,0.96443295
1-543317665,5,21,1,0.9650621
1-543317665,6,21,1,0.96538234
1-543317665,7,21,1,0.96539736
1-543317665,8,21,1,0.96538234
1-543317665,9,21,1,0.9649929
1-543317665,10,21,1,0.9649537
1-543317665,11,21,1,0.96540546
1-543317665,12,21,1,0.96542615
1-543979253,1,4,1,0.96242857
1-543979253,2,4,1,0.96242213
1-543979253,3,4,1,0.9650382
1-543979253,4,4,1,0.97327775
1-565045794,1,29,1,0.96245825
1-565045794,2,29,1,0.96180725
1-565045794,3,29,1,0.9639954
1-565045794,4,29,1,0.96367604
1-565045794,5,29,1,0.964072
1-565045794,6,29,1,0.9654287
1-565045794,7,29,1,0.9651027
1-565045794,8,29,1,0.9657012
1-565045794,9,29,1,0.9660741
1-565045794,10,29,1,0.9663698
1-565045794,11,29,1,0.96535283
1-565045794,12,29,1,0.9661668
1-567358917,1,11,1,0.9582599
1-567358917,2,11,1,0.95783305
1-567358917,3,11,1,0.96414036
1-567358917,4,11,1,0.96443295
1-567358917,5,11,1,0.97018784
1-567358917,6,11,1,0.9703964
1-567358917,7,11,1,0.9703964
1-567358917,8,11,1,0.97021353
1-567358917,9,11,1,0.9765503
1-567358917,10,11,1,0.97828466
1-567358917,11,11,1,0.97155815
1-593737913,1,9,1,0.9573832
1-593737913,2,9,1,0.95649016
1-593737913,3,9,1,0.96001434
1-593737913,4,9,1,0.95911306
1-593737913,5,9,1,0.9528365
1-593737913,6,9,1,0.9524444
1-593737913,7,9,1,0.9758566
1-593737913,8,9,1,0.97611314
1-593737913,9,9,1,0.9732005
1-605956457,1,25,1,0.9631031
1-605956457,2,25,1,0.9635639
1-605956457,3,25,1,0.9643996
1-605956457,4,25,1,0.95410126
1-605956457,5,25,1,0.95615405
1-605956457,6,25,1,0.9743439
1-605956457,7,25,1,0.97481877
1-605956457,8,25,1,0.9756151
1-605956457,9,25,1,0.9756151
1-605956457,10,25,1,0.9753339
1-605956457,11,25,1,0.9744322
1-605956457,12,25,1,0.9743935
1-638841644,1,7,1,0.96035206
1-638841644,2,7,1,0.96035206
1-638841644,3,7,1,0.96345145
1-638841644,4,7,1,0.96316403
1-638841644,5,7,1,0.9632063
1-638841644,6,7,1,0.95192945
1-638841644,7,7,1,0.9724487
1-649830550,1,16,1,0.9445905
1-649830550,2,16,1,0.94457775
1-649830550,3,16,1,0.9449912
1-649830550,4,16,1,0.9610404
1-649830550,5,16,1,0.9611463
1-649830550,6,16,1,0.91229916
1-649830550,7,16,1,0.9655154
1-649830550,8,16,1,0.9654456
1-649830550,9,16,1,0.965817
1-649830550,10,16,1,0.97200465
1-649830550,11,16,1,0.97165495
1-649830550,12,16,1,0.9744255
1-657323705,1,5,1,0.96324337
1-657323705,2,5,1,0.9626056
1-657323705,3,5,1,0.9645635
1-657323705,4,5,1,0.97731817
1-657323705,5,5,1,0.97795975
1-686398767,1,9,1,0.95987505
1-686398767,2,9,1,0.95987505
1-686398767,3,9,1,0.9644537
1-686398767,4,9,1,0.96393335
1-686398767,5,9,1,0.96483606
1-686398767,6,9,1,0.96568155
1-686398767,7,9,1,0.9655875
1-686398767,8,9,1,0.96568155
1-686398767,9,9,1,0.96571434
1-686497432,1,53,1,0.9674344
1-686497432,2,53,1,0.9674344
1-686497432,3,53,1,0.9662982
1-686497432,4,53,1,0.96589136
1-686497432,5,53,1,0.9672742
1-686497432,6,53,1,0.9673638
1-686497432,7,53,1,0.9673638
1-686497432,8,53,1,0.97294736
1-686497432,9,53,1,0.97354084
1-686497432,10,53,1,0.9777264
1-686497432,11,53,1,0.9777264
1-686497432,12,53,1,0.9777264
1-687710013,1,5,1,0.95093775
1-687710013,2,5,1,0.95093775
1-687710013,3,5,1,0.9583848
1-687710013,4,5,1,0.93557286
1-687710013,5,5,1,0.9581117
1-691950241,1,13,1,0.96416724
1-691950241,2,13,1,0.96426046
1-691950241,3,13,1,0.9668648
1-691950241,4,13,1,0.975139
1-691950241,5,13,1,0.97584075
1-691950241,6,13,1,0.97584075
1-691950241,7,13,1,0.9779613
1-691950241,8,13,1,0.9779613
1-691950241,9,13,1,0.97697484
1-691950241,10,13,1,0.97795975
1-691950241,11,13,1,0.9775754
1-691950241,12,13,1,0.9776328
1-692918254,1,9,1,0.95927835
1-692918254,2,9,1,0.95886517
1-692918254,3,9,1,0.95860595
1-692918254,4,9,1,0.9755367
1-692918254,5,9,1,0.9759065
1-692918254,6,9,1,0.971396
1-692918254,7,9,1,0.96891946
1-692918254,8,9,1,0.9689376
1-692918254,9,9,1,0.96863717
1-695870591,1,16,1,0.9698636
1-695870591,2,16,1,0.96726125
1-695870591,3,16,1,0.9650454
1-695870591,4,16,1,0.96581787
1-695870591,5,16,1,0.96528214
1-695870591,6,16,1,0.9655933
1-695870591,7,16,1,0.96759063
1-695870591,8,16,1,0.9676793
1-695870591,9,16,1,0.96761113
1-695870591,10,16,1,0.96748215
1-695870591,11,16,1,0.96508706
1-695870591,12,16,1,0.96563387
1-696894381,1,3,1,0.93707657
1-696894381,2,3,1,0.93668133
1-696894381,3,3,1,0.9444476
1-699297808,1,4,1,0.9559338
1-699297808,2,4,1,0.9551806
1-699297808,3,4,1,0.95418316
1-699297808,4,4,1,0.9537563
1-699719677,1,10,1,0.9609259
1-699719677,2,10,1,0.9618988
1-699719677,3,10,1,0.966501
1-699719677,4,10,1,0.9716287
1-699719677,5,10,1,0.9652243
1-699719677,6,10,1,0.9711292
1-699719677,7,10,1,0.97738385
1-699719677,8,10,1,0.9777264
1-699719677,9,10,1,0.9776693
1-699719677,10,10,1,0.9776064
1-700370143,1,12,1,0.9602406
1-700370143,2,12,1,0.9602406
1-700370143,3,12,1,0.96465665
1-700370143,4,12,1,0.9658143
1-700370143,5,12,1,0.9659415
1-700370143,6,12,1,0.9662112
1-700370143,7,12,1,0.9667899
1-700370143,8,12,1,0.9777313
1-700370143,9,12,1,0.9777313
1-700370143,10,12,1,0.9777313
1-700370143,11,12,1,0.9756566
1-700370143,12,12,1,0.9729504
1-700955144,1,60,1,0.96299696
1-700955144,2,60,1,0.96299696
1-700955144,3,60,1,0.96265936
1-700955144,4,60,1,0.96865124
1-700955144,5,60,1,0.96915597
1-700955144,6,60,1,0.9692405
1-700955144,7,60,1,0.93471694
1-700955144,8,60,1,0.96296173
1-700955144,9,60,1,0.96331316
1-700955144,10,60,1,0.96963745
1-700955144,11,60,1,0.9696447
1-700955144,12,60,1,0.96993464
1-701820421,1,28,1,0.9598073
1-701820421,2,28,1,0.9599938
1-701820421,3,28,1,0.9656492
1-701820421,4,28,1,0.96611995
1-701820421,5,28,1,0.9328019
1-701820421,6,28,1,0.93837196
1-701820421,7,28,1,0.93821114
1-701820421,8,28,1,0.9679404
1-701820421,9,28,1,0.96820027
1-701820421,10,28,1,0.9685677
1-701820421,11,28,1,0.9687706
1-701820421,12,28,1,0.9690972
1-702586831,1,8,1,0.95851237
1-702586831,2,8,1,0.9592622
1-702586831,3,8,1,0.95938116
1-702586831,4,8,1,0.95885533
1-702586831,5,8,1,0.95929074
1-702586831,6,8,1,0.97828466
1-702586831,7,8,1,0.97758776
1-702586831,8,8,1,0.97720283
1-702667331,1,22,1,0.9572998
1-702667331,2,22,1,0.9581825
1-702667331,3,22,1,0.96157616
1-702667331,4,22,1,0.96102756
1-702667331,5,22,1,0.96144086
1-702667331,6,22,1,0.9666335
1-702667331,7,22,1,0.96654195
1-702667331,8,22,1,0.9666335
1-702667331,9,22,1,0.96654195
1-702667331,10,22,1,0.9669093
1-702667331,11,22,1,0.96681845
1-702667331,12,22,1,0.9669093
1-703263656,1,7,1,0.9624906
1-703263656,2,7,1,0.9624906
1-703263656,3,7,1,0.9647794
1-703263656,4,7,1,0.96543825
1-703263656,5,7,1,0.9662653
1-703263656,6,7,1,0.9647746
1-703263656,7,7,1,0.96560174
1-703547921,1,4,1,0.9579571
1-703547921,2,4,1,0.9576872
1-703547921,3,4,1,0.9749414
1-703547921,4,4,1,0.96979684
1-703999194,1,9,1,0.9602931
1-703999194,2,9,1,0.9610704
1-703999194,3,9,1,0.96256846
1-703999194,4,9,1,0.96361834
1-703999194,5,9,1,0.96327424
1-703999194,6,9,1,0.9633743
1-703999194,7,9,1,0.9627142
1-703999194,8,9,1,0.9633743
1-703999194,9,9,1,0.9531854
1-705739949,1,6,1,0.96022147
1-705739949,2,6,1,0.96022147
1-705739949,3,6,1,0.9648743
1-705739949,4,6,1,0.96727484
1-705739949,5,6,1,0.96047634
1-705739949,6,6,1,0.9630639
1-705791051,1,7,1,0.9682501
1-705791051,2,7,1,0.9658956
1-705791051,3,7,1,0.9667039
1-705791051,4,7,1,0.967159
1-705791051,5,7,1,0.96752733
1-705791051,6,7,1,0.96241176
1-705791051,7,7,1,0.9678946
1-705991296,1,25,1,0.9620891
1-705991296,2,25,1,0.9620891
1-705991296,3,25,1,0.96654195
1-705991296,4,25,1,0.96454406
1-705991296,5,25,1,0.96320754
1-705991296,6,25,1,0.9639358
1-705991296,7,25,1,0.9657729
1-705991296,8,25,1,0.9657747
1-705991296,9,25,1,0.966028
1-705991296,10,25,1,0.96729213
1-705991296,11,25,1,0.96747106
1-705991296,12,25,1,0.96747106
1-706221681,1,7,1,0.9679593
1-706221681,2,7,1,0.965537
1-706221681,3,7,1,0.9657239
1-706221681,4,7,1,0.9659272
1-706221681,5,7,1,0.96550035
1-706221681,6,7,1,0.96637547
1-706221681,7,7,1,0.9694112
1-707231563,1,20,1,0.9545416
1-707231563,2,20,1,0.9545416
1-707231563,3,20,1,0.95675755
1-707231563,4,20,1,0.9565614
1-707231563,5,20,1,0.956679
1-707231563,6,20,1,0.956861
1-707231563,7,20,1,0.9569778
1-707231563,8,20,1,0.963537
1-707231563,9,20,1,0.9636364
1-707231563,10,20,1,0.9767304
1-707231563,11,20,1,0.976348
1-707231563,12,20,1,0.9764084
1-708116786,1,4,1,0.9660986
1-708116786,2,4,1,0.9672993
1-708116786,3,4,1,0.9648022
1-708116786,4,4,1,0.97345597
1-708654057,1,21,1,0.96190906
1-708654057,2,21,1,0.96190906
1-708654057,3,21,1,0.9653657
1-708654057,4,21,1,0.9679073
1-708654057,5,21,1,0.9678514
1-708654057,6,21,1,0.9678878
1-708654057,7,21,1,0.96776474
1-708654057,8,21,1,0.96096826
1-708654057,9,21,1,0.9656572
1-708654057,10,21,1,0.9657683
1-708654057,11,21,1,0.9676618
1-708654057,12,21,1,0.9667514
1-708824660,1,21,1,0.9636862
1-708824660,2,21,1,0.9636862
1-708824660,3,21,1,0.9677001
1-708824660,4,21,1,0.9676798
1-708824660,5,21,1,0.96759105
1-708824660,6,21,1,0.9676798
1-708824660,7,21,1,0.96759105
1-708824660,8,21,1,0.9676798
1-708824660,9,21,1,0.9679996
1-708824660,10,21,1,0.9680873
1-708824660,11,21,1,0.9587649
1-708824660,12,21,1,0.965873
1-709542591,1,19,1,0.9736466
1-709542591,2,19,1,0.9699725
1-709542591,3,19,1,0.9687326
1-709542591,4,19,1,0.9689444
1-709542591,5,19,1,0.96870774
1-709542591,6,19,1,0.9695747
1-709542591,7,19,1,0.9700744
1-709542591,8,19,1,0.9717103
1-709542591,9,19,1,0.97157794
1-709542591,10,19,1,0.9717429
1-709542591,11,19,1,0.9717429
1-709542591,12,19,1,0.9718488
1-709544188,1,12,1,0.96270984
1-709544188,2,12,1,0.96355546
1-709544188,3,12,1,0.9644019
1-709544188,4,12,1,0.9581395
1-709544188,5,12,1,0.9592059
1-709544188,6,12,1,0.9536339
1-709544188,7,12,1,0.960935
1-709544188,8,12,1,0.966229
1-709544188,9,12,1,0.96652246
1-709544188,10,12,1,0.9661841
1-709544188,11,12,1,0.9661841
1-709544188,12,12,1,0.9632316
1-709663406,1,44,1,0.9621423
1-709663406,2,44,1,0.9621423
1-709663406,3,44,1,0.9610245
1-709663406,4,44,1,0.96501046
1-709663406,5,44,1,0.9696316
1-709663406,6,44,1,0.9747722
1-709663406,7,44,1,0.9755754
1-709663406,8,44,1,0.97551286
1-709663406,9,44,1,0.9755754
1-709663406,10,44,1,0.9750855
1-709663406,11,44,1,0.97594404
1-709663406,12,44,1,0.9751878
1-709758563,1,11,1,0.9710645
1-709758563,2,11,1,0.9710645
1-709758563,3,11,1,0.9703177
1-709758563,4,11,1,0.9685569
1-709758563,5,11,1,0.96838814
1-709758563,6,11,1,0.9686659
1-709758563,7,11,1,0.96893746
1-709758563,8,11,1,0.970337
1-709758563,9,11,1,0.9716742
1-709758563,10,11,1,0.95779556
1-709758563,11,11,1,0.9582184
1-709831036,1,12,1,0.9599875
1-709831036,2,12,1,0.9599875
1-709831036,3,12,1,0.9654799
1-709831036,4,12,1,0.9664302
1-709831036,5,12,1,0.966609
1-709831036,6,12,1,0.9659838
1-709831036,7,12,1,0.966609
1-709831036,8,12,1,0.9658207
1-709831036,9,12,1,0.9662104
1-709831036,10,12,1,0.96560216
1-709831036,11,12,1,0.9657517
1-709831036,12,12,1,0.97089696
1-710177495,1,50,1,0.9645128
1-710177495,2,50,1,0.9649178
1-710177495,3,50,1,0.9678632
1-710177495,4,50,1,0.9662252
1-710177495,5,50,1,0.967845
1-710177495,6,50,1,0.9726083
1-710177495,7,50,1,0.97232866
1-710177495,8,50,1,0.9722868
1-710177495,9,50,1,0.97315776
1-710177495,10,50,1,0.97370106
1-710177495,11,50,1,0.97370106
1-710177495,12,50,1,0.97370106
1-713472354,1,27,1,0.9628777
1-713472354,2,27,1,0.9628777
1-713472354,3,27,1,0.9550149
1-713472354,4,27,1,0.9622935
1-713472354,5,27,1,0.9629867
1-713472354,6,27,1,0.9630801
1-713472354,7,27,1,0.9597566
1-713472354,8,27,1,0.960595
1-713472354,9,27,1,0.96324223
1-713472354,10,27,1,0.9440054
1-713472354,11,27,1,0.9440972
1-713472354,12,27,1,0.9440972
1-715689451,1,3,1,0.95715165
1-715689451,2,3,1,0.95715165
1-715689451,3,3,1,0.9675157
1-715731471,1,19,1,0.96310776
1-715731471,2,19,1,0.96310776
1-715731471,3,19,1,0.964899
1-715731471,4,19,1,0.9658284
1-715731471,5,19,1,0.9670414
1-715731471,6,19,1,0.96829224
1-715731471,7,19,1,0.96882814
1-715731471,8,19,1,0.9683367
1-715731471,9,19,1,0.96833795
1-715731471,10,19,1,0.94822896
1-715731471,11,19,1,0.94928485
1-715731471,12,19,1,0.9451647
1-716114500,1,5,1,0.95713085
1-716114500,2,5,1,0.95713085
1-716114500,3,5,1,0.95961
1-716114500,4,5,1,0.96461153
1-716114500,5,5,1,0.9656304
1-716221928,1,22,1,0.9592543
1-716221928,2,22,1,0.960281
1-716221928,3,22,1,0.964183
1-716221928,4,22,1,0.9640961
1-716221928,5,22,1,0.9653525
1-716221928,6,22,1,0.9654471
1-716221928,7,22,1,0.9653525
1-716221928,8,22,1,0.9654471
1-716221928,9,22,1,0.96623915
1-716221928,10,22,1,0.9664062
1-716221928,11,22,1,0.9660895
1-716221928,12,22,1,0.9699452
1-716587209,1,10,1,0.95821327
1-716587209,2,10,1,0.95821327
1-716587209,3,10,1,0.9627237
1-716587209,4,10,1,0.96222484
1-716587209,5,10,1,0.9627156
1-716587209,6,10,1,0.97239214
1-716587209,7,10,1,0.97016215
1-716587209,8,10,1,0.9702379
1-716587209,9,10,1,0.9705231
1-716587209,10,10,1,0.9690568
1-717431477,1,8,1,0.96076375
1-717431477,2,8,1,0.96076375
1-717431477,3,8,1,0.9656804
1-717431477,4,8,1,0.96559215
1-717431477,5,8,1,0.9673333
1-717431477,6,8,1,0.9579575
1-717431477,7,8,1,0.96013796
1-717431477,8,8,1,0.9744338
1-717714208,1,13,1,0.96003836
1-717714208,2,13,1,0.96212333
1-717714208,3,13,1,0.96551603
1-717714208,4,13,1,0.9668314
1-717714208,5,13,1,0.96713024
1-717714208,6,13,1,0.95777565
1-717714208,7,13,1,0.9580426
1-717714208,8,13,1,0.95937675
1-717714208,9,13,1,0.95937675
1-717714208,10,13,1,0.9597721
1-717714208,11,13,1,0.9693275
1-717714208,12,13,1,0.96834713
1-717726137,1,5,1,0.9695248
1-717726137,2,5,1,0.9695248
1-717726137,3,5,1,0.9694642
1-717726137,4,5,1,0.9726734
1-717726137,5,5,1,0.97281986
1-717764374,1,6,1,0.96065074
1-717764374,2,6,1,0.9612262
1-717764374,3,6,1,0.9664834
1-717764374,4,6,1,0.96525574
1-717764374,5,6,1,0.9671011
1-717764374,6,6,1,0.9707374
1-717799091,1,22,1,0.9661794
1-717799091,2,22,1,0.96577114
1-717799091,3,22,1,0.9675904
1-717799091,4,22,1,0.9662076
1-717799091,5,22,1,0.9667869
1-717799091,6,22,1,0.96660465
1-717799091,7,22,1,0.9669789
1-717799091,8,22,1,0.97030747
1-717799091,9,22,1,0.9728705
1-717799091,10,22,1,0.9717591
1-717799091,11,22,1,0.9718309
1-717799091,12,22,1,0.97150177
1-717918204,1,3,1,0.95830894
1-717918204,2,3,1,0.9638243
1-717918204,3,3,1,0.9670213
1-718089090,1,3,1,0.9577953
1-718089090,2,3,1,0.9577953
1-718089090,3,3,1,0.9639635
1-718977997,1,9,1,0.95557564
1-718977997,2,9,1,0.95557564
1-718977997,3,9,1,0.95843375
1-718977997,4,9,1,0.96051204
1-718977997,5,9,1,0.9563494
1-718977997,6,9,1,0.96480554
1-718977997,7,9,1,0.96650463
1-718977997,8,9,1,0.8869692
1-718977997,9,9,1,0.8902358
1-719171831,1,30,1,0.9452288
1-719171831,2,30,1,0.948976
1-719171831,3,30,1,0.94900477
1-719171831,4,30,1,0.9486105
1-719171831,5,30,1,0.95909685
1-719171831,6,30,1,0.95949
1-719171831,7,30,1,0.95838
1-719171831,8,30,1,0.9584929
1-719171831,9,30,1,0.9615264
1-719171831,10,30,1,0.96150744
1-719171831,11,30,1,0.9616121
1-719171831,12,30,1,0.96150744
1-719199551,1,8,1,0.95786124
1-719199551,2,8,1,0.9572969
1-719199551,3,8,1,0.9600649
1-719199551,4,8,1,0.9605827
1-719199551,5,8,1,0.9612822
1-719199551,6,8,1,0.95833194
1-719199551,7,8,1,0.9704878
1-719199551,8,8,1,0.9735391
1-719278453,1,16,1,0.94979304
1-719278453,2,16,1,0.95051223
1-719278453,3,16,1,0.9513382
1-719278453,4,16,1,0.9659322
1-719278453,5,16,1,0.9663535
1-719278453,6,16,1,0.948268
1-719278453,7,16,1,0.94921577
1-719278453,8,16,1,0.95018893
1-719278453,9,16,1,0.9519276
1-719278453,10,16,1,0.9554419
1-719278453,11,16,1,0.9554419
1-719278453,12,16,1,0.9369179
1-719401266,1,22,1,0.9473867
1-719401266,2,22,1,0.95004696
1-719401266,3,22,1,0.9468706
1-719401266,4,22,1,0.9475848
1-719401266,5,22,1,0.95369166
1-719401266,6,22,1,0.95401
1-719401266,7,22,1,0.9541342
1-719401266,8,22,1,0.95340693
1-719401266,9,22,1,0.95353264
1-719401266,10,22,1,0.9617976
1-719401266,11,22,1,0.96453
1-719401266,12,22,1,0.9620864
1-719527701,1,11,1,0.9608967
1-719527701,2,11,1,0.9616837
1-719527701,3,11,1,0.9632117
1-719527701,4,11,1,0.96893173
1-719527701,5,11,1,0.9697205
1-719527701,6,11,1,0.9678551
1-719527701,7,11,1,0.9678551
1-719527701,8,11,1,0.940864
1-719527701,9,11,1,0.94707566
1-719527701,10,11,1,0.94390005
1-719527701,11,11,1,0.97343725
1-719562894,1,18,1,0.9562239
1-719562894,2,18,1,0.9562239
1-719562894,3,18,1,0.95900726
1-719562894,4,18,1,0.95788544
1-719562894,5,18,1,0.96016484
1-719562894,6,18,1,0.96105534
1-719562894,7,18,1,0.96173054
1-719562894,8,18,1,0.9623961
1-719562894,9,18,1,0.9585195
1-719562894,10,18,1,0.95764095
1-719562894,11,18,1,0.95775574
1-719562894,12,18,1,0.96388376
1-719604235,1,9,1,0.9546218
1-719604235,2,9,1,0.9568873
1-719604235,3,9,1,0.95711124
1-719604235,4,9,1,0.95501834
1-719604235,5,9,1,0.95564437
1-719604235,6,9,1,0.9586985
1-719604235,7,9,1,0.9628691
1-719604235,8,9,1,0.9659108
1-719604235,9,9,1,0.966004
1-719999107,1,12,1,0.9562405
1-719999107,2,12,1,0.9562405
1-719999107,3,12,1,0.95852345
1-719999107,4,12,1,0.95747906
1-719999107,5,12,1,0.95522064
1-719999107,6,12,1,0.95564926
1-719999107,7,12,1,0.95564926
1-719999107,8,12,1,0.9630683
1-719999107,9,12,1,0.9670751
1-719999107,10,12,1,0.9675345
1-719999107,11,12,1,0.9676683
1-719999107,12,12,1,0.968812
1-720238611,1,2,1,0.95689154
1-720238611,2,2,1,0.959526
1-720286653,1,5,1,0.95948
1-720286653,2,5,1,0.95948
1-720286653,3,5,1,0.9597259
1-720286653,4,5,1,0.96447146
1-720286653,5,5,1,0.9673371
1-720314291,1,4,1,0.95674807
1-720314291,2,4,1,0.95674807
1-720314291,3,4,1,0.9634144
1-720314291,4,4,1,0.9634144
1-720344447,1,8,1,0.9566253
1-720344447,2,8,1,0.9566253
1-720344447,3,8,1,0.852365
1-720344447,4,8,1,0.8628185
1-720344447,5,8,1,0.88228685
1-720344447,6,8,1,0.88255894
1-720344447,7,8,1,0.8975258
1-720344447,8,8,1,0.8957894
1-720348105,1,4,1,0.9636918
1-720348105,2,4,1,0.96331835
1-720348105,3,4,1,0.96190965
1-720348105,4,4,1,0.96965057
1-722031971,1,20,1,0.9620929
1-722031971,2,20,1,0.96195936
1-722031971,3,20,1,0.96359795
1-722031971,4,20,1,0.9637068
1-722031971,5,20,1,0.9651788
1-722031971,6,20,1,0.9666498
1-722031971,7,20,1,0.9602829
1-722031971,8,20,1,0.96232146
1-722031971,9,20,1,0.9628637
1-722031971,10,20,1,0.96301425
1-722031971,11,20,1,0.96268225
1-722031971,12,20,1,0.9223081
1-722332101,1,16,1,0.9601009
1-722332101,2,16,1,0.96291476
1-722332101,3,16,1,0.96440005
1-722332101,4,16,1,0.9653194
1-722332101,5,16,1,0.96541405
1-722332101,6,16,1,0.96485907
1-722332101,7,16,1,0.96495503
1-722332101,8,16,1,0.96495503
1-722332101,9,16,1,0.886882
1-722332101,10,16,1,0.886882
1-722332101,11,16,1,0.86635
1-722332101,12,16,1,0.8676289
1-722362086,1,71,1,0.96075845
1-722362086,2,71,1,0.96075845
1-722362086,3,71,1,0.96288866
1-722362086,4,71,1,0.96424884
1-722362086,5,71,1,0.96394044
1-722362086,6,71,1,0.964123
1-722362086,7,71,1,0.9642209
1-722362086,8,71,1,0.96785605
1-722362086,9,71,1,0.96763045
1-722362086,10,71,1,0.9677191
1-722362086,11,71,1,0.96594477
1-722362086,12,71,1,0.96733373
1-722415150,1,20,1,0.9601928
1-722415150,2,20,1,0.9601928
1-722415150,3,20,1,0.9638678
1-722415150,4,20,1,0.9627378
1-722415150,5,20,1,0.96283925
1-722415150,6,20,1,0.9657489
1-722415150,7,20,1,0.96361125
1-722415150,8,20,1,0.96284646
1-722415150,9,20,1,0.96304905
1-722415150,10,20,1,0.96363926
1-722415150,11,20,1,0.8287665
1-722415150,12,20,1,0.7996237
1-722499503,1,16,1,0.96196544
1-722499503,2,16,1,0.9626837
1-722499503,3,16,1,0.9635779
1-722499503,4,16,1,0.9669269
1-722499503,5,16,1,0.9677076
1-722499503,6,16,1,0.9366031
1-722499503,7,16,1,0.93712187
1-722499503,8,16,1,0.9333694
1-722499503,9,16,1,0.9334297
1-722499503,10,16,1,0.9334297
1-722499503,11,16,1,0.9334297
1-722499503,12,16,1,0.92978925
1-722557526,1,8,1,0.9595867
1-722557526,2,8,1,0.9595867
1-722557526,3,8,1,0.9650097
1-722557526,4,8,1,0.96535915
1-722557526,5,8,1,0.9659741
1-722557526,6,8,1,0.97203785
1-722557526,7,8,1,0.96997917
1-722557526,8,8,1,0.96997917
1-722557908,1,8,1,0.93805444
1-722557908,2,8,1,0.93805444
1-722557908,3,8,1,0.94468814
1-722557908,4,8,1,0.9465467
1-722557908,5,8,1,0.94653374
1-722557908,6,8,1,0.9451877
1-722557908,7,8,1,0.94533426
1-722557908,8,8,1,0.96893084
1-722563391,1,55,1,0.964547
1-722563391,2,55,1,0.9633803
1-722563391,3,55,1,0.9633341
1-722563391,4,55,1,0.9659086
1-722563391,5,55,1,0.96542424
1-722563391,6,55,1,0.9664588
1-722563391,7,55,1,0.9660791
1-722563391,8,55,1,0.96600026
1-722563391,9,55,1,0.96558183
1-722563391,10,55,1,0.96520317
1-722563391,11,55,1,0.91782856
1-722563391,12,55,1,0.91923374
1-722591617,1,4,1,0.95908344
1-722591617,2,4,1,0.95882034
1-722591617,3,4,1,0.96370435
1-722591617,4,4,1,0.9624958
1-726614295,1,6,1,0.9565293
1-726614295,2,6,1,0.9617007
1-726614295,3,6,1,0.9656326
1-726614295,4,6,1,0.965915
1-726614295,5,6,1,0.9651235
1-726614295,6,6,1,0.9656326
1-726625502,1,12,1,0.9604861
1-726625502,2,12,1,0.9604861
1-726625502,3,12,1,0.9648304
1-726625502,4,12,1,0.9632674
1-726625502,5,12,1,0.9636241
1-726625502,6,12,1,0.96593183
1-726625502,7,12,1,0.9661856
1-726625502,8,12,1,0.9366098
1-726625502,9,12,1,0.9366098
1-726625502,10,12,1,0.92882204
1-726625502,11,12,1,0.92946064
1-726625502,12,12,1,0.97098416
1-726777605,1,13,1,0.96179867
1-726777605,2,13,1,0.96179867
1-726777605,3,13,1,0.966203
1-726777605,4,13,1,0.9664351
1-726777605,5,13,1,0.9665268
1-726777605,6,13,1,0.9667486
1-726777605,7,13,1,0.96665734
1-726777605,8,13,1,0.9665695
1-726777605,9,13,1,0.96706265
1-726777605,10,13,1,0.96712655
1-726777605,11,13,1,0.9383435
1-726777605,12,13,1,0.93903613
1-726834518,1,10,1,0.96432173
1-726834518,2,10,1,0.963702
1-726834518,3,10,1,0.96458834
1-726834518,4,10,1,0.96432275
1-726834518,5,10,1,0.96696085
1-726834518,6,10,1,0.9686321
1-726834518,7,10,1,0.9664061
1-726834518,8,10,1,0.966314
1-726834518,9,10,1,0.9664061
1-726834518,10,10,1,0.92688
1-726923786,1,4,1,0.9598056
1-726923786,2,4,1,0.9608189
1-726923786,3,4,1,0.96547246
1-726923786,4,4,1,0.966174
1-727152027,1,14,1,0.9598903
1-727152027,2,14,1,0.9598903
1-727152027,3,14,1,0.9604365
1-727152027,4,14,1,0.96050435
1-727152027,5,14,1,0.9603171
1-727152027,6,14,1,0.961727
1-727152027,7,14,1,0.9662583
1-727152027,8,14,1,0.9655538
1-727152027,9,14,1,0.9662583
1-727152027,10,14,1,0.9616937
1-727152027,11,14,1,0.96673167
1-727152027,12,14,1,0.97020257
1-727155202,1,7,1,0.9611701
1-727155202,2,7,1,0.9611701
1-727155202,3,7,1,0.96269715
1-727155202,4,7,1,0.9664255
1-727155202,5,7,1,0.93972677
1-727155202,6,7,1,0.97313607
1-727155202,7,7,1,0.97228944
1-728290611,1,10,1,0.95788926
1-728290611,2,10,1,0.9579103
1-728290611,3,10,1,0.96842426
1-728290611,4,10,1,0.9673939
1-728290611,5,10,1,0.9670241
1-728290611,6,10,1,0.96772087
1-728290611,7,10,1,0.96718085
1-728290611,8,10,1,0.96772087
1-728290611,9,10,1,0.96718085
1-728290611,10,10,1,0.9673939
1-728308361,1,7,1,0.9625529
1-728308361,2,7,1,0.9619036
1-728308361,3,7,1,0.9640639
1-728308361,4,7,1,0.96447045
1-728308361,5,7,1,0.96604186
1-728308361,6,7,1,0.9311736
1-728308361,7,7,1,0.93151784
1-728515380,1,9,1,0.96067584
1-728515380,2,9,1,0.96067584
1-728515380,3,9,1,0.96654654
1-728515380,4,9,1,0.9670562
1-728515380,5,9,1,0.97103125
1-728515380,6,9,1,0.97045386
1-728515380,7,9,1,0.97051346
1-728515380,8,9,1,0.9683829
1-728515380,9,9,1,0.9683024
1-728558963,1,3,1,0.9629831
1-728558963,2,3,1,0.9639584
1-728558963,3,3,1,0.9666695
1-728768797,1,7,1,0.9388787
1-728768797,2,7,1,0.9388787
1-728768797,3,7,1,0.94147044
1-728768797,4,7,1,0.9419766
1-728768797,5,7,1,0.9731479
1-728768797,6,7,1,0.97289544
1-728768797,7,7,1,0.972605
1-729075211,1,17,1,0.9406392
1-729075211,2,17,1,0.94146144
1-729075211,3,17,1,0.9461393
1-729075211,4,17,1,0.9397617
1-729075211,5,17,1,0.9399046
1-729075211,6,17,1,0.9351304
1-729075211,7,17,1,0.93455315
1-729075211,8,17,1,0.95468247
1-729075211,9,17,1,0.966887
1-729075211,10,17,1,0.966887
1-729075211,11,17,1,0.966887
1-729075211,12,17,1,0.966887
1-729244882,1,6,1,0.8925173
1-729244882,2,6,1,0.88858646
1-729244882,3,6,1,0.90352917
1-729244882,4,6,1,0.871862
1-729244882,5,6,1,0.87974614
1-729244882,6,6,1,0.9695348
1-729249186,1,4,1,0.8906285
1-729249186,2,4,1,0.9185085
1-729249186,3,4,1,0.9187883
1-729249186,4,4,1,0.97468424
1-729349739,1,13,1,0.75772905
1-729349739,2,13,1,0.7705942
1-729349739,3,13,1,0.81503046
1-729349739,4,13,1,0.8265012
1-729349739,5,13,1,0.8319023
1-729349739,6,13,1,0.83021796
1-729349739,7,13,1,0.87164485
1-729349739,8,13,1,0.87011355
1-729349739,9,13,1,0.8441555
1-729349739,10,13,1,0.84547937
1-729349739,11,13,1,0.74763423
1-729349739,12,13,1,0.7504949
1-729351591,1,19,1,0.8856298
1-729351591,2,19,1,0.92525256
1-729351591,3,19,1,0.927139
1-729351591,4,19,1,0.86229724
1-729351591,5,19,1,0.8649352
1-729351591,6,19,1,0.8557146
1-729351591,7,19,1,0.84275585
1-729351591,8,19,1,0.86513484
1-729351591,9,19,1,0.87909806
1-729351591,10,19,1,0.88491327
1-729351591,11,19,1,0.8925847
1-729351591,12,19,1,0.8920607
1-729351752,1,13,1,0.8635753
1-729351752,2,13,1,0.8486614
1-729351752,3,13,1,0.87262326
1-729351752,4,13,1,0.87741023
1-729351752,5,13,1,0.8808699
1-729351752,6,13,1,0.88251513
1-729351752,7,13,1,0.8701675
1-729351752,8,13,1,0.8721158
1-729351752,9,13,1,0.8822448
1-729351752,10,13,1,0.8825389
1-729351752,11,13,1,0.8825389
1-729351752,12,13,1,0.8822448
1-729363660,1,3,0,0.7402831
1-729363660,2,3,0,0.75649065
1-729363660,3,3,0,0.8005188
1-729423171,1,40,1,0.7156011
1-729423171,2,40,1,0.6943599
1-729423171,3,40,1,0.7534238
1-729423171,4,40,1,0.8371373
1-729423171,5,40,1,0.80124605
1-729423171,6,40,1,0.78143567
1-729423171,7,40,1,0.7774484
1-729423171,8,40,1,0.87651986
1-729423171,9,40,1,0.87651986
1-729423171,10,40,1,0.8769896
1-729423171,11,40,1,0.8668294
1-729423171,12,40,1,0.86454993
1-729424771,1,10,1,0.89073914
1-729424771,2,10,1,0.8924264
1-729424771,3,10,1,0.90466535
1-729424771,4,10,1,0.90136904
1-729424771,5,10,1,0.8995583
1-729424771,6,10,1,0.91770464
1-729424771,7,10,1,0.92191726
1-729424771,8,10,1,0.9191437
1-729424771,9,10,1,0.92938566
1-729424771,10,10,1,0.97057605
1-729440375,1,5,1,0.86737794
1-729440375,2,5,1,0.860086
1-729440375,3,5,1,0.8990663
1-729440375,4,5,1,0.92523396
1-729440375,5,5,1,0.9292676
1-729463281,1,8,1,0.92361414
1-729463281,2,8,1,0.9185182
1-729463281,3,8,1,0.9217332
1-729463281,4,8,1,0.92453384
1-729463281,5,8,1,0.9236656
1-729463281,6,8,1,0.9274956
1-729463281,7,8,1,0.9266455
1-729463281,8,8,1,0.8828975
1-729463411,1,11,1,0.9146062
1-729463411,2,11,1,0.91701335
1-729463411,3,11,1,0.91813946
1-729463411,4,11,1,0.9442656
1-729463411,5,11,1,0.94202805
1-729463411,6,11,1,0.9416654
1-729463411,7,11,1,0.9408163
1-729463411,8,11,1,0.9404465
1-729463411,9,11,1,0.94255835
1-729463411,10,11,1,0.9437409
1-729463411,11,11,1,0.9440972
1-729536403,1,16,1,0.9258003
1-729536403,2,16,1,0.91919845
1-729536403,3,16,1,0.9266191
1-729536403,4,16,1,0.93150866
1-729536403,5,16,1,0.93225586
1-729536403,6,16,1,0.92399454
1-729536403,7,16,1,0.92863345
1-729536403,8,16,1,0.92832196
1-729536403,9,16,1,0.9298244
1-729536403,10,16,1,0.9048529
1-729536403,11,16,1,0.9077581
1-729536403,12,16,1,0.86330265
1-729564393,1,12,1,0.6761835
1-729564393,2,12,1,0.66427195
1-729564393,3,12,1,0.74513096
1-729564393,4,12,1,0.76870847
1-729564393,5,12,1,0.8276506
1-729564393,6,12,1,0.8251524
1-729564393,7,12,1,0.77600694
1-729564393,8,12,1,0.7965443
1-729564393,9,12,1,0.79275954
1-729564393,10,12,1,0.79526424
1-729564393,11,12,1,0.8863307
1-729564393,12,12,1,0.9426437
1-729585074,1,6,0,0.68031764
1-729585074,2,6,0,0.6684836
1-729585074,3,6,0,0.7992704
1-729585074,4,6,0,0.79668087
1-729585074,5,6,0,0.8062562
1-729585074,6,6,0,0.84448117
1-729697514,1,12,1,0.7405581
1-729697514,2,12,1,0.728619
1-729697514,3,12,1,0.731086
1-729697514,4,12,1,0.87253034
1-729697514,5,12,1,0.88793427
1-729697514,6,12,1,0.95802385
1-729697514,7,12,1,0.9571296
1-729697514,8,12,1,0.9573209
1-729697514,9,12,1,0.95798135
1-729697514,10,12,1,0.95673406
1-729697514,11,12,1,0.9661723
1-729697514,12,12,1,0.9663275
1-729701261,1,13,0,0.88682437
1-729701261,2,13,0,0.8872745
1-729701261,3,13,0,0.90191835
1-729701261,4,13,0,0.90234745
1-729701261,5,13,0,0.90305513
1-729701261,6,13,0,0.9173604
1-729701261,7,13,0,0.899575
1-729701261,8,13,0,0.9002665
1-729701261,9,13,0,0.8418423
1-729701261,10,13,0,0.85483414
1-729701261,11,13,0,0.8571755
1-729701261,12,13,0,0.86110395
1-729765503,1,15,1,0.85627764
1-729765503,2,15,1,0.850211
1-729765503,3,15,1,0.8654068
1-729765503,4,15,1,0.8715561
1-729765503,5,15,1,0.8916882
1-729765503,6,15,1,0.8944412
1-729765503,7,15,1,0.8829057
1-729765503,8,15,1,0.88319826
1-729765503,9,15,1,0.87287515
1-729765503,10,15,1,0.87170273
1-729765503,11,15,1,0.7920085
1-729765503,12,15,1,0.7334673
1-729769620,1,10,1,0.85081434
1-729769620,2,10,1,0.84255475
1-729769620,3,10,1,0.8465779
1-729769620,4,10,1,0.8887166
1-729769620,5,10,1,0.8909858
1-729769620,6,10,1,0.87287515
1-729769620,7,10,1,0.8731892
1-729769620,8,10,1,0.87287515
1-729769620,9,10,1,0.87170273
1-729769620,10,10,1,0.9734441
1-729783786,1,14,1,0.91343194
1-729783786,2,14,1,0.9159401
1-729783786,3,14,1,0.92536515
1-729783786,4,14,1,0.9293911
1-729783786,5,14,1,0.93129843
1-729783786,6,14,1,0.9112462
1-729783786,7,14,1,0.9116152
1-729783786,8,14,1,0.9183474
1-729783786,9,14,1,0.9222436
1-729783786,10,14,1,0.92115426
1-729783786,11,14,1,0.9212561
1-729783786,12,14,1,0.9206172
1-729809514,1,6,1,0.8802713
1-729809514,2,6,1,0.87354964
1-729809514,3,6,1,0.9074345
1-729809514,4,6,1,0.8684367
1-729809514,5,6,1,0.86785597
1-729809514,6,6,1,0.971657
1-729820704,1,12,1,0.9152365
1-729820704,2,12,1,0.9084668
1-729820704,3,12,1,0.9323399
1-729820704,4,12,1,0.93162346
1-729820704,5,12,1,0.93306565
1-729820704,6,12,1,0.9330566
1-729820704,7,12,1,0.9337461
1-729820704,8,12,1,0.9152003
1-729820704,9,12,1,0.9183617
1-729820704,10,12,1,0.9185739
1-729820704,11,12,1,0.9176398
1-729820704,12,12,1,0.9125205
1-729823831,1,3,1,0.91963017
1-729823831,2,3,1,0.9243109
1-729823831,3,3,1,0.9009321
1-729913690,1,10,1,0.80655193
1-729913690,2,10,1,0.8045105
1-729913690,3,10,1,0.84535104
1-729913690,4,10,1,0.5237355
1-729913690,5,10,1,0.83507407
1-729913690,6,10,1,0.77895516
1-729913690,7,10,1,0.8056591
1-729913690,8,10,1,0.8126643
1-729913690,9,10,1,0.8167169
1-729913690,10,10,1,0.83965236
1-730054339,1,5,1,0.90078384
1-730054339,2,5,1,0.8968455
1-730054339,3,5,1,0.9048942
1-730054339,4,5,1,0.85748065
1-730054339,5,5,1,0.858234
1-730067309,1,10,1,0.80544597
1-730067309,2,10,1,0.8015245
1-730067309,3,10,1,0.79929644
1-730067309,4,10,1,0.597616
1-730067309,5,10,1,0.59899616
1-730067309,6,10,1,0.56007093
1-730067309,7,10,1,0.5779765
1-730067309,8,10,1,0.4268869
1-730067309,9,10,1,0.43133786
1-730067309,10,10,1,0.7692552
1-730082325,1,13,0,0.64826006
1-730082325,2,13,0,0.6600514
1-730082325,3,13,0,0.6818649
1-730082325,4,13,0,0.68312085
1-730082325,5,13,0,0.81319135
1-730082325,6,13,0,0.8472397
1-730082325,7,13,0,0.84961164
1-730082325,8,13,0,0.85828066
1-730082325,9,13,0,0.84749377
1-730082325,10,13,0,0.80946845
1-730082325,11,13,0,0.81540567
1-730082325,12,13,0,0.681683
1-730084493,1,8,1,0.8254707
1-730084493,2,8,1,0.8197839
1-730084493,3,8,1,0.84861463
1-730084493,4,8,1,0.8460984
1-730084493,5,8,1,0.8461273
1-730084493,6,8,1,0.84757984
1-730084493,7,8,1,0.88932294
1-730084493,8,8,1,0.8697174
1-730127381,1,7,0,0.864567
1-730127381,2,7,0,0.8565868
1-730127381,3,7,0,0.8554427
1-730127381,4,7,0,0.83167386
1-730127381,5,7,0,0.82945484
1-730127381,6,7,0,0.8621124
1-730127381,7,7,0,0.8717554
1-730130539,1,17,1,0.8076375
1-730130539,2,17,1,0.80451113
1-730130539,3,17,1,0.82975316
1-730130539,4,17,1,0.8338116
1-730130539,5,17,1,0.8547082
1-730130539,6,17,1,0.87673503
1-730130539,7,17,1,0.88197464
1-730130539,8,17,1,0.86532515
1-730130539,9,17,1,0.86300623
1-730130539,10,17,1,0.86118805
1-730130539,11,17,1,0.87802136
1-730130539,12,17,1,0.8627396
1-730529203,1,13,1,0.7853246
1-730529203,2,13,1,0.78672
1-730529203,3,13,1,0.8099987
1-730529203,4,13,1,0.82980233
1-730529203,5,13,1,0.8571204
1-730529203,6,13,1,0.8606278
1-730529203,7,13,1,0.74554557
1-730529203,8,13,1,0.7492117
1-730529203,9,13,1,0.76329166
1-730529203,10,13,1,0.84932303
1-730529203,11,13,1,0.8568045
1-730529203,12,13,1,0.9673932
1-730533489,1,4,1,0.7923423
1-730533489,2,4,1,0.7890324
1-730533489,3,4,1,0.8424191
1-730533489,4,4,1,0.6635885
1-730655295,1,5,1,0.9048464
1-730655295,2,5,1,0.8998001
1-730655295,3,5,1,0.9116874
1-730655295,4,5,1,0.92711806
1-730655295,5,5,1,0.91326314
1-730692155,1,17,0,0.7301437
1-730692155,2,17,0,0.726179
1-730692155,3,17,0,0.75212276
1-730692155,4,17,0,0.7338322
1-730692155,5,17,0,0.73585933
1-730692155,6,17,0,0.7704526
1-730692155,7,17,0,0.8064101
1-730692155,8,17,0,0.8107966
1-730692155,9,17,0,0.75904214
1-730692155,10,17,0,0.76763374
1-730692155,11,17,0,0.76976144
1-730692155,12,17,0,0.7417259
1-730698833,1,16,1,0.73415357
1-730698833,2,16,1,0.77530974
1-730698833,3,16,1,0.77623135
1-730698833,4,16,1,0.81397235
1-730698833,5,16,1,0.8279809
1-730698833,6,16,1,0.83463544
1-730698833,7,16,1,0.84424335
1-730698833,8,16,1,0.8428096
1-730698833,9,16,1,0.8112938
1-730698833,10,16,1,0.8184679
1-730698833,11,16,1,0.8287595
1-730698833,12,16,1,0.83294886
1-730760715,1,10,1,0.836952
1-730760715,2,10,1,0.8407352
1-730760715,3,10,1,0.84884197
1-730760715,4,10,1,0.80300593
1-730760715,5,10,1,0.8117905
1-730760715,6,10,1,0.76761943
1-730760715,7,10,1,0.78036845
1-730760715,8,10,1,0.78036845
1-730760715,9,10,1,0.818587
1-730760715,10,10,1,0.819479
1-730969281,1,8,1,0.72877866
1-730969281,2,8,1,0.78334683
1-730969281,3,8,1,0.78548914
1-730969281,4,8,1,0.8057978
1-730969281,5,8,1,0.8121643
1-730969281,6,8,1,0.7824937
1-730969281,7,8,1,0.7403734
1-730969281,8,8,1,0.8142281
1-730969611,1,10,1,0.8145967
1-730969611,2,10,1,0.8250291
1-730969611,3,10,1,0.8331173
1-730969611,4,10,1,0.8294777
1-730969611,5,10,1,0.8292271
1-730969611,6,10,1,0.8327979
1-730969611,7,10,1,0.8302615
1-730969611,8,10,1,0.97197735
1-730969611,9,10,1,0.9718703
1-730969611,10,10,1,0.97326523
1-730969852,1,9,1,0.81799304
1-730969852,2,9,1,0.8319243
1-730969852,3,9,1,0.8425909
1-730969852,4,9,1,0.84360635
1-730969852,5,9,1,0.8378755
1-730969852,6,9,1,0.83727074
1-730969852,7,9,1,0.97315437
1-730969852,8,9,1,0.9737279
1-730969852,9,9,1,0.97292566
1-731065533,1,14,0,0.8024388
1-731065533,2,14,0,0.8003262
1-731065533,3,14,0,0.8127781
1-731065533,4,14,0,0.8668459
1-731065533,5,14,0,0.8714351
1-731065533,6,14,0,0.8559253
1-731065533,7,14,0,0.85470957
1-731065533,8,14,0,0.8307923
1-731065533,9,14,0,0.7043652
1-731065533,10,14,0,0.6593038
1-731065533,11,14,0,0.6560845
1-731065533,12,14,0,0.636867
1-731094128,1,16,1,0.833885
1-731094128,2,16,1,0.8419756
1-731094128,3,16,1,0.838622
1-731094128,4,16,1,0.8325448
1-731094128,5,16,1,0.83320606
1-731094128,6,16,1,0.86208946
1-731094128,7,16,1,0.86450547
1-731094128,8,16,1,0.83562326
1-731094128,9,16,1,0.84033346
1-731094128,10,16,1,0.8596575
1-731094128,11,16,1,0.866062
1-731094128,12,16,1,0.965971
1-731100012,1,18,1,0.6793269
1-731100012,2,18,1,0.6916217
1-731100012,3,18,1,0.72336805
1-731100012,4,18,1,0.70828736
1-731100012,5,18,1,0.7136338
1-731100012,6,18,1,0.77074116
1-731100012,7,18,1,0.7702401
1-731100012,8,18,1,0.7641102
1-731100012,9,18,1,0.69994146
1-731100012,10,18,1,0.70018125
1-731100012,11,18,1,0.6979192
1-731100012,12,18,1,0.70213443
1-731123267,1,9,1,0.8301983
1-731123267,2,9,1,0.82687044
1-731123267,3,9,1,0.81964433
1-731123267,4,9,1,0.8787985
1-731123267,5,9,1,0.86309993
1-731123267,6,9,1,0.8628602
1-731123267,7,9,1,0.8618337
1-731123267,8,9,1,0.8605169
1-731123267,9,9,1,0.86018664
1-731330695,1,5,1,0.9098498
1-731330695,2,5,1,0.9126631
1-731330695,3,5,1,0.9215601
1-731330695,4,5,1,0.9291202
1-731330695,5,5,1,0.9284544
1-731333810,1,13,1,0.8499079
1-731333810,2,13,1,0.8510981
1-731333810,3,13,1,0.879444
1-731333810,4,13,1,0.8832018
1-731333810,5,13,1,0.88418454
1-731333810,6,13,1,0.88418454
1-731333810,7,13,1,0.8841819
1-731333810,8,13,1,0.88667893
1-731333810,9,13,1,0.88639396
1-731333810,10,13,1,0.88667893
1-731333810,11,13,1,0.8345429
1-731333810,12,13,1,0.7425689
1-731336210,1,4,1,0.882649
1-731336210,2,4,1,0.90505546
1-731336210,3,4,1,0.9197075
1-731336210,4,4,1,0.82989615
1-731342385,1,4,0,0.7741159
1-731342385,2,4,0,0.7947926
1-731342385,3,4,0,0.8026047
1-731342385,4,4,0,0.5971352
1-731439441,1,25,0,0.7637657
1-731439441,2,25,0,0.7654504
1-731439441,3,25,0,0.83875656
1-731439441,4,25,0,0.8396991
1-731439441,5,25,0,0.8421931
1-731439441,6,25,0,0.75425196
1-731439441,7,25,0,0.7685443
1-731439441,8,25,0,0.76803994
1-731439441,9,25,0,0.7674232
1-731439441,10,25,0,0.76991165
1-731439441,11,25,0,0.7704132
1-731439441,12,25,0,0.76991165
1-731766006,1,51,1,0.8448485
1-731766006,2,51,1,0.84906787
1-731766006,3,51,1,0.87685806
1-731766006,4,51,1,0.85560673
1-731766006,5,51,1,0.8784151
1-731766006,6,51,1,0.8832109
1-731766006,7,51,1,0.885128
1-731766006,8,51,1,0.8827729
1-731766006,9,51,1,0.88483083
1-731766006,10,51,1,0.8662701
1-731766006,11,51,1,0.866598
1-731766006,12,51,1,0.75086147
1-731814081,1,12,0,0.8187944
1-731814081,2,12,0,0.8175291
1-731814081,3,12,0,0.82780635
1-731814081,4,12,0,0.85563546
1-731814081,5,12,0,0.85822415
1-731814081,6,12,0,0.86004806
1-731814081,7,12,0,0.8556588
1-731814081,8,12,0,0.84788656
1-731814081,9,12,0,0.8495615
1-731814081,10,12,0,0.84982026
1-731814081,11,12,0,0.6340188
1-731814081,12,12,0,0.54378146
1-731816225,1,5,1,0.72039753
1-731816225,2,5,1,0.7196308
1-731816225,3,5,1,0.7155847
1-731816225,4,5,1,0.7157195
1-731816225,5,5,1,0.6093103
1-731829921,1,9,1,0.80811524
1-731829921,2,9,1,0.83093804
1-731829921,3,9,1,0.840051
1-731829921,4,9,1,0.83809346
1-731829921,5,9,1,0.83809346
1-731829921,6,9,1,0.8379497
1-731829921,7,9,1,0.8253431
1-731829921,8,9,1,0.82620716
1-731829921,9,9,1,0.97328275
1-731829961,1,9,1,0.81799304
1-731829961,2,9,1,0.8345551
1-731829961,3,9,1,0.8386542
1-731829961,4,9,1,0.84431034
1-731829961,5,9,1,0.8378755
1-731829961,6,9,1,0.83727074
1-731829961,7,9,1,0.97327536
1-731829961,8,9,1,0.97332126
1-731829961,9,9,1,0.9758674
1-731830101,1,7,1,0.81632406
1-731830101,2,7,1,0.83252525
1-731830101,3,7,1,0.84135574
1-731830101,4,7,1,0.8425048
1-731830101,5,7,1,0.8384591
1-731830101,6,7,1,0.8378561
1-731830101,7,7,1,0.9723352
1-731861414,1,5,1,0.8396512
1-731861414,2,5,1,0.84247077
1-731861414,3,5,1,0.86810786
1-731861414,4,5,1,0.8711801
1-731861414,5,5,1,0.8722495
1-731868931,1,9,1,0.81933635
1-731868931,2,9,1,0.8345213
1-731868931,3,9,1,0.84326625
1-731868931,4,9,1,0.84431034
1-731868931,5,9,1,0.8378755
1-731868931,6,9,1,0.83727074
1-731868931,7,9,1,0.9723771
1-731868931,8,9,1,0.97267747
1-731868931,9,9,1,0.9727973
1-731869271,1,17,1,0.81192917
1-731869271,2,17,1,0.84177315
1-731869271,3,17,1,0.8413585
1-731869271,4,17,1,0.8444181
1-731869271,5,17,1,0.53036326
1-731869271,6,17,1,0.5366122
1-731869271,7,17,1,0.8007166
1-731869271,8,17,1,0.8011683
1-731869271,9,17,1,0.8007166
1-731869271,10,17,1,0.8011683
1-731869271,11,17,1,0.82577574
1-731869271,12,17,1,0.82527214
1-731869451,1,10,1,0.8396384
1-731869451,2,10,1,0.85997754
1-731869451,3,10,1,0.865709
1-731869451,4,10,1,0.67709863
1-731869451,5,10,1,0.69709253
1-731869451,6,10,1,0.5792887
1-731869451,7,10,1,0.5775204
1-731869451,8,10,1,0.96531683
1-731869451,9,10,1,0.9657909
1-731869451,10,10,1,0.9657909
1-731886981,1,5,1,0.8517886
1-731886981,2,5,1,0.83463097
1-731886981,3,5,1,0.8569421
1-731886981,4,5,1,0.85815907
1-731886981,5,5,1,0.84993935
1-731966140,1,16,1,0.7846082
1-731966140,2,16,1,0.7835847
1-731966140,3,16,1,0.47629324
1-731966140,4,16,1,0.47946036
1-731966140,5,16,1,0.65308034
1-731966140,6,16,1,0.6581429
1-731966140,7,16,1,0.70789737
1-731966140,8,16,1,0.7054658
1-731966140,9,16,1,0.6811138
1-731966140,10,16,1,0.6861705
1-731966140,11,16,1,0.6784643
1-731966140,12,16,1,0.6835435
1-732030201,1,4,1,0.825664
1-732030201,2,4,1,0.8086532
1-732030201,3,4,1,0.80170405
1-732030201,4,4,1,0.78633577
1-732088178,1,27,0,0.78126466
1-732088178,2,27,0,0.779151
1-732088178,3,27,0,0.7969207
1-732088178,4,27,0,0.77502775
1-732088178,5,27,0,0.77552134
1-732088178,6,27,0,0.77502775
1-732088178,7,27,0,0.7815296
1-732088178,8,27,0,0.7810455
1-732088178,9,27,0,0.81296307
1-732088178,10,27,0,0.81296307
1-732088178,11,27,0,0.8340748
1-732088178,12,27,0,0.8363705
1-732124409,1,12,0,0.6162484
1-732124409,2,12,0,0.60850555
1-732124409,3,12,0,0.49643102
1-732124409,4,12,0,0.48190045
1-732124409,5,12,0,0.47973293
1-732124409,6,12,0,0.3967706
1-732124409,7,12,0,0.68413705
1-732124409,8,12,0,0.74654627
1-732124409,9,12,0,0.49522662
1-732124409,10,12,0,0.4291378
1-732124409,11,12,0,0.43219066
1-732124409,12,12,0,0.48280376
1-732193663,1,7,1,0.9280955
1-732193663,2,7,1,0.92861104
1-732193663,3,7,1,0.9356849
1-732193663,4,7,1,0.9335976
1-732193663,5,7,1,0.9340852
1-732193663,6,7,1,0.9346206
1-732193663,7,7,1,0.93479353
1-732203933,1,7,1,0.9263451
1-732203933,2,7,1,0.9261222
1-732203933,3,7,1,0.9411525
1-732203933,4,7,1,0.9376365
1-732203933,5,7,1,0.9382819
1-732203933,6,7,1,0.9373863
1-732203933,7,7,1,0.9380342
1-732211941,1,12,1,0.75548726
1-732211941,2,12,1,0.7338335
1-732211941,3,12,1,0.74445873
1-732211941,4,12,1,0.7417126
1-732211941,5,12,1,0.8511087
1-732211941,6,12,1,0.8624929
1-732211941,7,12,1,0.8084885
1-732211941,8,12,1,0.8031038
1-732211941,9,12,1,0.7646523
1-732211941,10,12,1,0.7514149
1-732211941,11,12,1,0.75699264
1-732211941,12,12,1,0.7425671
1-732261521,1,6,1,0.87075686
1-732261521,2,6,1,0.8485186
1-732261521,3,6,1,0.8603802
1-732261521,4,6,1,0.8875767
1-732261521,5,6,1,0.8701095
1-732261521,6,6,1,0.8669095
1-732279953,1,10,1,0.57916963
1-732279953,2,10,1,0.571574
1-732279953,3,10,1,0.556707
1-732279953,4,10,1,0.52031547
1-732279953,5,10,1,0.5234365
1-732279953,6,10,1,0.67881924
1-732279953,7,10,1,0.52361065
1-732279953,8,10,1,0.4848095
1-732279953,9,10,1,0.9128676
1-732279953,10,10,1,0.92087907
1-732289131,1,30,1,0.77231336
1-732289131,2,30,1,0.7807594
1-732289131,3,30,1,0.80655533
1-732289131,4,30,1,0.7956477
1-732289131,5,30,1,0.81084794
1-732289131,6,30,1,0.80260444
1-732289131,7,30,1,0.7958763
1-732289131,8,30,1,0.7851054
1-732289131,9,30,1,0.7855831
1-732289131,10,30,1,0.78692544
1-732289131,11,30,1,0.7874002
1-732289131,12,30,1,0.82749116
1-732316871,1,23,1,0.8600601
1-732316871,2,23,1,0.8592538
1-732316871,3,23,1,0.870423
1-732316871,4,23,1,0.8726623
1-732316871,5,23,1,0.8756635
1-732316871,6,23,1,0.8187059
1-732316871,7,23,1,0.80891633
1-732316871,8,23,1,0.8310702
1-732316871,9,23,1,0.8485544
1-732316871,10,23,1,0.85347795
1-732316871,11,23,1,0.8506814
1-732316871,12,23,1,0.8501145
1-732325815,1,5,0,0.8463949
1-732325815,2,5,0,0.8463949
1-732325815,3,5,0,0.85131747
1-732325815,4,5,0,0.8482831
1-732325815,5,5,0,0.8506816
1-732361737,1,21,1,0.9107722
1-732361737,2,21,1,0.9106389
1-732361737,3,21,1,0.92088836
1-732361737,4,21,1,0.9228614
1-732361737,5,21,1,0.917573
1-732361737,6,21,1,0.91398287
1-732361737,7,21,1,0.917573
1-732361737,8,21,1,0.9204051
1-732361737,9,21,1,0.9218889
1-732361737,10,21,1,0.92268395
1-732361737,11,21,1,0.92186904
1-732361737,12,21,1,0.921655
1-732394151,1,4,1,0.8838321
1-732394151,2,4,1,0.91212744
1-732394151,3,4,1,0.92575353
1-732394151,4,4,1,0.9194616
1-732855871,1,6,1,0.86285895
1-732855871,2,6,1,0.8624083
1-732855871,3,6,1,0.85115236
1-732855871,4,6,1,0.84915066
1-732855871,5,6,1,0.84796584
1-732855871,6,6,1,0.8498987
1-732892273,1,10,1,0.8529369
1-732892273,2,10,1,0.85285085
1-732892273,3,10,1,0.8807643
1-732892273,4,10,1,0.89007616
1-732892273,5,10,1,0.89051336
1-732892273,6,10,1,0.8745158
1-732892273,7,10,1,0.87271655
1-732892273,8,10,1,0.97147524
1-732892273,9,10,1,0.9715063
1-732892273,10,10,1,0.97288936
1-732943705,1,12,1,0.92993975
1-732943705,2,12,1,0.9291705
1-732943705,3,12,1,0.9337412
1-732943705,4,12,1,0.9330014
1-732943705,5,12,1,0.7609884
1-732943705,6,12,1,0.7286646
1-732943705,7,12,1,0.8198328
1-732943705,8,12,1,0.81510806
1-732943705,9,12,1,0.8160631
1-732943705,10,12,1,0.968033
1-732943705,11,12,1,0.967639
1-732943705,12,12,1,0.9675904
1-733001687,1,6,0,0.9292522
1-733001687,2,6,0,0.92903745
1-733001687,3,6,0,0.93690574
1-733001687,4,6,0,0.9387137
1-733001687,5,6,0,0.93857026
1-733001687,6,6,0,0.9350761
1-733055291,1,7,1,0.8499527
1-733055291,2,7,1,0.84894824
1-733055291,3,7,1,0.8760101
1-733055291,4,7,1,0.8653221
1-733055291,5,7,1,0.86080027
1-733055291,6,7,1,0.8634008
1-733055291,7,7,1,0.8654536
1-733076472,1,12,1,0.8863874
1-733076472,2,12,1,0.8844417
1-733076472,3,12,1,0.8875752
1-733076472,4,12,1,0.8800385
1-733076472,5,12,1,0.88336796
1-733076472,6,12,1,0.8978854
1-733076472,7,12,1,0.89909023
1-733076472,8,12,1,0.8796291
1-733076472,9,12,1,0.9733224
1-733076472,10,12,1,0.9745107
1-733076472,11,12,1,0.97421706
1-733076472,12,12,1,0.9741944
1-733078101,1,5,1,0.9186351
1-733078101,2,5,1,0.9171793
1-733078101,3,5,1,0.77838004
1-733078101,4,5,1,0.9261035
1-733078101,5,5,1,0.9268017
1-733096851,1,8,1,0.9236447
1-733096851,2,8,1,0.92421514
1-733096851,3,8,1,0.9383958
1-733096851,4,8,1,0.93921655
1-733096851,5,8,1,0.9364121
1-733096851,6,8,1,0.9379629
1-733096851,7,8,1,0.93744075
1-733096851,8,8,1,0.9406185
1-733178699,1,14,1,0.8460763
1-733178699,2,14,1,0.84461755
1-733178699,3,14,1,0.8756282
1-733178699,4,14,1,0.8504969
1-733178699,5,14,1,0.8789433
1-733178699,6,14,1,0.8894048
1-733178699,7,14,1,0.8766066
1-733178699,8,14,1,0.8793728
1-733178699,9,14,1,0.8776758
1-733178699,10,14,1,0.8766233
1-733178699,11,14,1,0.87623346
1-733178699,12,14,1,0.8730089
1-733240337,1,19,0,0.85915387
1-733240337,2,19,0,0.8588048
1-733240337,3,19,0,0.85842115
1-733240337,4,19,0,0.8562081
1-733240337,5,19,0,0.87554216
1-733240337,6,19,0,0.89776313
1-733240337,7,19,0,0.896304
1-733240337,8,19,0,0.87382865
1-733240337,9,19,0,0.87580276
1-733240337,10,19,0,0.75563157
1-733240337,11,19,0,0.76404464
1-733240337,12,19,0,0.78310573
1-733244535,1,13,1,0.8601247
1-733244535,2,13,1,0.8601247
1-733244535,3,13,1,0.88393885
1-733244535,4,13,1,0.8805268
1-733244535,5,13,1,0.87624776
1-733244535,6,13,1,0.87372434
1-733244535,7,13,1,0.87739915
1-733244535,8,13,1,0.833524
1-733244535,9,13,1,0.84527594
1-733244535,10,13,1,0.8446884
1-733244535,11,13,1,0.8411482
1-733244535,12,13,1,0.84054804
1-733252314,1,5,1,0.9299621
1-733252314,2,5,1,0.93477756
1-733252314,3,5,1,0.94007957
1-733252314,4,5,1,0.93983173
1-733252314,5,5,1,0.93697333
1-733252403,1,6,1,0.7125473
1-733252403,2,6,1,0.7204866
1-733252403,3,6,1,0.7877776
1-733252403,4,6,1,0.7513756
1-733252403,5,6,1,0.77576447
1-733252403,6,6,1,0.8012536
1-733265984,1,8,1,0.79419035
1-733265984,2,8,1,0.79775566
1-733265984,3,8,1,0.825757
1-733265984,4,8,1,0.6878821
1-733265984,5,8,1,0.7348805
1-733265984,6,8,1,0.8716733
1-733265984,7,8,1,0.87698215
1-733265984,8,8,1,0.78980315
1-733271357,1,17,1,0.7984768
1-733271357,2,17,1,0.80471116
1-733271357,3,17,1,0.81176585
1-733271357,4,17,1,0.82529074
1-733271357,5,17,1,0.8770458
1-733271357,6,17,1,0.873687
1-733271357,7,17,1,0.85491127
1-733271357,8,17,1,0.8565881
1-733271357,9,17,1,0.97349316
1-733271357,10,17,1,0.9733157
1-733271357,11,17,1,0.9729797
1-733271357,12,17,1,0.9730429
1-733350311,1,4,1,0.6939412
1-733350311,2,4,1,0.6945125
1-733350311,3,4,1,0.96994215
1-733350311,4,4,1,0.9692597
1-733389423,1,5,1,0.17866743
1-733389423,2,5,1,0.18155411
1-733389423,3,5,1,0.53913873
1-733389423,4,5,1,0.49700686
1-733389423,5,5,1,0.49949482
1-733414248,1,15,1,0.8468428
1-733414248,2,15,1,0.84934014
1-733414248,3,15,1,0.8740395
1-733414248,4,15,1,0.87562716
1-733414248,5,15,1,0.87380093
1-733414248,6,15,1,0.88004845
1-733414248,7,15,1,0.8813001
1-733414248,8,15,1,0.88070464
1-733414248,9,15,1,0.8771887
1-733414248,10,15,1,0.87910336
1-733414248,11,15,1,0.87680185
1-733414248,12,15,1,0.86591643
1-733456610,1,4,1,0.8544455
1-733456610,2,4,1,0.8545432
1-733456610,3,4,1,0.860115
1-733456610,4,4,1,0.97133
1-733478032,1,5,1,0.73133796
1-733478032,2,5,1,0.73790026
1-733478032,3,5,1,0.7511411
1-733478032,4,5,1,0.75774145
1-733478032,5,5,1,0.7591962
1-733482558,1,9,1,0.6381233
1-733482558,2,9,1,0.6448806
1-733482558,3,9,1,0.6552093
1-733482558,4,9,1,0.6090504
1-733482558,5,9,1,0.55609834
1-733482558,6,9,1,0.5675338
1-733482558,7,9,1,0.7335381
1-733482558,8,9,1,0.74606985
1-733482558,9,9,1,0.69323117
1-733539596,1,24,1,0.81246454
1-733539596,2,24,1,0.81126475
1-733539596,3,24,1,0.84530765
1-733539596,4,24,1,0.86847275
1-733539596,5,24,1,0.8459367
1-733539596,6,24,1,0.80767775
1-733539596,7,24,1,0.8233824
1-733539596,8,24,1,0.8399059
1-733539596,9,24,1,0.86723626
1-733539596,10,24,1,0.86907893
1-733539596,11,24,1,0.8665172
1-733539596,12,24,1,0.8683469
1-733556566,1,6,1,0.84748346
1-733556566,2,6,1,0.85382617
1-733556566,3,6,1,0.87983745
1-733556566,4,6,1,0.86135614
1-733556566,5,6,1,0.86166024
1-733556566,6,6,1,0.8649803
1-733566832,1,4,0,0.7927373
1-733566832,2,4,0,0.7934288
1-733566832,3,4,0,0.81002176
1-733566832,4,4,0,0.53111464
1-734665561,1,17,1,0.7835315
1-734665561,2,17,1,0.7942377
1-734665561,3,17,1,0.7989838
1-734665561,4,17,1,0.7974958
1-734665561,5,17,1,0.8062622
1-734665561,6,17,1,0.8615897
1-734665561,7,17,1,0.85908633
1-734665561,8,17,1,0.7760651
1-734665561,9,17,1,0.7858539
1-734665561,10,17,1,0.840125
1-734665561,11,17,1,0.8406812
1-734665561,12,17,1,0.712513
1-734668082,1,5,0,0.8683301
1-734668082,2,5,0,0.8666784
1-734668082,3,5,0,0.8815732
1-734668082,4,5,0,0.83212763
1-734668082,5,5,0,0.82789403
1-734673191,1,23,1,0.8790811
1-734673191,2,23,1,0.8411724
1-734673191,3,23,1,0.84792733
1-734673191,4,23,1,0.8459685
1-734673191,5,23,1,0.86168927
1-734673191,6,23,1,0.8907424
1-734673191,7,23,1,0.89287275
1-734673191,8,23,1,0.7610552
1-734673191,9,23,1,0.7599832
1-734673191,10,23,1,0.8121587
1-734673191,11,23,1,0.809661
1-734673191,12,23,1,0.8106385
1-734673481,1,13,1,0.8538145
1-734673481,2,13,1,0.8619333
1-734673481,3,13,1,0.8678861
1-734673481,4,13,1,0.6999702
1-734673481,5,13,1,0.7166471
1-734673481,6,13,1,0.87085307
1-734673481,7,13,1,0.87449235
1-734673481,8,13,1,0.9724673
1-734673481,9,13,1,0.97263914
1-734673481,10,13,1,0.97263914
1-734673481,11,13,1,0.97263914
1-734673481,12,13,1,0.97275925
1-734678351,1,7,1,0.78380686
1-734678351,2,7,1,0.7866457
1-734678351,3,7,1,0.8093915
1-734678351,4,7,1,0.8078956
1-734678351,5,7,1,0.9708044
1-734678351,6,7,1,0.9715958
1-734678351,7,7,1,0.9721204
1-734697476,1,9,1,0.82364947
1-734697476,2,9,1,0.8224107
1-734697476,3,9,1,0.8572135
1-734697476,4,9,1,0.85425603
1-734697476,5,9,1,0.8496685
1-734697476,6,9,1,0.8491252
1-734697476,7,9,1,0.8506129
1-734697476,8,9,1,0.9722792
1-734697476,9,9,1,0.97193277
1-734721812,1,16,1,0.8582299
1-734721812,2,16,1,0.8566276
1-734721812,3,16,1,0.87683696
1-734721812,4,16,1,0.87852186
1-734721812,5,16,1,0.8817
1-734721812,6,16,1,0.88016194
1-734721812,7,16,1,0.8818745
1-734721812,8,16,1,0.82699287
1-734721812,9,16,1,0.830329
1-734721812,10,16,1,0.7404254
1-734721812,11,16,1,0.7313386
1-734721812,12,16,1,0.72219306
1-734734357,1,7,0,0.92941296
1-734734357,2,7,0,0.9299198
1-734734357,3,7,0,0.93860334
1-734734357,4,7,0,0.9413071
1-734734357,5,7,0,0.94312495
1-734734357,6,7,0,0.9413071
1-734734357,7,7,0,0.94111925
1-734796269,1,3,1,0.78822553
1-734796269,2,3,1,0.79304945
1-734796269,3,3,1,0.97383696
1-734802554,1,24,1,0.85082155
1-734802554,2,24,1,0.8537243
1-734802554,3,24,1,0.86387944
1-734802554,4,24,1,0.86217046
1-734802554,5,24,1,0.8687798
1-734802554,6,24,1,0.8112745
1-734802554,7,24,1,0.81774944
1-734802554,8,24,1,0.9672414
1-734802554,9,24,1,0.9669397
1-734802554,10,24,1,0.96535623
1-734802554,11,24,1,0.96479225
1-734802554,12,24,1,0.96445304
1-734811377,1,6,1,0.8558093
1-734811377,2,6,1,0.864846
1-734811377,3,6,1,0.8754091
1-734811377,4,6,1,0.87044996
1-734811377,5,6,1,0.843578
1-734811377,6,6,1,0.8440643
1-734812451,1,13,1,0.91309196
1-734812451,2,13,1,0.89230514
1-734812451,3,13,1,0.8977241
1-734812451,4,13,1,0.75171167
1-734812451,5,13,1,0.7690662
1-734812451,6,13,1,0.79157245
1-734812451,7,13,1,0.6505301
1-734812451,8,13,1,0.6421608
1-734812451,9,13,1,0.64558065
1-734812451,10,13,1,0.64558065
1-734812451,11,13,1,0.64558065
1-734812451,12,13,1,0.8777222
1-734826334,1,10,1,0.92927456
1-734826334,2,10,1,0.93214273
1-734826334,3,10,1,0.9427236
1-734826334,4,10,1,0.9451267
1-734826334,5,10,1,0.9463917
1-734826334,6,10,1,0.9452058
1-734826334,7,10,1,0.9461348
1-734826334,8,10,1,0.87394077
1-734826334,9,10,1,0.8768628
1-734826334,10,10,1,0.850212
1-734867990,1,16,0,0.28681275
1-734867990,2,16,0,0.26396066
1-734867990,3,16,0,0.1849797
1-734867990,4,16,0,0.17186375
1-734867990,5,16,0,0.44588134
1-734867990,6,16,0,0.5271047
1-734867990,7,16,0,0.24614015
1-734867990,8,16,0,0.26890507
1-734867990,9,16,0,0.32373685
1-734867990,10,16,0,0.32110083
1-734867990,11,16,0,0.30875418
1-734867990,12,16,0,0.32536274
1-734870379,1,15,1,0.7337706
1-734870379,2,15,1,0.7357453
1-734870379,3,15,1,0.76227945
1-734870379,4,15,1,0.8414852
1-734870379,5,15,1,0.83474755
1-734870379,6,15,1,0.82972324
1-734870379,7,15,1,0.827912
1-734870379,8,15,1,0.83555317
1-734870379,9,15,1,0.83246374
1-734870379,10,15,1,0.829316
1-734870379,11,15,1,0.84582764
1-734870379,12,15,1,0.8491431
1-734895721,1,24,1,0.740752
1-734895721,2,24,1,0.746737
1-734895721,3,24,1,0.75380886
1-734895721,4,24,1,0.72486854
1-734895721,5,24,1,0.737241
1-734895721,6,24,1,0.73335576
1-734895721,7,24,1,0.744804
1-734895721,8,24,1,0.6981904
1-734895721,9,24,1,0.65754694
1-734895721,10,24,1,0.6746371
1-734895721,11,24,1,0.7421669
1-734895721,12,24,1,0.75293165
1-734903069,1,5,1,0.9335701
1-734903069,2,5,1,0.936487
1-734903069,3,5,1,0.9404851
1-734903069,4,5,1,0.940626
1-734903069,5,5,1,0.94221437
1-734968581,1,6,1,0.8790853
1-734968581,2,6,1,0.8794385
1-734968581,3,6,1,0.88646317
1-734968581,4,6,1,0.8491295
1-734968581,5,6,1,0.8539745
1-734968581,6,6,1,0.7899601
1-735030751,1,5,1,0.8050189
1-735030751,2,5,1,0.8001267
1-735030751,3,5,1,0.77902126
1-735030751,4,5,1,0.81080717
1-735030751,5,5,1,0.8206635
1-735030780,1,6,1,0.5967628
1-735030780,2,6,1,0.592976
1-735030780,3,6,1,0.59925777
1-735030780,4,6,1,0.421385
1-735030780,5,6,1,0.9442598
1-735030780,6,6,1,0.95879495
1-735037660,1,8,1,0.5651887
1-735037660,2,8,1,0.5668815
1-735037660,3,8,1,0.5765174
1-735037660,4,8,1,0.73316014
1-735037660,5,8,1,0.791033
1-735037660,6,8,1,0.80546004
1-735037660,7,8,1,0.7678386
1-735037660,8,8,1,0.76730263
1-735063522,1,5,0,0.80025345
1-735063522,2,5,0,0.80477285
1-735063522,3,5,0,0.8083282
1-735063522,4,5,0,0.7439559
1-735063522,5,5,0,0.7795817
1-735071172,1,4,1,0.7859643
1-735071172,2,4,1,0.7918839
1-735071172,3,4,1,0.8116173
1-735071172,4,4,1,0.6716665
1-735071603,1,5,0,0.7435786
1-735071603,2,5,0,0.7472924
1-735071603,3,5,0,0.77503294
1-735071603,4,5,0,0.74531233
1-735071603,5,5,0,0.7422182
1-735078091,1,9,0,0.5091348
1-735078091,2,9,0,0.5086568
1-735078091,3,9,0,0.48700085
1-735078091,4,9,0,0.48803368
1-735078091,5,9,0,0.5589585
1-735078091,6,9,0,0.4869033
1-735078091,7,9,0,0.51458263
1-735078091,8,9,0,0.682493
1-735078091,9,9,0,0.26631722
1-735086266,1,6,1,0.4653549
1-735086266,2,6,1,0.46510676
1-735086266,3,6,1,0.4520519
1-735086266,4,6,1,0.34667754
1-735086266,5,6,1,0.35777083
1-735086266,6,6,1,0.38460234
1-735093723,1,35,1,0.2329996
1-735093723,2,35,1,0.24095762
1-735093723,3,35,1,0.204953
1-735093723,4,35,1,0.18836486
1-735093723,5,35,1,0.39198086
1-735093723,6,35,1,0.6137123
1-735093723,7,35,1,0.23672137
1-735093723,8,35,1,0.20438059
1-735093723,9,35,1,0.38569787
1-735093723,10,35,1,0.38910776
1-735093723,11,35,1,0.43723595
1-735093723,12,35,1,0.20911904
1-735126180,1,9,0,0.77396977
1-735126180,2,9,0,0.77799875
1-735126180,3,9,0,0.8202901
1-735126180,4,9,0,0.80361104
1-735126180,5,9,0,0.802439
1-735126180,6,9,0,0.7969029
1-735126180,7,9,0,0.7980275
1-735126180,8,9,0,0.79559934
1-735126180,9,9,0,0.86223257
1-735129927,1,6,1,0.74253017
1-735129927,2,6,1,0.7509588
1-735129927,3,6,1,0.77746534
1-735129927,4,6,1,0.78822064
1-735129927,5,6,1,0.78877974
1-735129927,6,6,1,0.8378415
1-735145461,1,13,1,0.6769543
1-735145461,2,13,1,0.67862403
1-735145461,3,13,1,0.6864303
1-735145461,4,13,1,0.69930965
1-735145461,5,13,1,0.670924
1-735145461,6,13,1,0.7164572
1-735145461,7,13,1,0.7075771
1-735145461,8,13,1,0.70200056
1-735145461,9,13,1,0.7515609
1-735145461,10,13,1,0.83129054
1-735145461,11,13,1,0.8357322
1-735145461,12,13,1,0.8054615
1-735171475,1,10,1,0.41109753
1-735171475,2,10,1,0.41499174
1-735171475,3,10,1,0.395484
1-735171475,4,10,1,0.35879892
1-735171475,5,10,1,0.43803617
1-735171475,6,10,1,0.4022472
1-735171475,7,10,1,0.39746517
1-735171475,8,10,1,0.962534
1-735171475,9,10,1,0.962534
1-735171475,10,10,1,0.9619811
1-735177767,1,5,1,0.8043878
1-735177767,2,5,1,0.80897236
1-735177767,3,5,1,0.8268245
1-735177767,4,5,1,0.7987731
1-735177767,5,5,1,0.8001137
1-735177798,1,5,1,0.8043878
1-735177798,2,5,1,0.80897236
1-735177798,3,5,1,0.8268245
1-735177798,4,5,1,0.7987731
1-735177798,5,5,1,0.8001137
1-735194105,1,8,1,0.71484655
1-735194105,2,8,1,0.77063453
1-735194105,3,8,1,0.6569027
1-735194105,4,8,1,0.6618753
1-735194105,5,8,1,0.6495381
1-735194105,6,8,1,0.65363944
1-735194105,7,8,1,0.65127194
1-735194105,8,8,1,0.626681
1-735231580,1,5,1,0.7523155
1-735231580,2,5,1,0.75700164
1-735231580,3,5,1,0.769206
1-735231580,4,5,1,0.68536836
1-735231580,5,5,1,0.7306483
1-735237150,1,3,1,0.79280454
1-735237150,2,3,1,0.796569
1-735237150,3,3,1,0.81755483
1-735262744,1,7,1,0.8534865
1-735262744,2,7,1,0.854574
1-735262744,3,7,1,0.85398287
1-735262744,4,7,1,0.5982396
1-735262744,5,7,1,0.6062389
1-735262744,6,7,1,0.5855594
1-735262744,7,7,1,0.5740487
1-735318871,1,3,0,0.63205427
1-735318871,2,3,0,0.63591653
1-735318871,3,3,0,0.6812045
1-735896953,1,12,1,0.8893881
1-735896953,2,12,1,0.88565475
1-735896953,3,12,1,0.9041434
1-735896953,4,12,1,0.81695235
1-735896953,5,12,1,0.7972168
1-735896953,6,12,1,0.68807906
1-735896953,7,12,1,0.6799868
1-735896953,8,12,1,0.6689803
1-735896953,9,12,1,0.69337416
1-735896953,10,12,1,0.669093
1-735896953,11,12,1,0.6869871
1-735896953,12,12,1,0.9673606
1-735918851,1,4,0,0.111047566
1-735918851,2,4,0,0.10707522
1-735918851,3,4,0,0.120421864
1-735918851,4,4,0,0.107492566
1-736304161,1,8,0,0.333753
1-736304161,2,8,0,0.33957767
1-736304161,3,8,0,0.32551354
1-736304161,4,8,0,0.31365114
1-736304161,5,8,0,0.42010656
1-736304161,6,8,0,0.39695153
1-736304161,7,8,0,0.4946945
1-736304161,8,8,0,0.6456956
1-736346269,1,13,1,0.40737823
1-736346269,2,13,1,0.4192874
1-736346269,3,13,1,0.41868818
1-736346269,4,13,1,0.5539188
1-736346269,5,13,1,0.50178874
1-736346269,6,13,1,0.6032522
1-736346269,7,13,1,0.5608261
1-736346269,8,13,1,0.5469145
1-736346269,9,13,1,0.55036396
1-736346269,10,13,1,0.5516112
1-736346269,11,13,1,0.56883675
1-736346269,12,13,1,0.5735993
1-736374689,1,5,0,0.5027677
1-736374689,2,5,0,0.50232255
1-736374689,3,5,0,0.5399644
1-736374689,4,5,0,0.4029548
1-736374689,5,5,0,0.5078066
1-736384831,1,3,1,0.55681
1-736384831,2,3,1,0.5814012
1-736384831,3,3,1,0.56475616
1-736384921,1,6,1,0.31284314
1-736384921,2,6,1,0.31484565
1-736384921,3,6,1,0.33884123
1-736384921,4,6,1,0.34756678
1-736384921,5,6,1,0.35803798
1-736384921,6,6,1,0.34242374
1-736440596,1,13,0,0.36189803
1-736440596,2,13,0,0.37490395
1-736440596,3,13,0,0.33363092
1-736440596,4,13,0,0.36639518
1-736440596,5,13,0,0.36122012
1-736440596,6,13,0,0.2563863
1-736440596,7,13,0,0.12326994
1-736440596,8,13,0,0.12415863
1-736440596,9,13,0,0.11206674
1-736440596,10,13,0,0.11068195
1-736440596,11,13,0,0.11567701
1-736440596,12,13,0,0.11191347
1-736444712,1,6,0,0.41431895
1-736444712,2,6,0,0.43143064
1-736444712,3,6,0,0.47485214
1-736444712,4,6,0,0.48931998
1-736444712,5,6,0,0.5170257
1-736444712,6,6,0,0.5111475
1-736491238,1,4,0,0.4930117
1-736491238,2,4,0,0.5120587
1-736491238,3,4,0,0.5221421
1-736491238,4,4,0,0.21491313
1-736499091,1,3,0,0.15360479
1-736499091,2,3,0,0.15140176
1-736499091,3,3,0,0.12057973
1-736552272,1,7,0,0.23332298
1-736552272,2,7,0,0.2331965
1-736552272,3,7,0,0.28313234
1-736552272,4,7,0,0.26940644
1-736552272,5,7,0,0.26378918
1-736552272,6,7,0,0.26793066
1-736552272,7,7,0,0.27084202
1-736570196,1,7,0,0.2932224
1-736570196,2,7,0,0.3093934
1-736570196,3,7,0,0.29718584
1-736570196,4,7,0,0.2637978
1-736570196,5,7,0,0.25473735
1-736570196,6,7,0,0.26965746
1-736570196,7,7,0,0.15339693
1-736602185,1,8,0,0.21719365
1-736602185,2,8,0,0.217059
1-736602185,3,8,0,0.21322629
1-736602185,4,8,0,0.25888357
1-736602185,5,8,0,0.2694155
1-736602185,6,8,0,0.27643007
1-736602185,7,8,0,0.29059333
1-736602185,8,8,0,0.27479622
1-736628141,1,10,0,0.2991268
1-736628141,2,10,0,0.3053513
1-736628141,3,10,0,0.27879632
1-736628141,4,10,0,0.26484826
1-736628141,5,10,0,0.30687454
1-736628141,6,10,0,0.20466876
1-736628141,7,10,0,0.34807375
1-736628141,8,10,0,0.32495043
1-736628141,9,10,0,0.3323412
1-736628141,10,10,0,0.5490086
1-736633861,1,2,0,0.112222634
1-736633861,2,2,0,0.113867976
1-736646274,1,10,1,0.17563984
1-736646274,2,10,1,0.18080723
1-736646274,3,10,1,0.2563443
1-736646274,4,10,1,0.27891323
1-736646274,5,10,1,0.24191561
1-736646274,6,10,1,0.17459092
1-736646274,7,10,1,0.18036695
1-736646274,8,10,1,0.16021377
1-736646274,9,10,1,0.2158306
1-736646274,10,10,1,0.21696684
1-736665050,1,6,1,0.18255869
1-736665050,2,6,1,0.1813147
1-736665050,3,6,1,0.2063068
1-736665050,4,6,1,0.44795683
1-736665050,5,6,1,0.7073581
1-736665050,6,6,1,0.68552494
1-736674351,1,3,0,0.13747025
1-736674351,2,3,0,0.10833806
1-736674351,3,3,0,0.11029212
1-736674741,1,4,0,0.13421878
1-736674741,2,4,0,0.14847185
1-736674741,3,4,0,0.17822954
1-736674741,4,4,0,0.16443942
1-736674761,1,5,0,0.12683275
1-736674761,2,5,0,0.11735526
1-736674761,3,5,0,0.13776699
1-736674761,4,5,0,0.2353285
1-736674761,5,5,0,0.23506066
1-736685322,1,5,0,0.15180627
1-736685322,2,5,0,0.15587631
1-736685322,3,5,0,0.17742655
1-736685322,4,5,0,0.19291109
1-736685322,5,5,0,0.19319569
1-736688781,1,3,0,0.14700918
1-736688781,2,3,0,0.15190017
1-736688781,3,3,0,0.18984856
1-736696291,1,2,0,0.16240816
1-736696291,2,2,0,0.16578034
1-736700836,1,8,0,0.16119643
1-736700836,2,8,0,0.16546915
1-736700836,3,8,0,0.18449286
1-736700836,4,8,0,0.17757343
1-736700836,5,8,0,0.17320353
1-736700836,6,8,0,0.15608452
1-736700836,7,8,0,0.1467032
1-736700836,8,8,0,0.14383543
1-736701710,1,2,0,0.14700918
1-736701710,2,2,0,0.15190017
1-736701726,1,3,0,0.14847848
1-736701726,2,3,0,0.15636298
1-736701726,3,3,0,0.19575514
1-736717361,1,2,0,0.11847727
1-736717361,2,2,0,0.11965866
1-736720489,1,8,0,0.08078428
1-736720489,2,8,0,0.08158205
1-736720489,3,8,0,0.089627065
1-736720489,4,8,0,0.13552941
1-736720489,5,8,0,0.1627151
1-736720489,6,8,0,0.16143079
1-736720489,7,8,0,0.12348115
1-736720489,8,8,0,0.13757831
1-736720598,1,7,0,0.12795943
1-736720598,2,7,0,0.12915759
1-736720598,3,7,0,0.14840712
1-736720598,4,7,0,0.18116125
1-736720598,5,7,0,0.2153395
1-736720598,6,7,0,0.2543364
1-736720598,7,7,0,0.270902
1-736726143,1,2,0,0.07696792
1-736726143,2,2,0,0.076931596
1-736726506,1,2,0,0.08510387
1-736726506,2,2,0,0.08343837
1-736726674,1,4,0,0.083617024
1-736726674,2,4,0,0.08444019
1-736726674,3,4,0,0.1072514
1-736726674,4,4,0,0.106083006
1-736726945,1,4,0,0.18040118
1-736726945,2,4,0,0.17961927
1-736726945,3,4,0,0.21960537
1-736726945,4,4,0,0.19270457
1-736727363,1,2,0,0.13247254
1-736727363,2,2,0,0.1359848
1-736727792,1,2,0,0.09141764
1-736727792,2,2,0,0.12600967
1-736771176,1,3,0,0.08518852
1-736771176,2,3,0,0.09800907
1-736771176,3,3,0,0.12777157
1-736773340,1,3,0,0.074561924
1-736773340,2,3,0,0.08955628
1-736773340,3,3,0,0.12671381
1-736773836,1,4,0,0.10679689
1-736773836,2,4,0,0.1262119
1-736773836,3,4,0,0.1445787
1-736773836,4,4,0,0.155386
1-737309288,1,2,0,0.099629775
1-737309288,2,2,0,0.10059327
1-737309366,1,2,0,0.08431442
1-737309366,2,2,0,0.08432031
1-737309490,1,10,0,0.09525852
1-737309490,2,10,0,0.09939184
1-737309490,3,10,0,0.10743026
1-737309490,4,10,0,0.1265785
1-737309490,5,10,0,0.14208993
1-737309490,6,10,0,0.1472757
1-737309490,7,10,0,0.14872794
1-737309490,8,10,0,0.14872794
1-737309490,9,10,0,0.19832985
1-737309490,10,10,0,0.15050715
1-737310100,1,2,0,0.0730593
1-737310100,2,2,0,0.088776946
1-737310146,1,2,0,0.060313847
1-737310146,2,2,0,0.07323513
1-737325828,1,3,0,0.06877634
1-737325828,2,3,0,0.07004121
1-737325828,3,3,0,0.09335927
1-737325862,1,2,0,0.08444452
1-737325862,2,2,0,0.110340044
1-737332540,1,6,0,0.09492182
1-737332540,2,6,0,0.0940276
1-737332540,3,6,0,0.12970519
1-737332540,4,6,0,0.11394689
1-737332540,5,6,0,0.12400557
1-737332540,6,6,0,0.11044527
1-737336461,1,4,0,0.14198565
1-737336461,2,4,0,0.14155671
1-737336461,3,4,0,0.16967365
1-737336461,4,4,0,0.18549918
1-737336647,1,2,0,0.14682205
1-737336647,2,2,0,0.146381
1-737337973,1,2,0,0.08340491
1-737337973,2,2,0,0.09833887
1-737345200,1,2,0,0.09200217
1-737345200,2,2,0,0.122598596
1-737346409,1,2,0,0.07381271
1-737346409,2,2,0,0.0858646
1-737349941,1,10,0,0.08746526
1-737349941,2,10,0,0.08746526
1-737349941,3,10,0,0.12634428
1-737349941,4,10,0,0.120763116
1-737349941,5,10,0,0.13069077
1-737349941,6,10,0,0.13058922
1-737349941,7,10,0,0.119975746
1-737349941,8,10,0,0.103349954
1-737349941,9,10,0,0.11349397
1-737349941,10,10,0,0.08985942
1-737354231,1,21,0,0.08647362
1-737354231,2,21,0,0.08647362
1-737354231,3,21,0,0.11821857
1-737354231,4,21,0,0.10982489
1-737354231,5,21,0,0.12319759
1-737354231,6,21,0,0.11519917
1-737354231,7,21,0,0.10321018
1-737354231,8,21,0,0.091433905
1-737354231,9,21,0,0.09834578
1-737354231,10,21,0,0.088756114
1-737354231,11,21,0,0.09789473
1-737354231,12,21,0,0.116549894
1-737356862,1,2,0,0.07672069
1-737356862,2,2,0,0.07672069
1-737357037,1,2,0,0.088627644
1-737357037,2,2,0,0.089495316
1-737363375,1,10,0,0.081938684
1-737363375,2,10,0,0.08553839
1-737363375,3,10,0,0.1055047
1-737363375,4,10,0,0.10982489
1-737363375,5,10,0,0.12319759
1-737363375,6,10,0,0.11519917
1-737363375,7,10,0,0.10321018
1-737363375,8,10,0,0.09230888
1-737363375,9,10,0,0.09927968
1-737363375,10,10,0,0.08986493
1-737366051,1,10,0,0.08647362
1-737366051,2,10,0,0.08647362
1-737366051,3,10,0,0.11460067
1-737366051,4,10,0,0.10982489
1-737366051,5,10,0,0.12319759
1-737366051,6,10,0,0.11519917
1-737366051,7,10,0,0.10321018
1-737366051,8,10,0,0.091433905
1-737366051,9,10,0,0.09834578
1-737366051,10,10,0,0.088756114
1-737370121,1,11,0,0.08647362
1-737370121,2,11,0,0.081938684
1-737370121,3,11,0,0.114214756
1-737370121,4,11,0,0.10982489
1-737370121,5,11,0,0.12319759
1-737370121,6,11,0,0.12319759
1-737370121,7,11,0,0.11519917
1-737370121,8,11,0,0.10321018
1-737370121,9,11,0,0.09224474
1-737370121,10,11,0,0.09834578
1-737370121,11,11,0,0.088756114
1-737374965,1,2,0,0.081120014
1-737374965,2,2,0,0.081125684
1-737375185,1,2,0,0.086169854
1-737375185,2,2,0,0.086169854
1-737375500,1,9,1,0.08305298
1-737375500,2,9,1,0.08305298
1-737375500,3,9,1,0.1308817
1-737375500,4,9,1,0.13309945
1-737375500,5,9,1,0.13081434
1-737375500,6,9,1,0.1304717
1-737375500,7,9,1,0.6403593
1-737375500,8,9,1,0.973382
1-737375500,9,9,1,0.9746538
1-737378794,1,3,0,0.08947779
1-737378794,2,3,0,0.08947779
1-737378794,3,3,0,0.15983298
1-737378924,1,2,0,0.070309274
1-737378924,2,2,0,0.070309274
1-737380211,1,7,0,0.12683275
1-737380211,2,7,0,0.114598386
1-737380211,3,7,0,0.13486408
1-737380211,4,7,0,0.11326281
1-737380211,5,7,0,0.11408706
1-737380211,6,7,0,0.13279015
1-737380211,7,7,0,0.12861092
1-737380561,1,4,0,0.116554536
1-737380561,2,4,0,0.11058601
1-737380561,3,4,0,0.13820168
1-737380561,4,4,0,0.12463278
1-737380955,1,10,0,0.081938684
1-737380955,2,10,0,0.08412329
1-737380955,3,10,0,0.10490666
1-737380955,4,10,0,0.10982489
1-737380955,5,10,0,0.12319759
1-737380955,6,10,0,0.11519917
1-737380955,7,10,0,0.10321018
1-737380955,8,10,0,0.09230888
1-737380955,9,10,0,0.09927968
1-737380955,10,10,0,0.08986493
1-737385451,1,5,1,0.08545142
1-737385451,2,5,1,0.08992716
1-737385451,3,5,1,0.12240082
1-737385451,4,5,1,0.13201554
1-737385451,5,5,1,0.18028595
1-737390851,1,4,0,0.08486176
1-737390851,2,4,0,0.08486176
1-737390851,3,4,0,0.113985166
1-737390851,4,4,0,0.1641846
1-737393337,1,2,0,0.07075349
1-737393337,2,2,0,0.08109972
1-737398038,1,4,0,0.08583896
1-737398038,2,4,0,0.08500936
1-737398038,3,4,0,0.12284898
1-737398038,4,4,0,0.15685827
1-737413954,1,2,0,0.07034115
1-737413954,2,2,0,0.07954186
1-737414501,1,2,0,0.07819546
1-737414501,2,2,0,0.07819546
1-737422470,1,2,0,0.061086178
1-737422470,2,2,0,0.09942033
1-737422607,1,2,0,0.061086178
1-737422607,2,2,0,0.09132384
1-737422718,1,4,0,0.072701246
1-737422718,2,4,0,0.087864816
1-737422718,3,4,0,0.11569526
1-737422718,4,4,0,0.118174575
1-737461285,1,6,1,0.17646952
1-737461285,2,6,1,0.2026502
1-737461285,3,6,1,0.26169753
1-737461285,4,6,1,0.2448908
1-737461285,5,6,1,0.26151472
1-737461285,6,6,1,0.97436154
1-737462301,1,3,0,0.060656782
1-737462301,2,3,0,0.08721462
1-737462301,3,3,0,0.13678138
1-737462313,1,5,0,0.07211969
1-737462313,2,5,0,0.08251255
1-737462313,3,5,0,0.12184462
1-737462313,4,5,0,0.123416215
1-737462313,5,5,0,0.13874932
1-737462500,1,3,0,0.061795764
1-737462500,2,3,0,0.062412184
1-737462500,3,3,0,0.11936408
1-737462627,1,2,0,0.061795764
1-737462627,2,2,0,0.06975341
1-737464591,1,2,0,0.08033947
1-737464591,2,2,0,0.08033947
1-737464711,1,4,0,0.0791832
1-737464711,2,4,0,0.08332376
1-737464711,3,4,0,0.101300426
1-737464711,4,4,0,0.10817135
1-738144182,1,4,1,0.08407424
1-738144182,2,4,1,0.08494744
1-738144182,3,4,1,0.28077444
1-738144182,4,4,1,0.2737754
1-738144221,1,2,0,0.07819546
1-738144221,2,2,0,0.07819546
1-738148832,1,2,0,0.07976168
1-738148832,2,2,0,0.081364475
1-738149111,1,16,0,0.07855505
1-738149111,2,16,0,0.07855505
1-738149111,3,16,0,0.10924878
1-738149111,4,16,0,0.10065045
1-738149111,5,16,0,0.11952052
1-738149111,6,16,0,0.43782216
1-738149111,7,16,0,0.2885619
1-738149111,8,16,0,0.29067254
1-738149111,9,16,0,0.1976886
1-738149111,10,16,0,0.27557513
1-738149111,11,16,0,0.4267174
1-738149111,12,16,0,0.43504706
1-738149231,1,2,0,0.077198
1-738149231,2,2,0,0.0772239
1-738149767,1,6,0,0.07599553
1-738149767,2,6,0,0.09673912
1-738149767,3,6,0,0.15445445
1-738149767,4,6,0,0.13713095
1-738149767,5,6,0,0.15269037
1-738149767,6,6,0,0.13752186
1-738150646,1,2,0,0.07095291
1-738150646,2,2,0,0.60609597
1-738151944,1,2,0,0.08140196
1-738151944,2,2,0,0.08140196
1-738153300,1,2,0,0.08460366
1-738153300,2,2,0,0.08460366
1-738153421,1,2,0,0.07874585
1-738153421,2,2,0,0.07877223
1-738155863,1,4,0,0.090064384
1-738155863,2,4,0,0.10137047
1-738155863,3,4,0,0.11527794
1-738155863,4,4,0,0.13654402
1-738156778,1,11,0,0.13863066
1-738156778,2,11,0,0.12787284
1-738156778,3,11,0,0.24593405
1-738156778,4,11,0,0.17915231
1-738156778,5,11,0,0.27185413
1-738156778,6,11,0,0.21847741
1-738156778,7,11,0,0.16540408
1-738156778,8,11,0,0.15116777
1-738156778,9,11,0,0.16972853
1-738156778,10,11,0,0.15280543
1-738156778,11,11,0,0.17860486
1-738162803,1,2,0,0.08802316
1-738162803,2,2,0,0.08802316
1-738163471,1,2,0,0.07976168
1-738163471,2,2,0,0.07976168
1-738165006,1,2,0,0.07309937
1-738165006,2,2,0,0.07309937
1-738165181,1,16,0,0.084529996
1-738165181,2,16,0,0.0840143
1-738165181,3,16,0,0.12599266
1-738165181,4,16,0,0.11215676
1-738165181,5,16,0,0.13266303
1-738165181,6,16,0,0.119029164
1-738165181,7,16,0,0.15578453
1-738165181,8,16,0,0.1451205
1-738165181,9,16,0,0.16214381
1-738165181,10,16,0,0.14733775
1-738165181,11,16,0,0.17497678
1-738165181,12,16,0,0.14697982
1-738167144,1,2,0,0.07819546
1-738167144,2,2,0,0.07819546
1-738167982,1,2,0,0.10767107
1-738167982,2,2,0,0.10767107
1-738168816,1,8,0,0.07976168
1-738168816,2,8,0,0.07976168
1-738168816,3,8,0,0.17338726
1-738168816,4,8,0,0.13608152
1-738168816,5,8,0,0.108904414
1-738168816,6,8,0,0.14281802
1-738168816,7,8,0,0.15351306
1-738168816,8,8,0,0.1550018
1-738177301,1,3,1,0.0918893
1-738177301,2,3,1,0.09133316
1-738177301,3,3,1,0.15305176
1-738177380,1,2,0,0.08055882
1-738177380,2,2,0,0.08055882
1-738188156,1,2,0,0.07976168
1-738188156,2,2,0,0.07976168
1-738188295,1,6,0,0.07789497
1-738188295,2,6,0,0.07789497
1-738188295,3,6,0,0.10019343
1-738188295,4,6,0,0.09673881
1-738188295,5,6,0,0.10640637
1-738188295,6,6,0,0.097291455
1-738188867,1,2,0,0.08010219
1-738188867,2,2,0,0.08010219
1-738194676,1,2,0,0.07752847
1-738194676,2,2,0,0.07752847
1-738197417,1,4,0,0.055843942
1-738197417,2,4,0,0.061794512
1-738197417,3,4,0,0.08762369
1-738197417,4,4,0,0.08095498
1-738201900,1,2,0,0.08407424
1-738201900,2,2,0,0.08494744
1-738203539,1,2,0,0.13572696
1-738203539,2,2,0,0.13494493
1-738218067,1,6,0,0.08477119
1-738218067,2,6,0,0.08985238
1-738218067,3,6,0,0.1546857
1-738218067,4,6,0,0.18397237
1-738218067,5,6,0,0.42098245
1-738218067,6,6,0,0.49414492
1-738218371,1,4,0,0.17359892
1-738218371,2,4,0,0.17526874
1-738218371,3,4,0,0.21624175
1-738218371,4,4,0,0.25740123
1-738222760,1,4,0,0.079082385
1-738222760,2,4,0,0.079082385
1-738222760,3,4,0,0.10862017
1-738222760,4,4,0,0.12461403
1-738226230,1,2,0,0.07752847
1-738226230,2,2,0,0.07752847
1-738229444,1,3,0,0.09842239
1-738229444,2,3,0,0.09842239
1-738229444,3,3,0,0.15482245
1-738230273,1,2,0,0.07998657
1-738230273,2,2,0,0.08767025
1-738232764,1,6,0,0.11327502
1-738232764,2,6,0,0.11205661
1-738232764,3,6,0,0.0988966
1-738232764,4,6,0,0.10683177
1-738232764,5,6,0,0.121627726
1-738232764,6,6,0,0.106948
1-738233795,1,3,0,0.084816635
1-738233795,2,3,0,0.084816635
1-738233795,3,3,0,0.30109096
1-738238611,1,2,0,0.08092669
1-738238611,2,2,0,0.088190675
1-738241838,1,7,0,0.07943039
1-738241838,2,7,0,0.07943039
1-738241838,3,7,0,0.18449102
1-738241838,4,7,0,0.1504984
1-738241838,5,7,0,0.13098124
1-738241838,6,7,0,0.15002224
1-738241838,7,7,0,0.13098124
1-738263602,1,11,0,0.07946126
1-738263602,2,11,0,0.07946126
1-738263602,3,11,0,0.11867206
1-738263602,4,11,0,0.106831916
1-738263602,5,11,0,0.12002966
1-738263602,6,11,0,0.14517413
1-738263602,7,11,0,0.16112603
1-738263602,8,11,0,0.13293304
1-738263602,9,11,0,0.14925249
1-738263602,10,11,0,0.14818585
1-738263602,11,11,0,0.16445968
1-738271038,1,2,0,0.08010219
1-738271038,2,2,0,0.08010219
1-738273514,1,4,0,0.07624736
1-738273514,2,4,0,0.07624736
1-738273514,3,4,0,0.09851433
1-738273514,4,4,0,0.13355733
1-738273698,1,9,0,0.07570812
1-738273698,2,9,0,0.07573357
1-738273698,3,9,0,0.16068794
1-738273698,4,9,0,0.2037157
1-738273698,5,9,0,0.13671638
1-738273698,6,9,0,0.2155653
1-738273698,7,9,0,0.27800328
1-738273698,8,9,0,0.37441447
1-738273698,9,9,0,0.26830903
1-738274604,1,7,0,0.08595645
1-738274604,2,7,0,0.086042404
1-738274604,3,7,0,0.09582629
1-738274604,4,7,0,0.10163642
1-738274604,5,7,0,0.11366914
1-738274604,6,7,0,0.14918162
1-738274604,7,7,0,0.14246121
1-738279833,1,2,0,0.08023727
1-738279833,2,2,0,0.07918944
1-738281185,1,4,0,0.079110414
1-738281185,2,4,0,0.079110414
1-738281185,3,4,0,0.123920806
1-738281185,4,4,0,0.14937066
1-738286832,1,2,0,0.07946126
1-738286832,2,2,0,0.08309466
1-738303559,1,2,0,0.07920939
1-738303559,2,2,0,0.078723334
1-738304345,1,8,1,0.09022908
1-738304345,2,8,1,0.088811435
1-738304345,3,8,1,0.10777013
1-738304345,4,8,1,0.16443881
1-738304345,5,8,1,0.1806119
1-738304345,6,8,1,0.2791433
1-738304345,7,8,1,0.24582629
1-738304345,8,8,1,0.28059196
1-738317432,1,3,0,0.07258437
1-738317432,2,3,0,0.06208679
1-738317432,3,3,0,0.07528782
1-738328175,1,2,0,0.07913051
1-738328175,2,2,0,0.07913051
1-738331340,1,5,1,0.07690642
1-738331340,2,5,1,0.10826733
1-738331340,3,5,1,0.10646962
1-738331340,4,5,1,0.13749805
1-738331340,5,5,1,0.15506488
1-738337231,1,4,0,0.077880055
1-738337231,2,4,0,0.08792447
1-738337231,3,4,0,0.11655969
1-738337231,4,4,0,0.14227353
1-738337705,1,2,0,0.07666785
1-738337705,2,2,0,0.07666785
1-738339986,1,5,0,0.10546309
1-738339986,2,5,0,0.10546309
1-738339986,3,5,0,0.12673746
1-738339986,4,5,0,0.10904836
1-738339986,5,5,0,0.12564634
1-738342943,1,2,0,0.07570812
1-738342943,2,2,0,0.104235426
1-738347135,1,2,0,0.0817527
1-738347135,2,2,0,0.08053392
1-738350732,1,2,0,0.076686166
1-738350732,2,2,0,0.076686166
1-738366921,1,7,0,0.118631095
1-738366921,2,7,0,0.11738208
1-738366921,3,7,0,0.13556035
1-738366921,4,7,0,0.120999835
1-738366921,5,7,0,0.12893514
1-738366921,6,7,0,0.25306138
1-738366921,7,7,0,0.2145002
1-738366951,1,7,0,0.12207995
1-738366951,2,7,0,0.113918506
1-738366951,3,7,0,0.12862486
1-738366951,4,7,0,0.12088439
1-738366951,5,7,0,0.12382929
1-738366951,6,7,0,0.11416248
1-738366951,7,7,0,0.12414719
1-738367041,1,7,0,0.118858784
1-738367041,2,7,0,0.11016433
1-738367041,3,7,0,0.11138031
1-738367041,4,7,0,0.12322691
1-738367041,5,7,0,0.36212015
1-738367041,6,7,0,0.42809567
1-738367041,7,7,0,0.78631085
1-738367052,1,8,0,0.122575626
1-738367052,2,8,0,0.11831872
1-738367052,3,8,0,0.13295612
1-738367052,4,8,0,0.122061126
1-738367052,5,8,0,0.16130598
1-738367052,6,8,0,0.15337563
1-738367052,7,8,0,0.17251872
1-738367052,8,8,0,0.11326796
1-738367116,1,4,0,0.118911676
1-738367116,2,4,0,0.102625296
1-738367116,3,4,0,0.11357006
1-738367116,4,4,0,0.1062901
1-738367331,1,6,0,0.1269441
1-738367331,2,6,0,0.109326504
1-738367331,3,6,0,0.1176133
1-738367331,4,6,0,0.11231799
1-738367331,5,6,0,0.12588859
1-738367331,6,6,0,0.12205205
1-738370200,1,2,0,0.0817527
1-738370200,2,2,0,0.08339188
1-738373275,1,2,0,0.07678087
1-738373275,2,2,0,0.09853542
1-738374940,1,11,0,0.08418342
1-738374940,2,11,0,0.08191288
1-738374940,3,11,0,0.13759911
1-738374940,4,11,0,0.12463326
1-738374940,5,11,0,0.13257016
1-738374940,6,11,0,0.12941685
1-738374940,7,11,0,0.12046627
1-738374940,8,11,0,0.12795775
1-738374940,9,11,0,0.12064587
1-738374940,10,11,0,0.12761304
1-738374940,11,11,0,0.12949376
1-738375594,1,2,0,0.07676072
1-738375594,2,2,0,0.07676072
1-738378721,1,2,0,0.076686166
1-738378721,2,2,0,0.076686166
1-738378749,1,2,0,0.076686166
1-738378749,2,2,0,0.087816566
1-738387944,1,8,0,0.06277276
1-738387944,2,8,0,0.06306511
1-738387944,3,8,0,0.082584664
1-738387944,4,8,0,0.074082196
1-738387944,5,8,0,0.084510334
1-738387944,6,8,0,0.096936844
1-738387944,7,8,0,0.119380526
1-738387944,8,8,0,0.10109213
1-738388399,1,6,0,0.077021
1-738388399,2,6,0,0.077021
1-738388399,3,6,0,0.10223707
1-738388399,4,6,0,0.10044515
1-738388399,5,6,0,0.122993164
1-738388399,6,6,0,0.11254866
1-738392288,1,2,0,0.07676072
1-738392288,2,2,0,0.07676072
1-738397839,1,2,0,0.07992854
1-738397839,2,2,0,0.08426253
1-738400398,1,6,0,0.083275825
1-738400398,2,6,0,0.083275825
1-738400398,3,6,0,0.10460307
1-738400398,4,6,0,0.10984154
1-738400398,5,6,0,0.11109451
1-738400398,6,6,0,0.11473274
1-738408165,1,6,0,0.07721291
1-738408165,2,6,0,0.07721291
1-738408165,3,6,0,0.10217124
1-738408165,4,6,0,0.100922704
1-738408165,5,6,0,0.10951163
1-738408165,6,6,0,0.1227718
1-738408281,1,6,0,0.08909257
1-738408281,2,6,0,0.08909257
1-738408281,3,6,0,0.11696299
1-738408281,4,6,0,0.1671288
1-738408281,5,6,0,0.20226032
1-738408281,6,6,0,0.16248564
1-738408461,1,12,0,0.07676072
1-738408461,2,12,0,0.07676072
1-738408461,3,12,0,0.14431368
1-738408461,4,12,0,0.17244354
1-738408461,5,12,0,0.13704099
1-738408461,6,12,0,0.16765437
1-738408461,7,12,0,0.15615515
1-738408461,8,12,0,0.13594285
1-738408461,9,12,0,0.1627127
1-738408461,10,12,0,0.13328505
1-738408461,11,12,0,0.15578839
1-738408461,12,12,0,0.13257545
1-738415799,1,2,0,0.07110158
1-738415799,2,2,0,0.07110158
1-738424868,1,24,0,0.07228765
1-738424868,2,24,0,0.07624165
1-738424868,3,24,0,0.16425416
1-738424868,4,24,0,0.10042174
1-738424868,5,24,0,0.14758189
1-738424868,6,24,0,0.13280465
1-738424868,7,24,0,0.14292435
1-738424868,8,24,0,0.13280465
1-738424868,9,24,0,0.15115766
1-738424868,10,24,0,0.13894784
1-738424868,11,24,0,0.14945504
1-738424868,12,24,0,0.13894784
1-738428797,1,5,0,0.07514957
1-738428797,2,5,0,0.07514957
1-738428797,3,5,0,0.08962109
1-738428797,4,5,0,0.093638115
1-738428797,5,5,0,0.08786348
1-738434873,1,2,0,0.07992854
1-738434873,2,2,0,0.10005591
1-738436894,1,5,0,0.08555161
1-738436894,2,5,0,0.08674725
1-738436894,3,5,0,0.11004141
1-738436894,4,5,0,0.10513918
1-738436894,5,5,0,0.12002169
1-738439380,1,2,0,0.073294505
1-738439380,2,2,0,0.10647557
1-738444926,1,2,0,0.082504965
1-738444926,2,2,0,0.082504965
1-738445248,1,2,0,0.08019969
1-738445248,2,2,0,0.079708084
1-738452440,1,6,0,0.07110158
1-738452440,2,6,0,0.071125604
1-738452440,3,6,0,0.13739818
1-738452440,4,6,0,0.12429974
1-738452440,5,6,0,0.13680167
1-738452440,6,6,0,0.13286896
1-738454452,1,7,0,0.07228765
1-738454452,2,7,0,0.07228765
1-738454452,3,7,0,0.11514743
1-738454452,4,7,0,0.12334267
1-738454452,5,7,0,0.15519492
1-738454452,6,7,0,0.13820536
1-738454452,7,7,0,0.15969464
1-738456418,1,2,0,0.07228765
1-738456418,2,2,0,0.07228765
1-738457346,1,3,0,0.071401335
1-738457346,2,3,0,0.071401335
1-738457346,3,3,0,0.12263881
1-738466335,1,2,0,0.07228765
1-738466335,2,2,0,0.08170289
1-738477417,1,5,0,0.071258724
1-738477417,2,5,0,0.071258724
1-738477417,3,5,0,0.08494914
1-738477417,4,5,0,0.096374966
1-738477417,5,5,0,0.10765393
1-738482471,1,2,0,0.07228765
1-738482471,2,2,0,0.084131375
1-738492077,1,2,0,0.06998688
1-738492077,2,2,0,0.08248853
1-738495597,1,2,0,0.14591162
1-738495597,2,2,0,0.14821455
1-738496443,1,10,0,0.07110158
1-738496443,2,10,0,0.071125604
1-738496443,3,10,0,0.12763052
1-738496443,4,10,0,0.13222767
1-738496443,5,10,0,0.12042946
1-738496443,6,10,0,0.11496139
1-738496443,7,10,0,0.15999128
1-738496443,8,10,0,0.14235333
1-738496443,9,10,0,0.17594765
1-738496443,10,10,0,0.15687828
1-738501642,1,8,0,0.07994012
1-738501642,2,8,0,0.07994012
1-738501642,3,8,0,0.08684127
1-738501642,4,8,0,0.12731573
1-738501642,5,8,0,0.13345222
1-738501642,6,8,0,0.1354234
1-738501642,7,8,0,0.102581896
1-738501642,8,8,0,0.09812217
1-738503382,1,5,0,0.08607687
1-738503382,2,5,0,0.08586641
1-738503382,3,5,0,0.098935254
1-738503382,4,5,0,0.12834986
1-738503382,5,5,0,0.12357705
1-738506787,1,2,0,0.07228765
1-738506787,2,2,0,0.08170289
1-738508411,1,2,0,0.07565184
1-738508411,2,2,0,0.07565184
1-738508437,1,5,0,0.07863504
1-738508437,2,5,0,0.07815222
1-738508437,3,5,0,0.10681597
1-738508437,4,5,0,0.13685769
1-738508437,5,5,0,0.16236313
1-738508441,1,2,0,0.06998688
1-738508441,2,2,0,0.06998688
1-738509914,1,5,0,0.08007333
1-738509914,2,5,0,0.08007333
1-738509914,3,5,0,0.10406725
1-738509914,4,5,0,0.14038773
1-738509914,5,5,0,0.16679612
1-738515627,1,19,0,0.17688856
1-738515627,2,19,0,0.18848728
1-738515627,3,19,0,0.1799549
1-738515627,4,19,0,0.18572141
1-738515627,5,19,0,0.09948156
1-738515627,6,19,0,0.1553409
1-738515627,7,19,0,0.15875646
1-738515627,8,19,0,0.178521
1-738515627,9,19,0,0.16078661
1-738515627,10,19,0,0.18108024
1-738515627,11,19,0,0.15253775
1-738515627,12,19,0,0.17025428
1-738517465,1,4,0,0.085735835
1-738517465,2,4,0,0.08693381
1-738517465,3,4,0,0.10061914
1-738517465,4,4,0,0.1272977
1-738521302,1,2,0,0.07768172
1-738521302,2,2,0,0.077707775
1-738522071,1,2,0,0.16880831
1-738522071,2,2,0,0.14685594
1-738527048,1,2,0,0.071401335
1-738527048,2,2,0,0.071401335
1-738527937,1,4,0,0.07178023
1-738527937,2,4,0,0.12798877
1-738527937,3,4,0,0.16627596
1-738527937,4,4,0,0.14167172
1-738527972,1,2,0,0.076413736
1-738527972,2,2,0,0.09746489
1-738528273,1,2,0,0.058974013
1-738528273,2,2,0,0.06810313
1-738536943,1,7,0,0.080704406
1-738536943,2,7,0,0.09512022
1-738536943,3,7,0,0.108110905
1-738536943,4,7,0,0.13201481
1-738536943,5,7,0,0.15156811
1-738536943,6,7,0,0.24695306
1-738536943,7,7,0,0.17250314
1-738537099,1,7,0,0.07110158
1-738537099,2,7,0,0.071125604
1-738537099,3,7,0,0.10300544
1-738537099,4,7,0,0.1009282
1-738537099,5,7,0,0.11106518
1-738537099,6,7,0,0.10947547
1-738537099,7,7,0,0.1177953
1-738537438,1,2,0,0.07228765
1-738537438,2,2,0,0.07624165
1-738539084,1,2,0,0.07228765
1-738539084,2,2,0,0.07228765
1-738539226,1,2,0,0.07110158
1-738539226,2,2,0,0.092997976
1-738539534,1,2,0,0.07110158
1-738539534,2,2,0,0.071125604
1-738543481,1,7,0,0.059466965
1-738543481,2,7,0,0.060121413
1-738543481,3,7,0,0.067721546
1-738543481,4,7,0,0.06954446
1-738543481,5,7,0,0.07881898
1-738543481,6,7,0,0.086846955
1-738543481,7,7,0,0.09033245
1-738550991,1,6,0,0.10953941
1-738550991,2,6,0,0.101345494
1-738550991,3,6,0,0.11853553
1-738550991,4,6,0,0.13870892
1-738550991,5,6,0,0.1672503
1-738550991,6,6,0,0.13983092
1-738551361,1,11,0,0.116216846
1-738551361,2,11,0,0.13348912
1-738551361,3,11,0,0.14721209
1-738551361,4,11,0,0.15617225
1-738551361,5,11,0,0.12164319
1-738551361,6,11,0,0.13611345
1-738551361,7,11,0,0.12164319
1-738551361,8,11,0,0.13844699
1-738551361,9,11,0,0.14733684
1-738551361,10,11,0,0.13022675
1-738551361,11,11,0,0.14554888
1-738551391,1,2,0,0.11356096
1-738551391,2,2,0,0.08172374
1-738551401,1,4,0,0.1099672
1-738551401,2,4,0,0.12166309
1-738551401,3,4,0,0.10036808
1-738551401,4,4,0,0.09043936
1-738553017,1,2,0,0.07876765
1-738553017,2,2,0,0.079259895
1-738553029,1,2,1,0.099514835
1-738553029,2,2,1,0.09671929
1-738553123,1,10,0,0.078159995
1-738553123,2,10,0,0.078648776
1-738553123,3,10,0,0.108531006
1-738553123,4,10,0,0.097892344
1-738553123,5,10,0,0.12415846
1-738553123,6,10,0,0.118525326
1-738553123,7,10,0,0.10743561
1-738553123,8,10,0,0.117837995
1-738553123,9,10,0,0.12608618
1-738553123,10,10,0,0.15164927
1-738554633,1,2,0,0.06998688
1-738554633,2,2,0,0.06998688
1-738569907,1,2,0,0.07412936
1-738569907,2,2,0,0.07412936
1-738577312,1,2,0,0.07835779
1-738577312,2,2,0,0.08733421
1-738583478,1,2,0,0.06942068
1-738583478,2,2,0,0.06942068
1-738590073,1,2,0,0.07110158
1-738590073,2,2,0,0.10479421
1-738597140,1,11,0,0.07228765
1-738597140,2,11,0,0.07435985
1-738597140,3,11,0,0.103382275
1-738597140,4,11,0,0.14592654
1-738597140,5,11,0,0.15286022
1-738597140,6,11,0,0.13501585
1-738597140,7,11,0,0.15772758
1-738597140,8,11,0,0.13501585
1-738597140,9,11,0,0.1597191
1-738597140,10,11,0,0.13676716
1-738597140,11,11,0,0.17232768
1-738597366,1,2,0,0.07326522
1-738597366,2,2,0,0.07326522
1-738599683,1,5,0,0.07173333
1-738599683,2,5,0,0.07173333
1-738599683,3,5,0,0.09300077
1-738599683,4,5,0,0.09292927
1-738599683,5,5,0,0.10485189
1-738609992,1,2,0,0.07620249
1-738609992,2,2,0,0.07620249
1-738621675,1,2,0,0.07110158
1-738621675,2,2,0,0.09055459
1-738626037,1,2,0,0.084320664
1-738626037,2,2,0,0.084320664
1-738649700,1,2,0,0.07110158
1-738649700,2,2,0,0.07110158
1-738650106,1,18,1,0.07665757
1-738650106,2,18,1,0.07665757
1-738650106,3,18,1,0.1440916
1-738650106,4,18,1,0.49853885
1-738650106,5,18,1,0.5106164
1-738650106,6,18,1,0.6726511
1-738650106,7,18,1,0.68373364
1-738650106,8,18,1,0.85720676
1-738650106,9,18,1,0.8594797
1-738650106,10,18,1,0.9486864
1-738650106,11,18,1,0.9493924
1-738650106,12,18,1,0.9471317
1-738662715,1,11,0,0.074513525
1-738662715,2,11,0,0.074513525
1-738662715,3,11,0,0.11555649
1-738662715,4,11,0,0.099673964
1-738662715,5,11,0,0.11848649
1-738662715,6,11,0,0.1297647
1-738662715,7,11,0,0.14884195
1-738662715,8,11,0,0.13138613
1-738662715,9,11,0,0.15275127
1-738662715,10,11,0,0.1500409
1-738662715,11,11,0,0.2721208
1-738681771,1,5,0,0.07873096
1-738681771,2,5,0,0.08432357
1-738681771,3,5,0,0.19794059
1-738681771,4,5,0,0.25065485
1-738681771,5,5,0,0.24490668
1-738684449,1,2,0,0.07228765
1-738684449,2,2,0,0.07228765
1-738691218,1,13,0,0.11247452
1-738691218,2,13,0,0.11247452
1-738691218,3,13,0,0.14428791
1-738691218,4,13,0,0.1763071
1-738691218,5,13,0,0.2058255
1-738691218,6,13,0,0.1844467
1-738691218,7,13,0,0.1686121
1-738691218,8,13,0,0.15314347
1-738691218,9,13,0,0.20285417
1-738691218,10,13,0,0.31606936
1-738691218,11,13,0,0.36516085
1-738691218,12,13,0,0.31896713
1-738706006,1,4,0,0.0775868
1-738706006,2,4,0,0.078072295
1-738706006,3,4,0,0.11946052
1-738706006,4,4,0,0.09991757
1-738708113,1,13,0,0.08251812
1-738708113,2,13,0,0.09088174
1-738708113,3,13,0,0.120805494
1-738708113,4,13,0,0.1359161
1-738708113,5,13,0,0.12709531
1-738708113,6,13,0,0.14313494
1-738708113,7,13,0,0.13925944
1-738708113,8,13,0,0.12020683
1-738708113,9,13,0,0.14754564
1-738708113,10,13,0,0.13335232
1-738708113,11,13,0,0.1471745
1-738708113,12,13,0,0.12727562
1-738710468,1,2,0,0.07623114
1-738710468,2,2,0,0.08029292
1-738710921,1,2,0,0.08109887
1-738710921,2,2,0,0.08060224
1-738712286,1,4,0,0.06903149
1-738712286,2,4,0,0.06903149
1-738712286,3,4,0,0.115465164
1-738712286,4,4,0,0.11862377
1-738712831,1,3,1,0.07013213
1-738712831,2,3,1,0.07013213
1-738712831,3,3,1,0.12383686
1-738714001,1,2,0,0.074513525
1-738714001,2,2,0,0.074513525
1-738716371,1,2,0,0.07605063
1-738716371,2,2,0,0.07605063
1-738716521,1,6,0,0.08251812
1-738716521,2,6,0,0.08251812
1-738716521,3,6,0,0.113724865
1-738716521,4,6,0,0.11316126
1-738716521,5,6,0,0.12308172
1-738716521,6,6,0,0.11313125
1-738720324,1,4,0,0.08092116
1-738720324,2,4,0,0.096767046
1-738720324,3,4,0,0.12057494
1-738720324,4,4,0,0.096599154
1-738720879,1,4,0,0.06655328
1-738720879,2,4,0,0.10725681
1-738720879,3,4,0,0.1419626
1-738720879,4,4,0,0.1316437
1-738723725,1,14,0,0.094520725
1-738723725,2,14,0,0.09635136
1-738723725,3,14,0,0.14502445
1-738723725,4,14,0,0.13552517
1-738723725,5,14,0,0.1586624
1-738723725,6,14,0,0.1295834
1-738723725,7,14,0,0.1295834
1-738723725,8,14,0,0.15141746
1-738723725,9,14,0,0.13142693
1-738723725,10,14,0,0.11865547
1-738723725,11,14,0,0.11171959
1-738723725,12,14,0,0.121642575
1-738725241,1,4,0,0.07129744
1-738725241,2,4,0,0.07129744
1-738725241,3,4,0,0.07970721
1-738725241,4,4,0,0.09292927
1-738731009,1,4,0,0.06922301
1-738731009,2,4,0,0.06922301
1-738731009,3,4,0,0.079180494
1-738731009,4,4,0,0.086303145
1-738731656,1,13,0,0.06903149
1-738731656,2,13,0,0.06903149
1-738731656,3,13,0,0.13590002
1-738731656,4,13,0,0.1204632
1-738731656,5,13,0,0.14495826
1-738731656,6,13,0,0.1269511
1-738731656,7,13,0,0.1451269
1-738731656,8,13,0,0.1269511
1-738731656,9,13,0,0.12805493
1-738731656,10,13,0,0.15106125
1-738731656,11,13,0,0.14058425
1-738731656,12,13,0,0.16035342
1-738767821,1,13,0,0.08434714
1-738767821,2,13,0,0.09344901
1-738767821,3,13,0,0.12637521
1-738767821,4,13,0,0.110707656
1-738767821,5,13,0,0.12996387
1-738767821,6,13,0,0.26222706
1-738767821,7,13,0,0.2355656
1-738767821,8,13,0,0.2355656
1-738767821,9,13,0,0.1531018
1-738767821,10,13,0,0.14308277
1-738767821,11,13,0,0.1663651
1-738767821,12,13,0,0.14308277
1-738768721,1,6,0,0.074012935
1-738768721,2,6,0,0.074012935
1-738768721,3,6,0,0.13209523
1-738768721,4,6,0,0.136525
1-738768721,5,6,0,0.12073077
1-738768721,6,6,0,0.13665569
1-738778268,1,2,0,0.07276257
1-738778268,2,2,0,0.08049573
1-738780975,1,2,0,0.071966946
1-738780975,2,2,0,0.071966946
1-738786961,1,2,0,0.07013213
1-738786961,2,2,0,0.07013213
1-738787035,1,2,0,0.06903149
1-738787035,2,2,0,0.079917125
1-738796436,1,5,0,0.05902086
1-738796436,2,5,0,0.06188439
1-738796436,3,5,0,0.08573006
1-738796436,4,5,0,0.08870717
1-738796436,5,5,0,0.10149505
1-738801466,1,4,0,0.0727576
1-738801466,2,4,0,0.0727576
1-738801466,3,4,0,0.08171072
1-738801466,4,4,0,0.087102495
1-738803735,1,16,0,0.078874424
1-738803735,2,16,0,0.08080077
1-738803735,3,16,0,0.14753905
1-738803735,4,16,0,0.1590897
1-738803735,5,16,0,0.19043222
1-738803735,6,16,0,0.16825768
1-738803735,7,16,0,0.19059744
1-738803735,8,16,0,0.18652517
1-738803735,9,16,0,0.15488072
1-738803735,10,16,0,0.17849053
1-738803735,11,16,0,0.1810467
1-738803735,12,16,0,0.15602843
1-738808715,1,7,0,0.05902086
1-738808715,2,7,0,0.059670724
1-738808715,3,7,0,0.077191696
1-738808715,4,7,0,0.0806013
1-738808715,5,7,0,0.08239139
1-738808715,6,7,0,0.10496564
1-738808715,7,7,0,0.0934861
1-738809521,1,4,0,0.10887827
1-738809521,2,4,0,0.114962004
1-738809521,3,4,0,0.1448827
1-738809521,4,4,0,0.16817522
1-738812756,1,3,0,0.08873128
1-738812756,2,3,0,0.0692323
1-738812756,3,3,0,0.08554538
1-738817708,1,8,0,0.0964365
1-738817708,2,8,0,0.09585575
1-738817708,3,8,0,0.13760778
1-738817708,4,8,0,0.17943317
1-738817708,5,8,0,0.19589047
1-738817708,6,8,0,0.18393785
1-738817708,7,8,0,0.18342224
1-738817708,8,8,0,0.14836226
1-738827857,1,11,0,0.14094879
1-738827857,2,11,0,0.17244235
1-738827857,3,11,0,0.21729957
1-738827857,4,11,0,0.2172162
1-738827857,5,11,0,0.24259587
1-738827857,6,11,0,0.23857684
1-738827857,7,11,0,0.21252823
1-738827857,8,11,0,0.24789944
1-738827857,9,11,0,0.2233158
1-738827857,10,11,0,0.24638653
1-738827857,11,11,0,0.22160886
1-738827966,1,2,0,0.07249591
1-738827966,2,2,0,0.07249591
1-738894209,1,5,0,0.095455386
1-738894209,2,5,0,0.09603118
1-738894209,3,5,0,0.14281726
1-738894209,4,5,0,0.19920743
1-738894209,5,5,0,0.20127882
1-738894462,1,4,0,0.09218285
1-738894462,2,4,0,0.094400935
1-738894462,3,4,0,0.1057933
1-738894462,4,4,0,0.15461019
1-738896771,1,6,0,0.07772538
1-738896771,2,6,0,0.08224048
1-738896771,3,6,0,0.1523045
1-738896771,4,6,0,0.14760959
1-738896771,5,6,0,0.13713309
1-738896771,6,6,0,0.16183013
1-738897474,1,8,0,0.090798095
1-738897474,2,8,0,0.09024792
1-738897474,3,8,0,0.10587658
1-738897474,4,8,0,0.11662759
1-738897474,5,8,0,0.13294835
1-738897474,6,8,0,0.12090281
1-738897474,7,8,0,0.15967602
1-738897474,8,8,0,0.13732794
1-738897791,1,2,0,0.075707555
1-738897791,2,2,0,0.089818105
1-739173471,1,3,1,0.09182092
1-739173471,2,3,1,0.09276643
1-739173471,3,3,1,0.17125754
1-739174580,1,2,0,0.06180703
1-739174580,2,2,0,0.07397208
1-739176870,1,2,0,0.08318435
1-739176870,2,2,0,0.081402496
1-739176881,1,2,0,0.09525396
1-739176881,2,2,0,0.112880416
1-739177647,1,2,0,0.08318435
1-739177647,2,2,0,0.081402496
1-739181558,1,2,0,0.075707555
1-739181558,2,2,0,0.075707555
1-739183702,1,2,0,0.08090972
1-739183702,2,2,0,0.08090972
1-739186611,1,4,0,0.09332511
1-739186611,2,4,0,0.09944128
1-739186611,3,4,0,0.20527506
1-739186611,4,4,0,0.16596763
1-739188427,1,4,0,0.14363961
1-739188427,2,4,0,0.14363961
1-739188427,3,4,0,0.17603695
1-739188427,4,4,0,0.49028084
1-739196353,1,4,0,0.08505989
1-739196353,2,4,0,0.08505989
1-739196353,3,4,0,0.11078969
1-739196353,4,4,0,0.10963377
1-739196774,1,4,0,0.08505989
1-739196774,2,4,0,0.08505989
1-739196774,3,4,0,0.12079884
1-739196774,4,4,0,0.12447639
1-739198301,1,5,0,0.076634474
1-739198301,2,5,0,0.074952886
1-739198301,3,5,0,0.09187875
1-739198301,4,5,0,0.13067028
1-739198301,5,5,0,0.11620709
1-739198483,1,2,0,0.061622944
1-739198483,2,2,0,0.07069412
1-739203288,1,16,0,0.08546574
1-739203288,2,16,0,0.08363949
1-739203288,3,16,0,0.11410561
1-739203288,4,16,0,0.13292882
1-739203288,5,16,0,0.13311934
1-739203288,6,16,0,0.17304508
1-739203288,7,16,0,0.22615609
1-739203288,8,16,0,0.19086912
1-739203288,9,16,0,0.18119197
1-739203288,10,16,0,0.16097121
1-739203288,11,16,0,0.18397653
1-739203288,12,16,0,0.6051307
1-739204551,1,2,0,0.077731416
1-739204551,2,2,0,0.077731416
1-739213619,1,7,0,0.078057915
1-739213619,2,7,0,0.078057915
1-739213619,3,7,0,0.11168806
1-739213619,4,7,0,0.108471446
1-739213619,5,7,0,0.11624444
1-739213619,6,7,0,0.13496536
1-739213619,7,7,0,0.11830906
1-739216265,1,4,0,0.090612784
1-739216265,2,4,0,0.090612784
1-739216265,3,4,0,0.21498261
1-739216265,4,4,0,0.20843747
1-739220334,1,2,0,0.08792386
1-739220334,2,2,0,0.08605002
1-739220615,1,2,0,0.08792386
1-739220615,2,2,0,0.08792386
1-739225681,1,7,0,0.15477832
1-739225681,2,7,0,0.14105757
1-739225681,3,7,0,0.14115542
1-739225681,4,7,0,0.11850815
1-739225681,5,7,0,0.13783264
1-739225681,6,7,0,0.13661289
1-739225681,7,7,0,0.15896897
1-739259299,1,5,0,0.076311216
1-739259299,2,5,0,0.0746646
1-739259299,3,5,0,0.09131035
1-739259299,4,5,0,0.18840015
1-739259299,5,5,0,0.8274346
1-739259666,1,2,0,0.08904283
1-739259666,2,2,0,0.08651319
1-739262291,1,2,0,0.078063995
1-739262291,2,2,0,0.07808409
1-739262701,1,3,1,0.08305374
1-739262701,2,3,1,0.08305374
1-739262701,3,3,1,0.1268231
1-739265256,1,9,0,0.0837356
1-739265256,2,9,0,0.10103229
1-739265256,3,9,0,0.11260279
1-739265256,4,9,0,0.12300664
1-739265256,5,9,0,0.13491249
1-739265256,6,9,0,0.14978103
1-739265256,7,9,0,0.13947062
1-739265256,8,9,0,0.16171472
1-739265256,9,9,0,0.13717343
1-739269929,1,10,1,0.10903965
1-739269929,2,10,1,0.09984342
1-739269929,3,10,1,0.12623823
1-739269929,4,10,1,0.10483316
1-739269929,5,10,1,0.12749821
1-739269929,6,10,1,0.1672829
1-739269929,7,10,1,0.20524259
1-739269929,8,10,1,0.19746217
1-739269929,9,10,1,0.17153558
1-739269929,10,10,1,0.20780964
1-739271728,1,2,0,0.08785708
1-739271728,2,2,0,0.08598453
1-739276483,1,2,0,0.078057915
1-739276483,2,2,0,0.07637673
1-739279577,1,2,0,0.078063995
1-739279577,2,2,0,0.07808409
1-739279794,1,3,0,0.10841494
1-739279794,2,3,0,0.1074147
1-739279794,3,3,0,0.13197835
1-739285552,1,2,0,0.080513574
1-739285552,2,2,0,0.1102676
1-739289848,1,2,0,0.07525588
1-739289848,2,2,0,0.07528118
1-739292191,1,4,0,0.106143065
1-739292191,2,4,0,0.106143065
1-739292191,3,4,0,0.12678875
1-739292191,4,4,0,0.13243411
1-739292738,1,2,0,0.09688768
1-739292738,2,2,0,0.09932978
1-739302963,1,2,0,0.07962771
1-739302963,2,2,0,0.07962771
1-739308990,1,2,0,0.08786931
1-739308990,2,2,0,0.08786931
1-739314098,1,2,0,0.077743016
1-739314098,2,2,0,0.077743016
1-739322153,1,22,1,0.15869232
1-739322153,2,22,1,0.15869232
1-739322153,3,22,1,0.18791844
1-739322153,4,22,1,0.22430997
1-739322153,5,22,1,0.25393537
1-739322153,6,22,1,0.22819774
1-739322153,7,22,1,0.2611477
1-739322153,8,22,1,0.20877188
1-739322153,9,22,1,0.24017881
1-739322153,10,22,1,0.21163255
1-739322153,11,22,1,0.24205486
1-739322153,12,22,1,0.33538672
1-739322346,1,2,0,0.086319305
1-739322346,2,2,0,0.09723578
1-739323230,1,4,0,0.08579089
1-739323230,2,4,0,0.08579089
1-739323230,3,4,0,0.17491177
1-739323230,4,4,0,0.15925932
1-739328505,1,2,0,0.07525588
1-739328505,2,2,0,0.07525588
1-739331663,1,5,0,0.076545544
1-739331663,2,5,0,0.076545544
1-739331663,3,5,0,0.08686562
1-739331663,4,5,0,0.11908779
1-739331663,5,5,0,0.102689706
1-739333078,1,2,0,0.08085054
1-739333078,2,2,0,0.08085054
1-739336265,1,4,0,0.08798766
1-739336265,2,4,0,0.09504838
1-739336265,3,4,0,0.12213601
1-739336265,4,4,0,0.098635234
1-739337228,1,6,0,0.066845305
1-739337228,2,6,0,0.07252334
1-739337228,3,6,0,0.09574753
1-739337228,4,6,0,0.09884845
1-739337228,5,6,0,0.08010677
1-739337228,6,6,0,0.092417054
1-739337476,1,2,0,0.08288768
1-739337476,2,2,0,0.081111625
1-739359819,1,2,0,0.082960635
1-739359819,2,2,0,0.082960635
1-739362367,1,4,0,0.082960635
1-739362367,2,4,0,0.082960635
1-739362367,3,4,0,0.12558034
1-739362367,4,4,0,0.12173459
1-739368043,1,2,0,0.091960184
1-739368043,2,2,0,0.09743624
1-739377921,1,2,0,0.12499896
1-739377921,2,2,0,0.1432551
1-739378031,1,9,1,0.22624868
1-739378031,2,9,1,0.22585157
1-739378031,3,9,1,0.2092985
1-739378031,4,9,1,0.20794585
1-739378031,5,9,1,0.2858569
1-739378031,6,9,1,0.2950444
1-739378031,7,9,1,0.25720644
1-739378031,8,9,1,0.3490774
1-739378031,9,9,1,0.537664
1-739384308,1,4,0,0.075352415
1-739384308,2,4,0,0.075352415
1-739384308,3,4,0,0.0977133
1-739384308,4,4,0,0.08684049
1-739384346,1,6,0,0.075352415
1-739384346,2,6,0,0.075352415
1-739384346,3,6,0,0.098633155
1-739384346,4,6,0,0.10127305
1-739384346,5,6,0,0.11883401
1-739384346,6,6,0,0.13492091
1-739399169,1,2,0,0.082123
1-739399169,2,2,0,0.08036189
1-739399384,1,7,0,0.080190144
1-739399384,2,7,0,0.091036834
1-739399384,3,7,0,0.11790328
1-739399384,4,7,0,0.11785882
1-739399384,5,7,0,0.121937595
1-739399384,6,7,0,0.11126902
1-739399384,7,7,0,0.1277457
1-739399730,1,7,0,0.09007388
1-739399730,2,7,0,0.10591915
1-739399730,3,7,0,0.14379011
1-739399730,4,7,0,0.12945862
1-739399730,5,7,0,0.14906542
1-739399730,6,7,0,0.225996
1-739399730,7,7,0,0.26920256
1-739399747,1,7,1,0.085188
1-739399747,2,7,1,0.08659881
1-739399747,3,7,1,0.15739591
1-739399747,4,7,1,0.13520168
1-739399747,5,7,1,0.12966843
1-739399747,6,7,1,0.17993245
1-739399747,7,7,1,0.21060674
1-739401942,1,2,0,0.08251215
1-739401942,2,2,0,0.08200764
1-739402068,1,2,0,0.0754497
1-739402068,2,2,0,0.0754497
1-739402656,1,2,0,0.07514306
1-739402656,2,2,0,0.07516246
1-739403381,1,16,1,0.10754544
1-739403381,2,16,1,0.10519426
1-739403381,3,16,1,0.12413561
1-739403381,4,16,1,0.11944779
1-739403381,5,16,1,0.133052
1-739403381,6,16,1,0.12462116
1-739403381,7,16,1,0.13708085
1-739403381,8,16,1,0.12118988
1-739403381,9,16,1,0.13707465
1-739403381,10,16,1,0.25845093
1-739403381,11,16,1,0.23518783
1-739403381,12,16,1,0.271705
1-739405925,1,3,0,0.076545544
1-739405925,2,3,0,0.089873806
1-739405925,3,3,0,0.13667765
1-739407437,1,6,0,0.07723714
1-739407437,2,6,0,0.07723714
1-739407437,3,6,0,0.11114371
1-739407437,4,6,0,0.12606438
1-739407437,5,6,0,0.13835028
1-739407437,6,6,0,0.10607917
1-739411411,1,5,1,0.08738727
1-739411411,2,5,1,0.450506
1-739411411,3,5,1,0.6066829
1-739411411,4,5,1,0.9321924
1-739411411,5,5,1,0.9742482
1-739415526,1,7,0,0.08285043
1-739415526,2,7,0,0.081075095
1-739415526,3,7,0,0.13135234
1-739415526,4,7,0,0.24368809
1-739415526,5,7,0,0.20337181
1-739415526,6,7,0,0.28750587
1-739415526,7,7,0,0.6339903
1-739425131,1,8,0,0.13898776
1-739425131,2,8,0,0.11433893
1-739425131,3,8,0,0.14210021
1-739425131,4,8,0,0.124393426
1-739425131,5,8,0,0.124016896
1-739425131,6,8,0,0.14008799
1-739425131,7,8,0,0.11446372
1-739425131,8,8,0,0.13365085
1-739425731,1,4,0,0.26828185
1-739425731,2,4,0,0.22984387
1-739425731,3,4,0,0.2371224
1-739425731,4,4,0,0.23970093
1-739426614,1,2,0,0.0754497
1-739426614,2,2,0,0.07382019
1-739426850,1,3,0,0.08091463
1-739426850,2,3,0,0.08383064
1-739426850,3,3,0,0.099637605
1-739432770,1,2,0,0.07544381
1-739432770,2,2,0,0.07544381
1-739437632,1,3,0,0.14441566
1-739437632,2,3,0,0.13900012
1-739437632,3,3,0,0.144221
1-739452230,1,8,0,0.07612627
1-739452230,2,8,0,0.0805566
1-739452230,3,8,0,0.110599004
1-739452230,4,8,0,0.09504437
1-739452230,5,8,0,0.1194935
1-739452230,6,8,0,0.10264172
1-739452230,7,8,0,0.13735025
1-739452230,8,8,0,0.22689694
1-739454546,1,2,0,0.079746224
1-739454546,2,2,0,0.08669212
1-739468120,1,5,0,0.0751372
1-739468120,2,5,0,0.0751372
1-739468120,3,5,0,0.11303517
1-739468120,4,5,0,0.117536046
1-739468120,5,5,0,0.11955049
1-739470471,1,2,0,0.08091463
1-739470471,2,2,0,0.08050104
1-739472317,1,9,1,0.08071374
1-739472317,2,9,1,0.08071374
1-739472317,3,9,1,0.11982277
1-739472317,4,9,1,0.32134032
1-739472317,5,9,1,0.23748837
1-739472317,6,9,1,0.2337615
1-739472317,7,9,1,0.25926068
1-739472317,8,9,1,0.2585361
1-739472317,9,9,1,0.4092532
1-739474661,1,2,0,0.083735906
1-739474661,2,2,0,0.083735906
1-739479711,1,5,0,0.0853453
1-739479711,2,5,0,0.084825076
1-739479711,3,5,0,0.11426461
1-739479711,4,5,0,0.117427796
1-739479711,5,5,0,0.14364398
1-739480593,1,8,0,0.27735958
1-739480593,2,8,0,0.27511904
1-739480593,3,8,0,0.45610067
1-739480593,4,8,0,0.5211079
1-739480593,5,8,0,0.45540613
1-739480593,6,8,0,0.29289952
1-739480593,7,8,0,0.30591312
1-739480593,8,8,0,0.30638057
1-739482751,1,6,0,0.0751372
1-739482751,2,6,0,0.08442528
1-739482751,3,6,0,0.14146298
1-739482751,4,6,0,0.1344666
1-739482751,5,6,0,0.15924513
1-739482751,6,6,0,0.1536916
1-739483315,1,2,0,0.085305355
1-739483315,2,2,0,0.13666345
1-739494179,1,8,0,0.1002723
1-739494179,2,8,0,0.09865529
1-739494179,3,8,0,0.10542515
1-739494179,4,8,0,0.118521065
1-739494179,5,8,0,0.119535044
1-739494179,6,8,0,0.20011212
1-739494179,7,8,0,0.2233567
1-739494179,8,8,0,0.21282057
1-739494277,1,9,0,0.184474
1-739494277,2,9,0,0.18234426
1-739494277,3,9,0,0.22784892
1-739494277,4,9,0,0.18684022
1-739494277,5,9,0,0.22013874
1-739494277,6,9,0,0.22156607
1-739494277,7,9,0,0.18892975
1-739494277,8,9,0,0.22130485
1-739494277,9,9,0,0.18956725
1-739494503,1,3,0,0.075827196
1-739494503,2,3,0,0.075827196
1-739494503,3,3,0,0.098337136
1-739494731,1,2,0,0.076510094
1-739494731,2,2,0,0.076510094
1-739497125,1,2,0,0.07396425
1-739497125,2,2,0,0.076634206
1-739518367,1,2,0,0.083637506
1-739518367,2,2,0,0.0823383
1-739523290,1,2,0,0.060990144
1-739523290,2,2,0,0.069215044
1-739525284,1,2,0,0.077079184
1-739525284,2,2,0,0.07634332
1-739533159,1,2,0,0.07582129
1-739533159,2,2,0,0.07582129
1-739551721,1,2,0,0.072419316
1-739551721,2,2,0,0.072419316
1-739566283,1,2,0,0.0761393
1-739566283,2,2,0,0.076164864
1-739581939,1,2,0,0.06254698
1-739581939,2,2,0,0.06270127
1-739595023,1,5,0,0.092831686
1-739595023,2,5,0,0.09133807
1-739595023,3,5,0,0.09753189
1-739595023,4,5,0,0.10503226
1-739595023,5,5,0,0.19203773
1-739604574,1,4,0,0.08444419
1-739604574,2,4,0,0.09572244
1-739604574,3,4,0,0.1194688
1-739604574,4,4,0,0.09790384
1-739609945,1,2,0,0.075827196
1-739609945,2,2,0,0.0802354
1-739610160,1,2,0,0.07463853
1-739610160,2,2,0,0.08717923
1-739626423,1,2,1,0.09214832
1-739626423,2,2,1,0.09729093
1-739640031,1,2,0,0.07734385
1-739640031,2,2,0,0.080125235
1-739643571,1,4,0,0.0887289
1-739643571,2,4,0,0.089789405
1-739643571,3,4,0,0.16807806
1-739643571,4,4,0,0.12823084
1-739659110,1,13,0,0.07802771
1-739659110,2,13,0,0.0775483
1-739659110,3,13,0,0.108037114
1-739659110,4,13,0,0.09648312
1-739659110,5,13,0,0.1198315
1-739659110,6,13,0,0.17006592
1-739659110,7,13,0,0.15083686
1-739659110,8,13,0,0.15672107
1-739659110,9,13,0,0.12560844
1-739659110,10,13,0,0.3472394
1-739659110,11,13,0,0.34556222
1-739659110,12,13,0,0.37381288
1-739661379,1,14,0,0.08329422
1-739661379,2,14,0,0.08329422
1-739661379,3,14,0,0.10989789
1-739661379,4,14,0,0.09240735
1-739661379,5,14,0,0.11060163
1-739661379,6,14,0,0.115842916
1-739661379,7,14,0,0.12898985
1-739661379,8,14,0,0.11517836
1-739661379,9,14,0,0.1238476
1-739661379,10,14,0,0.20785338
1-739661379,11,14,0,0.22475587
1-739661379,12,14,0,0.20056956
1-739663917,1,2,0,0.07582129
1-739663917,2,2,0,0.07582129
1-739687618,1,7,1,0.08421886
1-739687618,2,7,1,0.08370487
1-739687618,3,7,1,0.10662272
1-739687618,4,7,1,0.15165965
1-739687618,5,7,1,0.3684244
1-739687618,6,7,1,0.30897582
1-739687618,7,7,1,0.34308535
1-739711451,1,4,0,0.066262856
1-739711451,2,4,0,0.067482166
1-739711451,3,4,0,0.08592465
1-739711451,4,4,0,0.08703169
1-739711805,1,5,0,0.09206903
1-739711805,2,5,0,0.09107478
1-739711805,3,5,0,0.15157747
1-739711805,4,5,0,0.13185956
1-739711805,5,5,0,0.15674984
1-739718429,1,2,0,0.07608441
1-739718429,2,2,0,0.07608441
1-739727165,1,2,0,0.072419316
1-739727165,2,2,0,0.072419316
1-739727237,1,2,0,0.083911814
1-739727237,2,2,0,0.083911814
1-739727475,1,8,0,0.07956806
1-739727475,2,8,0,0.07956806
1-739727475,3,8,0,0.11724942
1-739727475,4,8,0,0.12050315
1-739727475,5,8,0,0.13655551
1-739727475,6,8,0,0.2606377
1-739727475,7,8,0,0.2940152
1-739727475,8,8,0,0.5707988
1-739732184,1,10,0,0.090101555
1-739732184,2,10,0,0.08912647
1-739732184,3,10,0,0.10445771
1-739732184,4,10,0,0.0933628
1-739732184,5,10,0,0.13426249
1-739732184,6,10,0,0.28433403
1-739732184,7,10,0,0.29807928
1-739732184,8,10,0,0.42987224
1-739732184,9,10,0,0.48093683
1-739732184,10,10,0,0.50872594
1-739733415,1,5,0,0.07744404
1-739733415,2,5,0,0.07744404
1-739733415,3,5,0,0.09647912
1-739733415,4,5,0,0.11286963
1-739733415,5,5,0,0.099191606
1-739733861,1,13,0,0.18972939
1-739733861,2,13,0,0.19065675
1-739733861,3,13,0,0.24486801
1-739733861,4,13,0,0.2367876
1-739733861,5,13,0,0.23688753
1-739733861,6,13,0,0.31021732
1-739733861,7,13,0,0.33167943
1-739733861,8,13,0,0.33626068
1-739733861,9,13,0,0.28272367
1-739733861,10,13,0,0.31993538
1-739733861,11,13,0,0.29567996
1-739733861,12,13,0,0.33573255
1-739735986,1,2,0,0.06126897
1-739735986,2,2,0,0.0751833
1-739747901,1,7,1,0.1657798
1-739747901,2,7,1,0.31281906
1-739747901,3,7,1,0.360622
1-739747901,4,7,1,0.6820511
1-739747901,5,7,1,0.71945524
1-739747901,6,7,1,0.66407746
1-739747901,7,7,1,0.6779759
1-739748201,1,4,0,0.13696226
1-739748201,2,4,0,0.18351269
1-739748201,3,4,0,0.3027161
1-739748201,4,4,0,0.23657262
1-739748781,1,5,0,0.17804231
1-739748781,2,5,0,0.16489032
1-739748781,3,5,0,0.28953138
1-739748781,4,5,0,0.24790004
1-739748781,5,5,0,0.29964712
1-739749820,1,5,0,0.07545597
1-739749820,2,5,0,0.07545597
1-739749820,3,5,0,0.10809748
1-739749820,4,5,0,0.17154334
1-739749820,5,5,0,0.17243451
1-739753804,1,2,0,0.07261981
1-739753804,2,2,0,0.07261981
1-739766860,1,2,0,0.074897885
1-739766860,2,2,0,0.074897885
1-739768365,1,2,0,0.059501912
1-739768365,2,2,0,0.060986456
1-739774185,1,4,0,0.18504083
1-739774185,2,4,0,0.18290599
1-739774185,3,4,0,0.22716472
1-739774185,4,4,0,0.27626577
1-739780580,1,6,0,0.10750324
1-739780580,2,6,0,0.10443981
1-739780580,3,6,0,0.12785952
1-739780580,4,6,0,0.112493165
1-739780580,5,6,0,0.12635328
1-739780580,6,6,0,0.1855114
1-739782270,1,8,1,0.08033524
1-739782270,2,8,1,0.090419084
1-739782270,3,8,1,0.12940574
1-739782270,4,8,1,0.12180998
1-739782270,5,8,1,0.13842162
1-739782270,6,8,1,0.12072655
1-739782270,7,8,1,0.13527714
1-739782270,8,8,1,0.5437295
1-739790961,1,2,0,0.062338103
1-739790961,2,2,0,0.063888595
1-739795812,1,9,0,0.06930853
1-739795812,2,9,0,0.06930853
1-739795812,3,9,0,0.0808693
1-739795812,4,9,0,0.09969755
1-739795812,5,9,0,0.10581221
1-739795812,6,9,0,0.116920926
1-739795812,7,9,0,0.1147732
1-739795812,8,9,0,0.122177094
1-739795812,9,9,0,0.11465101
1-739809072,1,4,0,0.069960766
1-739809072,2,4,0,0.069960766
1-739809072,3,4,0,0.07809823
1-739809072,4,4,0,0.089838944
1-739819463,1,2,0,0.07333115
1-739819463,2,2,0,0.07333115
1-739820726,1,2,0,0.07616868
1-739820726,2,2,0,0.07616868
1-739821483,1,2,0,0.08564333
1-739821483,2,2,0,0.09101212
1-739823295,1,4,0,0.07719674
1-739823295,2,4,0,0.07719674
1-739823295,3,4,0,0.10828685
1-739823295,4,4,0,0.17154334
1-739823544,1,2,0,0.07719674
1-739823544,2,2,0,0.08447171
1-739826738,1,6,0,0.119664446
1-739826738,2,6,0,0.11719484
1-739826738,3,6,0,0.20747086
1-739826738,4,6,0,0.19090883
1-739826738,5,6,0,0.22297788
1-739826738,6,6,0,0.19082959
1-739829191,1,4,0,0.07712007
1-739829191,2,4,0,0.08760899
1-739829191,3,4,0,0.16280548
1-739829191,4,4,0,0.18537098
1-739829227,1,4,1,0.07712007
1-739829227,2,4,1,0.11742566
1-739829227,3,4,1,0.15380138
1-739829227,4,4,1,0.5437352
1-739829274,1,2,0,0.064304486
1-739829274,2,2,0,0.06673251
1-739829634,1,2,0,0.064304486
1-739829634,2,2,0,0.0681409
1-739845918,1,6,1,0.087191544
1-739845918,2,6,1,0.087191544
1-739845918,3,6,1,0.09371222
1-739845918,4,6,1,0.1158495
1-739845918,5,6,1,0.14236929
1-739845918,6,6,1,0.6289893
1-739850206,1,2,0,0.078476995
1-739850206,2,2,0,0.09557102
1-739850265,1,3,0,0.12506197
1-739850265,2,3,0,0.090374574
1-739850265,3,3,0,0.10827461
1-739850631,1,2,0,0.0726136
1-739850631,2,2,0,0.13178493
1-739850761,1,2,0,0.088194475
1-739850761,2,2,0,0.14880228
1-739851171,1,6,0,0.18002434
1-739851171,2,6,0,0.186326
1-739851171,3,6,0,0.26932523
1-739851171,4,6,0,0.19780853
1-739851171,5,6,0,0.23500799
1-739851171,6,6,0,0.22539946
1-739872770,1,2,0,0.09334361
1-739872770,2,2,0,0.09324447
1-739898949,1,5,0,0.0726136
1-739898949,2,5,0,0.11687376
1-739898949,3,5,0,0.21158949
1-739898949,4,5,0,0.2655363
1-739898949,5,5,0,0.1952006
1-739899391,1,3,0,0.087377265
1-739899391,2,3,0,0.08726091
1-739899391,3,3,0,0.17987254
1-739901756,1,2,0,0.09334361
1-739901756,2,2,0,0.092133954
1-739901796,1,2,0,0.09448049
1-739901796,2,2,0,0.101248585
1-740059721,1,3,0,0.11908391
1-740059721,2,3,0,0.13290578
1-740059721,3,3,0,0.15767293
1-740292255,1,9,0,0.099955656
1-740292255,2,9,0,0.15804735
1-740292255,3,9,0,0.1918643
1-740292255,4,9,0,0.16836661
1-740292255,5,9,0,0.18857805
1-740292255,6,9,0,0.14943129
1-740292255,7,9,0,0.18347384
1-740292255,8,9,0,0.16355386
1-740292255,9,9,0,0.16781479
1-740300138,1,4,0,0.1015572
1-740300138,2,4,0,0.1101389
1-740300138,3,4,0,0.2150553
1-740300138,4,4,0,0.20066643
1-740303502,1,12,0,0.16451846
1-740303502,2,12,0,0.1671368
1-740303502,3,12,0,0.26013157
1-740303502,4,12,0,0.26948807
1-740303502,5,12,0,0.2500208
1-740303502,6,12,0,0.29033732
1-740303502,7,12,0,0.34572554
1-740303502,8,12,0,0.36313733
1-740303502,9,12,0,0.69467974
1-740303502,10,12,0,0.69797254
1-740303502,11,12,0,0.6998227
1-740303502,12,12,0,0.6839365
1-740308384,1,4,1,0.10229998
1-740308384,2,4,1,0.11432003
1-740308384,3,4,1,0.21142708
1-740308384,4,4,1,0.35402322
1-740308848,1,7,0,0.12320146
1-740308848,2,7,0,0.13097434
1-740308848,3,7,0,0.18656832
1-740308848,4,7,0,0.17315353
1-740308848,5,7,0,0.23646066
1-740308848,6,7,0,0.8334416
1-740308848,7,7,0,0.84004587
1-740316721,1,7,0,0.13674797
1-740316721,2,7,0,0.13794373
1-740316721,3,7,0,0.31983152
1-740316721,4,7,0,0.32772136
1-740316721,5,7,0,0.41223258
1-740316721,6,7,0,0.37777424
1-740316721,7,7,0,0.364157
1-740316771,1,4,0,0.10884414
1-740316771,2,4,0,0.10823826
1-740316771,3,4,0,0.2781442
1-740316771,4,4,0,0.26364845
1-740322551,1,2,0,0.09472823
1-740322551,2,2,0,0.09550565
1-740322831,1,7,1,0.16007453
1-740322831,2,7,1,0.16090481
1-740322831,3,7,1,0.18052717
1-740322831,4,7,1,0.22643958
1-740322831,5,7,1,0.19984631
1-740322831,6,7,1,0.23104301
1-740322831,7,7,1,0.49365324
1-740330381,1,3,0,0.1360881
1-740330381,2,3,0,0.0904664
1-740330381,3,3,0,0.1202816
1-740340137,1,2,0,0.09334361
1-740340137,2,2,0,0.10021043
1-740342406,1,2,0,0.10772764
1-740342406,2,2,0,0.10613748
1-740342521,1,7,0,0.08595952
1-740342521,2,7,0,0.08772877
1-740342521,3,7,0,0.13149342
1-740342521,4,7,0,0.11969221
1-740342521,5,7,0,0.15124333
1-740342521,6,7,0,0.11262829
1-740342521,7,7,0,0.13825606
1-740357297,1,14,1,0.09448049
1-740357297,2,14,1,0.095300876
1-740357297,3,14,1,0.21394162
1-740357297,4,14,1,0.2261568
1-740357297,5,14,1,0.19251765
1-740357297,6,14,1,0.18171948
1-740357297,7,14,1,0.19977088
1-740357297,8,14,1,0.18144116
1-740357297,9,14,1,0.21494882
1-740357297,10,14,1,0.20127374
1-740357297,11,14,1,0.1947031
1-740357297,12,14,1,0.78806216
1-740371900,1,2,0,0.23241396
1-740371900,2,2,0,0.62231106
1-740380830,1,8,1,0.1968077
1-740380830,2,8,1,0.19498627
1-740380830,3,8,1,0.28832087
1-740380830,4,8,1,0.27813223
1-740380830,5,8,1,0.29044497
1-740380830,6,8,1,0.2797037
1-740380830,7,8,1,0.279991
1-740380830,8,8,1,0.63645643
1-740384182,1,6,0,0.13086997
1-740384182,2,6,0,0.12994774
1-740384182,3,6,0,0.25034547
1-740384182,4,6,0,0.2504411
1-740384182,5,6,0,0.2692126
1-740384182,6,6,0,0.2546431
1-740388710,1,2,0,0.092814274
1-740388710,2,2,0,0.09357761
1-740388786,1,2,0,0.094176725
1-740388786,2,2,0,0.09441337
1-740393512,1,2,0,0.09154034
1-740393512,2,2,0,0.08982327
1-740404280,1,6,0,0.12009639
1-740404280,2,6,0,0.120115995
1-740404280,3,6,0,0.22996238
1-740404280,4,6,0,0.21634465
1-740404280,5,6,0,0.28619945
1-740404280,6,6,0,0.26162362
1-740406890,1,2,0,0.103883475
1-740406890,2,2,0,0.10319746
1-740421001,1,2,0,0.30599287
1-740421001,2,2,0,0.3048276
1-740437511,1,2,0,0.090921365
1-740437511,2,2,0,0.1033606
1-740444700,1,9,0,0.10806234
1-740444700,2,9,0,0.108080216
1-740444700,3,9,0,0.19633248
1-740444700,4,9,0,0.19601421
1-740444700,5,9,0,0.20601162
1-740444700,6,9,0,0.20601162
1-740444700,7,9,0,0.19949803
1-740444700,8,9,0,0.27231762
1-740444700,9,9,0,0.2346859
1-740448903,1,2,0,0.10884414
1-740448903,2,2,0,0.10823826
1-740449572,1,4,0,0.10815681
1-740449572,2,4,0,0.1075543
1-740449572,3,4,0,0.1867583
1-740449572,4,4,0,0.22582677
1-740453306,1,10,1,0.12543426
1-740453306,2,10,1,0.123863734
1-740453306,3,10,1,0.25663236
1-740453306,4,10,1,0.64396614
1-740453306,5,10,1,0.66484034
1-740453306,6,10,1,0.702831
1-740453306,7,10,1,0.7171108
1-740453306,8,10,1,0.72086674
1-740453306,9,10,1,0.46778408
1-740453306,10,10,1,0.47359115
1-740455245,1,5,0,0.12188056
1-740455245,2,5,0,0.121212006
1-740455245,3,5,0,0.30202895
1-740455245,4,5,0,0.2470615
1-740455245,5,5,0,0.2820261
1-740455673,1,5,0,0.12188056
1-740455673,2,5,0,0.12188056
1-740455673,3,5,0,0.26674235
1-740455673,4,5,0,0.28234088
1-740455673,5,5,0,0.21115741
1-740455880,1,2,0,0.1061897
1-740455880,2,2,0,0.105596855
1-740460458,1,4,0,0.17242199
1-740460458,2,4,0,0.1698876
1-740460458,3,4,0,0.28093746
1-740460458,4,4,0,0.26556137
1-740461199,1,2,0,0.106311895
1-740461199,2,2,0,0.11178539
1-740462311,1,1,1,0.33128786
1-740470848,1,6,0,0.136321
1-740470848,2,6,0,0.1355361
1-740470848,3,6,0,0.23537664
1-740470848,4,6,0,0.27568185
1-740470848,5,6,0,0.36861512
1-740470848,6,6,0,0.3425506
1-740471146,1,2,0,0.089154944
1-740471146,2,2,0,0.08765623
1-740490030,1,2,0,0.18911506
1-740490030,2,2,0,0.18995611
1-740493362,1,9,0,0.20078786
1-740493362,2,9,0,0.1881121
1-740493362,3,9,0,0.23605539
1-740493362,4,9,0,0.23550762
1-740493362,5,9,0,0.25290993
1-740493362,6,9,0,0.25263894
1-740493362,7,9,0,0.25624856
1-740493362,8,9,0,0.24842127
1-740493362,9,9,0,0.259484
1-740529525,1,7,1,0.11843208
1-740529525,2,7,1,0.11843208
1-740529525,3,7,1,0.27216986
1-740529525,4,7,1,0.24132256
1-740529525,5,7,1,0.28151897
1-740529525,6,7,1,0.7021402
1-740529525,7,7,1,0.7173711
1-740532960,1,2,0,0.10120418
1-740532960,2,2,0,0.101221055
1-740537782,1,2,0,0.10516244
1-740537782,2,2,0,0.104574665
1-740542062,1,2,0,0.111613214
1-740542062,2,2,0,0.11191097
1-740543015,1,2,0,0.103041396
1-740543015,2,2,0,0.10305854
1-740545215,1,8,0,0.12356994
1-740545215,2,8,0,0.11749414
1-740545215,3,8,0,0.18519078
1-740545215,4,8,0,0.16123757
1-740545215,5,8,0,0.19126496
1-740545215,6,8,0,0.16244379
1-740545215,7,8,0,0.19448087
1-740545215,8,8,0,0.18518649
1-740550404,1,2,0,0.11833256
1-740550404,2,2,0,0.17302036
1-740556828,1,2,0,0.107330635
1-740556828,2,2,0,0.10635546
1-740560358,1,2,0,0.10120418
1-740560358,2,2,0,0.101221055
1-740566848,1,3,0,0.11407621
1-740566848,2,3,0,0.14032969
1-740566848,3,3,0,0.26802468
1-740570848,1,5,0,0.1354033
1-740570848,2,5,0,0.19473352
1-740570848,3,5,0,0.30593294
1-740570848,4,5,0,0.26768532
1-740570848,5,5,0,0.30553022
1-740581426,1,2,0,0.13176396
1-740581426,2,2,0,0.13180915
1-740591340,1,2,0,0.12797697
1-740591340,2,2,0,0.13458218
1-740596977,1,12,1,0.14670539
1-740596977,2,12,1,0.13939157
1-740596977,3,12,1,0.23067138
1-740596977,4,12,1,0.46890986
1-740596977,5,12,1,0.5310767
1-740596977,6,12,1,0.5788786
1-740596977,7,12,1,0.24280891
1-740596977,8,12,1,0.21523596
1-740596977,9,12,1,0.2202924
1-740596977,10,12,1,0.21734177
1-740596977,11,12,1,0.219835
1-740596977,12,12,1,0.9732185
1-740597381,1,5,0,0.14273712
1-740597381,2,5,0,0.1467497
1-740597381,3,5,0,0.29288414
1-740597381,4,5,0,0.30587897
1-740597381,5,5,0,0.36611956
1-740604514,1,2,0,0.11662369
1-740604514,2,2,0,0.1861208
1-740604526,1,2,0,0.11662369
1-740604526,2,2,0,0.18180263
1-740604632,1,2,0,0.11568712
1-740604632,2,2,0,0.17448878
1-740604727,1,2,0,0.11415207
1-740604727,2,2,0,0.14891149
1-740607229,1,2,0,0.12402241
1-740607229,2,2,0,0.12022415
1-740607267,1,6,0,0.13164397
1-740607267,2,6,0,0.13175942
1-740607267,3,6,0,0.29991335
1-740607267,4,6,0,0.34615093
1-740607267,5,6,0,0.39454904
1-740607267,6,6,0,0.58345544
1-740609951,1,2,0,0.10011345
1-740609951,2,2,0,0.10038399
1-740617839,1,2,0,0.102217026
1-740617839,2,2,0,0.10146508
1-740618165,1,6,0,0.12582923
1-740618165,2,6,0,0.124097854
1-740618165,3,6,0,0.3062211
1-740618165,4,6,0,0.26030257
1-740618165,5,6,0,0.3044779
1-740618165,6,6,0,0.31326362
1-740618490,1,2,0,0.1146378
1-740618490,2,2,0,0.11400246
1-740620951,1,2,1,0.16685909
1-740620951,2,2,1,0.16501293
1-740621151,1,2,0,0.12610166
1-740621151,2,2,0,0.12610166
1-740622990,1,4,0,0.13163392
1-740622990,2,4,0,0.14871417
1-740622990,3,4,0,0.28959098
1-740622990,4,4,0,0.24154645
1-740623233,1,5,0,0.13056056
1-740623233,2,5,0,0.14604405
1-740623233,3,5,0,0.24328718
1-740623233,4,5,0,0.32710218
1-740623233,5,5,0,0.31416142
1-740628430,1,2,0,0.11768654
1-740628430,2,2,0,0.13214871
1-740630090,1,5,0,0.17170475
1-740630090,2,5,0,0.26494586
1-740630090,3,5,0,0.30334017
1-740630090,4,5,0,0.3419934
1-740630090,5,5,0,0.412105
1-740630613,1,4,0,0.13817124
1-740630613,2,4,0,0.13817124
1-740630613,3,4,0,0.19900098
1-740630613,4,4,0,0.23625167
1-740630690,1,5,0,0.09643788
1-740630690,2,5,0,0.12344507
1-740630690,3,5,0,0.2071418
1-740630690,4,5,0,0.20873487
1-740630690,5,5,0,0.236248
1-740632224,1,3,0,0.12834595
1-740632224,2,3,0,0.12556902
1-740632224,3,3,0,0.25871566
1-740632403,1,4,0,0.13176396
1-740632403,2,4,0,0.1345328
1-740632403,3,4,0,0.21100968
1-740632403,4,4,0,0.19391204
1-740638251,1,2,0,0.12974484
1-740638251,2,2,0,0.12694204
1-740641078,1,14,0,0.1313286
1-740641078,2,14,0,0.1449058
1-740641078,3,14,0,0.34027037
1-740641078,4,14,0,0.31137258
1-740641078,5,14,0,0.3987719
1-740641078,6,14,0,0.35007718
1-740641078,7,14,0,0.29282513
1-740641078,8,14,0,0.25982305
1-740641078,9,14,0,0.27997106
1-740641078,10,14,0,0.30236214
1-740641078,11,14,0,0.31919634
1-740641078,12,14,0,0.30252162
1-740641770,1,2,0,0.11453995
1-740641770,2,2,0,0.11495794
1-740662398,1,6,1,0.16985662
1-740662398,2,6,1,0.18004073
1-740662398,3,6,1,0.3227014
1-740662398,4,6,1,0.33463496
1-740662398,5,6,1,0.448941
1-740662398,6,6,1,0.42052013
1-740662560,1,2,0,0.13755472
1-740662560,2,2,0,0.13738164
1-740676681,1,3,0,0.14757876
1-740676681,2,3,0,0.14926939
1-740676681,3,3,0,0.219441
1-740679187,1,2,0,0.11736235
1-740679187,2,2,0,0.11826003
1-740680072,1,2,0,0.12485521
1-740680072,2,2,0,0.124361895
1-740680292,1,7,0,0.094389156
1-740680292,2,7,0,0.095538735
1-740680292,3,7,0,0.09930682
1-740680292,4,7,0,0.11916316
1-740680292,5,7,0,0.11599658
1-740680292,6,7,0,0.11337126
1-740680292,7,7,0,0.2132941
1-740680611,1,9,1,0.12755227
1-740680611,2,9,1,0.15345097
1-740680611,3,9,1,0.3571896
1-740680611,4,9,1,0.35128427
1-740680611,5,9,1,0.4041926
1-740680611,6,9,1,0.35574788
1-740680611,7,9,1,0.39783
1-740680611,8,9,1,0.7534141
1-740680611,9,9,1,0.75451833
1-740682529,1,17,0,0.17707245
1-740682529,2,17,0,0.17000288
1-740682529,3,17,0,0.26886538
1-740682529,4,17,0,0.26935488
1-740682529,5,17,0,0.35087496
1-740682529,6,17,0,0.30357146
1-740682529,7,17,0,0.3475489
1-740682529,8,17,0,0.6310599
1-740682529,9,17,0,0.607244
1-740682529,10,17,0,0.6278186
1-740682529,11,17,0,0.6242763
1-740682529,12,17,0,0.7187376
1-740684725,1,4,0,0.14346813
1-740684725,2,4,0,0.14223081
1-740684725,3,4,0,0.20196049
1-740684725,4,4,0,0.27450648
1-740692523,1,2,0,0.13260771
1-740692523,2,2,0,0.13171956
1-740703272,1,2,0,0.1389322
1-740703272,2,2,0,0.13875768
1-740703747,1,10,0,0.17928869
1-740703747,2,10,0,0.17214917
1-740703747,3,10,0,0.34077618
1-740703747,4,10,0,0.32717922
1-740703747,5,10,0,0.18359703
1-740703747,6,10,0,0.1815356
1-740703747,7,10,0,0.18298994
1-740703747,8,10,0,0.17600043
1-740703747,9,10,0,0.18355237
1-740703747,10,10,0,0.15534349
1-740706986,1,2,0,0.13385789
1-740706986,2,2,0,0.1343357
1-740707407,1,2,0,0.13648538
1-740707407,2,2,0,0.14430444
1-740715079,1,2,0,0.1392748
1-740715079,2,2,0,0.14339931
1-740737718,1,2,0,0.13859716
1-740737718,2,2,0,0.15809323
1-740744927,1,6,1,0.13973229
1-740744927,2,6,1,0.14860976
1-740744927,3,6,1,0.31933913
1-740744927,4,6,1,0.29722995
1-740744927,5,6,1,0.28840688
1-740744927,6,6,1,0.3110282
1-740766742,1,4,0,0.08666037
1-740766742,2,4,0,0.08772494
1-740766742,3,4,0,0.084845364
1-740766742,4,4,0,0.083514005
1-740780617,1,2,0,0.13293292
1-740780617,2,2,0,0.19292764
1-740780871,1,3,0,0.120894276
1-740780871,2,3,0,0.1218023
1-740780871,3,3,0,0.19349512
1-740791441,1,2,0,0.17246576
1-740791441,2,2,0,0.1705835
1-740792353,1,2,0,0.12015017
1-740792353,2,2,0,0.15594985
1-740801390,1,15,1,0.13963638
1-740801390,2,15,1,0.17208354
1-740801390,3,15,1,0.286948
1-740801390,4,15,1,0.2180555
1-740801390,5,15,1,0.3743751
1-740801390,6,15,1,0.3989304
1-740801390,7,15,1,0.41091388
1-740801390,8,15,1,0.43060026
1-740801390,9,15,1,0.5332877
1-740801390,10,15,1,0.76675016
1-740801390,11,15,1,0.7694686
1-740801390,12,15,1,0.77415276
1-740803182,1,5,0,0.08515974
1-740803182,2,5,0,0.085393704
1-740803182,3,5,0,0.0807093
1-740803182,4,5,0,0.09958361
1-740803182,5,5,0,0.09924841
1-740803202,1,2,0,0.13376269
1-740803202,2,2,0,0.15306093
1-740803667,1,2,0,0.13376269
1-740803667,2,2,0,0.14394055
1-740811922,1,9,1,0.21464108
1-740811922,2,9,1,0.21120866
1-740811922,3,9,1,0.36027795
1-740811922,4,9,1,0.36820287
1-740811922,5,9,1,0.34839293
1-740811922,6,9,1,0.6272389
1-740811922,7,9,1,0.6033839
1-740811922,8,9,1,0.59201694
1-740811922,9,9,1,0.5957022
1-740812490,1,8,1,0.26119828
1-740812490,2,8,1,0.25690994
1-740812490,3,8,1,0.4704759
1-740812490,4,8,1,0.4438665
1-740812490,5,8,1,0.47456798
1-740812490,6,8,1,0.5375257
1-740812490,7,8,1,0.53322953
1-740812490,8,8,1,0.61183393
1-740814666,1,3,0,0.08436286
1-740814666,2,3,0,0.08630119
1-740814666,3,3,0,0.1403785
1-740820201,1,4,0,0.17171255
1-740820201,2,4,0,0.17478806
1-740820201,3,4,0,0.29210746
1-740820201,4,4,0,0.28197104
1-740839458,1,6,0,0.12019859
1-740839458,2,6,0,0.11953802
1-740839458,3,6,0,0.3053152
1-740839458,4,6,0,0.27515757
1-740839458,5,6,0,0.319357
1-740839458,6,6,0,0.47616708
1-740839548,1,8,0,0.08072535
1-740839548,2,8,0,0.080948204
1-740839548,3,8,0,0.079294845
1-740839548,4,8,0,0.0807851
1-740839548,5,8,0,0.08587288
1-740839548,6,8,0,0.094683655
1-740839548,7,8,0,0.23315483
1-740839548,8,8,0,0.2288656
1-740841250,1,6,0,0.08150328
1-740841250,2,6,0,0.08172809
1-740841250,3,6,0,0.08533324
1-740841250,4,6,0,0.15988542
1-740841250,5,6,0,0.14096753
1-740841250,6,6,0,0.16873498
1-740842201,1,3,0,0.1295589
1-740842201,2,3,0,0.12940252
1-740842201,3,3,0,0.26882574
1-740844119,1,2,0,0.13350737
1-740844119,2,2,0,0.13350737
1-740846820,1,2,0,0.10325756
1-740846820,2,2,0,0.10267921
1-740847645,1,3,0,0.082996525
1-740847645,2,3,0,0.108981065
1-740847645,3,3,0,0.18370716
1-740848036,1,3,0,0.111363314
1-740848036,2,3,0,0.11074517
1-740848036,3,3,0,0.25491816
1-740853095,1,5,0,0.11183392
1-740853095,2,5,0,0.1112135
1-740853095,3,5,0,0.3569389
1-740853095,4,5,0,0.35650206
1-740853095,5,5,0,0.4425727
1-740853331,1,2,0,0.23840684
1-740853331,2,2,0,0.23385155
1-740858249,1,5,0,0.083129555
1-740858249,2,5,0,0.083358444
1-740858249,3,5,0,0.08350525
1-740858249,4,5,0,0.17921495
1-740858249,5,5,0,0.17205726
1-740858571,1,4,1,0.11651277
1-740858571,2,4,1,0.11508329
1-740858571,3,4,1,0.31072032
1-740858571,4,4,1,0.5012522
1-740859433,1,2,0,0.10642557
1-740859433,2,2,0,0.118708566
1-740866708,1,2,0,0.09945266
1-740866708,2,2,0,0.102648504
