case_id,k,_n_nonterm,y,p
INC0000047,1,7,0,0.5516305
INC0000047,2,7,0,0.25182715
INC0000047,3,7,0,0.25541428
INC0000047,4,7,0,0.30685097
INC0000047,5,7,0,0.3198489
INC0000047,6,7,0,0.2822869
INC0000047,7,7,0,0.36869293
INC0000073,1,4,0,0.20158756
INC0000073,2,4,0,0.19798297
INC0000073,3,4,0,0.21974401
INC0000073,4,4,0,0.37921378
INC0000083,1,3,0,0.117145374
INC0000083,2,3,0,0.064445995
INC0000083,3,3,0,0.06608432
INC0000099,1,2,0,0.36341107
INC0000099,2,2,0,0.29934362
INC0000126,1,2,0,0.2113621
INC0000126,2,2,0,0.19715902
INC0000140,1,5,0,0.3670443
INC0000140,2,5,0,0.3587271
INC0000140,3,5,0,0.36110523
INC0000140,4,5,0,0.29059297
INC0000140,5,5,0,0.5120284
INC0000168,1,1,0,0.1270537
INC0000169,1,1,0,0.2000798
INC0000172,1,8,0,0.3544774
INC0000172,2,8,0,0.3293144
INC0000172,3,8,0,0.32171407
INC0000172,4,8,0,0.33795613
INC0000172,5,8,0,0.33795613
INC0000172,6,8,0,0.3984364
INC0000172,7,8,0,0.46226004
INC0000172,8,8,0,0.48232362
INC0000236,1,2,0,0.103572026
INC0000236,2,2,0,0.12496527
INC0000282,1,2,0,0.23533814
INC0000282,2,2,0,0.22171898
INC0000284,1,4,0,0.24536212
INC0000284,2,4,0,0.264758
INC0000284,3,4,0,0.30231568
INC0000284,4,4,0,0.28392878
INC0000285,1,4,0,0.13632806
INC0000285,2,4,0,0.20236507
INC0000285,3,4,0,0.19757482
INC0000285,4,4,0,0.2984483
INC0000330,1,3,1,0.8230612
INC0000330,2,3,1,0.8154985
INC0000330,3,3,1,0.99356234
INC0000343,1,3,1,0.9084494
INC0000343,2,3,1,0.90550077
INC0000343,3,3,1,0.9969489
INC0000347,1,3,0,0.19798516
INC0000347,2,3,0,0.3697768
INC0000347,3,3,0,0.4169774
INC0000351,1,2,1,0.83410853
INC0000351,2,2,1,0.8017131
INC0000377,1,2,0,0.14163892
INC0000377,2,2,0,0.12450629
INC0000384,1,2,0,0.09653371
INC0000384,2,2,0,0.2559641
INC0000497,1,7,0,0.341471
INC0000497,2,7,0,0.31269404
INC0000497,3,7,0,0.38973594
INC0000497,4,7,0,0.41911706
INC0000497,5,7,0,0.4331867
INC0000497,6,7,0,0.6813993
INC0000497,7,7,0,0.868742
INC0000500,1,4,1,0.18446779
INC0000500,2,4,1,0.9494058
INC0000500,3,4,1,0.95116967
INC0000500,4,4,1,0.9437321
INC0000503,1,4,0,0.13478494
INC0000503,2,4,0,0.1687701
INC0000503,3,4,0,0.28440505
INC0000503,4,4,0,0.20258337
INC0000519,1,4,0,0.32594824
INC0000519,2,4,0,0.31267118
INC0000519,3,4,0,0.34053788
INC0000519,4,4,0,0.378167
INC0000526,1,1,0,0.3394623
INC0000527,1,3,0,0.38709438
INC0000527,2,3,0,0.26134908
INC0000527,3,3,0,0.38307232
INC0000534,1,6,0,0.34510666
INC0000534,2,6,0,0.3449117
INC0000534,3,6,0,0.32827747
INC0000534,4,6,0,0.29082152
INC0000534,5,6,0,0.2877016
INC0000534,6,6,0,0.28768402
INC0000538,1,2,1,0.97934234
INC0000538,2,2,1,0.95609933
INC0000541,1,23,1,0.13894057
INC0000541,2,23,1,0.14805281
INC0000541,3,23,1,0.9539946
INC0000541,4,23,1,0.9741864
INC0000541,5,23,1,0.9816522
INC0000541,6,23,1,0.9817675
INC0000541,7,23,1,0.98204917
INC0000541,8,23,1,0.97586596
INC0000554,1,3,0,0.5438246
INC0000554,2,3,0,0.581919
INC0000554,3,3,0,0.49518013
INC0000648,1,2,0,0.2892407
INC0000648,2,2,0,0.49564576
INC0000654,1,3,0,0.18172745
INC0000654,2,3,0,0.1557671
INC0000654,3,3,0,0.25652936
INC0000669,1,17,0,0.20164615
INC0000669,2,17,0,0.25545478
INC0000669,3,17,0,0.10001791
INC0000669,4,17,0,0.09417709
INC0000669,5,17,0,0.09551616
INC0000669,6,17,0,0.1696847
INC0000669,7,17,0,0.136358
INC0000669,8,17,0,0.16603439
INC0000674,1,5,0,0.53924876
INC0000674,2,5,0,0.47416276
INC0000674,3,5,0,0.5856741
INC0000674,4,5,0,0.46691126
INC0000674,5,5,0,0.5398517
INC0000677,1,5,1,0.5896056
INC0000677,2,5,1,0.99961287
INC0000677,3,5,1,0.9996326
INC0000677,4,5,1,0.99933076
INC0000677,5,5,1,0.99869066
INC0000708,1,4,0,0.4349835
INC0000708,2,4,0,0.42649773
INC0000708,3,4,0,0.4953568
INC0000708,4,4,0,0.48092327
INC0000715,1,7,1,0.4827789
INC0000715,2,7,1,0.44097015
INC0000715,3,7,1,0.75226
INC0000715,4,7,1,0.9982492
INC0000715,5,7,1,0.9980654
INC0000715,6,7,1,0.9981798
INC0000715,7,7,1,0.9985405
INC0000717,1,2,0,0.25024882
INC0000717,2,2,0,0.17093593
INC0000734,1,4,0,0.50377655
INC0000734,2,4,0,0.49436867
INC0000734,3,4,0,0.557053
INC0000734,4,4,0,0.71465224
INC0000778,1,5,0,0.35187626
INC0000778,2,5,0,0.33642176
INC0000778,3,5,0,0.33545515
INC0000778,4,5,0,0.3015479
INC0000778,5,5,0,0.7581083
INC0000790,1,4,1,0.626327
INC0000790,2,4,1,0.63131
INC0000790,3,4,1,0.8380393
INC0000790,4,4,1,0.9979329
INC0000791,1,2,0,0.4375281
INC0000791,2,2,0,0.4871723
INC0000838,1,4,0,0.38438857
INC0000838,2,4,0,0.4519952
INC0000838,3,4,0,0.44796562
INC0000838,4,4,0,0.48658958
INC0000863,1,3,0,0.27767056
INC0000863,2,3,0,0.27707985
INC0000863,3,3,0,0.4892721
INC0000895,1,8,1,0.2807345
INC0000895,2,8,1,0.27938846
INC0000895,3,8,1,0.38164163
INC0000895,4,8,1,0.401737
INC0000895,5,8,1,0.617015
INC0000895,6,8,1,0.7000611
INC0000895,7,8,1,0.74525726
INC0000895,8,8,1,0.99533856
INC0000925,1,1,0,0.22426282
INC0000928,1,1,0,0.23683985
INC0000938,1,18,1,0.23053282
INC0000938,2,18,1,0.25061613
INC0000938,3,18,1,0.32410032
INC0000938,4,18,1,0.45554352
INC0000938,5,18,1,0.4812834
INC0000938,6,18,1,0.98376703
INC0000938,7,18,1,0.9856967
INC0000938,8,18,1,0.990017
INC0000981,1,12,1,0.2402602
INC0000981,2,12,1,0.25810215
INC0000981,3,12,1,0.7197736
INC0000981,4,12,1,0.7347761
INC0000981,5,12,1,0.82258135
INC0000981,6,12,1,0.9981463
INC0000981,7,12,1,0.99855405
INC0000981,8,12,1,0.99859446
INC0000982,1,3,1,0.23147547
INC0000982,2,3,1,0.2130268
INC0000982,3,3,1,0.23504207
INC0000993,1,2,1,0.40686083
INC0000993,2,2,1,0.9987398
INC0000999,1,7,1,0.9853344
INC0000999,2,7,1,0.986894
INC0000999,3,7,1,0.9900682
INC0000999,4,7,1,0.9922281
INC0000999,5,7,1,0.9899199
INC0000999,6,7,1,0.9875261
INC0000999,7,7,1,0.9970054
INC0001006,1,2,0,0.21909833
INC0001006,2,2,0,0.60478663
INC0001016,1,4,0,0.20638844
INC0001016,2,4,0,0.4148284
INC0001016,3,4,0,0.40153077
INC0001016,4,4,0,0.3886022
INC0001017,1,14,1,0.45448542
INC0001017,2,14,1,0.4325574
INC0001017,3,14,1,0.5023594
INC0001017,4,14,1,0.52536273
INC0001017,5,14,1,0.4061767
INC0001017,6,14,1,0.41686273
INC0001017,7,14,1,0.46024713
INC0001017,8,14,1,0.843393
INC0001026,1,5,0,0.5174749
INC0001026,2,5,0,0.75151414
INC0001026,3,5,0,0.78061384
INC0001026,4,5,0,0.710506
INC0001026,5,5,0,0.71742207
INC0001028,1,12,1,0.5539102
INC0001028,2,12,1,0.5739803
INC0001028,3,12,1,0.8537435
INC0001028,4,12,1,0.86886156
INC0001028,5,12,1,0.70559776
INC0001028,6,12,1,0.662813
INC0001028,7,12,1,0.71031463
INC0001028,8,12,1,0.8015632
INC0001041,1,19,1,0.3740176
INC0001041,2,19,1,0.49616557
INC0001041,3,19,1,0.6422225
INC0001041,4,19,1,0.6549318
INC0001041,5,19,1,0.9936092
INC0001041,6,19,1,0.99381447
INC0001041,7,19,1,0.99385864
INC0001041,8,19,1,0.99926764
INC0001068,1,6,1,0.4308468
INC0001068,2,6,1,0.6761813
INC0001068,3,6,1,0.9916363
INC0001068,4,6,1,0.98986524
INC0001068,5,6,1,0.9958406
INC0001068,6,6,1,0.9961928
INC0001078,1,2,1,0.5437499
INC0001078,2,2,1,0.5889605
INC0001083,1,3,0,0.19698349
INC0001083,2,3,0,0.23228931
INC0001083,3,3,0,0.39272377
INC0001104,1,15,1,0.37778887
INC0001104,2,15,1,0.71692
INC0001104,3,15,1,0.8465331
INC0001104,4,15,1,0.8288875
INC0001104,5,15,1,0.826903
INC0001104,6,15,1,0.86857384
INC0001104,7,15,1,0.9977574
INC0001104,8,15,1,0.99871933
INC0001127,1,6,1,0.6089188
INC0001127,2,6,1,0.67800087
INC0001127,3,6,1,0.66464
INC0001127,4,6,1,0.99878305
INC0001127,5,6,1,0.99882287
INC0001127,6,6,1,0.998459
INC0001136,1,2,1,0.6772113
INC0001136,2,2,1,0.99824774
INC0001144,1,10,1,0.5577286
INC0001144,2,10,1,0.39830187
INC0001144,3,10,1,0.5497749
INC0001144,4,10,1,0.5569876
INC0001144,5,10,1,0.7437268
INC0001144,6,10,1,0.7402024
INC0001144,7,10,1,0.7941684
INC0001144,8,10,1,0.8773588
INC0001152,1,15,1,0.3942439
INC0001152,2,15,1,0.6293823
INC0001152,3,15,1,0.69619864
INC0001152,4,15,1,0.98922926
INC0001152,5,15,1,0.99087614
INC0001152,6,15,1,0.9917067
INC0001152,7,15,1,0.9928652
INC0001152,8,15,1,0.9962364
INC0001181,1,1,1,0.79780763
INC0001182,1,5,0,0.53386056
INC0001182,2,5,0,0.246606
INC0001182,3,5,0,0.1820481
INC0001182,4,5,0,0.17700703
INC0001182,5,5,0,0.18122108
INC0001186,1,5,1,0.72966015
INC0001186,2,5,1,0.99163896
INC0001186,3,5,1,0.99418384
INC0001186,4,5,1,0.99537766
INC0001186,5,5,1,0.99582726
INC0001217,1,8,1,0.516878
INC0001217,2,8,1,0.4491718
INC0001217,3,8,1,0.40430936
INC0001217,4,8,1,0.45803395
INC0001217,5,8,1,0.45248643
INC0001217,6,8,1,0.46262154
INC0001217,7,8,1,0.45752284
INC0001217,8,8,1,0.5125985
INC0001227,1,10,1,0.49882182
INC0001227,2,10,1,0.5342711
INC0001227,3,10,1,0.77264553
INC0001227,4,10,1,0.75315654
INC0001227,5,10,1,0.76395184
INC0001227,6,10,1,0.76882744
INC0001227,7,10,1,0.86551505
INC0001227,8,10,1,0.9895454
INC0001233,1,4,1,0.68145585
INC0001233,2,4,1,0.99966383
INC0001233,3,4,1,0.9989794
INC0001233,4,4,1,0.99923337
INC0001236,1,2,0,0.21337418
INC0001236,2,2,0,0.23535569
INC0001261,1,4,1,0.44504958
INC0001261,2,4,1,0.59051776
INC0001261,3,4,1,0.9974759
INC0001261,4,4,1,0.9975278
INC0001271,1,12,1,0.5362958
INC0001271,2,12,1,0.433061
INC0001271,3,12,1,0.5352016
INC0001271,4,12,1,0.4784143
INC0001271,5,12,1,0.63881636
INC0001271,6,12,1,0.8167035
INC0001271,7,12,1,0.9878875
INC0001271,8,12,1,0.9979032
INC0001277,1,4,1,0.809891
INC0001277,2,4,1,0.83974975
INC0001277,3,4,1,0.9988217
INC0001277,4,4,1,0.9993844
INC0001293,1,4,1,0.7940337
INC0001293,2,4,1,0.8339836
INC0001293,3,4,1,0.8339836
INC0001293,4,4,1,0.9992848
INC0001297,1,2,0,0.35972673
INC0001297,2,2,0,0.43212137
INC0001299,1,4,0,0.16818027
INC0001299,2,4,0,0.11201159
INC0001299,3,4,0,0.10893047
INC0001299,4,4,0,0.11376167
INC0001313,1,3,1,0.91430366
INC0001313,2,3,1,0.9987087
INC0001313,3,3,1,0.9986871
INC0001321,1,1,1,0.8044713
INC0001336,1,6,0,0.59422636
INC0001336,2,6,0,0.55260956
INC0001336,3,6,0,0.40079457
INC0001336,4,6,0,0.33897874
INC0001336,5,6,0,0.34324807
INC0001336,6,6,0,0.35770425
INC0001342,1,6,0,0.31082988
INC0001342,2,6,0,0.23466024
INC0001342,3,6,0,0.228261
INC0001342,4,6,0,0.31493798
INC0001342,5,6,0,0.21851775
INC0001342,6,6,0,0.2183502
INC0001364,1,5,1,0.9231761
INC0001364,2,5,1,0.93666124
INC0001364,3,5,1,0.90904194
INC0001364,4,5,1,0.914853
INC0001364,5,5,1,0.9981458
INC0001377,1,2,1,0.92368174
INC0001377,2,2,1,0.9393859
INC0001381,1,3,1,0.82200193
INC0001381,2,3,1,0.7982054
INC0001381,3,3,1,0.9985605
INC0001397,1,6,1,0.36955222
INC0001397,2,6,1,0.7311923
INC0001397,3,6,1,0.8285732
INC0001397,4,6,1,0.9974124
INC0001397,5,6,1,0.9970074
INC0001397,6,6,1,0.99751556
INC0001399,1,2,1,0.94186825
INC0001399,2,2,1,0.912096
INC0001402,1,1,0,0.6914352
INC0001413,1,1,0,0.5535177
INC0001431,1,6,1,0.38274217
INC0001431,2,6,1,0.8750216
INC0001431,3,6,1,0.88057923
INC0001431,4,6,1,0.99899465
INC0001431,5,6,1,0.9973923
INC0001431,6,6,1,0.99828196
INC0001449,1,1,0,0.35010374
INC0001464,1,2,0,0.8675046
INC0001464,2,2,0,0.82590216
INC0001477,1,7,0,0.2943036
INC0001477,2,7,0,0.22112624
INC0001477,3,7,0,0.21220118
INC0001477,4,7,0,0.2773308
INC0001477,5,7,0,0.34505707
INC0001477,6,7,0,0.23938678
INC0001477,7,7,0,0.26604584
INC0001524,1,3,1,0.9864179
INC0001524,2,3,1,0.98782027
INC0001524,3,3,1,0.9815512
INC0001529,1,4,1,0.7659953
INC0001529,2,4,1,0.9384741
INC0001529,3,4,1,0.9994925
INC0001529,4,4,1,0.9992403
INC0001566,1,10,1,0.42395404
INC0001566,2,10,1,0.5116429
INC0001566,3,10,1,0.6379901
INC0001566,4,10,1,0.5731492
INC0001566,5,10,1,0.81013364
INC0001566,6,10,1,0.9973749
INC0001566,7,10,1,0.99706334
INC0001566,8,10,1,0.9945209
INC0001568,1,1,0,0.32058084
INC0001573,1,19,1,0.5434579
INC0001573,2,19,1,0.42633706
INC0001573,3,19,1,0.42914698
INC0001573,4,19,1,0.55445135
INC0001573,5,19,1,0.7046957
INC0001573,6,19,1,0.7220104
INC0001573,7,19,1,0.83502835
INC0001573,8,19,1,0.78837484
INC0001574,1,2,0,0.3636037
INC0001574,2,2,0,0.42488104
INC0001580,1,1,0,0.45148328
INC0001627,1,3,0,0.11316055
INC0001627,2,3,0,0.064087234
INC0001627,3,3,0,0.05231922
INC0001633,1,2,0,0.32432887
INC0001633,2,2,0,0.27535313
INC0001662,1,6,1,0.5415647
INC0001662,2,6,1,0.9976922
INC0001662,3,6,1,0.9939038
INC0001662,4,6,1,0.9936227
INC0001662,5,6,1,0.9952362
INC0001662,6,6,1,0.99788815
INC0001664,1,1,0,0.2982006
INC0001671,1,11,1,0.13711055
INC0001671,2,11,1,0.18973792
INC0001671,3,11,1,0.16407509
INC0001671,4,11,1,0.16733634
INC0001671,5,11,1,0.106539056
INC0001671,6,11,1,0.079772405
INC0001671,7,11,1,0.12518126
INC0001671,8,11,1,0.12391607
INC0001684,1,1,0,0.2266389
INC0001693,1,2,0,0.2559465
INC0001693,2,2,0,0.23119634
INC0001719,1,2,1,0.86610645
INC0001719,2,2,1,0.9985259
INC0001725,1,1,0,0.37402463
INC0001729,1,6,1,0.9140964
INC0001729,2,6,1,0.9026307
INC0001729,3,6,1,0.8963081
INC0001729,4,6,1,0.9926467
INC0001729,5,6,1,0.9930529
INC0001729,6,6,1,0.9983895
INC0001768,1,6,1,0.60466605
INC0001768,2,6,1,0.6003144
INC0001768,3,6,1,0.6516367
INC0001768,4,6,1,0.64639837
INC0001768,5,6,1,0.6428131
INC0001768,6,6,1,0.96664196
INC0001778,1,13,1,0.7259145
INC0001778,2,13,1,0.8521509
INC0001778,3,13,1,0.9950707
INC0001778,4,13,1,0.9946957
INC0001778,5,13,1,0.9970271
INC0001778,6,13,1,0.99547774
INC0001778,7,13,1,0.9947541
INC0001778,8,13,1,0.99470717
INC0001783,1,4,1,0.66952235
INC0001783,2,4,1,0.88226384
INC0001783,3,4,1,0.98642737
INC0001783,4,4,1,0.996971
INC0001814,1,11,1,0.31002602
INC0001814,2,11,1,0.46490067
INC0001814,3,11,1,0.9872507
INC0001814,4,11,1,0.94994813
INC0001814,5,11,1,0.9515786
INC0001814,6,11,1,0.9558598
INC0001814,7,11,1,0.9307799
INC0001814,8,11,1,0.92995983
INC0001816,1,7,1,0.6023993
INC0001816,2,7,1,0.6310635
INC0001816,3,7,1,0.6428206
INC0001816,4,7,1,0.7904424
INC0001816,5,7,1,0.9991584
INC0001816,6,7,1,0.9981394
INC0001816,7,7,1,0.999124
INC0001837,1,3,1,0.49195108
INC0001837,2,3,1,0.9778861
INC0001837,3,3,1,0.9841505
INC0001839,1,3,1,0.68777317
INC0001839,2,3,1,0.9989974
INC0001839,3,3,1,0.99873036
INC0001928,1,1,0,0.440281
INC0001931,1,1,0,0.09132301
INC0001937,1,3,0,0.6988345
INC0001937,2,3,0,0.657508
INC0001937,3,3,0,0.70620847
INC0001938,1,1,0,0.71813107
INC0001939,1,3,1,0.81934834
INC0001939,2,3,1,0.9962166
INC0001939,3,3,1,0.99899226
INC0001941,1,7,0,0.71123534
INC0001941,2,7,0,0.6769999
INC0001941,3,7,0,0.68459576
INC0001941,4,7,0,0.6408033
INC0001941,5,7,0,0.67399347
INC0001941,6,7,0,0.686671
INC0001941,7,7,0,0.7495858
INC0001960,1,5,1,0.88446796
INC0001960,2,5,1,0.8365417
INC0001960,3,5,1,0.9982116
INC0001960,4,5,1,0.99813724
INC0001960,5,5,1,0.99915755
INC0001979,1,5,0,0.49714428
INC0001979,2,5,0,0.44882047
INC0001979,3,5,0,0.52809834
INC0001979,4,5,0,0.68395215
INC0001979,5,5,0,0.84172255
INC0001989,1,2,0,0.43364465
INC0001989,2,2,0,0.36983612
INC0001993,1,2,0,0.18225566
INC0001993,2,2,0,0.25220242
INC0002003,1,3,1,0.69158226
INC0002003,2,3,1,0.6197512
INC0002003,3,3,1,0.6686515
INC0002005,1,2,1,0.5435074
INC0002005,2,2,1,0.5511469
INC0002031,1,10,1,0.59811133
INC0002031,2,10,1,0.64578104
INC0002031,3,10,1,0.3732137
INC0002031,4,10,1,0.52892613
INC0002031,5,10,1,0.5720093
INC0002031,6,10,1,0.5655903
INC0002031,7,10,1,0.93481225
INC0002031,8,10,1,0.9663634
INC0002034,1,5,1,0.4258929
INC0002034,2,5,1,0.9171769
INC0002034,3,5,1,0.9855378
INC0002034,4,5,1,0.98636556
INC0002034,5,5,1,0.9980527
INC0002075,1,9,1,0.6053012
INC0002075,2,9,1,0.94135475
INC0002075,3,9,1,0.9867721
INC0002075,4,9,1,0.98767173
INC0002075,5,9,1,0.98923266
INC0002075,6,9,1,0.9853576
INC0002075,7,9,1,0.9965745
INC0002075,8,9,1,0.9975757
INC0002116,1,4,1,0.45034292
INC0002116,2,4,1,0.40347
INC0002116,3,4,1,0.4662474
INC0002116,4,4,1,0.97456396
INC0002122,1,2,1,0.6582371
INC0002122,2,2,1,0.81385994
INC0002133,1,2,1,0.75025856
INC0002133,2,2,1,0.991827
INC0002141,1,4,1,0.702538
INC0002141,2,4,1,0.7033099
INC0002141,3,4,1,0.59576315
INC0002141,4,4,1,0.6013058
INC0002150,1,5,0,0.3759808
INC0002150,2,5,0,0.302651
INC0002150,3,5,0,0.29607436
INC0002150,4,5,0,0.50631255
INC0002150,5,5,0,0.46497074
INC0002161,1,4,1,0.71269655
INC0002161,2,4,1,0.99527633
INC0002161,3,4,1,0.9963594
INC0002161,4,4,1,0.9983968
INC0002243,1,2,1,0.68556195
INC0002243,2,2,1,0.9984823
INC0002256,1,1,0,0.37584266
INC0002289,1,10,1,0.5637769
INC0002289,2,10,1,0.5790452
INC0002289,3,10,1,0.67122287
INC0002289,4,10,1,0.76061857
INC0002289,5,10,1,0.9342333
INC0002289,6,10,1,0.98941225
INC0002289,7,10,1,0.9735155
INC0002289,8,10,1,0.9797974
INC0002290,1,6,1,0.87112266
INC0002290,2,6,1,0.99434763
INC0002290,3,6,1,0.99873346
INC0002290,4,6,1,0.9986719
INC0002290,5,6,1,0.99861705
INC0002290,6,6,1,0.9987847
INC0002299,1,3,1,0.37454295
INC0002299,2,3,1,0.9355102
INC0002299,3,3,1,0.92439455
INC0002312,1,3,0,0.38603824
INC0002312,2,3,0,0.24160409
INC0002312,3,3,0,0.24865617
INC0002320,1,5,1,0.63393295
INC0002320,2,5,1,0.6480461
INC0002320,3,5,1,0.97302747
INC0002320,4,5,1,0.96913457
INC0002320,5,5,1,0.98390466
INC0002323,1,2,0,0.131444
INC0002323,2,2,0,0.16432288
INC0002335,1,4,1,0.75152224
INC0002335,2,4,1,0.7887032
INC0002335,3,4,1,0.7976402
INC0002335,4,4,1,0.6846233
INC0002343,1,1,0,0.4736446
INC0002364,1,5,1,0.9107983
INC0002364,2,5,1,0.86952037
INC0002364,3,5,1,0.6997615
INC0002364,4,5,1,0.99576604
INC0002364,5,5,1,0.9958972
INC0002400,1,8,1,0.6671462
INC0002400,2,8,1,0.6026375
INC0002400,3,8,1,0.6870921
INC0002400,4,8,1,0.68707365
INC0002400,5,8,1,0.99511343
INC0002400,6,8,1,0.98735726
INC0002400,7,8,1,0.9977633
INC0002400,8,8,1,0.9980172
INC0002401,1,7,1,0.68447816
INC0002401,2,7,1,0.5889295
INC0002401,3,7,1,0.5889295
INC0002401,4,7,1,0.7357076
INC0002401,5,7,1,0.7898683
INC0002401,6,7,1,0.94958216
INC0002401,7,7,1,0.87660277
INC0002429,1,3,0,0.70262986
INC0002429,2,3,0,0.73641783
INC0002429,3,3,0,0.7173418
INC0002453,1,8,1,0.6799883
INC0002453,2,8,1,0.8360061
INC0002453,3,8,1,0.84335715
INC0002453,4,8,1,0.84154195
INC0002453,5,8,1,0.89052904
INC0002453,6,8,1,0.96767455
INC0002453,7,8,1,0.9961849
INC0002453,8,8,1,0.99611914
INC0002459,1,12,1,0.651299
INC0002459,2,12,1,0.70058095
INC0002459,3,12,1,0.68483275
INC0002459,4,12,1,0.772275
INC0002459,5,12,1,0.926339
INC0002459,6,12,1,0.941576
INC0002459,7,12,1,0.9966619
INC0002459,8,12,1,0.99504155
INC0002518,1,5,1,0.94011706
INC0002518,2,5,1,0.9852681
INC0002518,3,5,1,0.97589976
INC0002518,4,5,1,0.977182
INC0002518,5,5,1,0.9707375
INC0002527,1,15,1,0.7584301
INC0002527,2,15,1,0.6794492
INC0002527,3,15,1,0.73290384
INC0002527,4,15,1,0.9856483
INC0002527,5,15,1,0.99698764
INC0002527,6,15,1,0.9971361
INC0002527,7,15,1,0.99743265
INC0002527,8,15,1,0.9961308
INC0002531,1,5,1,0.8027657
INC0002531,2,5,1,0.8277065
INC0002531,3,5,1,0.8669298
INC0002531,4,5,1,0.99959725
INC0002531,5,5,1,0.9994541
INC0002536,1,4,1,0.836682
INC0002536,2,4,1,0.9556175
INC0002536,3,4,1,0.99668235
INC0002536,4,4,1,0.99480236
INC0002538,1,10,1,0.806657
INC0002538,2,10,1,0.69946027
INC0002538,3,10,1,0.92303187
INC0002538,4,10,1,0.9194828
INC0002538,5,10,1,0.99451363
INC0002538,6,10,1,0.9958698
INC0002538,7,10,1,0.99444216
INC0002538,8,10,1,0.99487066
INC0002540,1,4,1,0.5846551
INC0002540,2,4,1,0.9265126
INC0002540,3,4,1,0.99019694
INC0002540,4,4,1,0.99395245
INC0002550,1,2,1,0.74904084
INC0002550,2,2,1,0.9906612
INC0002554,1,1,1,0.43538418
INC0002556,1,4,0,0.8599188
INC0002556,2,4,0,0.8307729
INC0002556,3,4,0,0.846721
INC0002556,4,4,0,0.8446269
INC0002557,1,7,1,0.8531976
INC0002557,2,7,1,0.8840266
INC0002557,3,7,1,0.9728769
INC0002557,4,7,1,0.970454
INC0002557,5,7,1,0.96224
INC0002557,6,7,1,0.97974765
INC0002557,7,7,1,0.98044866
INC0002574,1,2,1,0.7201591
INC0002574,2,2,1,0.755405
INC0002587,1,14,1,0.70335734
INC0002587,2,14,1,0.9485753
INC0002587,3,14,1,0.9955146
INC0002587,4,14,1,0.9977361
INC0002587,5,14,1,0.9974451
INC0002587,6,14,1,0.9979011
INC0002587,7,14,1,0.99815434
INC0002587,8,14,1,0.9984037
INC0002616,1,2,1,0.61378
INC0002616,2,2,1,0.7976176
INC0002619,1,8,1,0.7100154
INC0002619,2,8,1,0.9516662
INC0002619,3,8,1,0.993353
INC0002619,4,8,1,0.99361104
INC0002619,5,8,1,0.988713
INC0002619,6,8,1,0.99212086
INC0002619,7,8,1,0.990325
INC0002619,8,8,1,0.9933106
INC0002640,1,1,0,0.7581005
INC0002671,1,6,1,0.77824277
INC0002671,2,6,1,0.7521303
INC0002671,3,6,1,0.79281086
INC0002671,4,6,1,0.9979907
INC0002671,5,6,1,0.9983102
INC0002671,6,6,1,0.99821764
INC0002683,1,2,1,0.74243367
INC0002683,2,2,1,0.9146905
INC0002699,1,4,1,0.91473824
INC0002699,2,4,1,0.99727494
INC0002699,3,4,1,0.9926731
INC0002699,4,4,1,0.99690115
INC0002716,1,5,1,0.8604732
INC0002716,2,5,1,0.707865
INC0002716,3,5,1,0.9961205
INC0002716,4,5,1,0.9970059
INC0002716,5,5,1,0.99336374
INC0002718,1,11,1,0.5370993
INC0002718,2,11,1,0.63469714
INC0002718,3,11,1,0.9948613
INC0002718,4,11,1,0.9963787
INC0002718,5,11,1,0.9963462
INC0002718,6,11,1,0.9969008
INC0002718,7,11,1,0.9970114
INC0002718,8,11,1,0.99770916
INC0002871,1,1,0,0.545802
INC0002906,1,7,1,0.8615101
INC0002906,2,7,1,0.8449846
INC0002906,3,7,1,0.8449846
INC0002906,4,7,1,0.85750544
INC0002906,5,7,1,0.9714813
INC0002906,6,7,1,0.97656816
INC0002906,7,7,1,0.9934202
INC0002968,1,1,1,0.8911895
INC0002984,1,7,1,0.8210231
INC0002984,2,7,1,0.8278782
INC0002984,3,7,1,0.8627554
INC0002984,4,7,1,0.878911
INC0002984,5,7,1,0.86873114
INC0002984,6,7,1,0.9928042
INC0002984,7,7,1,0.99396896
INC0002986,1,8,1,0.8702641
INC0002986,2,8,1,0.8717426
INC0002986,3,8,1,0.9937139
INC0002986,4,8,1,0.99363613
INC0002986,5,8,1,0.994379
INC0002986,6,8,1,0.9949929
INC0002986,7,8,1,0.9933977
INC0002986,8,8,1,0.99100554
INC0002987,1,3,1,0.8691533
INC0002987,2,3,1,0.75090075
INC0002987,3,3,1,0.74555993
INC0003006,1,1,1,0.8794721
INC0003016,1,5,1,0.75284666
INC0003016,2,5,1,0.996693
INC0003016,3,5,1,0.9963666
INC0003016,4,5,1,0.9952585
INC0003016,5,5,1,0.9961404
INC0003053,1,2,1,0.8835232
INC0003053,2,2,1,0.8850651
INC0003076,1,4,1,0.8475964
INC0003076,2,4,1,0.8439268
INC0003076,3,4,1,0.9894741
INC0003076,4,4,1,0.99108547
INC0003089,1,13,1,0.15793684
INC0003089,2,13,1,0.13015914
INC0003089,3,13,1,0.13944815
INC0003089,4,13,1,0.016496489
INC0003089,5,13,1,0.01944132
INC0003089,6,13,1,0.04651457
INC0003089,7,13,1,0.03502962
INC0003089,8,13,1,0.036836185
INC0003091,1,7,1,0.9479733
INC0003091,2,7,1,0.99944896
INC0003091,3,7,1,0.9994848
INC0003091,4,7,1,0.99924004
INC0003091,5,7,1,0.9993131
INC0003091,6,7,1,0.9994708
INC0003091,7,7,1,0.9997023
INC0003100,1,12,1,0.8146285
INC0003100,2,12,1,0.9811453
INC0003100,3,12,1,0.9737308
INC0003100,4,12,1,0.9865458
INC0003100,5,12,1,0.98696995
INC0003100,6,12,1,0.9871181
INC0003100,7,12,1,0.9970632
INC0003100,8,12,1,0.99654514
INC0003105,1,2,1,0.9026003
INC0003105,2,2,1,0.99081475
INC0003112,1,6,1,0.7910213
INC0003112,2,6,1,0.9822572
INC0003112,3,6,1,0.9700014
INC0003112,4,6,1,0.99804866
INC0003112,5,6,1,0.9981988
INC0003112,6,6,1,0.9952409
INC0003118,1,1,1,0.841205
INC0003175,1,5,1,0.1490699
INC0003175,2,5,1,0.08740198
INC0003175,3,5,1,0.06988088
INC0003175,4,5,1,0.017666595
INC0003175,5,5,1,0.1351862
INC0003197,1,9,1,0.8766089
INC0003197,2,9,1,0.9833746
INC0003197,3,9,1,0.98706585
INC0003197,4,9,1,0.9839739
INC0003197,5,9,1,0.9877487
INC0003197,6,9,1,0.9935694
INC0003197,7,9,1,0.99476165
INC0003197,8,9,1,0.99465877
INC0003199,1,3,1,0.9040091
INC0003199,2,3,1,0.9816126
INC0003199,3,3,1,0.9844058
INC0003221,1,8,1,0.8912853
INC0003221,2,8,1,0.9908083
INC0003221,3,8,1,0.9890372
INC0003221,4,8,1,0.9942841
INC0003221,5,8,1,0.9944062
INC0003221,6,8,1,0.99690264
INC0003221,7,8,1,0.99714273
INC0003221,8,8,1,0.99669623
INC0003228,1,7,1,0.9221008
INC0003228,2,7,1,0.9998022
INC0003228,3,7,1,0.99936074
INC0003228,4,7,1,0.9990637
INC0003228,5,7,1,0.9985713
INC0003228,6,7,1,0.99856
INC0003228,7,7,1,0.99877936
INC0003262,1,7,1,0.87125456
INC0003262,2,7,1,0.9884256
INC0003262,3,7,1,0.9880527
INC0003262,4,7,1,0.9920271
INC0003262,5,7,1,0.9908308
INC0003262,6,7,1,0.9914336
INC0003262,7,7,1,0.99884003
INC0003280,1,3,1,0.866794
INC0003280,2,3,1,0.8867154
INC0003280,3,3,1,0.47206306
INC0003282,1,3,1,0.8777638
INC0003282,2,3,1,0.98719525
INC0003282,3,3,1,0.9977362
INC0003285,1,5,1,0.8986022
INC0003285,2,5,1,0.9863447
INC0003285,3,5,1,0.9974305
INC0003285,4,5,1,0.9974437
INC0003285,5,5,1,0.99740547
INC0003286,1,2,1,0.97080845
INC0003286,2,2,1,0.9993537
INC0003306,1,6,1,0.90173566
INC0003306,2,6,1,0.9846281
INC0003306,3,6,1,0.98696923
INC0003306,4,6,1,0.98900443
INC0003306,5,6,1,0.9930131
INC0003306,6,6,1,0.9938153
INC0003320,1,9,1,0.91677165
INC0003320,2,9,1,0.8959696
INC0003320,3,9,1,0.9882537
INC0003320,4,9,1,0.98992366
INC0003320,5,9,1,0.9923692
INC0003320,6,9,1,0.9926524
INC0003320,7,9,1,0.9982303
INC0003320,8,9,1,0.99819523
INC0003337,1,5,1,0.8139612
INC0003337,2,5,1,0.9694463
INC0003337,3,5,1,0.96833336
INC0003337,4,5,1,0.9702811
INC0003337,5,5,1,0.9801691
INC0003343,1,2,1,0.9394966
INC0003343,2,2,1,0.9870259
INC0003372,1,3,1,0.92229444
INC0003372,2,3,1,0.98545283
INC0003372,3,3,1,0.9846489
INC0003385,1,3,1,0.91709775
INC0003385,2,3,1,0.98489326
INC0003385,3,3,1,0.98812276
INC0003388,1,1,1,0.8972631
INC0003401,1,5,1,0.96881974
INC0003401,2,5,1,0.9984174
INC0003401,3,5,1,0.99857295
INC0003401,4,5,1,0.99876815
INC0003401,5,5,1,0.99872917
INC0003446,1,4,1,0.973459
INC0003446,2,4,1,0.97321576
INC0003446,3,4,1,0.9904082
INC0003446,4,4,1,0.9896548
INC0003447,1,9,1,0.9471181
INC0003447,2,9,1,0.9434802
INC0003447,3,9,1,0.9408389
INC0003447,4,9,1,0.9840815
INC0003447,5,9,1,0.9825065
INC0003447,6,9,1,0.9692551
INC0003447,7,9,1,0.98150223
INC0003447,8,9,1,0.99631894
INC0003468,1,6,1,0.9675473
INC0003468,2,6,1,0.9837536
INC0003468,3,6,1,0.979082
INC0003468,4,6,1,0.9818188
INC0003468,5,6,1,0.9888598
INC0003468,6,6,1,0.9889254
INC0003498,1,5,1,0.972049
INC0003498,2,5,1,0.9901092
INC0003498,3,5,1,0.99027467
INC0003498,4,5,1,0.9984358
INC0003498,5,5,1,0.9986193
INC0003499,1,10,0,0.021937186
INC0003499,2,10,0,0.01641938
INC0003499,3,10,0,0.015855983
INC0003499,4,10,0,0.018436093
INC0003499,5,10,0,0.018193904
INC0003499,6,10,0,0.017530955
INC0003499,7,10,0,0.021330062
INC0003499,8,10,0,0.01624067
INC0003500,1,5,1,0.99262893
INC0003500,2,5,1,0.9924131
INC0003500,3,5,1,0.9931988
INC0003500,4,5,1,0.9936312
INC0003500,5,5,1,0.9981944
INC0003509,1,8,1,0.9881678
INC0003509,2,8,1,0.9877957
INC0003509,3,8,1,0.99051195
INC0003509,4,8,1,0.9962842
INC0003509,5,8,1,0.9929428
INC0003509,6,8,1,0.9922156
INC0003509,7,8,1,0.9990489
INC0003509,8,8,1,0.99907386
INC0003522,1,2,1,0.98227304
INC0003522,2,2,1,0.98401284
INC0003525,1,1,1,0.9961029
INC0003526,1,6,1,0.9938672
INC0003526,2,6,1,0.99236125
INC0003526,3,6,1,0.9901057
INC0003526,4,6,1,0.99051243
INC0003526,5,6,1,0.9969875
INC0003526,6,6,1,0.9962829
INC0003528,1,1,1,0.9853822
INC0003541,1,26,1,0.99500364
INC0003541,2,26,1,0.9944693
INC0003541,3,26,1,0.9992011
INC0003541,4,26,1,0.99926263
INC0003541,5,26,1,0.9993099
INC0003541,6,26,1,0.999861
INC0003541,7,26,1,0.9997522
INC0003541,8,26,1,0.99924266
INC0003586,1,3,1,0.9915222
INC0003586,2,3,1,0.9858931
INC0003586,3,3,1,0.98571396
INC0003604,1,6,1,0.98254484
INC0003604,2,6,1,0.9842232
INC0003604,3,6,1,0.98451555
INC0003604,4,6,1,0.9825325
INC0003604,5,6,1,0.9995437
INC0003604,6,6,1,0.9994531
INC0003614,1,1,1,0.9960659
INC0003624,1,1,1,0.98291576
INC0003641,1,7,0,0.9845163
INC0003641,2,7,0,0.9836632
INC0003641,3,7,0,0.9865377
INC0003641,4,7,0,0.9878655
INC0003641,5,7,0,0.9822037
INC0003641,6,7,0,0.9820433
INC0003641,7,7,0,0.98497415
INC0003648,1,6,1,0.9905338
INC0003648,2,6,1,0.99027646
INC0003648,3,6,1,0.99095047
INC0003648,4,6,1,0.9907832
INC0003648,5,6,1,0.99880767
INC0003648,6,6,1,0.9988826
INC0003651,1,13,1,0.98746055
INC0003651,2,13,1,0.9874156
INC0003651,3,13,1,0.9879689
INC0003651,4,13,1,0.9868667
INC0003651,5,13,1,0.9848903
INC0003651,6,13,1,0.98467803
INC0003651,7,13,1,0.9901016
INC0003651,8,13,1,0.9889563
INC0003664,1,2,1,0.9935126
INC0003664,2,2,1,0.9948251
INC0003665,1,5,1,0.98756194
INC0003665,2,5,1,0.98070085
INC0003665,3,5,1,0.9831118
INC0003665,4,5,1,0.9811597
INC0003665,5,5,1,0.98072296
INC0003671,1,7,1,0.99108046
INC0003671,2,7,1,0.98788005
INC0003671,3,7,1,0.9883315
INC0003671,4,7,1,0.99109167
INC0003671,5,7,1,0.991211
INC0003671,6,7,1,0.99858356
INC0003671,7,7,1,0.9985121
INC0003687,1,9,1,0.98883563
INC0003687,2,9,1,0.9848935
INC0003687,3,9,1,0.9858165
INC0003687,4,9,1,0.99184316
INC0003687,5,9,1,0.9912765
INC0003687,6,9,1,0.99570185
INC0003687,7,9,1,0.99567187
INC0003687,8,9,1,0.99802893
INC0003709,1,2,1,0.985987
INC0003709,2,2,1,0.984809
INC0003719,1,3,1,0.9853989
INC0003719,2,3,1,0.9870826
INC0003719,3,3,1,0.9832503
INC0003732,1,15,1,0.99108046
INC0003732,2,15,1,0.9912849
INC0003732,3,15,1,0.9888599
INC0003732,4,15,1,0.9896913
INC0003732,5,15,1,0.99125236
INC0003732,6,15,1,0.99227965
INC0003732,7,15,1,0.99529344
INC0003732,8,15,1,0.99524397
INC0003796,1,2,1,0.9936062
INC0003796,2,2,1,0.9942316
INC0003825,1,3,1,0.9870891
INC0003825,2,3,1,0.9911437
INC0003825,3,3,1,0.9950053
INC0003886,1,17,1,0.99195564
INC0003886,2,17,1,0.9911668
INC0003886,3,17,1,0.9912587
INC0003886,4,17,1,0.9916027
INC0003886,5,17,1,0.99129665
INC0003886,6,17,1,0.9903492
INC0003886,7,17,1,0.9899956
INC0003886,8,17,1,0.9894566
INC0003891,1,1,0,0.98164225
INC0003898,1,4,1,0.98797125
INC0003898,2,4,1,0.9893028
INC0003898,3,4,1,0.98247105
INC0003898,4,4,1,0.9780935
INC0003910,1,6,1,0.9870092
INC0003910,2,6,1,0.98953325
INC0003910,3,6,1,0.99381554
INC0003910,4,6,1,0.99311733
INC0003910,5,6,1,0.9986111
INC0003910,6,6,1,0.99838936
INC0003913,1,4,1,0.9794053
INC0003913,2,4,1,0.9923631
INC0003913,3,4,1,0.999405
INC0003913,4,4,1,0.99854386
INC0003916,1,1,0,0.9812041
INC0003925,1,9,1,0.029364899
INC0003925,2,9,1,0.45553422
INC0003925,3,9,1,0.9140553
INC0003925,4,9,1,0.8301281
INC0003925,5,9,1,0.83410895
INC0003925,6,9,1,0.85434955
INC0003925,7,9,1,0.8203873
INC0003925,8,9,1,0.80649704
INC0003949,1,4,1,0.97634935
INC0003949,2,4,1,0.97619927
INC0003949,3,4,1,0.97314495
INC0003949,4,4,1,0.97116584
INC0003983,1,5,1,0.9888166
INC0003983,2,5,1,0.98951364
INC0003983,3,5,1,0.9906087
INC0003983,4,5,1,0.99332505
INC0003983,5,5,1,0.9919478
INC0004002,1,5,1,0.98865265
INC0004002,2,5,1,0.9910869
INC0004002,3,5,1,0.9912471
INC0004002,4,5,1,0.99208635
INC0004002,5,5,1,0.9916358
INC0004011,1,8,1,0.98311514
INC0004011,2,8,1,0.99136657
INC0004011,3,8,1,0.99250036
INC0004011,4,8,1,0.99517196
INC0004011,5,8,1,0.99416673
INC0004011,6,8,1,0.9982475
INC0004011,7,8,1,0.99759525
INC0004011,8,8,1,0.99803394
INC0004012,1,1,1,0.98385215
INC0004016,1,2,1,0.40946436
INC0004016,2,2,1,0.36162022
INC0004030,1,4,1,0.9878241
INC0004030,2,4,1,0.98799545
INC0004030,3,4,1,0.988457
INC0004030,4,4,1,0.9877487
INC0004032,1,7,1,0.97138375
INC0004032,2,7,1,0.9686174
INC0004032,3,7,1,0.9737369
INC0004032,4,7,1,0.9752025
INC0004032,5,7,1,0.9920231
INC0004032,6,7,1,0.99051976
INC0004032,7,7,1,0.9902872
INC0004040,1,5,1,0.98280346
INC0004040,2,5,1,0.98978066
INC0004040,3,5,1,0.98699164
INC0004040,4,5,1,0.9892855
INC0004040,5,5,1,0.9884997
INC0004061,1,2,1,0.9854474
INC0004061,2,2,1,0.98438615
INC0004063,1,7,1,0.98852926
INC0004063,2,7,1,0.98929113
INC0004063,3,7,1,0.98926944
INC0004063,4,7,1,0.9940737
INC0004063,5,7,1,0.99437404
INC0004063,6,7,1,0.99425125
INC0004063,7,7,1,0.993789
INC0004074,1,5,1,0.9785648
INC0004074,2,5,1,0.98547727
INC0004074,3,5,1,0.98547727
INC0004074,4,5,1,0.97993463
INC0004074,5,5,1,0.9778781
INC0004093,1,9,1,0.9913907
INC0004093,2,9,1,0.99048865
INC0004093,3,9,1,0.9915964
INC0004093,4,9,1,0.99375784
INC0004093,5,9,1,0.994802
INC0004093,6,9,1,0.9916127
INC0004093,7,9,1,0.9944149
INC0004093,8,9,1,0.9943506
INC0004095,1,10,1,0.9937402
INC0004095,2,10,1,0.9941759
INC0004095,3,10,1,0.99437815
INC0004095,4,10,1,0.99632806
INC0004095,5,10,1,0.99658245
INC0004095,6,10,1,0.9985964
INC0004095,7,10,1,0.9993636
INC0004095,8,10,1,0.9995264
INC0004136,1,17,1,0.9826347
INC0004136,2,17,1,0.9891635
INC0004136,3,17,1,0.97800535
INC0004136,4,17,1,0.9908805
INC0004136,5,17,1,0.99779487
INC0004136,6,17,1,0.99807525
INC0004136,7,17,1,0.9973912
INC0004136,8,17,1,0.99757344
INC0004147,1,5,1,0.99479467
INC0004147,2,5,1,0.99526113
INC0004147,3,5,1,0.99751055
INC0004147,4,5,1,0.99765766
INC0004147,5,5,1,0.9975382
INC0004149,1,1,1,0.9839851
INC0004158,1,5,1,0.9877505
INC0004158,2,5,1,0.9874741
INC0004158,3,5,1,0.9915283
INC0004158,4,5,1,0.99298143
INC0004158,5,5,1,0.9953589
INC0004184,1,14,1,0.99153847
INC0004184,2,14,1,0.9917892
INC0004184,3,14,1,0.99331975
INC0004184,4,14,1,0.99199766
INC0004184,5,14,1,0.99213916
INC0004184,6,14,1,0.9941042
INC0004184,7,14,1,0.9951089
INC0004184,8,14,1,0.99277735
INC0004199,1,1,1,0.99669266
INC0004221,1,6,1,0.9947943
INC0004221,2,6,1,0.9928377
INC0004221,3,6,1,0.9949673
INC0004221,4,6,1,0.9935179
INC0004221,5,6,1,0.9955989
INC0004221,6,6,1,0.9952683
INC0004282,1,2,1,0.98058015
INC0004282,2,2,1,0.97883064
INC0004322,1,3,1,0.9928878
INC0004322,2,3,1,0.9913202
INC0004322,3,3,1,0.99099594
INC0004324,1,4,1,0.99449366
INC0004324,2,4,1,0.9941122
INC0004324,3,4,1,0.98631454
INC0004324,4,4,1,0.9800587
INC0004332,1,3,1,0.9910245
INC0004332,2,3,1,0.9916937
INC0004332,3,3,1,0.988694
INC0004336,1,1,1,0.9887749
INC0004356,1,13,1,0.9866775
INC0004356,2,13,1,0.98523486
INC0004356,3,13,1,0.9887987
INC0004356,4,13,1,0.9906809
INC0004356,5,13,1,0.99325305
INC0004356,6,13,1,0.9974371
INC0004356,7,13,1,0.99644744
INC0004356,8,13,1,0.99775165
INC0004359,1,6,1,0.99112576
INC0004359,2,6,1,0.9902434
INC0004359,3,6,1,0.9910908
INC0004359,4,6,1,0.9925794
INC0004359,5,6,1,0.9917597
INC0004359,6,6,1,0.9932668
INC0004361,1,4,1,0.99496126
INC0004361,2,4,1,0.9953694
INC0004361,3,4,1,0.995793
INC0004361,4,4,1,0.99552983
INC0004382,1,4,1,0.9911795
INC0004382,2,4,1,0.9914044
INC0004382,3,4,1,0.99146724
INC0004382,4,4,1,0.99187344
INC0004413,1,3,1,0.9892272
INC0004413,2,3,1,0.98947436
INC0004413,3,3,1,0.9787725
INC0004416,1,12,1,0.98821217
INC0004416,2,12,1,0.99314743
INC0004416,3,12,1,0.9940373
INC0004416,4,12,1,0.99416673
INC0004416,5,12,1,0.99519664
INC0004416,6,12,1,0.9952478
INC0004416,7,12,1,0.9963026
INC0004416,8,12,1,0.9913111
INC0004423,1,2,1,0.99117553
INC0004423,2,2,1,0.9911874
INC0004462,1,10,1,0.9930274
INC0004462,2,10,1,0.9986745
INC0004462,3,10,1,0.9989613
INC0004462,4,10,1,0.9988146
INC0004462,5,10,1,0.998955
INC0004462,6,10,1,0.997855
INC0004462,7,10,1,0.9978549
INC0004462,8,10,1,0.99738926
INC0004493,1,4,1,0.98890346
INC0004493,2,4,1,0.9922646
INC0004493,3,4,1,0.9984268
INC0004493,4,4,1,0.99846447
INC0004502,1,4,1,0.99409735
INC0004502,2,4,1,0.99270105
INC0004502,3,4,1,0.99255896
INC0004502,4,4,1,0.9933623
INC0004539,1,8,1,0.993505
INC0004539,2,8,1,0.9894023
INC0004539,3,8,1,0.9853463
INC0004539,4,8,1,0.968971
INC0004539,5,8,1,0.9964212
INC0004539,6,8,1,0.99780864
INC0004539,7,8,1,0.9978263
INC0004539,8,8,1,0.99707747
INC0004592,1,1,1,0.9834152
INC0004596,1,4,1,0.98731005
INC0004596,2,4,1,0.98611975
INC0004596,3,4,1,0.99027306
INC0004596,4,4,1,0.98103553
INC0004606,1,3,1,0.9690378
INC0004606,2,3,1,0.96150875
INC0004606,3,3,1,0.96123695
INC0004609,1,4,1,0.9878172
INC0004609,2,4,1,0.98697853
INC0004609,3,4,1,0.9854608
INC0004609,4,4,1,0.9933791
INC0004648,1,5,1,0.98239374
INC0004648,2,5,1,0.98444694
INC0004648,3,5,1,0.99801683
INC0004648,4,5,1,0.99877065
INC0004648,5,5,1,0.99886835
INC0004663,1,4,1,0.9905315
INC0004663,2,4,1,0.99538213
INC0004663,3,4,1,0.99938095
INC0004663,4,4,1,0.99942905
INC0004687,1,8,1,0.983652
INC0004687,2,8,1,0.9975458
INC0004687,3,8,1,0.9961039
INC0004687,4,8,1,0.9964019
INC0004687,5,8,1,0.99661046
INC0004687,6,8,1,0.99675924
INC0004687,7,8,1,0.99639964
INC0004687,8,8,1,0.99743396
INC0004690,1,2,1,0.98771244
INC0004690,2,2,1,0.99039817
INC0004694,1,7,1,0.9942737
INC0004694,2,7,1,0.99375653
INC0004694,3,7,1,0.99536884
INC0004694,4,7,1,0.9967873
INC0004694,5,7,1,0.99887985
INC0004694,6,7,1,0.999042
INC0004694,7,7,1,0.9990639
INC0004702,1,3,1,0.9944782
INC0004702,2,3,1,0.9939122
INC0004702,3,3,1,0.9939122
INC0004726,1,3,1,0.99327904
INC0004726,2,3,1,0.99870026
INC0004726,3,3,1,0.9997143
INC0004761,1,3,1,0.79778415
INC0004761,2,3,1,0.9991773
INC0004761,3,3,1,0.9992436
INC0004791,1,5,0,0.00993792
INC0004791,2,5,0,0.008114413
INC0004791,3,5,0,0.009755243
INC0004791,4,5,0,0.01330604
INC0004791,5,5,0,0.0115661705
INC0004802,1,5,1,0.9952856
INC0004802,2,5,1,0.9949681
INC0004802,3,5,1,0.9949681
INC0004802,4,5,1,0.99477166
INC0004802,5,5,1,0.99494815
INC0004851,1,1,1,0.9901012
INC0004860,1,3,1,0.9947061
INC0004860,2,3,1,0.9951303
INC0004860,3,3,1,0.99710304
INC0004912,1,10,1,0.9891668
INC0004912,2,10,1,0.98897237
INC0004912,3,10,1,0.9886479
INC0004912,4,10,1,0.99584144
INC0004912,5,10,1,0.99783057
INC0004912,6,10,1,0.99686474
INC0004912,7,10,1,0.9967757
INC0004912,8,10,1,0.99684405
INC0004917,1,2,1,0.98999107
INC0004917,2,2,1,0.99329823
INC0004942,1,7,1,0.9779955
INC0004942,2,7,1,0.97579354
INC0004942,3,7,1,0.97579354
INC0004942,4,7,1,0.97061074
INC0004942,5,7,1,0.9887332
INC0004942,6,7,1,0.98959374
INC0004942,7,7,1,0.98391426
INC0004977,1,5,1,0.992361
INC0004977,2,5,1,0.9946872
INC0004977,3,5,1,0.9947003
INC0004977,4,5,1,0.99462765
INC0004977,5,5,1,0.9940724
INC0004998,1,4,1,0.99228066
INC0004998,2,4,1,0.9945709
INC0004998,3,4,1,0.99091303
INC0004998,4,4,1,0.9920815
INC0005001,1,4,1,0.9890321
INC0005001,2,4,1,0.98822635
INC0005001,3,4,1,0.9979747
INC0005001,4,4,1,0.9982672
INC0005027,1,16,1,0.98704463
INC0005027,2,16,1,0.9849458
INC0005027,3,16,1,0.9904117
INC0005027,4,16,1,0.9946794
INC0005027,5,16,1,0.9947613
INC0005027,6,16,1,0.994553
INC0005027,7,16,1,0.9976355
INC0005027,8,16,1,0.9985757
INC0005036,1,6,1,0.99194944
INC0005036,2,6,1,0.99809045
INC0005036,3,6,1,0.9982071
INC0005036,4,6,1,0.99818796
INC0005036,5,6,1,0.9982658
INC0005036,6,6,1,0.99763656
INC0005047,1,3,1,0.9919572
INC0005047,2,3,1,0.99290377
INC0005047,3,3,1,0.9988606
INC0005059,1,5,1,0.9954939
INC0005059,2,5,1,0.99502724
INC0005059,3,5,1,0.99508756
INC0005059,4,5,1,0.99297595
INC0005059,5,5,1,0.9962213
INC0005076,1,9,1,0.9850522
INC0005076,2,9,1,0.99543
INC0005076,3,9,1,0.9939203
INC0005076,4,9,1,0.9950329
INC0005076,5,9,1,0.9910561
INC0005076,6,9,1,0.9531032
INC0005076,7,9,1,0.996029
INC0005076,8,9,1,0.99541926
INC0005096,1,1,1,0.9925964
INC0005103,1,2,1,0.98944956
INC0005103,2,2,1,0.9882274
INC0005112,1,2,1,0.9913325
INC0005112,2,2,1,0.9907917
INC0005131,1,1,1,0.9851391
INC0005144,1,2,1,0.98812985
INC0005144,2,2,1,0.9912525
INC0005169,1,7,1,0.9836589
INC0005169,2,7,1,0.98119515
INC0005169,3,7,1,0.98060775
INC0005169,4,7,1,0.98060775
INC0005169,5,7,1,0.9822134
INC0005169,6,7,1,0.9856155
INC0005169,7,7,1,0.98382956
INC0005175,1,3,1,0.9920191
INC0005175,2,3,1,0.9949439
INC0005175,3,3,1,0.9942609
INC0005179,1,17,1,0.9820815
INC0005179,2,17,1,0.98101634
INC0005179,3,17,1,0.9807849
INC0005179,4,17,1,0.9808231
INC0005179,5,17,1,0.9909977
INC0005179,6,17,1,0.9940513
INC0005179,7,17,1,0.99834645
INC0005179,8,17,1,0.99867404
INC0005181,1,4,1,0.9827136
INC0005181,2,4,1,0.9795904
INC0005181,3,4,1,0.98718506
INC0005181,4,4,1,0.99039394
INC0005201,1,16,1,0.9891003
INC0005201,2,16,1,0.98951775
INC0005201,3,16,1,0.9867778
INC0005201,4,16,1,0.9888292
INC0005201,5,16,1,0.9881982
INC0005201,6,16,1,0.98769814
INC0005201,7,16,1,0.9984273
INC0005201,8,16,1,0.99856937
INC0005214,1,6,1,0.99584794
INC0005214,2,6,1,0.99625313
INC0005214,3,6,1,0.9956891
INC0005214,4,6,1,0.9981679
INC0005214,5,6,1,0.99811494
INC0005214,6,6,1,0.9978206
INC0005220,1,3,1,0.9906632
INC0005220,2,3,1,0.9896797
INC0005220,3,3,1,0.99178433
INC0005239,1,6,1,0.9914723
INC0005239,2,6,1,0.9905732
INC0005239,3,6,1,0.9924441
INC0005239,4,6,1,0.9918325
INC0005239,5,6,1,0.99720496
INC0005239,6,6,1,0.99848855
INC0005271,1,7,1,0.98953104
INC0005271,2,7,1,0.9889774
INC0005271,3,7,1,0.98650867
INC0005271,4,7,1,0.98650753
INC0005271,5,7,1,0.9955876
INC0005271,6,7,1,0.9887742
INC0005271,7,7,1,0.9938717
INC0005274,1,4,1,0.98141634
INC0005274,2,4,1,0.97802883
INC0005274,3,4,1,0.9675433
INC0005274,4,4,1,0.96029663
INC0005289,1,4,1,0.99362916
INC0005289,2,4,1,0.99435645
INC0005289,3,4,1,0.99787354
INC0005289,4,4,1,0.9992606
INC0005297,1,2,1,0.9902147
INC0005297,2,2,1,0.99096346
INC0005321,1,1,1,0.9905191
INC0005338,1,1,1,0.9746115
INC0005346,1,3,1,0.99750036
INC0005346,2,3,1,0.9967372
INC0005346,3,3,1,0.9934221
INC0005351,1,10,1,0.9922924
INC0005351,2,10,1,0.9955478
INC0005351,3,10,1,0.9945893
INC0005351,4,10,1,0.99354964
INC0005351,5,10,1,0.99293536
INC0005351,6,10,1,0.95360523
INC0005351,7,10,1,0.9430255
INC0005351,8,10,1,0.99199295
INC0005360,1,1,1,0.98985016
INC0005371,1,3,1,0.99270105
INC0005371,2,3,1,0.99371403
INC0005371,3,3,1,0.99351007
INC0005372,1,5,1,0.9971168
INC0005372,2,5,1,0.99735
INC0005372,3,5,1,0.9971329
INC0005372,4,5,1,0.9971692
INC0005372,5,5,1,0.9971106
INC0005421,1,12,1,0.9911873
INC0005421,2,12,1,0.99379706
INC0005421,3,12,1,0.9941512
INC0005421,4,12,1,0.99802303
INC0005421,5,12,1,0.99611914
INC0005421,6,12,1,0.9963038
INC0005421,7,12,1,0.9975114
INC0005421,8,12,1,0.99764746
INC0005430,1,6,1,0.99358964
INC0005430,2,6,1,0.99310863
INC0005430,3,6,1,0.9936591
INC0005430,4,6,1,0.9937716
INC0005430,5,6,1,0.995152
INC0005430,6,6,1,0.9955806
INC0005470,1,5,1,0.9953981
INC0005470,2,5,1,0.9946085
INC0005470,3,5,1,0.9949025
INC0005470,4,5,1,0.99400085
INC0005470,5,5,1,0.9984365
INC0005474,1,9,1,0.99091375
INC0005474,2,9,1,0.9903223
INC0005474,3,9,1,0.9912515
INC0005474,4,9,1,0.9919699
INC0005474,5,9,1,0.99346316
INC0005474,6,9,1,0.99301445
INC0005474,7,9,1,0.920335
INC0005474,8,9,1,0.94108903
INC0005487,1,14,1,0.99179053
INC0005487,2,14,1,0.9915792
INC0005487,3,14,1,0.9913195
INC0005487,4,14,1,0.98197055
INC0005487,5,14,1,0.9972704
INC0005487,6,14,1,0.99762183
INC0005487,7,14,1,0.9979001
INC0005487,8,14,1,0.99801123
INC0005499,1,6,1,0.9951427
INC0005499,2,6,1,0.993822
INC0005499,3,6,1,0.9876659
INC0005499,4,6,1,0.9901632
INC0005499,5,6,1,0.9734938
INC0005499,6,6,1,0.9737838
INC0005508,1,8,1,0.99273115
INC0005508,2,8,1,0.99238986
INC0005508,3,8,1,0.9924108
INC0005508,4,8,1,0.96880186
INC0005508,5,8,1,0.97120285
INC0005508,6,8,1,0.9744887
INC0005508,7,8,1,0.9867535
INC0005508,8,8,1,0.9867524
INC0005545,1,5,1,0.98953
INC0005545,2,5,1,0.99296945
INC0005545,3,5,1,0.9932928
INC0005545,4,5,1,0.9976617
INC0005545,5,5,1,0.99752873
INC0005576,1,6,1,0.98499274
INC0005576,2,6,1,0.9846538
INC0005576,3,6,1,0.981712
INC0005576,4,6,1,0.9820885
INC0005576,5,6,1,0.93152595
INC0005576,6,6,1,0.94105333
INC0005618,1,12,1,0.99309856
INC0005618,2,12,1,0.99526465
INC0005618,3,12,1,0.99410963
INC0005618,4,12,1,0.9950374
INC0005618,5,12,1,0.99524057
INC0005618,6,12,1,0.9911187
INC0005618,7,12,1,0.9880674
INC0005618,8,12,1,0.99560875
INC0005626,1,6,1,0.9966342
INC0005626,2,6,1,0.996269
INC0005626,3,6,1,0.98636335
INC0005626,4,6,1,0.983489
INC0005626,5,6,1,0.9948938
INC0005626,6,6,1,0.9951325
INC0005631,1,8,1,0.99344665
INC0005631,2,8,1,0.99353844
INC0005631,3,8,1,0.9938134
INC0005631,4,8,1,0.9935355
INC0005631,5,8,1,0.993849
INC0005631,6,8,1,0.985366
INC0005631,7,8,1,0.9850124
INC0005631,8,8,1,0.9390481
INC0005649,1,9,1,0.99310994
INC0005649,2,9,1,0.9924831
INC0005649,3,9,1,0.9917007
INC0005649,4,9,1,0.9926593
INC0005649,5,9,1,0.9915488
INC0005649,6,9,1,0.99051124
INC0005649,7,9,1,0.99051124
INC0005649,8,9,1,0.99008405
INC0005697,1,1,1,0.9134281
INC0005754,1,9,1,0.8093345
INC0005754,2,9,1,0.85776174
INC0005754,3,9,1,0.8674924
INC0005754,4,9,1,0.87928617
INC0005754,5,9,1,0.9318184
INC0005754,6,9,1,0.62853605
INC0005754,7,9,1,0.70447105
INC0005754,8,9,1,0.7941291
INC0005759,1,2,1,0.9335888
INC0005759,2,2,1,0.94128036
INC0005775,1,2,1,0.9108592
INC0005775,2,2,1,0.92353725
INC0005778,1,13,1,0.9735901
INC0005778,2,13,1,0.97333896
INC0005778,3,13,1,0.9745963
INC0005778,4,13,1,0.97464716
INC0005778,5,13,1,0.9744245
INC0005778,6,13,1,0.9771238
INC0005778,7,13,1,0.96567386
INC0005778,8,13,1,0.8032069
INC0005816,1,3,1,0.9484295
INC0005816,2,3,1,0.9723077
INC0005816,3,3,1,0.954328
INC0005836,1,4,1,0.9547362
INC0005836,2,4,1,0.9439567
INC0005836,3,4,1,0.73211104
INC0005836,4,4,1,0.7946959
INC0005882,1,3,1,0.9614736
INC0005882,2,3,1,0.97032475
INC0005882,3,3,1,0.9751688
INC0005923,1,10,1,0.94645685
INC0005923,2,10,1,0.95131767
INC0005923,3,10,1,0.9556485
INC0005923,4,10,1,0.95462394
INC0005923,5,10,1,0.92546284
INC0005923,6,10,1,0.941864
INC0005923,7,10,1,0.91573083
INC0005923,8,10,1,0.58091056
INC0005928,1,4,1,0.9663771
INC0005928,2,4,1,0.976695
INC0005928,3,4,1,0.99478817
INC0005928,4,4,1,0.9968015
INC0005933,1,4,1,0.9593102
INC0005933,2,4,1,0.9703755
INC0005933,3,4,1,0.65666294
INC0005933,4,4,1,0.5357705
INC0005944,1,6,1,0.9732876
INC0005944,2,6,1,0.97222227
INC0005944,3,6,1,0.80080944
INC0005944,4,6,1,0.4391314
INC0005944,5,6,1,0.44157067
INC0005944,6,6,1,0.4352637
INC0005952,1,5,1,0.98615426
INC0005952,2,5,1,0.6392969
INC0005952,3,5,1,0.946906
INC0005952,4,5,1,0.95427567
INC0005952,5,5,1,0.8326016
INC0005954,1,4,1,0.9625869
INC0005954,2,4,1,0.96552306
INC0005954,3,4,1,0.9691371
INC0005954,4,4,1,0.9691371
INC0005979,1,8,1,0.97472894
INC0005979,2,8,1,0.97744703
INC0005979,3,8,1,0.9750735
INC0005979,4,8,1,0.98370475
INC0005979,5,8,1,0.9820472
INC0005979,6,8,1,0.98725617
INC0005979,7,8,1,0.9966355
INC0005979,8,8,1,0.9970168
INC0005985,1,4,1,0.9772399
INC0005985,2,4,1,0.9964222
INC0005985,3,4,1,0.9947967
INC0005985,4,4,1,0.9945939
INC0006035,1,3,1,0.96970505
INC0006035,2,3,1,0.9657844
INC0006035,3,3,1,0.96538
INC0006104,1,9,1,0.9680548
INC0006104,2,9,1,0.96648115
INC0006104,3,9,1,0.9667663
INC0006104,4,9,1,0.9590034
INC0006104,5,9,1,0.5862762
INC0006104,6,9,1,0.6731511
INC0006104,7,9,1,0.6717929
INC0006104,8,9,1,0.75120115
INC0006163,1,6,1,0.9727955
INC0006163,2,6,1,0.9738965
INC0006163,3,6,1,0.97417635
INC0006163,4,6,1,0.79715824
INC0006163,5,6,1,0.8356305
INC0006163,6,6,1,0.8705455
INC0006175,1,6,1,0.95011455
INC0006175,2,6,1,0.95472497
INC0006175,3,6,1,0.6075461
INC0006175,4,6,1,0.59966755
INC0006175,5,6,1,0.75627244
INC0006175,6,6,1,0.4003393
INC0006182,1,7,1,0.9857144
INC0006182,2,7,1,0.9879886
INC0006182,3,7,1,0.9790531
INC0006182,4,7,1,0.99810046
INC0006182,5,7,1,0.9982528
INC0006182,6,7,1,0.9981668
INC0006182,7,7,1,0.99784076
INC0006187,1,2,1,0.9122366
INC0006187,2,2,1,0.9294392
INC0006191,1,7,1,0.9731314
INC0006191,2,7,1,0.9615952
INC0006191,3,7,1,0.77726007
INC0006191,4,7,1,0.721512
INC0006191,5,7,1,0.4016019
INC0006191,6,7,1,0.47168
INC0006191,7,7,1,0.48116526
INC0006194,1,7,1,0.96788913
INC0006194,2,7,1,0.79465324
INC0006194,3,7,1,0.5342362
INC0006194,4,7,1,0.609638
INC0006194,5,7,1,0.9961671
INC0006194,6,7,1,0.9968815
INC0006194,7,7,1,0.99659145
INC0006198,1,3,1,0.97788686
INC0006198,2,3,1,0.9965417
INC0006198,3,3,1,0.99813133
INC0006216,1,3,1,0.93545485
INC0006216,2,3,1,0.940032
INC0006216,3,3,1,0.7046216
INC0006226,1,5,1,0.90704983
INC0006226,2,5,1,0.91124004
INC0006226,3,5,1,0.7220597
INC0006226,4,5,1,0.79754704
INC0006226,5,5,1,0.9930902
INC0006278,1,1,1,0.0839673
INC0006305,1,7,1,0.62221646
INC0006305,2,7,1,0.4722909
INC0006305,3,7,1,0.61716676
INC0006305,4,7,1,0.6111195
INC0006305,5,7,1,0.6110991
INC0006305,6,7,1,0.6015533
INC0006305,7,7,1,0.8094329
INC0006317,1,4,1,0.63462836
INC0006317,2,4,1,0.56325454
INC0006317,3,4,1,0.54164183
INC0006317,4,4,1,0.49831283
INC0006341,1,3,1,0.5144368
INC0006341,2,3,1,0.57503206
INC0006341,3,3,1,0.3947274
INC0006380,1,2,1,0.62175363
INC0006380,2,2,1,0.7059195
INC0006382,1,2,0,0.011796728
INC0006382,2,2,0,0.028640158
INC0006385,1,4,1,0.69685143
INC0006385,2,4,1,0.3862805
INC0006385,3,4,1,0.25822306
INC0006385,4,4,1,0.25823948
INC0006397,1,5,1,0.92855614
INC0006397,2,5,1,0.8034563
INC0006397,3,5,1,0.87443393
INC0006397,4,5,1,0.8765463
INC0006397,5,5,1,0.8583192
INC0006401,1,1,1,0.62577504
INC0006412,1,3,1,0.6776181
INC0006412,2,3,1,0.6943482
INC0006412,3,3,1,0.9939592
INC0006426,1,5,1,0.62482834
INC0006426,2,5,1,0.27603018
INC0006426,3,5,1,0.47793183
INC0006426,4,5,1,0.9959026
INC0006426,5,5,1,0.9958973
INC0006431,1,5,1,0.99153453
INC0006431,2,5,1,0.991627
INC0006431,3,5,1,0.97914475
INC0006431,4,5,1,0.9831799
INC0006431,5,5,1,0.9883487
INC0006445,1,5,1,0.511841
INC0006445,2,5,1,0.20755929
INC0006445,3,5,1,0.3184366
INC0006445,4,5,1,0.5717474
INC0006445,5,5,1,0.6900265
INC0006457,1,5,1,0.62349236
INC0006457,2,5,1,0.6072748
INC0006457,3,5,1,0.66937804
INC0006457,4,5,1,0.66380686
INC0006457,5,5,1,0.59847605
INC0006508,1,5,1,0.8103919
INC0006508,2,5,1,0.8649091
INC0006508,3,5,1,0.8722335
INC0006508,4,5,1,0.8722335
INC0006508,5,5,1,0.8722335
INC0006520,1,7,1,0.9082212
INC0006520,2,7,1,0.90508837
INC0006520,3,7,1,0.9406202
INC0006520,4,7,1,0.8591842
INC0006520,5,7,1,0.85336953
INC0006520,6,7,1,0.87835425
INC0006520,7,7,1,0.9070154
INC0006527,1,3,1,0.9332814
INC0006527,2,3,1,0.89153576
INC0006527,3,3,1,0.90970933
INC0006528,1,4,1,0.7032982
INC0006528,2,4,1,0.68378615
INC0006528,3,4,1,0.67963946
INC0006528,4,4,1,0.70130104
INC0006534,1,2,1,0.8379799
INC0006534,2,2,1,0.95426244
INC0006544,1,5,1,0.9904895
INC0006544,2,5,1,0.99339783
INC0006544,3,5,1,0.99440455
INC0006544,4,5,1,0.95694774
INC0006544,5,5,1,0.95426494
INC0006556,1,9,1,0.41716892
INC0006556,2,9,1,0.4692498
INC0006556,3,9,1,0.88450766
INC0006556,4,9,1,0.9162538
INC0006556,5,9,1,0.9980982
INC0006556,6,9,1,0.9983204
INC0006556,7,9,1,0.9983027
INC0006556,8,9,1,0.9984011
INC0006574,1,7,1,0.3812642
INC0006574,2,7,1,0.38609752
INC0006574,3,7,1,0.35891375
INC0006574,4,7,1,0.46963316
INC0006574,5,7,1,0.79271555
INC0006574,6,7,1,0.8368589
INC0006574,7,7,1,0.7266241
INC0006586,1,20,1,0.5558511
INC0006586,2,20,1,0.98675054
INC0006586,3,20,1,0.99628484
INC0006586,4,20,1,0.99752194
INC0006586,5,20,1,0.99743634
INC0006586,6,20,1,0.9974088
INC0006586,7,20,1,0.99756706
INC0006586,8,20,1,0.9979462
INC0006610,1,5,1,0.8635583
INC0006610,2,5,1,0.8131062
INC0006610,3,5,1,0.85899425
INC0006610,4,5,1,0.948793
INC0006610,5,5,1,0.96631396
INC0006611,1,2,1,0.08727344
INC0006611,2,2,1,0.19818199
INC0006617,1,2,1,0.5209607
INC0006617,2,2,1,0.5114439
INC0006632,1,3,1,0.24729382
INC0006632,2,3,1,0.09683925
INC0006632,3,3,1,0.17562586
INC0006640,1,7,1,0.32540366
INC0006640,2,7,1,0.2939337
INC0006640,3,7,1,0.27367064
INC0006640,4,7,1,0.31369185
INC0006640,5,7,1,0.34363875
INC0006640,6,7,1,0.69177115
INC0006640,7,7,1,0.71250284
INC0006651,1,1,1,0.19365242
INC0006687,1,1,1,0.033979163
INC0006693,1,3,1,0.68234605
INC0006693,2,3,1,0.7131858
INC0006693,3,3,1,0.7669461
INC0006711,1,2,1,0.08469836
INC0006711,2,2,1,0.11360065
INC0006730,1,18,1,0.95668674
INC0006730,2,18,1,0.9852036
INC0006730,3,18,1,0.9875395
INC0006730,4,18,1,0.98895043
INC0006730,5,18,1,0.99071306
INC0006730,6,18,1,0.9925655
INC0006730,7,18,1,0.9936702
INC0006730,8,18,1,0.9915793
INC0006736,1,6,1,0.3827903
INC0006736,2,6,1,0.3607183
INC0006736,3,6,1,0.6360788
INC0006736,4,6,1,0.9328085
INC0006736,5,6,1,0.97330487
INC0006736,6,6,1,0.9928042
INC0006749,1,2,1,0.34040454
INC0006749,2,2,1,0.6112715
INC0006789,1,4,1,0.4999478
INC0006789,2,4,1,0.9851113
INC0006789,3,4,1,0.9934002
INC0006789,4,4,1,0.9948213
INC0006805,1,3,1,0.36556002
INC0006805,2,3,1,0.7692599
INC0006805,3,3,1,0.7785872
INC0006807,1,5,1,0.41585612
INC0006807,2,5,1,0.5910755
INC0006807,3,5,1,0.5750073
INC0006807,4,5,1,0.69876206
INC0006807,5,5,1,0.67540526
INC0006812,1,6,1,0.9266078
INC0006812,2,6,1,0.93532956
INC0006812,3,6,1,0.9383882
INC0006812,4,6,1,0.9509371
INC0006812,5,6,1,0.9583386
INC0006812,6,6,1,0.94882625
INC0006819,1,15,1,0.32108966
INC0006819,2,15,1,0.31842116
INC0006819,3,15,1,0.6485089
INC0006819,4,15,1,0.63531476
INC0006819,5,15,1,0.63740313
INC0006819,6,15,1,0.6300839
INC0006819,7,15,1,0.802653
INC0006819,8,15,1,0.74969244
INC0006843,1,13,1,0.28925034
INC0006843,2,13,1,0.8515688
INC0006843,3,13,1,0.8945048
INC0006843,4,13,1,0.65236604
INC0006843,5,13,1,0.6788467
INC0006843,6,13,1,0.7372697
INC0006843,7,13,1,0.6948178
INC0006843,8,13,1,0.62924284
INC0006907,1,1,1,0.6979982
INC0006908,1,3,1,0.62856823
INC0006908,2,3,1,0.8079523
INC0006908,3,3,1,0.6000016
INC0006913,1,13,1,0.8135574
INC0006913,2,13,1,0.9743458
INC0006913,3,13,1,0.97321194
INC0006913,4,13,1,0.97428405
INC0006913,5,13,1,0.95804036
INC0006913,6,13,1,0.95809877
INC0006913,7,13,1,0.9577438
INC0006913,8,13,1,0.9372969
INC0006928,1,9,1,0.7117962
INC0006928,2,9,1,0.7619512
INC0006928,3,9,1,0.6425816
INC0006928,4,9,1,0.30274937
INC0006928,5,9,1,0.6012273
INC0006928,6,9,1,0.86672175
INC0006928,7,9,1,0.9060145
INC0006928,8,9,1,0.9286668
INC0006930,1,7,1,0.7148253
INC0006930,2,7,1,0.6874825
INC0006930,3,7,1,0.93654215
INC0006930,4,7,1,0.99519604
INC0006930,5,7,1,0.9976017
INC0006930,6,7,1,0.9978004
INC0006930,7,7,1,0.99847037
INC0006936,1,3,1,0.6308982
INC0006936,2,3,1,0.67317367
INC0006936,3,3,1,0.7681693
INC0006939,1,3,0,0.2176977
INC0006939,2,3,0,0.20429227
INC0006939,3,3,0,0.2420986
INC0006944,1,3,1,0.57327825
INC0006944,2,3,1,0.44158527
INC0006944,3,3,1,0.4952919
INC0006947,1,11,1,0.55623883
INC0006947,2,11,1,0.5472359
INC0006947,3,11,1,0.6734993
INC0006947,4,11,1,0.6618315
INC0006947,5,11,1,0.68093526
INC0006947,6,11,1,0.71907634
INC0006947,7,11,1,0.38636735
INC0006947,8,11,1,0.37472606
INC0006969,1,1,1,0.66585016
INC0006973,1,1,1,0.5974478
INC0006980,1,4,1,0.68434054
INC0006980,2,4,1,0.7369833
INC0006980,3,4,1,0.8328477
INC0006980,4,4,1,0.6501036
INC0006994,1,3,1,0.9748555
INC0006994,2,3,1,0.9709834
INC0006994,3,3,1,0.98440164
INC0007006,1,1,1,0.4105892
INC0007028,1,6,0,0.33773136
INC0007028,2,6,0,0.5031795
INC0007028,3,6,0,0.5047239
INC0007028,4,6,0,0.55007124
INC0007028,5,6,0,0.5533523
INC0007028,6,6,0,0.61544555
INC0007034,1,4,1,0.71497387
INC0007034,2,4,1,0.6621879
INC0007034,3,4,1,0.3362324
INC0007034,4,4,1,0.3362324
INC0007046,1,1,0,0.01296709
INC0007051,1,1,1,0.7994716
INC0007087,1,1,1,0.7957918
INC0007098,1,25,1,0.97046185
INC0007098,2,25,1,0.88130635
INC0007098,3,25,1,0.8244196
INC0007098,4,25,1,0.82886946
INC0007098,5,25,1,0.84872264
INC0007098,6,25,1,0.87140346
INC0007098,7,25,1,0.9241959
INC0007098,8,25,1,0.99357706
INC0007099,1,12,0,0.49444038
INC0007099,2,12,0,0.79686415
INC0007099,3,12,0,0.2767515
INC0007099,4,12,0,0.1994682
INC0007099,5,12,0,0.15782344
INC0007099,6,12,0,0.37608007
INC0007099,7,12,0,0.50431454
INC0007099,8,12,0,0.40502024
INC0007105,1,3,1,0.7643892
INC0007105,2,3,1,0.7391058
INC0007105,3,3,1,0.80073816
INC0007119,1,4,1,0.9875865
INC0007119,2,4,1,0.9884066
INC0007119,3,4,1,0.99164504
INC0007119,4,4,1,0.9520495
INC0007150,1,5,1,0.7627105
INC0007150,2,5,1,0.9956885
INC0007150,3,5,1,0.9965802
INC0007150,4,5,1,0.99684024
INC0007150,5,5,1,0.9966815
INC0007157,1,2,1,0.93704766
INC0007157,2,2,1,0.9536339
INC0007165,1,4,1,0.95288014
INC0007165,2,4,1,0.97478354
INC0007165,3,4,1,0.9339425
INC0007165,4,4,1,0.99866724
INC0007173,1,4,1,0.5335502
INC0007173,2,4,1,0.4839842
INC0007173,3,4,1,0.47697613
INC0007173,4,4,1,0.21826509
INC0007179,1,2,1,0.90524113
INC0007179,2,2,1,0.99752957
INC0007229,1,20,1,0.32185775
INC0007229,2,20,1,0.6678174
INC0007229,3,20,1,0.47693577
INC0007229,4,20,1,0.55984503
INC0007229,5,20,1,0.48210374
INC0007229,6,20,1,0.63519496
INC0007229,7,20,1,0.99075127
INC0007229,8,20,1,0.985809
INC0007235,1,1,1,0.7797459
INC0007247,1,11,1,0.9800203
INC0007247,2,11,1,0.9820654
INC0007247,3,11,1,0.94382894
INC0007247,4,11,1,0.9637771
INC0007247,5,11,1,0.9981679
INC0007247,6,11,1,0.99806696
INC0007247,7,11,1,0.9981755
INC0007247,8,11,1,0.9981254
INC0007252,1,7,1,0.8010362
INC0007252,2,7,1,0.76936966
INC0007252,3,7,1,0.7875955
INC0007252,4,7,1,0.62805825
INC0007252,5,7,1,0.2991506
INC0007252,6,7,1,0.37252864
INC0007252,7,7,1,0.39456436
INC0007254,1,2,1,0.3527119
INC0007254,2,2,1,0.43540037
INC0007269,1,10,1,0.8231206
INC0007269,2,10,1,0.80147177
INC0007269,3,10,1,0.7307404
INC0007269,4,10,1,0.863311
INC0007269,5,10,1,0.86392295
INC0007269,6,10,1,0.9863377
INC0007269,7,10,1,0.98981184
INC0007269,8,10,1,0.996548
INC0007274,1,8,1,0.4895742
INC0007274,2,8,1,0.47237015
INC0007274,3,8,1,0.99768174
INC0007274,4,8,1,0.99777454
INC0007274,5,8,1,0.9978892
INC0007274,6,8,1,0.998058
INC0007274,7,8,1,0.9978892
INC0007274,8,8,1,0.9977743
INC0007285,1,4,1,0.54777366
INC0007285,2,4,1,0.5186821
INC0007285,3,4,1,0.5098691
INC0007285,4,4,1,0.5892689
INC0007317,1,3,1,0.33393565
INC0007317,2,3,1,0.35744342
INC0007317,3,3,1,0.50107193
INC0007334,1,2,1,0.5889464
INC0007334,2,2,1,0.97589695
INC0007338,1,9,1,0.9147991
INC0007338,2,9,1,0.93026686
INC0007338,3,9,1,0.94428813
INC0007338,4,9,1,0.94075215
INC0007338,5,9,1,0.933557
INC0007338,6,9,1,0.9322397
INC0007338,7,9,1,0.93342704
INC0007338,8,9,1,0.99304926
INC0007347,1,2,0,0.69253576
INC0007347,2,2,0,0.69696414
INC0007353,1,9,1,0.5608536
INC0007353,2,9,1,0.9335306
INC0007353,3,9,1,0.92684275
INC0007353,4,9,1,0.84294367
INC0007353,5,9,1,0.82852036
INC0007353,6,9,1,0.8730195
INC0007353,7,9,1,0.87214744
INC0007353,8,9,1,0.8902124
INC0007360,1,8,1,0.7046875
INC0007360,2,8,1,0.71020806
INC0007360,3,8,1,0.7526171
INC0007360,4,8,1,0.76306397
INC0007360,5,8,1,0.76468736
INC0007360,6,8,1,0.6832354
INC0007360,7,8,1,0.81740046
INC0007360,8,8,1,0.6320435
INC0007367,1,2,1,0.89764017
INC0007367,2,2,1,0.9031889
INC0007388,1,1,1,0.17139967
INC0007407,1,3,1,0.43487495
INC0007407,2,3,1,0.99630284
INC0007407,3,3,1,0.99509156
INC0007412,1,1,1,0.9193409
INC0007420,1,3,1,0.49771252
INC0007420,2,3,1,0.5576779
INC0007420,3,3,1,0.57478523
INC0007452,1,1,1,0.4724034
INC0007454,1,1,1,0.57672644
INC0007508,1,5,0,0.3356837
INC0007508,2,5,0,0.25382712
INC0007508,3,5,0,0.26997107
INC0007508,4,5,0,0.34435636
INC0007508,5,5,0,0.33766758
INC0007513,1,3,0,0.027309213
INC0007513,2,3,0,0.04327989
INC0007513,3,3,0,0.046640962
INC0007525,1,3,0,0.52268976
INC0007525,2,3,0,0.54137605
INC0007525,3,3,0,0.71992904
INC0007542,1,1,0,0.026894964
INC0007543,1,1,1,0.34090292
INC0007566,1,3,1,0.3196933
INC0007566,2,3,1,0.29689395
INC0007566,3,3,1,0.9967789
INC0007572,1,1,0,0.41594392
INC0007582,1,1,0,0.47890493
INC0007590,1,14,1,0.22265336
INC0007590,2,14,1,0.20252177
INC0007590,3,14,1,0.26728636
INC0007590,4,14,1,0.2676958
INC0007590,5,14,1,0.37316802
INC0007590,6,14,1,0.3073052
INC0007590,7,14,1,0.27218753
INC0007590,8,14,1,0.27422026
INC0007598,1,6,1,0.27794233
INC0007598,2,6,1,0.25927433
INC0007598,3,6,1,0.41454253
INC0007598,4,6,1,0.6564932
INC0007598,5,6,1,0.99477947
INC0007598,6,6,1,0.99482465
INC0007599,1,8,0,0.34451562
INC0007599,2,8,0,0.34031945
INC0007599,3,8,0,0.47960588
INC0007599,4,8,0,0.40412286
INC0007599,5,8,0,0.5352878
INC0007599,6,8,0,0.3042751
INC0007599,7,8,0,0.2964741
INC0007599,8,8,0,0.3071166
INC0007629,1,1,0,0.13490134
INC0007630,1,10,1,0.32971263
INC0007630,2,10,1,0.3277319
INC0007630,3,10,1,0.36154628
INC0007630,4,10,1,0.34942415
INC0007630,5,10,1,0.358773
INC0007630,6,10,1,0.9748502
INC0007630,7,10,1,0.972624
INC0007630,8,10,1,0.972624
INC0007635,1,3,1,0.4518837
INC0007635,2,3,1,0.9580989
INC0007635,3,3,1,0.9772232
INC0007642,1,1,0,0.061846983
INC0007658,1,3,1,0.7653905
INC0007658,2,3,1,0.7786506
INC0007658,3,3,1,0.99834764
INC0007659,1,2,0,0.374771
INC0007659,2,2,0,0.26618758
INC0007667,1,5,0,0.55873364
INC0007667,2,5,0,0.56180763
INC0007667,3,5,0,0.61476713
INC0007667,4,5,0,0.57156545
INC0007667,5,5,0,0.57091093
INC0007673,1,2,1,0.7442587
INC0007673,2,2,1,0.8717252
INC0007680,1,7,0,0.34327403
INC0007680,2,7,0,0.37043768
INC0007680,3,7,0,0.37043768
INC0007680,4,7,0,0.3563236
INC0007680,5,7,0,0.38186502
INC0007680,6,7,0,0.4671115
INC0007680,7,7,0,0.42445037
INC0007710,1,8,0,0.4068973
INC0007710,2,8,0,0.38788375
INC0007710,3,8,0,0.41748467
INC0007710,4,8,0,0.40023428
INC0007710,5,8,0,0.15657806
INC0007710,6,8,0,0.17638227
INC0007710,7,8,0,0.18484883
INC0007710,8,8,0,0.1763698
INC0007743,1,2,0,0.42645773
INC0007743,2,2,0,0.27782786
INC0007792,1,7,0,0.42926896
INC0007792,2,7,0,0.48751345
INC0007792,3,7,0,0.40143043
INC0007792,4,7,0,0.41948855
INC0007792,5,7,0,0.52931356
INC0007792,6,7,0,0.4038061
INC0007792,7,7,0,0.41378635
INC0007794,1,3,0,0.38638064
INC0007794,2,3,0,0.5063061
INC0007794,3,3,0,0.5004187
INC0007805,1,3,1,0.46003634
INC0007805,2,3,1,0.5328071
INC0007805,3,3,1,0.744164
INC0007808,1,14,1,0.42353994
INC0007808,2,14,1,0.46369043
INC0007808,3,14,1,0.77991104
INC0007808,4,14,1,0.78464085
INC0007808,5,14,1,0.79917604
INC0007808,6,14,1,0.8184126
INC0007808,7,14,1,0.99694
INC0007808,8,14,1,0.9969518
INC0007809,1,8,0,0.6694401
INC0007809,2,8,0,0.65861446
INC0007809,3,8,0,0.65538776
INC0007809,4,8,0,0.7284444
INC0007809,5,8,0,0.7263121
INC0007809,6,8,0,0.71024346
INC0007809,7,8,0,0.88362265
INC0007809,8,8,0,0.8865245
INC0007834,1,2,0,0.51976687
INC0007834,2,2,0,0.7187849
INC0007841,1,2,0,0.7364219
INC0007841,2,2,0,0.69114244
INC0007868,1,1,0,0.07085171
INC0007876,1,9,1,0.45690364
INC0007876,2,9,1,0.44385663
INC0007876,3,9,1,0.5214202
INC0007876,4,9,1,0.5455148
INC0007876,5,9,1,0.70921624
INC0007876,6,9,1,0.50646377
INC0007876,7,9,1,0.56394625
INC0007876,8,9,1,0.63427424
INC0007893,1,4,1,0.7655394
INC0007893,2,4,1,0.9806429
INC0007893,3,4,1,0.9930127
INC0007893,4,4,1,0.9965144
INC0007901,1,15,1,0.47314316
INC0007901,2,15,1,0.52895945
INC0007901,3,15,1,0.75763416
INC0007901,4,15,1,0.84873843
INC0007901,5,15,1,0.96520066
INC0007901,6,15,1,0.9819872
INC0007901,7,15,1,0.9888101
INC0007901,8,15,1,0.9889098
INC0007917,1,2,1,0.97878385
INC0007917,2,2,1,0.9791069
INC0007930,1,2,1,0.6452886
INC0007930,2,2,1,0.9916991
INC0007970,1,2,0,0.10733557
INC0007970,2,2,0,0.12570022
INC0008010,1,9,1,0.40817004
INC0008010,2,9,1,0.45066413
INC0008010,3,9,1,0.46799865
INC0008010,4,9,1,0.5299534
INC0008010,5,9,1,0.7007899
INC0008010,6,9,1,0.9546576
INC0008010,7,9,1,0.99633336
INC0008010,8,9,1,0.99650025
INC0008041,1,2,1,0.25784224
INC0008041,2,2,1,0.3236134
INC0008050,1,2,0,0.10948263
INC0008050,2,2,0,0.19013652
INC0008051,1,5,1,0.32177642
INC0008051,2,5,1,0.28021044
INC0008051,3,5,1,0.34178886
INC0008051,4,5,1,0.9760573
INC0008051,5,5,1,0.99224263
INC0008093,1,3,1,0.5614651
INC0008093,2,3,1,0.91208243
INC0008093,3,3,1,0.90886265
INC0008101,1,4,0,0.28789693
INC0008101,2,4,0,0.31074223
INC0008101,3,4,0,0.42498583
INC0008101,4,4,0,0.41011745
INC0008128,1,20,1,0.10753445
INC0008128,2,20,1,0.40764612
INC0008128,3,20,1,0.4101411
INC0008128,4,20,1,0.8986638
INC0008128,5,20,1,0.9131756
INC0008128,6,20,1,0.95341015
INC0008128,7,20,1,0.96944
INC0008128,8,20,1,0.992128
INC0008146,1,4,0,0.268566
INC0008146,2,4,0,0.30030394
INC0008146,3,4,0,0.41337162
INC0008146,4,4,0,0.40791076
INC0008162,1,12,1,0.3954755
INC0008162,2,12,1,0.39557493
INC0008162,3,12,1,0.75941956
INC0008162,4,12,1,0.9956756
INC0008162,5,12,1,0.9953349
INC0008162,6,12,1,0.99442804
INC0008162,7,12,1,0.9955908
INC0008162,8,12,1,0.9935318
INC0008185,1,2,0,0.33851263
INC0008185,2,2,0,0.31328657
INC0008199,1,7,1,0.8878365
INC0008199,2,7,1,0.8336757
INC0008199,3,7,1,0.97057927
INC0008199,4,7,1,0.9991823
INC0008199,5,7,1,0.99790335
INC0008199,6,7,1,0.99766636
INC0008199,7,7,1,0.99793744
INC0008229,1,1,0,0.121678114
INC0008279,1,3,1,0.3264333
INC0008279,2,3,1,0.3202956
INC0008279,3,3,1,0.35475698
INC0008380,1,2,0,0.53646934
INC0008380,2,2,0,0.67552155
INC0008390,1,1,0,0.3801439
INC0008400,1,19,1,0.42498055
INC0008400,2,19,1,0.5559688
INC0008400,3,19,1,0.935874
INC0008400,4,19,1,0.93927366
INC0008400,5,19,1,0.95298666
INC0008400,6,19,1,0.9970772
INC0008400,7,19,1,0.9969446
INC0008400,8,19,1,0.9973018
INC0008413,1,7,0,0.7493096
INC0008413,2,7,0,0.6192028
INC0008413,3,7,0,0.76089215
INC0008413,4,7,0,0.7776585
INC0008413,5,7,0,0.78291714
INC0008413,6,7,0,0.7815182
INC0008413,7,7,0,0.80579084
INC0008423,1,3,0,0.6095769
INC0008423,2,3,0,0.9203958
INC0008423,3,3,0,0.9418041
INC0008429,1,5,1,0.3023951
INC0008429,2,5,1,0.39578912
INC0008429,3,5,1,0.32406685
INC0008429,4,5,1,0.497986
INC0008429,5,5,1,0.8157639
INC0008454,1,2,0,0.3871662
INC0008454,2,2,0,0.45355928
INC0008479,1,1,1,0.5094831
INC0008485,1,18,0,0.27846777
INC0008485,2,18,0,0.2443705
INC0008485,3,18,0,0.32045484
INC0008485,4,18,0,0.38468045
INC0008485,5,18,0,0.44567472
INC0008485,6,18,0,0.49877694
INC0008485,7,18,0,0.5403817
INC0008485,8,18,0,0.50828713
INC0008514,1,1,0,0.30723825
INC0008525,1,1,0,0.0899183
INC0008532,1,1,0,0.03385626
INC0008550,1,5,1,0.10658343
INC0008550,2,5,1,0.2851222
INC0008550,3,5,1,0.321495
INC0008550,4,5,1,0.99540544
INC0008550,5,5,1,0.99559206
INC0008578,1,2,0,0.03220559
INC0008578,2,2,0,0.07331759
INC0008582,1,3,0,0.38140953
INC0008582,2,3,0,0.6534039
INC0008582,3,3,0,0.66393363
INC0008584,1,2,0,0.5764314
INC0008584,2,2,0,0.5910077
INC0008585,1,3,1,0.48690614
INC0008585,2,3,1,0.5612005
INC0008585,3,3,1,0.8511223
INC0008587,1,3,0,0.26381236
INC0008587,2,3,0,0.34901735
INC0008587,3,3,0,0.39487174
INC0008605,1,8,1,0.4996519
INC0008605,2,8,1,0.5816952
INC0008605,3,8,1,0.68815553
INC0008605,4,8,1,0.705205
INC0008605,5,8,1,0.7866826
INC0008605,6,8,1,0.7781881
INC0008605,7,8,1,0.8158812
INC0008605,8,8,1,0.9878088
INC0008614,1,6,1,0.23994967
INC0008614,2,6,1,0.28023824
INC0008614,3,6,1,0.28616104
INC0008614,4,6,1,0.54918826
INC0008614,5,6,1,0.65004146
INC0008614,6,6,1,0.97835803
INC0008627,1,2,0,0.23824199
INC0008627,2,2,0,0.12121195
INC0008649,1,4,1,0.38705668
INC0008649,2,4,1,0.5742876
INC0008649,3,4,1,0.65149593
INC0008649,4,4,1,0.99245775
INC0008657,1,3,1,0.5718936
INC0008657,2,3,1,0.72565484
INC0008657,3,3,1,0.78949434
INC0008706,1,4,0,0.309085
INC0008706,2,4,0,0.22782728
INC0008706,3,4,0,0.22118245
INC0008706,4,4,0,0.22968286
INC0008713,1,2,0,0.09933374
INC0008713,2,2,0,0.16718729
INC0008785,1,13,1,0.3070662
INC0008785,2,13,1,0.5852643
INC0008785,3,13,1,0.59991723
INC0008785,4,13,1,0.7000246
INC0008785,5,13,1,0.43410063
INC0008785,6,13,1,0.70953226
INC0008785,7,13,1,0.9635872
INC0008785,8,13,1,0.9753891
INC0008790,1,10,1,0.5847656
INC0008790,2,10,1,0.5144419
INC0008790,3,10,1,0.5800169
INC0008790,4,10,1,0.64990205
INC0008790,5,10,1,0.67836165
INC0008790,6,10,1,0.7953264
INC0008790,7,10,1,0.91391367
INC0008790,8,10,1,0.91783327
INC0008802,1,5,1,0.52572703
INC0008802,2,5,1,0.45734313
INC0008802,3,5,1,0.56441176
INC0008802,4,5,1,0.6334049
INC0008802,5,5,1,0.9932039
INC0008820,1,4,1,0.49747905
INC0008820,2,4,1,0.5064182
INC0008820,3,4,1,0.5677773
INC0008820,4,4,1,0.6795882
INC0008821,1,5,1,0.8759652
INC0008821,2,5,1,0.99922884
INC0008821,3,5,1,0.9975834
INC0008821,4,5,1,0.9975504
INC0008821,5,5,1,0.996777
INC0008825,1,4,1,0.49750778
INC0008825,2,4,1,0.53668237
INC0008825,3,4,1,0.57686967
INC0008825,4,4,1,0.9914027
INC0008854,1,3,1,0.39692378
INC0008854,2,3,1,0.399789
INC0008854,3,3,1,0.5703507
INC0008859,1,2,0,0.49329245
INC0008859,2,2,0,0.548388
INC0008866,1,17,1,0.37217993
INC0008866,2,17,1,0.3882354
INC0008866,3,17,1,0.47992536
INC0008866,4,17,1,0.29900962
INC0008866,5,17,1,0.48267978
INC0008866,6,17,1,0.55760676
INC0008866,7,17,1,0.8517505
INC0008866,8,17,1,0.99370354
INC0008918,1,4,0,0.5717024
INC0008918,2,4,0,0.68024325
INC0008918,3,4,0,0.6268894
INC0008918,4,4,0,0.5529639
INC0008923,1,3,0,0.5707155
INC0008923,2,3,0,0.15511246
INC0008923,3,3,0,0.6569206
INC0008943,1,1,0,0.19279446
INC0008949,1,1,0,0.2641485
INC0009057,1,1,0,0.04331456
INC0009059,1,2,0,0.26026142
INC0009059,2,2,0,0.30421686
INC0009095,1,2,0,0.011313429
INC0009095,2,2,0,0.025153186
INC0009103,1,1,0,0.039451003
INC0009106,1,1,0,0.039451003
INC0009115,1,2,1,0.24058788
INC0009115,2,2,1,0.26057804
INC0009131,1,2,0,0.2287269
INC0009131,2,2,0,0.20261578
INC0009134,1,6,0,0.2975671
INC0009134,2,6,0,0.36486912
INC0009134,3,6,0,0.32423663
INC0009134,4,6,0,0.45230648
INC0009134,5,6,0,0.5669861
INC0009134,6,6,0,0.5487923
INC0009145,1,3,1,0.7759803
INC0009145,2,3,1,0.8793765
INC0009145,3,3,1,0.8548896
INC0009152,1,4,0,0.09927144
INC0009152,2,4,0,0.17770182
INC0009152,3,4,0,0.17770182
INC0009152,4,4,0,0.18794492
INC0009169,1,1,0,0.035750773
INC0009180,1,1,0,0.063940056
INC0009199,1,5,0,0.3136831
INC0009199,2,5,0,0.2874116
INC0009199,3,5,0,0.47766176
INC0009199,4,5,0,0.59250057
INC0009199,5,5,0,0.5970788
INC0009203,1,5,0,0.29026523
INC0009203,2,5,0,0.29569077
INC0009203,3,5,0,0.25019935
INC0009203,4,5,0,0.2474062
INC0009203,5,5,0,0.30347422
INC0009229,1,20,1,0.2813739
INC0009229,2,20,1,0.258508
INC0009229,3,20,1,0.4401272
INC0009229,4,20,1,0.6406607
INC0009229,5,20,1,0.69405913
INC0009229,6,20,1,0.99510205
INC0009229,7,20,1,0.9951159
INC0009229,8,20,1,0.9959319
INC0009231,1,7,1,0.320986
INC0009231,2,7,1,0.8048397
INC0009231,3,7,1,0.9992582
INC0009231,4,7,1,0.9931108
INC0009231,5,7,1,0.993335
INC0009231,6,7,1,0.9964263
INC0009231,7,7,1,0.9959935
INC0009232,1,7,1,0.043078687
INC0009232,2,7,1,0.1986379
INC0009232,3,7,1,0.44682854
INC0009232,4,7,1,0.53382975
INC0009232,5,7,1,0.99508107
INC0009232,6,7,1,0.9941632
INC0009232,7,7,1,0.9940375
INC0009271,1,1,0,0.0335155
INC0009273,1,23,1,0.097739615
INC0009273,2,23,1,0.18264912
INC0009273,3,23,1,0.20504266
INC0009273,4,23,1,0.25187066
INC0009273,5,23,1,0.09618859
INC0009273,6,23,1,0.096181154
INC0009273,7,23,1,0.10988774
INC0009273,8,23,1,0.17433165
INC0009284,1,4,1,0.3616971
INC0009284,2,4,1,0.60740364
INC0009284,3,4,1,0.9158065
INC0009284,4,4,1,0.96379894
INC0009305,1,6,1,0.25223708
INC0009305,2,6,1,0.29556972
INC0009305,3,6,1,0.79786366
INC0009305,4,6,1,0.9956655
INC0009305,5,6,1,0.99588335
INC0009305,6,6,1,0.9957211
INC0009314,1,3,0,0.19471163
INC0009314,2,3,0,0.36162233
INC0009314,3,3,0,0.31647718
INC0009327,1,4,0,0.28853053
INC0009327,2,4,0,0.27530983
INC0009327,3,4,0,0.26840556
INC0009327,4,4,0,0.2939462
INC0009336,1,7,1,0.4421942
INC0009336,2,7,1,0.5141585
INC0009336,3,7,1,0.52364445
INC0009336,4,7,1,0.703363
INC0009336,5,7,1,0.9981883
INC0009336,6,7,1,0.99813384
INC0009336,7,7,1,0.99769187
INC0009363,1,2,0,0.49947983
INC0009363,2,2,0,0.6333856
INC0009370,1,6,1,0.7344994
INC0009370,2,6,1,0.69783825
INC0009370,3,6,1,0.77303344
INC0009370,4,6,1,0.80297256
INC0009370,5,6,1,0.8517409
INC0009370,6,6,1,0.8933245
INC0009377,1,2,0,0.27263322
INC0009377,2,2,0,0.28367656
INC0009378,1,6,1,0.5273188
INC0009378,2,6,1,0.23257087
INC0009378,3,6,1,0.23565963
INC0009378,4,6,1,0.35810104
INC0009378,5,6,1,0.44627738
INC0009378,6,6,1,0.9821536
INC0009383,1,3,0,0.38297054
INC0009383,2,3,0,0.6469174
INC0009383,3,3,0,0.7129694
INC0009385,1,13,1,0.18996574
INC0009385,2,13,1,0.8527438
INC0009385,3,13,1,0.9135926
INC0009385,4,13,1,0.99886936
INC0009385,5,13,1,0.9991648
INC0009385,6,13,1,0.99738544
INC0009385,7,13,1,0.9972253
INC0009385,8,13,1,0.99724317
INC0009440,1,12,1,0.29534855
INC0009440,2,12,1,0.34342018
INC0009440,3,12,1,0.6265021
INC0009440,4,12,1,0.99619126
INC0009440,5,12,1,0.9965076
INC0009440,6,12,1,0.9964091
INC0009440,7,12,1,0.9956786
INC0009440,8,12,1,0.9955781
INC0009458,1,14,1,0.97793615
INC0009458,2,14,1,0.998803
INC0009458,3,14,1,0.9988135
INC0009458,4,14,1,0.99888784
INC0009458,5,14,1,0.9991911
INC0009458,6,14,1,0.99906236
INC0009458,7,14,1,0.999079
INC0009458,8,14,1,0.99914
INC0009472,1,4,1,0.65099514
INC0009472,2,4,1,0.4089288
INC0009472,3,4,1,0.399088
INC0009472,4,4,1,0.9957201
INC0009535,1,4,1,0.9809483
INC0009535,2,4,1,0.9782063
INC0009535,3,4,1,0.98402804
INC0009535,4,4,1,0.9878727
INC0009548,1,3,0,0.40031844
INC0009548,2,3,0,0.47383264
INC0009548,3,3,0,0.47125974
INC0009549,1,6,1,0.36457568
INC0009549,2,6,1,0.34963548
INC0009549,3,6,1,0.42792845
INC0009549,4,6,1,0.9972796
INC0009549,5,6,1,0.9972882
INC0009549,6,6,1,0.9974451
INC0009576,1,3,1,0.17119971
INC0009576,2,3,1,0.61838686
INC0009576,3,3,1,0.6986022
INC0009586,1,3,1,0.3496024
INC0009586,2,3,1,0.28550005
INC0009586,3,3,1,0.40861312
INC0009590,1,2,0,0.5039628
INC0009590,2,2,0,0.63337773
INC0009591,1,16,1,0.35474956
INC0009591,2,16,1,0.40561643
INC0009591,3,16,1,0.9964653
INC0009591,4,16,1,0.9967091
INC0009591,5,16,1,0.99731416
INC0009591,6,16,1,0.99672145
INC0009591,7,16,1,0.9965114
INC0009591,8,16,1,0.9951083
INC0009614,1,5,1,0.3984949
INC0009614,2,5,1,0.49199724
INC0009614,3,5,1,0.5251383
INC0009614,4,5,1,0.62313765
INC0009614,5,5,1,0.6183803
INC0009625,1,2,0,0.17828667
INC0009625,2,2,0,0.114263445
INC0009626,1,6,1,0.21158527
INC0009626,2,6,1,0.19867995
INC0009626,3,6,1,0.30708316
INC0009626,4,6,1,0.31304
INC0009626,5,6,1,0.32463506
INC0009626,6,6,1,0.34423327
INC0009643,1,3,1,0.34851736
INC0009643,2,3,1,0.99719954
INC0009643,3,3,1,0.9969849
INC0009682,1,8,1,0.49424985
INC0009682,2,8,1,0.6357667
INC0009682,3,8,1,0.7329514
INC0009682,4,8,1,0.71142447
INC0009682,5,8,1,0.9978258
INC0009682,6,8,1,0.9979177
INC0009682,7,8,1,0.9981263
INC0009682,8,8,1,0.99759704
INC0009741,1,2,0,0.105826356
INC0009741,2,2,0,0.12713054
INC0009828,1,10,0,0.4538847
INC0009828,2,10,0,0.27886575
INC0009828,3,10,0,0.33653718
INC0009828,4,10,0,0.43666917
INC0009828,5,10,0,0.4175725
INC0009828,6,10,0,0.27855524
INC0009828,7,10,0,0.36360785
INC0009828,8,10,0,0.41533267
INC0009849,1,5,1,0.44928676
INC0009849,2,5,1,0.998072
INC0009849,3,5,1,0.9984787
INC0009849,4,5,1,0.9983329
INC0009849,5,5,1,0.9983006
INC0009885,1,1,0,0.05880677
INC0009887,1,2,0,0.39542702
INC0009887,2,2,0,0.55816245
INC0009914,1,9,1,0.39338684
INC0009914,2,9,1,0.4752794
INC0009914,3,9,1,0.61647373
INC0009914,4,9,1,0.7127805
INC0009914,5,9,1,0.72035456
INC0009914,6,9,1,0.99850583
INC0009914,7,9,1,0.99811906
INC0009914,8,9,1,0.9981963
INC0009917,1,1,0,0.3514502
INC0009925,1,1,0,0.1005811
INC0009933,1,3,1,0.45499697
INC0009933,2,3,1,0.5249578
INC0009933,3,3,1,0.99840194
INC0009940,1,13,1,0.17295979
INC0009940,2,13,1,0.39875776
INC0009940,3,13,1,0.5886941
INC0009940,4,13,1,0.99639183
INC0009940,5,13,1,0.9965287
INC0009940,6,13,1,0.9960556
INC0009940,7,13,1,0.99677557
INC0009940,8,13,1,0.9964903
INC0009951,1,11,1,0.90828824
INC0009951,2,11,1,0.9977349
INC0009951,3,11,1,0.99773467
INC0009951,4,11,1,0.9986197
INC0009951,5,11,1,0.9984138
INC0009951,6,11,1,0.9995895
INC0009951,7,11,1,0.99961424
INC0009951,8,11,1,0.999353
INC0009974,1,2,0,0.06276507
INC0009974,2,2,0,0.08934126
INC0009994,1,2,0,0.12938535
INC0009994,2,2,0,0.19021694
INC0010005,1,1,0,0.16963282
INC0010017,1,14,1,0.4799067
INC0010017,2,14,1,0.44001898
INC0010017,3,14,1,0.5252076
INC0010017,4,14,1,0.64292884
INC0010017,5,14,1,0.70731354
INC0010017,6,14,1,0.7725666
INC0010017,7,14,1,0.99111325
INC0010017,8,14,1,0.98955405
INC0010026,1,1,0,0.08520988
INC0010074,1,18,1,0.37886357
INC0010074,2,18,1,0.44242397
INC0010074,3,18,1,0.5241274
INC0010074,4,18,1,0.52365303
INC0010074,5,18,1,0.9980738
INC0010074,6,18,1,0.9983668
INC0010074,7,18,1,0.99735034
INC0010074,8,18,1,0.9977629
INC0010083,1,3,1,0.6991125
INC0010083,2,3,1,0.9993505
INC0010083,3,3,1,0.99938786
INC0010101,1,9,1,0.506673
INC0010101,2,9,1,0.53445786
INC0010101,3,9,1,0.7086619
INC0010101,4,9,1,0.5420795
INC0010101,5,9,1,0.60640824
INC0010101,6,9,1,0.7366703
INC0010101,7,9,1,0.99661946
INC0010101,8,9,1,0.99501675
INC0010159,1,1,0,0.346168
INC0010172,1,5,1,0.27130216
INC0010172,2,5,1,0.9820911
INC0010172,3,5,1,0.98786664
INC0010172,4,5,1,0.9937505
INC0010172,5,5,1,0.9949437
INC0010218,1,2,0,0.3512479
INC0010218,2,2,0,0.49768117
INC0010219,1,1,0,0.052161988
INC0010240,1,1,0,0.111214295
INC0010329,1,6,1,0.36064473
INC0010329,2,6,1,0.57003874
INC0010329,3,6,1,0.4811367
INC0010329,4,6,1,0.71598345
INC0010329,5,6,1,0.97725266
INC0010329,6,6,1,0.98128444
INC0010378,1,1,0,0.38191003
INC0010449,1,1,1,0.74404323
INC0010480,1,11,1,0.6773496
INC0010480,2,11,1,0.6106324
INC0010480,3,11,1,0.6913233
INC0010480,4,11,1,0.72405624
INC0010480,5,11,1,0.9988294
INC0010480,6,11,1,0.9993482
INC0010480,7,11,1,0.99925596
INC0010480,8,11,1,0.99921286
INC0010502,1,7,1,0.09256616
INC0010502,2,7,1,0.8941042
INC0010502,3,7,1,0.9837134
INC0010502,4,7,1,0.9976804
INC0010502,5,7,1,0.99790263
INC0010502,6,7,1,0.99802667
INC0010502,7,7,1,0.99834275
INC0010505,1,3,0,0.4797379
INC0010505,2,3,0,0.47435582
INC0010505,3,3,0,0.48774004
INC0010543,1,5,1,0.5513916
INC0010543,2,5,1,0.8025781
INC0010543,3,5,1,0.57776475
INC0010543,4,5,1,0.6737474
INC0010543,5,5,1,0.9980665
INC0010568,1,4,1,0.5717576
INC0010568,2,4,1,0.5270084
INC0010568,3,4,1,0.9949679
INC0010568,4,4,1,0.99676585
INC0010655,1,6,1,0.7975115
INC0010655,2,6,1,0.7222483
INC0010655,3,6,1,0.7262781
INC0010655,4,6,1,0.72999674
INC0010655,5,6,1,0.7226177
INC0010655,6,6,1,0.71375775
INC0010664,1,4,1,0.6170617
INC0010664,2,4,1,0.4969199
INC0010664,3,4,1,0.9853496
INC0010664,4,4,1,0.98728347
INC0010704,1,14,1,0.541976
INC0010704,2,14,1,0.46046594
INC0010704,3,14,1,0.46322623
INC0010704,4,14,1,0.62726957
INC0010704,5,14,1,0.99764204
INC0010704,6,14,1,0.9972645
INC0010704,7,14,1,0.9961719
INC0010704,8,14,1,0.9957208
INC0010711,1,2,0,0.3722088
INC0010711,2,2,0,0.34930846
INC0010719,1,2,1,0.828239
INC0010719,2,2,1,0.9973774
INC0010728,1,3,1,0.85840374
INC0010728,2,3,1,0.99755245
INC0010728,3,3,1,0.9977368
INC0010760,1,2,0,0.17800198
INC0010760,2,2,0,0.21951239
INC0010761,1,2,0,0.1862778
INC0010761,2,2,0,0.4291861
INC0010808,1,1,0,0.33086306
INC0010814,1,1,0,0.0843081
INC0010855,1,10,1,0.91184276
INC0010855,2,10,1,0.9979334
INC0010855,3,10,1,0.9987656
INC0010855,4,10,1,0.9991429
INC0010855,5,10,1,0.99898726
INC0010855,6,10,1,0.99902153
INC0010855,7,10,1,0.99884987
INC0010855,8,10,1,0.99900705
INC0010877,1,2,0,0.051082242
INC0010877,2,2,0,0.11918315
INC0010882,1,3,0,0.26907048
INC0010882,2,3,0,0.35790014
INC0010882,3,3,0,0.369952
INC0010886,1,4,1,0.48193297
INC0010886,2,4,1,0.88216966
INC0010886,3,4,1,0.8974183
INC0010886,4,4,1,0.990191
INC0010891,1,10,0,0.42668274
INC0010891,2,10,0,0.40138495
INC0010891,3,10,0,0.5110534
INC0010891,4,10,0,0.27439862
INC0010891,5,10,0,0.5554975
INC0010891,6,10,0,0.59468293
INC0010891,7,10,0,0.5741522
INC0010891,8,10,0,0.5656075
INC0010896,1,1,0,0.047696404
INC0010926,1,3,1,0.92156124
INC0010926,2,3,1,0.9226545
INC0010926,3,3,1,0.99941146
INC0010955,1,2,0,0.27200845
INC0010955,2,2,0,0.46119562
INC0010981,1,3,1,0.84875536
INC0010981,2,3,1,0.9964127
INC0010981,3,3,1,0.99672997
INC0011007,1,1,0,0.0627693
INC0011010,1,1,0,0.0638907
INC0011018,1,1,1,0.6606717
INC0011019,1,1,0,0.6054459
INC0011062,1,7,0,0.077863
INC0011062,2,7,0,0.08477212
INC0011062,3,7,0,0.10087949
INC0011062,4,7,0,0.10087949
INC0011062,5,7,0,0.09672112
INC0011062,6,7,0,0.09480897
INC0011062,7,7,0,0.1287791
INC0011080,1,2,0,0.16937174
INC0011080,2,2,0,0.21303925
INC0011088,1,7,1,0.6252939
INC0011088,2,7,1,0.61898357
INC0011088,3,7,1,0.99232507
INC0011088,4,7,1,0.9908462
INC0011088,5,7,1,0.9931358
INC0011088,6,7,1,0.9954364
INC0011088,7,7,1,0.99576974
INC0011113,1,2,0,0.11448759
INC0011113,2,2,0,0.14259869
INC0011129,1,10,1,0.5442757
INC0011129,2,10,1,0.68080324
INC0011129,3,10,1,0.91769785
INC0011129,4,10,1,0.9221553
INC0011129,5,10,1,0.96827376
INC0011129,6,10,1,0.99446845
INC0011129,7,10,1,0.99587506
INC0011129,8,10,1,0.9950782
INC0011138,1,2,0,0.54595125
INC0011138,2,2,0,0.3231562
INC0011148,1,6,1,0.41727537
INC0011148,2,6,1,0.43637824
INC0011148,3,6,1,0.5195046
INC0011148,4,6,1,0.997633
INC0011148,5,6,1,0.99664354
INC0011148,6,6,1,0.996932
INC0011162,1,4,1,0.34534875
INC0011162,2,4,1,0.6138489
INC0011162,3,4,1,0.60081804
INC0011162,4,4,1,0.99806494
INC0011173,1,5,0,0.49907094
INC0011173,2,5,0,0.21615538
INC0011173,3,5,0,0.3967527
INC0011173,4,5,0,0.37177464
INC0011173,5,5,0,0.36480373
INC0011177,1,5,1,0.8931778
INC0011177,2,5,1,0.9965443
INC0011177,3,5,1,0.99688727
INC0011177,4,5,1,0.99795806
INC0011177,5,5,1,0.9994382
INC0011227,1,1,0,0.07303074
INC0011233,1,5,1,0.4933835
INC0011233,2,5,1,0.5541167
INC0011233,3,5,1,0.56535643
INC0011233,4,5,1,0.6815406
INC0011233,5,5,1,0.9977276
INC0011242,1,7,0,0.3653988
INC0011242,2,7,0,0.3824775
INC0011242,3,7,0,0.56970906
INC0011242,4,7,0,0.43273425
INC0011242,5,7,0,0.44483963
INC0011242,6,7,0,0.4454924
INC0011242,7,7,0,0.4399523
INC0011249,1,2,0,0.8235154
INC0011249,2,2,0,0.84465426
INC0011310,1,3,1,0.34010494
INC0011310,2,3,1,0.44591773
INC0011310,3,3,1,0.52472085
INC0011329,1,6,0,0.365852
INC0011329,2,6,0,0.32535264
INC0011329,3,6,0,0.32535264
INC0011329,4,6,0,0.32762256
INC0011329,5,6,0,0.31679395
INC0011329,6,6,0,0.46860957
INC0011354,1,2,0,0.07680646
INC0011354,2,2,0,0.099214844
INC0011370,1,17,1,0.28845605
INC0011370,2,17,1,0.2854545
INC0011370,3,17,1,0.3070002
INC0011370,4,17,1,0.26976457
INC0011370,5,17,1,0.19982812
INC0011370,6,17,1,0.20831193
INC0011370,7,17,1,0.27284533
INC0011370,8,17,1,0.23986602
INC0011374,1,5,0,0.36194414
INC0011374,2,5,0,0.41895565
INC0011374,3,5,0,0.2621705
INC0011374,4,5,0,0.2990733
INC0011374,5,5,0,0.5505412
INC0011379,1,1,0,0.16216685
INC0011383,1,2,0,0.36973912
INC0011383,2,2,0,0.5601578
INC0011389,1,4,0,0.15514709
INC0011389,2,4,0,0.20796648
INC0011389,3,4,0,0.5332926
INC0011389,4,4,0,0.5269278
INC0011401,1,2,1,0.31242585
INC0011401,2,2,1,0.9950138
INC0011419,1,1,0,0.12688711
INC0011427,1,6,0,0.2447088
INC0011427,2,6,0,0.2744369
INC0011427,3,6,0,0.27827337
INC0011427,4,6,0,0.35142007
INC0011427,5,6,0,0.33038875
INC0011427,6,6,0,0.37135717
INC0011433,1,2,0,0.058049474
INC0011433,2,2,0,0.10252462
INC0011469,1,1,0,0.032379385
INC0011499,1,2,0,0.2740586
INC0011499,2,2,0,0.1246564
INC0011523,1,2,0,0.21936622
INC0011523,2,2,0,0.21526651
INC0011538,1,2,0,0.20570385
INC0011538,2,2,0,0.27976978
INC0011554,1,1,0,0.09135782
INC0011560,1,1,0,0.031792283
INC0011614,1,2,0,0.29177058
INC0011614,2,2,0,0.32261723
INC0011616,1,2,0,0.060551967
INC0011616,2,2,0,0.0771182
INC0011617,1,1,0,0.024619058
INC0011629,1,1,0,0.12141968
INC0011630,1,2,0,0.03332133
INC0011630,2,2,0,0.08429049
INC0011672,1,3,0,0.28591534
INC0011672,2,3,0,0.2466413
INC0011672,3,3,0,0.4947468
INC0011713,1,1,0,0.27586854
INC0011722,1,7,0,0.0669087
INC0011722,2,7,0,0.06438602
INC0011722,3,7,0,0.062636636
INC0011722,4,7,0,0.06768039
INC0011722,5,7,0,0.06359225
INC0011722,6,7,0,0.06271164
INC0011722,7,7,0,0.083706416
INC0011731,1,7,1,0.22827715
INC0011731,2,7,1,0.3235419
INC0011731,3,7,1,0.996274
INC0011731,4,7,1,0.99639493
INC0011731,5,7,1,0.99513537
INC0011731,6,7,1,0.9959629
INC0011731,7,7,1,0.9963129
INC0011768,1,2,0,0.42499086
INC0011768,2,2,0,0.3998896
INC0011791,1,11,1,0.4326451
INC0011791,2,11,1,0.49664035
INC0011791,3,11,1,0.44653478
INC0011791,4,11,1,0.8961247
INC0011791,5,11,1,0.8988217
INC0011791,6,11,1,0.90708023
INC0011791,7,11,1,0.90874076
INC0011791,8,11,1,0.9162486
INC0011801,1,1,0,0.30921444
INC0011816,1,9,0,0.27964562
INC0011816,2,9,0,0.25059012
INC0011816,3,9,0,0.25059012
INC0011816,4,9,0,0.13676845
INC0011816,5,9,0,0.15997593
INC0011816,6,9,0,0.15996441
INC0011816,7,9,0,0.1555523
INC0011816,8,9,0,0.13825202
INC0011818,1,7,0,0.514644
INC0011818,2,7,0,0.55306464
INC0011818,3,7,0,0.54085135
INC0011818,4,7,0,0.60395825
INC0011818,5,7,0,0.6366449
INC0011818,6,7,0,0.7882187
INC0011818,7,7,0,0.78103006
INC0011823,1,4,1,0.39907402
INC0011823,2,4,1,0.41695118
INC0011823,3,4,1,0.8734597
INC0011823,4,4,1,0.88930297
INC0011839,1,6,0,0.44958982
INC0011839,2,6,0,0.4114994
INC0011839,3,6,0,0.19127792
INC0011839,4,6,0,0.20974088
INC0011839,5,6,0,0.21199083
INC0011839,6,6,0,0.18987477
INC0011865,1,1,0,0.054809712
INC0011877,1,4,0,0.5035956
INC0011877,2,4,0,0.21408874
INC0011877,3,4,0,0.33747628
INC0011877,4,4,0,0.4117587
INC0011879,1,2,1,0.5364803
INC0011879,2,2,1,0.6690899
INC0011918,1,4,1,0.5007982
INC0011918,2,4,1,0.47142828
INC0011918,3,4,1,0.4783198
INC0011918,4,4,1,0.5425187
INC0011949,1,4,0,0.43042558
INC0011949,2,4,0,0.45677713
INC0011949,3,4,0,0.2833653
INC0011949,4,4,0,0.2755881
INC0011975,1,4,0,0.38168654
INC0011975,2,4,0,0.3844674
INC0011975,3,4,0,0.3785943
INC0011975,4,4,0,0.71201205
INC0012000,1,1,0,0.60227275
INC0012039,1,1,0,0.48046887
INC0012042,1,10,1,0.77304924
INC0012042,2,10,1,0.736781
INC0012042,3,10,1,0.74168646
INC0012042,4,10,1,0.9969598
INC0012042,5,10,1,0.99435186
INC0012042,6,10,1,0.99414515
INC0012042,7,10,1,0.9944865
INC0012042,8,10,1,0.99450195
INC0012046,1,1,0,0.06688292
INC0012084,1,1,0,0.20823225
INC0012085,1,5,0,0.55385435
INC0012085,2,5,0,0.53513634
INC0012085,3,5,0,0.541463
INC0012085,4,5,0,0.688469
INC0012085,5,5,0,0.74127203
INC0012096,1,2,0,0.025835171
INC0012096,2,2,0,0.054135274
INC0012168,1,2,0,0.27953824
INC0012168,2,2,0,0.2840858
INC0012172,1,3,0,0.35544276
INC0012172,2,3,0,0.28654972
INC0012172,3,3,0,0.37094393
INC0012189,1,6,0,0.1891682
INC0012189,2,6,0,0.19504738
INC0012189,3,6,0,0.14227559
INC0012189,4,6,0,0.15308796
INC0012189,5,6,0,0.17493458
INC0012189,6,6,0,0.16538596
INC0012226,1,8,1,0.5678321
INC0012226,2,8,1,0.35430765
INC0012226,3,8,1,0.34460777
INC0012226,4,8,1,0.5110926
INC0012226,5,8,1,0.99643433
INC0012226,6,8,1,0.99648774
INC0012226,7,8,1,0.99565035
INC0012226,8,8,1,0.99516535
INC0012228,1,8,1,0.5088544
INC0012228,2,8,1,0.49871835
INC0012228,3,8,1,0.44368625
INC0012228,4,8,1,0.4353764
INC0012228,5,8,1,0.4251543
INC0012228,6,8,1,0.5617641
INC0012228,7,8,1,0.64019805
INC0012228,8,8,1,0.9970421
INC0012258,1,2,0,0.63796
INC0012258,2,2,0,0.6932935
INC0012276,1,2,0,0.033792645
INC0012276,2,2,0,0.05235544
INC0012278,1,5,1,0.7154618
INC0012278,2,5,1,0.8964211
INC0012278,3,5,1,0.9966665
INC0012278,4,5,1,0.9958646
INC0012278,5,5,1,0.9968136
INC0012279,1,1,0,0.084814325
INC0012281,1,4,0,0.32304406
INC0012281,2,4,0,0.30103657
INC0012281,3,4,0,0.32289934
INC0012281,4,4,0,0.3447498
INC0012293,1,3,0,0.27616367
INC0012293,2,3,0,0.15599304
INC0012293,3,3,0,0.17268603
INC0012312,1,3,0,0.26136103
INC0012312,2,3,0,0.15472919
INC0012312,3,3,0,0.14048971
INC0012317,1,4,1,0.22748818
INC0012317,2,4,1,0.2399573
INC0012317,3,4,1,0.34469455
INC0012317,4,4,1,0.995122
INC0012337,1,5,0,0.08961059
INC0012337,2,5,0,0.27048936
INC0012337,3,5,0,0.23023231
INC0012337,4,5,0,0.2609472
INC0012337,5,5,0,0.26462722
INC0012360,1,3,0,0.18392983
INC0012360,2,3,0,0.17115752
INC0012360,3,3,0,0.17982237
INC0012363,1,2,0,0.022276085
INC0012363,2,2,0,0.09435386
INC0012365,1,1,0,0.019209305
INC0012375,1,4,1,0.6281074
INC0012375,2,4,1,0.9913258
INC0012375,3,4,1,0.9970727
INC0012375,4,4,1,0.99819165
INC0012384,1,1,1,0.5674565
INC0012396,1,7,1,0.39011663
INC0012396,2,7,1,0.4117776
INC0012396,3,7,1,0.64097005
INC0012396,4,7,1,0.99367815
INC0012396,5,7,1,0.99367815
INC0012396,6,7,1,0.99621093
INC0012396,7,7,1,0.9973654
INC0012413,1,8,0,0.54680234
INC0012413,2,8,0,0.53961504
INC0012413,3,8,0,0.43358272
INC0012413,4,8,0,0.38374802
INC0012413,5,8,0,0.5408018
INC0012413,6,8,0,0.547666
INC0012413,7,8,0,0.52850306
INC0012413,8,8,0,0.59829557
INC0012421,1,4,0,0.30442134
INC0012421,2,4,0,0.5189711
INC0012421,3,4,0,0.48107663
INC0012421,4,4,0,0.5321615
INC0012433,1,6,0,0.15624009
INC0012433,2,6,0,0.14441153
INC0012433,3,6,0,0.10284802
INC0012433,4,6,0,0.055718243
INC0012433,5,6,0,0.24299249
INC0012433,6,6,0,0.2755679
INC0012436,1,1,0,0.5486965
INC0012452,1,3,0,0.38808322
INC0012452,2,3,0,0.37938324
INC0012452,3,3,0,0.27797124
INC0012483,1,2,0,0.10822883
INC0012483,2,2,0,0.25363928
INC0012489,1,4,1,0.30541033
INC0012489,2,4,1,0.5175272
INC0012489,3,4,1,0.47165963
INC0012489,4,4,1,0.58511263
INC0012498,1,2,0,0.121307924
INC0012498,2,2,0,0.16214861
INC0012548,1,8,1,0.25636908
INC0012548,2,8,1,0.37571713
INC0012548,3,8,1,0.37702307
INC0012548,4,8,1,0.579863
INC0012548,5,8,1,0.9975514
INC0012548,6,8,1,0.9972421
INC0012548,7,8,1,0.99711704
INC0012548,8,8,1,0.9976751
INC0012681,1,2,1,0.13977712
INC0012681,2,2,1,0.40522265
INC0012686,1,2,0,0.47023064
INC0012686,2,2,0,0.27607808
INC0012694,1,8,1,0.13417415
INC0012694,2,8,1,0.16177611
INC0012694,3,8,1,0.7830339
INC0012694,4,8,1,0.98014843
INC0012694,5,8,1,0.9847556
INC0012694,6,8,1,0.9909855
INC0012694,7,8,1,0.9897911
INC0012694,8,8,1,0.99038786
INC0012699,1,12,1,0.84459937
INC0012699,2,12,1,0.9939693
INC0012699,3,12,1,0.9933883
INC0012699,4,12,1,0.9953295
INC0012699,5,12,1,0.9957765
INC0012699,6,12,1,0.99801683
INC0012699,7,12,1,0.99807715
INC0012699,8,12,1,0.9970716
INC0012702,1,2,0,0.38858786
INC0012702,2,2,0,0.4375899
INC0012710,1,9,1,0.37198943
INC0012710,2,9,1,0.41784444
INC0012710,3,9,1,0.9892175
INC0012710,4,9,1,0.9925688
INC0012710,5,9,1,0.99619627
INC0012710,6,9,1,0.9965407
INC0012710,7,9,1,0.9965352
INC0012710,8,9,1,0.9972631
INC0012777,1,1,0,0.017630229
INC0012782,1,1,0,0.10500047
INC0012833,1,2,0,0.28859895
INC0012833,2,2,0,0.16355129
INC0012847,1,3,0,0.34295344
INC0012847,2,3,0,0.42417672
INC0012847,3,3,0,0.41686434
INC0012861,1,4,1,0.3982628
INC0012861,2,4,1,0.38516065
INC0012861,3,4,1,0.9890294
INC0012861,4,4,1,0.99113923
INC0012864,1,1,0,0.019538468
INC0012881,1,2,0,0.09336761
INC0012881,2,2,0,0.16816075
INC0012890,1,3,1,0.3415066
INC0012890,2,3,1,0.59791416
INC0012890,3,3,1,0.5533371
INC0012893,1,7,1,0.36114338
INC0012893,2,7,1,0.53655237
INC0012893,3,7,1,0.3912953
INC0012893,4,7,1,0.6093271
INC0012893,5,7,1,0.56166285
INC0012893,6,7,1,0.6340447
INC0012893,7,7,1,0.99242836
INC0012904,1,2,0,0.015321088
INC0012904,2,2,0,0.03716732
INC0012919,1,6,0,0.50485986
INC0012919,2,6,0,0.45229492
INC0012919,3,6,0,0.4200621
INC0012919,4,6,0,0.5135637
INC0012919,5,6,0,0.47663775
INC0012919,6,6,0,0.6375703
INC0012931,1,4,0,0.38403836
INC0012931,2,4,0,0.3640021
INC0012931,3,4,0,0.4921531
INC0012931,4,4,0,0.5930621
INC0012937,1,3,1,0.87316674
INC0012937,2,3,1,0.99859494
INC0012937,3,3,1,0.9961981
INC0012940,1,6,1,0.9049711
INC0012940,2,6,1,0.99673176
INC0012940,3,6,1,0.9967668
INC0012940,4,6,1,0.997632
INC0012940,5,6,1,0.9993297
INC0012940,6,6,1,0.9995183
INC0012984,1,14,1,0.6349788
INC0012984,2,14,1,0.6411116
INC0012984,3,14,1,0.6428404
INC0012984,4,14,1,0.9260413
INC0012984,5,14,1,0.99822074
INC0012984,6,14,1,0.9982552
INC0012984,7,14,1,0.99953425
INC0012984,8,14,1,0.9995802
INC0013006,1,7,1,0.08742586
INC0013006,2,7,1,0.34712574
INC0013006,3,7,1,0.4186738
INC0013006,4,7,1,0.44484913
INC0013006,5,7,1,0.60046846
INC0013006,6,7,1,0.5647748
INC0013006,7,7,1,0.5836185
INC0013014,1,1,0,0.09273408
INC0013018,1,11,1,0.54872155
INC0013018,2,11,1,0.5692157
INC0013018,3,11,1,0.99663347
INC0013018,4,11,1,0.9965314
INC0013018,5,11,1,0.9969074
INC0013018,6,11,1,0.9967982
INC0013018,7,11,1,0.99685574
INC0013018,8,11,1,0.9975262
INC0013019,1,2,0,0.2054006
INC0013019,2,2,0,0.3678486
INC0013025,1,3,0,0.4018811
INC0013025,2,3,0,0.38754624
INC0013025,3,3,0,0.37930995
INC0013039,1,9,1,0.3547744
INC0013039,2,9,1,0.5713392
INC0013039,3,9,1,0.9978345
INC0013039,4,9,1,0.997815
INC0013039,5,9,1,0.9976895
INC0013039,6,9,1,0.9984699
INC0013039,7,9,1,0.9977926
INC0013039,8,9,1,0.9983393
INC0013044,1,7,0,0.50625706
INC0013044,2,7,0,0.48488986
INC0013044,3,7,0,0.515501
INC0013044,4,7,0,0.502429
INC0013044,5,7,0,0.49339297
INC0013044,6,7,0,0.47432113
INC0013044,7,7,0,0.5122221
INC0013058,1,4,0,0.25118014
INC0013058,2,4,0,0.32125437
INC0013058,3,4,0,0.3735271
INC0013058,4,4,0,0.31606284
INC0013087,1,6,1,0.3514733
INC0013087,2,6,1,0.32397822
INC0013087,3,6,1,0.31992048
INC0013087,4,6,1,0.99355066
INC0013087,5,6,1,0.99431413
INC0013087,6,6,1,0.99431413
INC0013092,1,4,0,0.2194229
INC0013092,2,4,0,0.19578797
INC0013092,3,4,0,0.28362587
INC0013092,4,4,0,0.30344602
INC0013151,1,9,1,0.87691563
INC0013151,2,9,1,0.9985519
INC0013151,3,9,1,0.9987488
INC0013151,4,9,1,0.99853075
INC0013151,5,9,1,0.9981558
INC0013151,6,9,1,0.9987668
INC0013151,7,9,1,0.9986634
INC0013151,8,9,1,0.9990792
INC0013191,1,10,1,0.25929937
INC0013191,2,10,1,0.4414287
INC0013191,3,10,1,0.47854298
INC0013191,4,10,1,0.45466238
INC0013191,5,10,1,0.44313428
INC0013191,6,10,1,0.4718704
INC0013191,7,10,1,0.43983972
INC0013191,8,10,1,0.49045426
INC0013192,1,6,1,0.48061863
INC0013192,2,6,1,0.29161733
INC0013192,3,6,1,0.37913075
INC0013192,4,6,1,0.39587575
INC0013192,5,6,1,0.42196056
INC0013192,6,6,1,0.5192447
INC0013212,1,4,1,0.41232508
INC0013212,2,4,1,0.4769257
INC0013212,3,4,1,0.9557305
INC0013212,4,4,1,0.9534398
INC0013247,1,2,0,0.098477095
INC0013247,2,2,0,0.21326074
INC0013251,1,7,1,0.33197793
INC0013251,2,7,1,0.3515502
INC0013251,3,7,1,0.43913376
INC0013251,4,7,1,0.6095715
INC0013251,5,7,1,0.9295419
INC0013251,6,7,1,0.97626424
INC0013251,7,7,1,0.97268075
INC0013253,1,3,1,0.629706
INC0013253,2,3,1,0.9961534
INC0013253,3,3,1,0.996031
INC0013257,1,5,0,0.48495007
INC0013257,2,5,0,0.4469342
INC0013257,3,5,0,0.5736355
INC0013257,4,5,0,0.5167433
INC0013257,5,5,0,0.5080909
INC0013259,1,7,1,0.8779084
INC0013259,2,7,1,0.9840809
INC0013259,3,7,1,0.9870062
INC0013259,4,7,1,0.9934493
INC0013259,5,7,1,0.99395424
INC0013259,6,7,1,0.99249226
INC0013259,7,7,1,0.99301153
INC0013262,1,4,0,0.3646132
INC0013262,2,4,0,0.36508548
INC0013262,3,4,0,0.36200637
INC0013262,4,4,0,0.27647504
INC0013313,1,15,1,0.092404276
INC0013313,2,15,1,0.3950941
INC0013313,3,15,1,0.56683344
INC0013313,4,15,1,0.9397818
INC0013313,5,15,1,0.986702
INC0013313,6,15,1,0.98625135
INC0013313,7,15,1,0.9894093
INC0013313,8,15,1,0.9904855
INC0013319,1,4,0,0.19219996
INC0013319,2,4,0,0.19117732
INC0013319,3,4,0,0.15294077
INC0013319,4,4,0,0.1633283
INC0013332,1,4,0,0.15849951
INC0013332,2,4,0,0.1330692
INC0013332,3,4,0,0.15641838
INC0013332,4,4,0,0.20999123
INC0013338,1,3,1,0.41866207
INC0013338,2,3,1,0.8451548
INC0013338,3,3,1,0.8408251
INC0013368,1,2,0,0.3225906
INC0013368,2,2,0,0.3749372
INC0013405,1,2,0,0.28827393
INC0013405,2,2,0,0.3252397
INC0013412,1,2,0,0.47579458
INC0013412,2,2,0,0.5989287
INC0013413,1,2,1,0.45378718
INC0013413,2,2,1,0.9969215
INC0013424,1,2,0,0.35388675
INC0013424,2,2,0,0.3256754
INC0013432,1,4,0,0.08116923
INC0013432,2,4,0,0.100640155
INC0013432,3,4,0,0.09603108
INC0013432,4,4,0,0.0969408
INC0013434,1,2,0,0.21356264
INC0013434,2,2,0,0.19615309
INC0013448,1,5,0,0.19479571
INC0013448,2,5,0,0.12576197
INC0013448,3,5,0,0.11481918
INC0013448,4,5,0,0.12011799
INC0013448,5,5,0,0.2765793
INC0013454,1,10,1,0.47858915
INC0013454,2,10,1,0.80940807
INC0013454,3,10,1,0.8091899
INC0013454,4,10,1,0.8272599
INC0013454,5,10,1,0.9064169
INC0013454,6,10,1,0.92509645
INC0013454,7,10,1,0.91908026
INC0013454,8,10,1,0.8838517
INC0013458,1,1,0,0.41785127
INC0013467,1,1,0,0.12571947
INC0013478,1,2,1,0.62718004
INC0013478,2,2,1,0.5147103
INC0013487,1,7,0,0.49388266
INC0013487,2,7,0,0.4624959
INC0013487,3,7,0,0.17863409
INC0013487,4,7,0,0.23980334
INC0013487,5,7,0,0.32886472
INC0013487,6,7,0,0.2939748
INC0013487,7,7,0,0.25813854
INC0013497,1,5,0,0.4394675
INC0013497,2,5,0,0.42056686
INC0013497,3,5,0,0.41552147
INC0013497,4,5,0,0.38860685
INC0013497,5,5,0,0.26343864
INC0013518,1,3,0,0.39399102
INC0013518,2,3,0,0.44531563
INC0013518,3,3,0,0.533981
INC0013556,1,2,0,0.47824174
INC0013556,2,2,0,0.4811327
INC0013575,1,1,0,0.0711263
INC0013582,1,4,1,0.4162016
INC0013582,2,4,1,0.5464332
INC0013582,3,4,1,0.5175623
INC0013582,4,4,1,0.5099971
INC0013593,1,5,0,0.38121247
INC0013593,2,5,0,0.33094835
INC0013593,3,5,0,0.32698053
INC0013593,4,5,0,0.32698053
INC0013593,5,5,0,0.3179095
INC0013597,1,3,0,0.38611272
INC0013597,2,3,0,0.54206073
INC0013597,3,3,0,0.5166255
INC0013610,1,3,1,0.54892397
INC0013610,2,3,1,0.48782882
INC0013610,3,3,1,0.9949007
INC0013622,1,1,0,0.34419394
INC0013624,1,3,1,0.36683795
INC0013624,2,3,1,0.4437322
INC0013624,3,3,1,0.5478516
INC0013663,1,4,0,0.36898464
INC0013663,2,4,0,0.39392856
INC0013663,3,4,0,0.38841856
INC0013663,4,4,0,0.39118454
INC0013678,1,9,0,0.35394254
INC0013678,2,9,0,0.35363525
INC0013678,3,9,0,0.61867625
INC0013678,4,9,0,0.52057457
INC0013678,5,9,0,0.5077867
INC0013678,6,9,0,0.48021188
INC0013678,7,9,0,0.5732053
INC0013678,8,9,0,0.8767689
INC0013714,1,1,0,0.35198632
INC0013722,1,7,1,0.10606275
INC0013722,2,7,1,0.19284171
INC0013722,3,7,1,0.30555484
INC0013722,4,7,1,0.28469178
INC0013722,5,7,1,0.49497548
INC0013722,6,7,1,0.52600944
INC0013722,7,7,1,0.82240087
INC0013731,1,3,0,0.10576148
INC0013731,2,3,0,0.24907707
INC0013731,3,3,0,0.23720402
INC0013748,1,3,0,0.35899675
INC0013748,2,3,0,0.49273938
INC0013748,3,3,0,0.5072977
INC0013763,1,2,0,0.2711056
INC0013763,2,2,0,0.26870987
INC0013769,1,2,0,0.013999197
INC0013769,2,2,0,0.030862067
INC0013774,1,3,0,0.09976177
INC0013774,2,3,0,0.14309947
INC0013774,3,3,0,0.14092995
INC0013784,1,5,0,0.26801097
INC0013784,2,5,0,0.26544276
INC0013784,3,5,0,0.30709162
INC0013784,4,5,0,0.30709162
INC0013784,5,5,0,0.28824398
INC0013832,1,7,0,0.08434102
INC0013832,2,7,0,0.15033554
INC0013832,3,7,0,0.15106556
INC0013832,4,7,0,0.4638345
INC0013832,5,7,0,0.49433693
INC0013832,6,7,0,0.42524666
INC0013832,7,7,0,0.38923475
INC0013837,1,1,0,0.15419996
INC0013847,1,3,0,0.23572282
INC0013847,2,3,0,0.12389838
INC0013847,3,3,0,0.12148107
INC0013931,1,4,0,0.2674048
INC0013931,2,4,0,0.25049323
INC0013931,3,4,0,0.27331728
INC0013931,4,4,0,0.23818481
INC0013935,1,5,0,0.26055753
INC0013935,2,5,0,0.26582363
INC0013935,3,5,0,0.27184716
INC0013935,4,5,0,0.2268433
INC0013935,5,5,0,0.22603421
INC0013969,1,5,0,0.23282517
INC0013969,2,5,0,0.39816427
INC0013969,3,5,0,0.4575343
INC0013969,4,5,0,0.5349543
INC0013969,5,5,0,0.35152155
INC0013983,1,3,0,0.102707066
INC0013983,2,3,0,0.2286724
INC0013983,3,3,0,0.2297639
INC0014002,1,1,0,0.08105787
INC0014009,1,1,0,0.04126651
INC0014017,1,1,0,0.0966948
INC0014019,1,1,0,0.041364625
INC0014039,1,5,1,0.7293357
INC0014039,2,5,1,0.7310988
INC0014039,3,5,1,0.9992181
INC0014039,4,5,1,0.99951017
INC0014039,5,5,1,0.999479
INC0014062,1,3,0,0.0673823
INC0014062,2,3,0,0.06671317
INC0014062,3,3,0,0.12417557
INC0014064,1,6,0,0.23916814
INC0014064,2,6,0,0.21521191
INC0014064,3,6,0,0.39581573
INC0014064,4,6,0,0.33067453
INC0014064,5,6,0,0.42058584
INC0014064,6,6,0,0.23471896
INC0014074,1,2,0,0.28460938
INC0014074,2,2,0,0.40203774
INC0014141,1,5,1,0.5030351
INC0014141,2,5,1,0.5026959
INC0014141,3,5,1,0.9930228
INC0014141,4,5,1,0.9951544
INC0014141,5,5,1,0.9931738
INC0014146,1,8,1,0.3460597
INC0014146,2,8,1,0.29104125
INC0014146,3,8,1,0.34609434
INC0014146,4,8,1,0.34619343
INC0014146,5,8,1,0.9963504
INC0014146,6,8,1,0.99596125
INC0014146,7,8,1,0.9947396
INC0014146,8,8,1,0.9972241
INC0014150,1,4,1,0.28400505
INC0014150,2,4,1,0.3582229
INC0014150,3,4,1,0.38313305
INC0014150,4,4,1,0.6648571
INC0014160,1,4,0,0.3308036
INC0014160,2,4,0,0.4043407
INC0014160,3,4,0,0.4028811
INC0014160,4,4,0,0.37373593
INC0014172,1,1,0,0.01093546
INC0014175,1,1,0,0.045623675
INC0014176,1,1,0,0.047288753
INC0014190,1,3,0,0.26963723
INC0014190,2,3,0,0.24991015
INC0014190,3,3,0,0.23766916
INC0014199,1,1,0,0.042614613
INC0014222,1,1,0,0.010530457
INC0014230,1,3,1,0.8296226
INC0014230,2,3,1,0.87283397
INC0014230,3,3,1,0.9990427
INC0014238,1,1,0,0.07669675
INC0014271,1,1,0,0.3275216
INC0014287,1,1,0,0.3163256
INC0014292,1,2,0,0.09783764
INC0014292,2,2,0,0.16483618
INC0014312,1,2,0,0.31838685
INC0014312,2,2,0,0.2223611
INC0014316,1,1,0,0.018932316
INC0014331,1,1,0,0.046934556
INC0014375,1,1,0,0.011988178
INC0014384,1,1,0,0.011703748
INC0014390,1,1,0,0.03378616
INC0014391,1,2,0,0.0069215144
INC0014391,2,2,0,0.018681781
INC0014417,1,1,0,0.03573177
INC0014419,1,9,1,0.24738215
INC0014419,2,9,1,0.26362243
INC0014419,3,9,1,0.26365525
INC0014419,4,9,1,0.25987834
INC0014419,5,9,1,0.3018719
INC0014419,6,9,1,0.2757396
INC0014419,7,9,1,0.24679655
INC0014419,8,9,1,0.9024509
INC0014423,1,5,0,0.100913115
INC0014423,2,5,0,0.24955793
INC0014423,3,5,0,0.25217023
INC0014423,4,5,0,0.19290322
INC0014423,5,5,0,0.19323467
INC0014438,1,1,0,0.06842926
INC0014446,1,11,0,0.35929146
INC0014446,2,11,0,0.48016196
INC0014446,3,11,0,0.4747253
INC0014446,4,11,0,0.26711977
INC0014446,5,11,0,0.4232233
INC0014446,6,11,0,0.38168657
INC0014446,7,11,0,0.37837973
INC0014446,8,11,0,0.29904345
INC0014455,1,2,0,0.013211541
INC0014455,2,2,0,0.012390517
INC0014456,1,1,0,0.029100455
INC0014476,1,1,0,0.012559508
INC0014483,1,2,0,0.01102451
INC0014483,2,2,0,0.028061338
INC0014485,1,4,0,0.29947758
INC0014485,2,4,0,0.29123342
INC0014485,3,4,0,0.86362314
INC0014485,4,4,0,0.8814328
INC0014490,1,6,0,0.24018805
INC0014490,2,6,0,0.12771448
INC0014490,3,6,0,0.3602319
INC0014490,4,6,0,0.34830093
INC0014490,5,6,0,0.24636115
INC0014490,6,6,0,0.21730529
INC0014500,1,5,0,0.2965396
INC0014500,2,5,0,0.27356204
INC0014500,3,5,0,0.27561823
INC0014500,4,5,0,0.3191759
INC0014500,5,5,0,0.36131996
INC0014537,1,3,0,0.35395887
INC0014537,2,3,0,0.3537408
INC0014537,3,3,0,0.45047933
INC0014558,1,5,0,0.19987905
INC0014558,2,5,0,0.2166983
INC0014558,3,5,0,0.1939467
INC0014558,4,5,0,0.18123601
INC0014558,5,5,0,0.17822556
INC0014565,1,2,0,0.33859667
INC0014565,2,2,0,0.41315988
INC0014586,1,1,0,0.074917234
INC0014595,1,1,0,0.0710189
INC0014622,1,2,0,0.042714678
INC0014622,2,2,0,0.097786345
INC0014674,1,7,0,0.30414277
INC0014674,2,7,0,0.3361842
INC0014674,3,7,0,0.29180947
INC0014674,4,7,0,0.18775828
INC0014674,5,7,0,0.2528459
INC0014674,6,7,0,0.6405023
INC0014674,7,7,0,0.6306759
INC0014676,1,2,0,0.06456497
INC0014676,2,2,0,0.22267044
INC0014687,1,2,1,0.31586662
INC0014687,2,2,1,0.6145135
INC0014699,1,2,0,0.077020966
INC0014699,2,2,0,0.08846364
INC0014718,1,1,0,0.041717496
INC0014736,1,3,0,0.61115927
INC0014736,2,3,0,0.5843612
INC0014736,3,3,0,0.3902756
INC0014747,1,3,0,0.14789847
INC0014747,2,3,0,0.1228012
INC0014747,3,3,0,0.12072364
INC0014759,1,3,0,0.512923
INC0014759,2,3,0,0.41843134
INC0014759,3,3,0,0.39975312
INC0014787,1,7,1,0.2988884
INC0014787,2,7,1,0.29383045
INC0014787,3,7,1,0.30464214
INC0014787,4,7,1,0.99821424
INC0014787,5,7,1,0.99554116
INC0014787,6,7,1,0.9964612
INC0014787,7,7,1,0.9983798
INC0014804,1,5,1,0.49135488
INC0014804,2,5,1,0.47784555
INC0014804,3,5,1,0.46591273
INC0014804,4,5,1,0.7639921
INC0014804,5,5,1,0.9987503
INC0014809,1,2,0,0.017474983
INC0014809,2,2,0,0.043593433
INC0014836,1,6,0,0.100569144
INC0014836,2,6,0,0.32975632
INC0014836,3,6,0,0.54337513
INC0014836,4,6,0,0.5204302
INC0014836,5,6,0,0.50245297
INC0014836,6,6,0,0.39140084
INC0014846,1,6,1,0.3058071
INC0014846,2,6,1,0.30304572
INC0014846,3,6,1,0.26772666
INC0014846,4,6,1,0.49036056
INC0014846,5,6,1,0.99174374
INC0014846,6,6,1,0.9898475
INC0014849,1,6,0,0.298573
INC0014849,2,6,0,0.2863577
INC0014849,3,6,0,0.24871518
INC0014849,4,6,0,0.3615351
INC0014849,5,6,0,0.45426047
INC0014849,6,6,0,0.31188875
INC0014879,1,8,0,0.5294933
INC0014879,2,8,0,0.2587449
INC0014879,3,8,0,0.25822085
INC0014879,4,8,0,0.21020578
INC0014879,5,8,0,0.21067503
INC0014879,6,8,0,0.24884965
INC0014879,7,8,0,0.45477536
INC0014879,8,8,0,0.4969569
INC0014884,1,1,0,0.08483129
INC0014886,1,1,0,0.08337508
INC0014893,1,3,0,0.4501671
INC0014893,2,3,0,0.43384898
INC0014893,3,3,0,0.71144295
INC0014901,1,8,0,0.3475686
INC0014901,2,8,0,0.36451998
INC0014901,3,8,0,0.3581979
INC0014901,4,8,0,0.3581979
INC0014901,5,8,0,0.27221698
INC0014901,6,8,0,0.39075285
INC0014901,7,8,0,0.40256637
INC0014901,8,8,0,0.25404337
INC0014913,1,1,0,0.018970702
INC0014942,1,4,0,0.35143468
INC0014942,2,4,0,0.3013045
INC0014942,3,4,0,0.307316
INC0014942,4,4,0,0.22025518
INC0014959,1,1,0,0.10269534
INC0014969,1,3,1,0.5373534
INC0014969,2,3,1,0.474202
INC0014969,3,3,1,0.99759275
INC0014970,1,2,0,0.10820412
INC0014970,2,2,0,0.2848883
INC0014983,1,2,0,0.34133434
INC0014983,2,2,0,0.36602136
INC0015009,1,8,0,0.33623603
INC0015009,2,8,0,0.34815904
INC0015009,3,8,0,0.2870561
INC0015009,4,8,0,0.2945558
INC0015009,5,8,0,0.29368898
INC0015009,6,8,0,0.20319846
INC0015009,7,8,0,0.27363804
INC0015009,8,8,0,0.2994048
INC0015012,1,9,0,0.1914979
INC0015012,2,9,0,0.2688357
INC0015012,3,9,0,0.15725237
INC0015012,4,9,0,0.14983445
INC0015012,5,9,0,0.13993353
INC0015012,6,9,0,0.17170213
INC0015012,7,9,0,0.18476391
INC0015012,8,9,0,0.21025944
INC0015020,1,1,0,0.052052177
INC0015028,1,1,0,0.046132527
INC0015035,1,2,0,0.2603817
INC0015035,2,2,0,0.10880288
INC0015037,1,8,1,0.06959185
INC0015037,2,8,1,0.2575774
INC0015037,3,8,1,0.34148258
INC0015037,4,8,1,0.56926996
INC0015037,5,8,1,0.5086495
INC0015037,6,8,1,0.50420964
INC0015037,7,8,1,0.48607
INC0015037,8,8,1,0.9918657
INC0015042,1,1,0,0.029809713
INC0015071,1,1,1,0.79535174
INC0015082,1,1,0,0.091712005
INC0015089,1,1,0,0.05185494
INC0015094,1,2,1,0.3072044
INC0015094,2,2,1,0.6838442
INC0015100,1,5,1,0.7938512
INC0015100,2,5,1,0.9959949
INC0015100,3,5,1,0.9969854
INC0015100,4,5,1,0.9971733
INC0015100,5,5,1,0.99753666
INC0015161,1,13,1,0.32999003
INC0015161,2,13,1,0.29012534
INC0015161,3,13,1,0.18462093
INC0015161,4,13,1,0.18462093
INC0015161,5,13,1,0.23650467
INC0015161,6,13,1,0.23650467
INC0015161,7,13,1,0.24974804
INC0015161,8,13,1,0.29271203
INC0015166,1,3,1,0.25680536
INC0015166,2,3,1,0.820624
INC0015166,3,3,1,0.83148545
INC0015176,1,2,0,0.048078753
INC0015176,2,2,0,0.0571623
INC0015189,1,1,0,0.06850794
INC0015191,1,4,0,0.23346545
INC0015191,2,4,0,0.18702732
INC0015191,3,4,0,0.25713637
INC0015191,4,4,0,0.42978618
INC0015193,1,2,0,0.114228815
INC0015193,2,2,0,0.13471912
INC0015201,1,3,0,0.28290316
INC0015201,2,3,0,0.27736124
INC0015201,3,3,0,0.26585227
INC0015206,1,10,1,0.1587158
INC0015206,2,10,1,0.3658782
INC0015206,3,10,1,0.88694316
INC0015206,4,10,1,0.88797414
INC0015206,5,10,1,0.62058944
INC0015206,6,10,1,0.115622446
INC0015206,7,10,1,0.6343652
INC0015206,8,10,1,0.115622446
INC0015219,1,3,1,0.8433724
INC0015219,2,3,1,0.91967314
INC0015219,3,3,1,0.9213448
INC0015222,1,1,0,0.049259257
INC0015229,1,1,1,0.64714676
INC0015242,1,1,1,0.7161915
INC0015248,1,2,0,0.07492109
INC0015248,2,2,0,0.1439945
INC0015263,1,1,0,0.030536365
INC0015278,1,5,1,0.9868259
INC0015278,2,5,1,0.9871133
INC0015278,3,5,1,0.97501594
INC0015278,4,5,1,0.9766278
INC0015278,5,5,1,0.9721372
INC0015279,1,7,0,0.19328527
INC0015279,2,7,0,0.19680792
INC0015279,3,7,0,0.22141452
INC0015279,4,7,0,0.23089083
INC0015279,5,7,0,0.43742293
INC0015279,6,7,0,0.45474902
INC0015279,7,7,0,0.6334782
INC0015311,1,1,0,0.15158139
INC0015319,1,5,1,0.4361749
INC0015319,2,5,1,0.3403976
INC0015319,3,5,1,0.71471095
INC0015319,4,5,1,0.78506845
INC0015319,5,5,1,0.99790454
INC0015325,1,10,0,0.46526855
INC0015325,2,10,0,0.9963869
INC0015325,3,10,0,0.99812835
INC0015325,4,10,0,0.9981135
INC0015325,5,10,0,0.99803656
INC0015325,6,10,0,0.99792945
INC0015325,7,10,0,0.998287
INC0015325,8,10,0,0.99837023
INC0015329,1,5,1,0.14978334
INC0015329,2,5,1,0.16723756
INC0015329,3,5,1,0.51056975
INC0015329,4,5,1,0.6599054
INC0015329,5,5,1,0.6728366
INC0015335,1,3,0,0.31064808
INC0015335,2,3,0,0.19937287
INC0015335,3,3,0,0.29113847
INC0015338,1,2,0,0.45024648
INC0015338,2,2,0,0.4994705
INC0015347,1,3,0,0.08700074
INC0015347,2,3,0,0.5503833
INC0015347,3,3,0,0.5485883
INC0015348,1,1,0,0.067400984
INC0015360,1,2,0,0.49588388
INC0015360,2,2,0,0.2138855
INC0015371,1,1,0,0.04058151
INC0015389,1,12,0,0.8451004
INC0015389,2,12,0,0.31072652
INC0015389,3,12,0,0.32867137
INC0015389,4,12,0,0.2246884
INC0015389,5,12,0,0.30739447
INC0015389,6,12,0,0.34959218
INC0015389,7,12,0,0.1872093
INC0015389,8,12,0,0.18266444
INC0015398,1,9,1,0.5080201
INC0015398,2,9,1,0.44738862
INC0015398,3,9,1,0.18350394
INC0015398,4,9,1,0.19543023
INC0015398,5,9,1,0.31912604
INC0015398,6,9,1,0.2905711
INC0015398,7,9,1,0.30760065
INC0015398,8,9,1,0.37078962
INC0015412,1,2,0,0.5529797
INC0015412,2,2,0,0.5120312
INC0015449,1,1,0,0.3763447
INC0015468,1,6,1,0.8936184
INC0015468,2,6,1,0.47312406
INC0015468,3,6,1,0.92763335
INC0015468,4,6,1,0.9988035
INC0015468,5,6,1,0.99879706
INC0015468,6,6,1,0.999617
INC0015500,1,1,0,0.4893323
INC0015527,1,5,0,0.32674232
INC0015527,2,5,0,0.27268848
INC0015527,3,5,0,0.30472147
INC0015527,4,5,0,0.305672
INC0015527,5,5,0,0.40676716
INC0015537,1,6,1,0.32606727
INC0015537,2,6,1,0.32319587
INC0015537,3,6,1,0.9922977
INC0015537,4,6,1,0.9965083
INC0015537,5,6,1,0.9965114
INC0015537,6,6,1,0.9968047
INC0015549,1,3,0,0.35251838
INC0015549,2,3,0,0.34044522
INC0015549,3,3,0,0.42160943
INC0015554,1,3,0,0.2486639
INC0015554,2,3,0,0.21687682
INC0015554,3,3,0,0.22253364
INC0015560,1,1,0,0.054038182
INC0015562,1,2,0,0.30210346
INC0015562,2,2,0,0.47249946
INC0015564,1,6,0,0.44135395
INC0015564,2,6,0,0.41605222
INC0015564,3,6,0,0.4458523
INC0015564,4,6,0,0.3745987
INC0015564,5,6,0,0.3748999
INC0015564,6,6,0,0.49798837
INC0015567,1,5,1,0.5775404
INC0015567,2,5,1,0.5761432
INC0015567,3,5,1,0.36313736
INC0015567,4,5,1,0.3158081
INC0015567,5,5,1,0.9952636
INC0015571,1,7,0,0.88234574
INC0015571,2,7,0,0.45342118
INC0015571,3,7,0,0.41886678
INC0015571,4,7,0,0.4028218
INC0015571,5,7,0,0.43761516
INC0015571,6,7,0,0.44615966
INC0015571,7,7,0,0.4389329
INC0015591,1,1,0,0.0532873
INC0015596,1,4,1,0.288476
INC0015596,2,4,1,0.48069498
INC0015596,3,4,1,0.546295
INC0015596,4,4,1,0.6308065
INC0015599,1,5,0,0.34483594
INC0015599,2,5,0,0.32250348
INC0015599,3,5,0,0.2980348
INC0015599,4,5,0,0.330328
INC0015599,5,5,0,0.42533383
INC0015633,1,2,0,0.35397106
INC0015633,2,2,0,0.36512658
INC0015646,1,4,1,0.36098847
INC0015646,2,4,1,0.499305
INC0015646,3,4,1,0.998615
INC0015646,4,4,1,0.9980812
INC0015649,1,3,0,0.08127953
INC0015649,2,3,0,0.18323262
INC0015649,3,3,0,0.1926962
INC0015654,1,5,1,0.85852957
INC0015654,2,5,1,0.9992818
INC0015654,3,5,1,0.9986388
INC0015654,4,5,1,0.99784625
INC0015654,5,5,1,0.9978461
INC0015656,1,6,0,0.2674501
INC0015656,2,6,0,0.26478758
INC0015656,3,6,0,0.2700855
INC0015656,4,6,0,0.30073702
INC0015656,5,6,0,0.23065116
INC0015656,6,6,0,0.2319317
INC0015703,1,2,0,0.06698297
INC0015703,2,2,0,0.075913034
INC0015715,1,1,0,0.018601775
INC0015730,1,5,1,0.0920173
INC0015730,2,5,1,0.09427533
INC0015730,3,5,1,0.5812294
INC0015730,4,5,1,0.94212365
INC0015730,5,5,1,0.9294028
INC0015737,1,4,1,0.28806412
INC0015737,2,4,1,0.29832453
INC0015737,3,4,1,0.9969047
INC0015737,4,4,1,0.9960961
INC0015741,1,10,0,0.16046917
INC0015741,2,10,0,0.09246208
INC0015741,3,10,0,0.12674937
INC0015741,4,10,0,0.17970242
INC0015741,5,10,0,0.1646981
INC0015741,6,10,0,0.25423095
INC0015741,7,10,0,0.255497
INC0015741,8,10,0,0.2673882
INC0015743,1,18,1,0.3450535
INC0015743,2,18,1,0.34605116
INC0015743,3,18,1,0.31699544
INC0015743,4,18,1,0.23722972
INC0015743,5,18,1,0.3318179
INC0015743,6,18,1,0.44543138
INC0015743,7,18,1,0.42075273
INC0015743,8,18,1,0.48426494
INC0015748,1,20,1,0.22839041
INC0015748,2,20,1,0.2221834
INC0015748,3,20,1,0.22928524
INC0015748,4,20,1,0.2255453
INC0015748,5,20,1,0.30860224
INC0015748,6,20,1,0.30234137
INC0015748,7,20,1,0.1543558
INC0015748,8,20,1,0.15434462
INC0015760,1,1,0,0.07869381
INC0015771,1,2,0,0.095164634
INC0015771,2,2,0,0.16039807
INC0015777,1,7,0,0.14031085
INC0015777,2,7,0,0.10818722
INC0015777,3,7,0,0.24492475
INC0015777,4,7,0,0.45230374
INC0015777,5,7,0,0.5397954
INC0015777,6,7,0,0.56846875
INC0015777,7,7,0,0.5731319
INC0015796,1,9,0,0.26274332
INC0015796,2,9,0,0.23856948
INC0015796,3,9,0,0.23043646
INC0015796,4,9,0,0.2775718
INC0015796,5,9,0,0.32617417
INC0015796,6,9,0,0.30863923
INC0015796,7,9,0,0.31399933
INC0015796,8,9,0,0.32575423
INC0015800,1,3,0,0.3920424
INC0015800,2,3,0,0.28923938
INC0015800,3,3,0,0.3707735
INC0015816,1,2,0,0.011895367
INC0015816,2,2,0,0.028083274
INC0015827,1,1,0,0.08407283
INC0015838,1,1,0,0.022446593
INC0015865,1,5,0,0.18877701
INC0015865,2,5,0,0.6577109
INC0015865,3,5,0,0.6913651
INC0015865,4,5,0,0.4355274
INC0015865,5,5,0,0.4299654
INC0015868,1,4,0,0.1721926
INC0015868,2,4,0,0.3202016
INC0015868,3,4,0,0.40467802
INC0015868,4,4,0,0.49905825
INC0015870,1,2,0,0.06258105
INC0015870,2,2,0,0.1769337
INC0015873,1,1,0,0.012844525
INC0015898,1,5,0,0.56398743
INC0015898,2,5,0,0.5666525
INC0015898,3,5,0,0.3975114
INC0015898,4,5,0,0.38916707
INC0015898,5,5,0,0.59831095
INC0015899,1,1,0,0.055212643
INC0015917,1,9,1,0.3664858
INC0015917,2,9,1,0.3369711
INC0015917,3,9,1,0.35403186
INC0015917,4,9,1,0.51206577
INC0015917,5,9,1,0.4949622
INC0015917,6,9,1,0.48158225
INC0015917,7,9,1,0.54784465
INC0015917,8,9,1,0.5478234
INC0015925,1,6,0,0.5593782
INC0015925,2,6,0,0.49594757
INC0015925,3,6,0,0.49561957
INC0015925,4,6,0,0.63317645
INC0015925,5,6,0,0.5825292
INC0015925,6,6,0,0.7737559
INC0015936,1,3,0,0.38515082
INC0015936,2,3,0,0.37249452
INC0015936,3,3,0,0.4106202
INC0015940,1,1,0,0.46515486
INC0015943,1,3,0,0.27347088
INC0015943,2,3,0,0.27168584
INC0015943,3,3,0,0.26541767
INC0015945,1,5,1,0.89724404
INC0015945,2,5,1,0.9992793
INC0015945,3,5,1,0.9983347
INC0015945,4,5,1,0.99879885
INC0015945,5,5,1,0.99881124
INC0015962,1,3,0,0.33250156
INC0015962,2,3,0,0.50149024
INC0015962,3,3,0,0.52245694
INC0015996,1,4,1,0.5017815
INC0015996,2,4,1,0.6077643
INC0015996,3,4,1,0.98357475
INC0015996,4,4,1,0.98039174
INC0016023,1,1,1,0.5630955
INC0016031,1,3,1,0.13765809
INC0016031,2,3,1,0.666072
INC0016031,3,3,1,0.9914273
INC0016040,1,6,1,0.49429482
INC0016040,2,6,1,0.46663994
INC0016040,3,6,1,0.4587432
INC0016040,4,6,1,0.54790103
INC0016040,5,6,1,0.63824815
INC0016040,6,6,1,0.99812156
INC0016044,1,2,1,0.4172916
INC0016044,2,2,1,0.44832632
INC0016073,1,3,0,0.26071984
INC0016073,2,3,0,0.23034064
INC0016073,3,3,0,0.28374925
INC0016074,1,8,1,0.36446962
INC0016074,2,8,1,0.37079644
INC0016074,3,8,1,0.5545789
INC0016074,4,8,1,0.57785773
INC0016074,5,8,1,0.5692633
INC0016074,6,8,1,0.6321861
INC0016074,7,8,1,0.66086304
INC0016074,8,8,1,0.9796434
INC0016114,1,3,1,0.6365522
INC0016114,2,3,1,0.9990114
INC0016114,3,3,1,0.99920124
INC0016235,1,3,1,0.88065076
INC0016235,2,3,1,0.863356
INC0016235,3,3,1,0.87643737
INC0016254,1,2,0,0.21604435
INC0016254,2,2,0,0.11203496
INC0016269,1,1,0,0.061636258
INC0016288,1,6,0,0.44372714
INC0016288,2,6,0,0.42811146
INC0016288,3,6,0,0.5028082
INC0016288,4,6,0,0.57748085
INC0016288,5,6,0,0.68949807
INC0016288,6,6,0,0.79108155
INC0016308,1,12,0,0.23473552
INC0016308,2,12,0,0.17011657
INC0016308,3,12,0,0.17492637
INC0016308,4,12,0,0.17640854
INC0016308,5,12,0,0.17157888
INC0016308,6,12,0,0.15007508
INC0016308,7,12,0,0.14662561
INC0016308,8,12,0,0.19287395
INC0016324,1,1,0,0.09317695
INC0016334,1,3,0,0.11687439
INC0016334,2,3,0,0.18971765
INC0016334,3,3,0,0.11680846
INC0016340,1,4,0,0.18821137
INC0016340,2,4,0,0.18880795
INC0016340,3,4,0,0.17403089
INC0016340,4,4,0,0.18171391
INC0016356,1,3,0,0.25018838
INC0016356,2,3,0,0.2313015
INC0016356,3,3,0,0.6404988
INC0016358,1,5,1,0.24718353
INC0016358,2,5,1,0.20588253
INC0016358,3,5,1,0.2808611
INC0016358,4,5,1,0.31912053
INC0016358,5,5,1,0.8441617
INC0016385,1,7,0,0.20726332
INC0016385,2,7,0,0.27500638
INC0016385,3,7,0,0.28623682
INC0016385,4,7,0,0.31437218
INC0016385,5,7,0,0.31655458
INC0016385,6,7,0,0.36017272
INC0016385,7,7,0,0.3573719
INC0016397,1,1,0,0.09848471
INC0016412,1,2,0,0.16707802
INC0016412,2,2,0,0.25913027
INC0016443,1,3,1,0.40699562
INC0016443,2,3,1,0.4469423
INC0016443,3,3,1,0.8316151
INC0016451,1,7,1,0.24517919
INC0016451,2,7,1,0.21388917
INC0016451,3,7,1,0.52381146
INC0016451,4,7,1,0.83379096
INC0016451,5,7,1,0.9015059
INC0016451,6,7,1,0.86464363
INC0016451,7,7,1,0.8330156
INC0016487,1,4,0,0.32587078
INC0016487,2,4,0,0.39335454
INC0016487,3,4,0,0.11715336
INC0016487,4,4,0,0.13674355
INC0016489,1,11,1,0.8580247
INC0016489,2,11,1,0.8067163
INC0016489,3,11,1,0.99874336
INC0016489,4,11,1,0.9989034
INC0016489,5,11,1,0.9966918
INC0016489,6,11,1,0.99704486
INC0016489,7,11,1,0.9961732
INC0016489,8,11,1,0.99630713
INC0016500,1,2,0,0.11905126
INC0016500,2,2,0,0.24535382
INC0016506,1,1,0,0.33752534
INC0016515,1,2,0,0.42742407
INC0016515,2,2,0,0.41658023
INC0016520,1,2,0,0.012529265
INC0016520,2,2,0,0.031163989
INC0016524,1,3,0,0.21816686
INC0016524,2,3,0,0.2690564
INC0016524,3,3,0,0.27941036
INC0016527,1,1,0,0.031946696
INC0016536,1,1,0,0.35128686
INC0016537,1,3,1,0.22038724
INC0016537,2,3,1,0.9102324
INC0016537,3,3,1,0.9268378
INC0016556,1,2,1,0.8276716
INC0016556,2,2,1,0.737232
INC0016575,1,1,0,0.048685417
INC0016611,1,1,0,0.1078934
INC0016623,1,3,0,0.4029768
INC0016623,2,3,0,0.36337483
INC0016623,3,3,0,0.3310582
INC0016624,1,4,1,0.840459
INC0016624,2,4,1,0.88363445
INC0016624,3,4,1,0.9064594
INC0016624,4,4,1,0.893832
INC0016629,1,3,0,0.14696035
INC0016629,2,3,0,0.35558382
INC0016629,3,3,0,0.53186166
INC0016639,1,3,0,0.31847084
INC0016639,2,3,0,0.2976664
INC0016639,3,3,0,0.22823313
INC0016644,1,4,1,0.7258767
INC0016644,2,4,1,0.56704926
INC0016644,3,4,1,0.9804669
INC0016644,4,4,1,0.97535956
INC0016647,1,2,1,0.51777464
INC0016647,2,2,1,0.66184205
INC0016658,1,6,0,0.23973115
INC0016658,2,6,0,0.23939529
INC0016658,3,6,0,0.22497402
INC0016658,4,6,0,0.23014486
INC0016658,5,6,0,0.42123064
INC0016658,6,6,0,0.5062888
INC0016683,1,5,0,0.26802713
INC0016683,2,5,0,0.25342184
INC0016683,3,5,0,0.27984273
INC0016683,4,5,0,0.3635306
INC0016683,5,5,0,0.36765403
INC0016714,1,2,0,0.3420341
INC0016714,2,2,0,0.2803768
INC0016721,1,2,0,0.60931057
INC0016721,2,2,0,0.33640894
INC0016735,1,8,1,0.11107304
INC0016735,2,8,1,0.26244238
INC0016735,3,8,1,0.29886705
INC0016735,4,8,1,0.34651428
INC0016735,5,8,1,0.52930105
INC0016735,6,8,1,0.60374343
INC0016735,7,8,1,0.58362466
INC0016735,8,8,1,0.82360363
INC0016776,1,7,1,0.23186417
INC0016776,2,7,1,0.19591245
INC0016776,3,7,1,0.3001502
INC0016776,4,7,1,0.4810189
INC0016776,5,7,1,0.9962178
INC0016776,6,7,1,0.996555
INC0016776,7,7,1,0.9937528
INC0016781,1,6,1,0.22182423
INC0016781,2,6,1,0.25407836
INC0016781,3,6,1,0.2735495
INC0016781,4,6,1,0.29710633
INC0016781,5,6,1,0.38224885
INC0016781,6,6,1,0.9624915
INC0016789,1,2,0,0.037364114
INC0016789,2,2,0,0.08105531
INC0016792,1,2,0,0.09846236
INC0016792,2,2,0,0.1990122
INC0016794,1,4,0,0.2223537
INC0016794,2,4,0,0.21016742
INC0016794,3,4,0,0.23296797
INC0016794,4,4,0,0.30854803
INC0016795,1,1,0,0.06555572
INC0016804,1,3,0,0.40389574
INC0016804,2,3,0,0.4135493
INC0016804,3,3,0,0.46632445
INC0016817,1,4,1,0.23169275
INC0016817,2,4,1,0.2049007
INC0016817,3,4,1,0.21443789
INC0016817,4,4,1,0.97328806
INC0016821,1,2,1,0.65149814
INC0016821,2,2,1,0.6897807
INC0016845,1,1,0,0.0099224495
INC0016872,1,2,0,0.24622205
INC0016872,2,2,0,0.22661977
INC0016876,1,11,1,0.041188926
INC0016876,2,11,1,0.1937998
INC0016876,3,11,1,0.21682785
INC0016876,4,11,1,0.28647286
INC0016876,5,11,1,0.3638429
INC0016876,6,11,1,0.35998562
INC0016876,7,11,1,0.36780286
INC0016876,8,11,1,0.4443903
INC0016886,1,1,0,0.090165175
INC0016892,1,1,0,0.038836524
INC0016910,1,2,0,0.008161014
INC0016910,2,2,0,0.042543184
INC0016917,1,1,0,0.008284908
INC0016923,1,1,0,0.010390981
INC0016941,1,10,0,0.21627897
INC0016941,2,10,0,0.18316257
INC0016941,3,10,0,0.2062158
INC0016941,4,10,0,0.205217
INC0016941,5,10,0,0.27907208
INC0016941,6,10,0,0.24691264
INC0016941,7,10,0,0.24472417
INC0016941,8,10,0,0.320183
INC0016957,1,3,0,0.2833592
INC0016957,2,3,0,0.28784323
INC0016957,3,3,0,0.28339374
INC0016970,1,5,1,0.30933654
INC0016970,2,5,1,0.46273366
INC0016970,3,5,1,0.41485783
INC0016970,4,5,1,0.9970559
INC0016970,5,5,1,0.99734616
INC0017024,1,1,0,0.040294513
INC0017032,1,2,0,0.2573074
INC0017032,2,2,0,0.21698038
INC0017033,1,2,0,0.10470927
INC0017033,2,2,0,0.1681421
INC0017037,1,1,0,0.060420964
INC0017060,1,1,0,0.10041083
INC0017099,1,2,0,0.41082904
INC0017099,2,2,0,0.23251584
INC0017146,1,6,1,0.27466363
INC0017146,2,6,1,0.32385004
INC0017146,3,6,1,0.9447883
INC0017146,4,6,1,0.9743939
INC0017146,5,6,1,0.97642994
INC0017146,6,6,1,0.98162377
INC0017166,1,4,0,0.25479922
INC0017166,2,4,0,0.2743376
INC0017166,3,4,0,0.2676184
INC0017166,4,4,0,0.40360963
INC0017169,1,3,0,0.3319677
INC0017169,2,3,0,0.3263369
INC0017169,3,3,0,0.34358254
INC0017171,1,5,0,0.20193633
INC0017171,2,5,0,0.37911433
INC0017171,3,5,0,0.43403578
INC0017171,4,5,0,0.43944392
INC0017171,5,5,0,0.44654763
INC0017206,1,5,0,0.10631072
INC0017206,2,5,0,0.438161
INC0017206,3,5,0,0.3893211
INC0017206,4,5,0,0.343071
INC0017206,5,5,0,0.3489859
INC0017233,1,1,0,0.008821835
INC0017260,1,1,0,0.08459079
INC0017261,1,8,1,0.25649127
INC0017261,2,8,1,0.24786648
INC0017261,3,8,1,0.37164786
INC0017261,4,8,1,0.3578261
INC0017261,5,8,1,0.43903527
INC0017261,6,8,1,0.2967007
INC0017261,7,8,1,0.6998954
INC0017261,8,8,1,0.72585744
INC0017304,1,1,0,0.020226737
INC0017319,1,3,0,0.2546956
INC0017319,2,3,0,0.26162884
INC0017319,3,3,0,0.24481113
INC0017330,1,4,0,0.036222097
INC0017330,2,4,0,0.10705788
INC0017330,3,4,0,0.13010369
INC0017330,4,4,0,0.124210514
INC0017345,1,1,0,0.019180438
INC0017361,1,4,1,0.19939397
INC0017361,2,4,1,0.22099438
INC0017361,3,4,1,0.2317775
INC0017361,4,4,1,0.99422646
INC0017368,1,4,0,0.27907348
INC0017368,2,4,0,0.2502615
INC0017368,3,4,0,0.50930977
INC0017368,4,4,0,0.517171
INC0017370,1,4,0,0.049302515
INC0017370,2,4,0,0.07072376
INC0017370,3,4,0,0.06830058
INC0017370,4,4,0,0.06583549
INC0017373,1,5,0,0.36686748
INC0017373,2,5,0,0.4216415
INC0017373,3,5,0,0.4192718
INC0017373,4,5,0,0.48944798
INC0017373,5,5,0,0.46633378
INC0017375,1,4,0,0.24954182
INC0017375,2,4,0,0.26915625
INC0017375,3,4,0,0.28176332
INC0017375,4,4,0,0.41946983
INC0017386,1,2,0,0.16119611
INC0017386,2,2,0,0.09979155
INC0017391,1,1,0,0.06849322
INC0017397,1,1,0,0.07488013
INC0017416,1,1,0,0.043348424
INC0017430,1,3,0,0.19852494
INC0017430,2,3,0,0.18780111
INC0017430,3,3,0,0.18615243
INC0017437,1,2,0,0.08258506
INC0017437,2,2,0,0.13555817
INC0017450,1,3,0,0.03177723
INC0017450,2,3,0,0.21666194
INC0017450,3,3,0,0.20877925
INC0017473,1,4,1,0.3183361
INC0017473,2,4,1,0.29716986
INC0017473,3,4,1,0.36766708
INC0017473,4,4,1,0.9532391
INC0017484,1,4,0,0.33970055
INC0017484,2,4,0,0.3599171
INC0017484,3,4,0,0.3542815
INC0017484,4,4,0,0.31184176
INC0017526,1,1,0,0.015189905
INC0017531,1,1,0,0.05885623
INC0017584,1,1,0,0.100821264
INC0017657,1,16,1,0.22978902
INC0017657,2,16,1,0.41030642
INC0017657,3,16,1,0.40315807
INC0017657,4,16,1,0.43742847
INC0017657,5,16,1,0.3987258
INC0017657,6,16,1,0.37723556
INC0017657,7,16,1,0.2606815
INC0017657,8,16,1,0.47477782
INC0017662,1,2,0,0.32581672
INC0017662,2,2,0,0.21848734
INC0017679,1,3,0,0.35632053
INC0017679,2,3,0,0.34111974
INC0017679,3,3,0,0.35544932
INC0017681,1,3,0,0.4970908
INC0017681,2,3,0,0.4185191
INC0017681,3,3,0,0.39510548
INC0017682,1,10,0,0.5031248
INC0017682,2,10,0,0.41283697
INC0017682,3,10,0,0.40819532
INC0017682,4,10,0,0.49779758
INC0017682,5,10,0,0.5434776
INC0017682,6,10,0,0.53899497
INC0017682,7,10,0,0.64486927
INC0017682,8,10,0,0.6747873
INC0017686,1,1,0,0.076242425
INC0017710,1,2,0,0.58103687
INC0017710,2,2,0,0.42218855
INC0017712,1,10,1,0.31521764
INC0017712,2,10,1,0.6473029
INC0017712,3,10,1,0.68110245
INC0017712,4,10,1,0.67440027
INC0017712,5,10,1,0.6796919
INC0017712,6,10,1,0.89861494
INC0017712,7,10,1,0.89594984
INC0017712,8,10,1,0.9185046
INC0017724,1,4,0,0.31505144
INC0017724,2,4,0,0.29062647
INC0017724,3,4,0,0.29215994
INC0017724,4,4,0,0.30542898
INC0017734,1,3,1,0.7814094
INC0017734,2,3,1,0.8226188
INC0017734,3,3,1,0.8252236
INC0017736,1,3,1,0.3449564
INC0017736,2,3,1,0.35152012
INC0017736,3,3,1,0.99497306
INC0017738,1,1,0,0.11221315
INC0017750,1,6,0,0.074729875
INC0017750,2,6,0,0.18901898
INC0017750,3,6,0,0.26042402
INC0017750,4,6,0,0.24598125
INC0017750,5,6,0,0.2231992
INC0017750,6,6,0,0.18064688
INC0017757,1,1,0,0.034295984
INC0017759,1,1,0,0.11090168
INC0017770,1,2,0,0.49796712
INC0017770,2,2,0,0.4600652
INC0017774,1,2,1,0.35842222
INC0017774,2,2,1,0.32636628
INC0017781,1,3,0,0.4839583
INC0017781,2,3,0,0.41496673
INC0017781,3,3,0,0.39701888
INC0017789,1,1,0,0.120723225
INC0017792,1,2,0,0.5024782
INC0017792,2,2,0,0.113939635
INC0017801,1,11,0,0.29550958
INC0017801,2,11,0,0.20086533
INC0017801,3,11,0,0.27339906
INC0017801,4,11,0,0.25574267
INC0017801,5,11,0,0.36172232
INC0017801,6,11,0,0.22806315
INC0017801,7,11,0,0.25848523
INC0017801,8,11,0,0.35343477
INC0017814,1,3,1,0.37295532
INC0017814,2,3,1,0.2536625
INC0017814,3,3,1,0.74829173
INC0017840,1,1,1,0.48135957
INC0017850,1,3,0,0.47240028
INC0017850,2,3,0,0.4177542
INC0017850,3,3,0,0.41003892
INC0017861,1,2,0,0.0989282
INC0017861,2,2,0,0.28419048
INC0017874,1,1,0,0.061535068
INC0017899,1,1,0,0.43557337
INC0017903,1,6,0,0.21714723
INC0017903,2,6,0,0.11714158
INC0017903,3,6,0,0.10802502
INC0017903,4,6,0,0.10802502
INC0017903,5,6,0,0.11143264
INC0017903,6,6,0,0.11719903
INC0017916,1,3,0,0.16745928
INC0017916,2,3,0,0.17740197
INC0017916,3,3,0,0.14804728
INC0017921,1,2,1,0.8659647
INC0017921,2,2,1,0.91114086
INC0017942,1,5,0,0.27507424
INC0017942,2,5,0,0.25898343
INC0017942,3,5,0,0.37655738
INC0017942,4,5,0,0.3448491
INC0017942,5,5,0,0.42183793
INC0017946,1,3,0,0.20719562
INC0017946,2,3,0,0.23394169
INC0017946,3,3,0,0.17032577
INC0017959,1,5,0,0.457401
INC0017959,2,5,0,0.46451914
INC0017959,3,5,0,0.46727568
INC0017959,4,5,0,0.43363363
INC0017959,5,5,0,0.4757409
INC0017969,1,9,1,0.29065967
INC0017969,2,9,1,0.5336926
INC0017969,3,9,1,0.36040363
INC0017969,4,9,1,0.4058595
INC0017969,5,9,1,0.3720512
INC0017969,6,9,1,0.36502978
INC0017969,7,9,1,0.4301121
INC0017969,8,9,1,0.33302107
INC0017977,1,6,0,0.39572284
INC0017977,2,6,0,0.44409162
INC0017977,3,6,0,0.36521465
INC0017977,4,6,0,0.4648784
INC0017977,5,6,0,0.56843245
INC0017977,6,6,0,0.5348266
INC0017992,1,3,0,0.021574132
INC0017992,2,3,0,0.15953451
INC0017992,3,3,0,0.1593821
INC0017996,1,1,0,0.1400212
INC0018008,1,2,0,0.0413109
INC0018008,2,2,0,0.0938705
INC0018109,1,13,1,0.32263586
INC0018109,2,13,1,0.3323313
INC0018109,3,13,1,0.2348628
INC0018109,4,13,1,0.4028776
INC0018109,5,13,1,0.38702843
INC0018109,6,13,1,0.41256475
INC0018109,7,13,1,0.4531969
INC0018109,8,13,1,0.5545859
INC0018110,1,1,0,0.06207284
INC0018120,1,14,1,0.3009019
INC0018120,2,14,1,0.28120625
INC0018120,3,14,1,0.8460178
INC0018120,4,14,1,0.84138167
INC0018120,5,14,1,0.8427545
INC0018120,6,14,1,0.8442713
INC0018120,7,14,1,0.8486492
INC0018120,8,14,1,0.8457281
INC0018130,1,1,0,0.051664155
INC0018148,1,3,0,0.3492853
INC0018148,2,3,0,0.390228
INC0018148,3,3,0,0.32482663
INC0018153,1,1,0,0.3628345
INC0018166,1,3,0,0.11258816
INC0018166,2,3,0,0.37132594
INC0018166,3,3,0,0.3802322
INC0018173,1,1,0,0.058363803
INC0018174,1,23,1,0.22904569
INC0018174,2,23,1,0.6205109
INC0018174,3,23,1,0.996523
INC0018174,4,23,1,0.9963367
INC0018174,5,23,1,0.99623305
INC0018174,6,23,1,0.99616677
INC0018174,7,23,1,0.99720603
INC0018174,8,23,1,0.99650383
INC0018182,1,3,0,0.31108674
INC0018182,2,3,0,0.32826775
INC0018182,3,3,0,0.3330723
INC0018186,1,2,0,0.11738048
INC0018186,2,2,0,0.13866234
INC0018214,1,1,0,0.043595348
INC0018241,1,5,1,0.11042058
INC0018241,2,5,1,0.19694524
INC0018241,3,5,1,0.49346542
INC0018241,4,5,1,0.99681646
INC0018241,5,5,1,0.99695
INC0018261,1,2,0,0.2787873
INC0018261,2,2,0,0.29738843
INC0018312,1,1,0,0.032207094
INC0018314,1,8,0,0.2619322
INC0018314,2,8,0,0.27710935
INC0018314,3,8,0,0.30227628
INC0018314,4,8,0,0.29077077
INC0018314,5,8,0,0.29230595
INC0018314,6,8,0,0.29205507
INC0018314,7,8,0,0.31298563
INC0018314,8,8,0,0.5430635
INC0018331,1,1,0,0.05356208
INC0018344,1,1,0,0.032736264
INC0018355,1,1,0,0.097123384
INC0018364,1,2,0,0.29676652
INC0018364,2,2,0,0.23756467
INC0018373,1,3,0,0.24362972
INC0018373,2,3,0,0.19558789
INC0018373,3,3,0,0.19492485
INC0018429,1,1,0,0.10484833
INC0018443,1,3,0,0.2529451
INC0018443,2,3,0,0.2123903
INC0018443,3,3,0,0.341299
INC0018447,1,4,1,0.846359
INC0018447,2,4,1,0.8582707
INC0018447,3,4,1,0.8613452
INC0018447,4,4,1,0.43702513
INC0018457,1,2,0,0.07097986
INC0018457,2,2,0,0.07549003
INC0018475,1,1,0,0.03103857
INC0018477,1,2,0,0.103407875
INC0018477,2,2,0,0.10520458
INC0018484,1,1,0,0.03470296
INC0018489,1,1,0,0.092201725
INC0018515,1,1,0,0.109418
INC0018517,1,2,0,0.2656465
INC0018517,2,2,0,0.34893727
INC0018522,1,3,1,0.3985721
INC0018522,2,3,1,0.49171704
INC0018522,3,3,1,0.9968784
INC0018548,1,3,1,0.30972293
INC0018548,2,3,1,0.24805999
INC0018548,3,3,1,0.9795821
INC0018567,1,2,0,0.17971675
INC0018567,2,2,0,0.19328341
INC0018571,1,2,0,0.030376172
INC0018571,2,2,0,0.023943763
INC0018597,1,1,0,0.03410531
INC0018603,1,11,1,0.38678026
INC0018603,2,11,1,0.3718383
INC0018603,3,11,1,0.3468354
INC0018603,4,11,1,0.3982135
INC0018603,5,11,1,0.4410503
INC0018603,6,11,1,0.49783066
INC0018603,7,11,1,0.98643965
INC0018603,8,11,1,0.9898878
INC0018610,1,4,1,0.27229962
INC0018610,2,4,1,0.2977148
INC0018610,3,4,1,0.27079627
INC0018610,4,4,1,0.34494993
INC0018630,1,1,0,0.031025914
INC0018633,1,4,0,0.42652243
INC0018633,2,4,0,0.3918059
INC0018633,3,4,0,0.40309528
INC0018633,4,4,0,0.43207708
INC0018645,1,9,0,0.38203582
INC0018645,2,9,0,0.41027668
INC0018645,3,9,0,0.52417076
INC0018645,4,9,0,0.5092682
INC0018645,5,9,0,0.40918577
INC0018645,6,9,0,0.48164982
INC0018645,7,9,0,0.45786574
INC0018645,8,9,0,0.46509954
INC0018650,1,1,0,0.56975365
INC0018666,1,1,0,0.090049066
INC0018668,1,5,0,0.26054198
INC0018668,2,5,0,0.26797342
INC0018668,3,5,0,0.26520297
INC0018668,4,5,0,0.30650282
INC0018668,5,5,0,0.29945436
INC0018676,1,6,0,0.326837
INC0018676,2,6,0,0.3025694
INC0018676,3,6,0,0.29503122
INC0018676,4,6,0,0.27194005
INC0018676,5,6,0,0.2769786
INC0018676,6,6,0,0.3464209
INC0018690,1,1,0,0.091669776
INC0018692,1,6,0,0.39206475
INC0018692,2,6,0,0.45295897
INC0018692,3,6,0,0.56162655
INC0018692,4,6,0,0.58505607
INC0018692,5,6,0,0.5726936
INC0018692,6,6,0,0.5244889
INC0018704,1,3,1,0.4336688
INC0018704,2,3,1,0.9966053
INC0018704,3,3,1,0.99622834
INC0018748,1,21,1,0.23504975
INC0018748,2,21,1,0.21712331
INC0018748,3,21,1,0.20998125
INC0018748,4,21,1,0.28044182
INC0018748,5,21,1,0.22466584
INC0018748,6,21,1,0.29532856
INC0018748,7,21,1,0.3264907
INC0018748,8,21,1,0.99502736
INC0018795,1,1,0,0.12877527
INC0018803,1,2,0,0.36901063
INC0018803,2,2,0,0.3416827
INC0018830,1,4,0,0.39236808
INC0018830,2,4,0,0.3463924
INC0018830,3,4,0,0.3382763
INC0018830,4,4,0,0.3338406
INC0018859,1,6,0,0.09785467
INC0018859,2,6,0,0.080176495
INC0018859,3,6,0,0.10327319
INC0018859,4,6,0,0.13026847
INC0018859,5,6,0,0.054597147
INC0018859,6,6,0,0.04949932
INC0018884,1,1,0,0.06620147
INC0018890,1,1,0,0.11331544
INC0018899,1,4,0,0.030305848
INC0018899,2,4,0,0.08884493
INC0018899,3,4,0,0.11251808
INC0018899,4,4,0,0.087735526
INC0018939,1,8,1,0.21200345
INC0018939,2,8,1,0.18962237
INC0018939,3,8,1,0.22481441
INC0018939,4,8,1,0.26141712
INC0018939,5,8,1,0.38871133
INC0018939,6,8,1,0.48473686
INC0018939,7,8,1,0.9313591
INC0018939,8,8,1,0.9267295
INC0018976,1,4,0,0.21268056
INC0018976,2,4,0,0.23656176
INC0018976,3,4,0,0.2171458
INC0018976,4,4,0,0.22326957
INC0018987,1,2,0,0.025280548
INC0018987,2,2,0,0.058990356
INC0018988,1,3,0,0.09089553
INC0018988,2,3,0,0.23658544
INC0018988,3,3,0,0.3092465
INC0018996,1,1,0,0.024915503
INC0018997,1,5,0,0.32428646
INC0018997,2,5,0,0.32604107
INC0018997,3,5,0,0.2807843
INC0018997,4,5,0,0.20185454
INC0018997,5,5,0,0.19255702
INC0019009,1,8,1,0.19791119
INC0019009,2,8,1,0.225592
INC0019009,3,8,1,0.41656467
INC0019009,4,8,1,0.28952974
INC0019009,5,8,1,0.3246658
INC0019009,6,8,1,0.39601475
INC0019009,7,8,1,0.89574414
INC0019009,8,8,1,0.89341754
INC0019020,1,10,0,0.062337503
INC0019020,2,10,0,0.053849004
INC0019020,3,10,0,0.0514297
INC0019020,4,10,0,0.045661334
INC0019020,5,10,0,0.04455891
INC0019020,6,10,0,0.07092464
INC0019020,7,10,0,0.07204228
INC0019020,8,10,0,0.07348357
INC0019035,1,10,1,0.9465255
INC0019035,2,10,1,0.98491883
INC0019035,3,10,1,0.9919612
INC0019035,4,10,1,0.99069464
INC0019035,5,10,1,0.98967826
INC0019035,6,10,1,0.9923975
INC0019035,7,10,1,0.99102145
INC0019035,8,10,1,0.98960763
INC0019069,1,5,1,0.47279036
INC0019069,2,5,1,0.4878937
INC0019069,3,5,1,0.5371329
INC0019069,4,5,1,0.58332837
INC0019069,5,5,1,0.9752975
INC0019084,1,2,1,0.49603918
INC0019084,2,2,1,0.5252399
INC0019092,1,7,0,0.26160368
INC0019092,2,7,0,0.25762838
INC0019092,3,7,0,0.2960027
INC0019092,4,7,0,0.29602057
INC0019092,5,7,0,0.35667142
INC0019092,6,7,0,0.40252388
INC0019092,7,7,0,0.42606267
INC0019097,1,4,0,0.25684956
INC0019097,2,4,0,0.25957772
INC0019097,3,4,0,0.25218788
INC0019097,4,4,0,0.2559477
INC0019150,1,2,0,0.03822215
INC0019150,2,2,0,0.09186147
INC0019162,1,1,0,0.07119302
INC0019163,1,2,0,0.10122279
INC0019163,2,2,0,0.100408986
INC0019185,1,1,0,0.10137806
INC0019190,1,1,0,0.05466451
INC0019208,1,1,0,0.11406142
INC0019225,1,6,0,0.36506346
INC0019225,2,6,0,0.4599333
INC0019225,3,6,0,0.33361048
INC0019225,4,6,0,0.3792648
INC0019225,5,6,0,0.38149178
INC0019225,6,6,0,0.3856205
INC0019232,1,5,0,0.2831633
INC0019232,2,5,0,0.2651113
INC0019232,3,5,0,0.34073383
INC0019232,4,5,0,0.25804344
INC0019232,5,5,0,0.273393
INC0019237,1,2,0,0.36711898
INC0019237,2,2,0,0.3107383
INC0019263,1,9,1,0.4855096
INC0019263,2,9,1,0.9501179
INC0019263,3,9,1,0.96610636
INC0019263,4,9,1,0.9646498
INC0019263,5,9,1,0.9542394
INC0019263,6,9,1,0.9722248
INC0019263,7,9,1,0.985031
INC0019263,8,9,1,0.98520285
INC0019267,1,2,0,0.1293281
INC0019267,2,2,0,0.24941412
INC0019277,1,4,0,0.34005678
INC0019277,2,4,0,0.29881838
INC0019277,3,4,0,0.30236855
INC0019277,4,4,0,0.6012622
INC0019282,1,1,0,0.115978464
INC0019290,1,5,1,0.24555999
INC0019290,2,5,1,0.28193563
INC0019290,3,5,1,0.4145227
INC0019290,4,5,1,0.41219845
INC0019290,5,5,1,0.99698
INC0019300,1,1,0,0.047795765
INC0019314,1,5,0,0.41098619
INC0019314,2,5,0,0.48631507
INC0019314,3,5,0,0.44602463
INC0019314,4,5,0,0.42358378
INC0019314,5,5,0,0.5620795
INC0019317,1,1,0,0.040126946
INC0019374,1,2,1,0.81213653
INC0019374,2,2,1,0.7810472
INC0019415,1,3,0,0.11064909
INC0019415,2,3,0,0.15843458
INC0019415,3,3,0,0.15479319
INC0019426,1,2,0,0.043584533
INC0019426,2,2,0,0.04935099
INC0019456,1,1,0,0.050604127
INC0019461,1,2,0,0.1660106
INC0019461,2,2,0,0.07217116
INC0019465,1,2,0,0.017883796
INC0019465,2,2,0,0.040749356
INC0019497,1,1,0,0.0077186762
INC0019500,1,1,0,0.03468937
INC0019507,1,1,0,0.121930614
INC0019528,1,11,0,0.15562354
INC0019528,2,11,0,0.06451402
INC0019528,3,11,0,0.21042529
INC0019528,4,11,0,0.45908055
INC0019528,5,11,0,0.56057113
INC0019528,6,11,0,0.22663532
INC0019528,7,11,0,0.19316763
INC0019528,8,11,0,0.33764344
INC0019556,1,2,0,0.33568278
INC0019556,2,2,0,0.29928696
INC0019558,1,6,0,0.23520824
INC0019558,2,6,0,0.19828907
INC0019558,3,6,0,0.43966046
INC0019558,4,6,0,0.45337483
INC0019558,5,6,0,0.57759625
INC0019558,6,6,0,0.59511846
INC0019584,1,2,0,0.008451175
INC0019584,2,2,0,0.019499654
INC0019586,1,3,0,0.24319266
INC0019586,2,3,0,0.21021459
INC0019586,3,3,0,0.108870015
INC0019604,1,3,0,0.20112146
INC0019604,2,3,0,0.2210511
INC0019604,3,3,0,0.37434965
INC0019688,1,1,0,0.039471988
INC0019703,1,3,0,0.16753565
INC0019703,2,3,0,0.12607515
INC0019703,3,3,0,0.14829332
INC0019707,1,2,0,0.21515818
INC0019707,2,2,0,0.17177896
INC0019726,1,2,0,0.040317275
INC0019726,2,2,0,0.10132912
INC0019778,1,1,0,0.04242522
INC0019825,1,4,1,0.78984344
INC0019825,2,4,1,0.76476043
INC0019825,3,4,1,0.7566648
INC0019825,4,4,1,0.9981865
INC0019849,1,6,0,0.2937085
INC0019849,2,6,0,0.27303472
INC0019849,3,6,0,0.36567333
INC0019849,4,6,0,0.3790311
INC0019849,5,6,0,0.44391403
INC0019849,6,6,0,0.37027016
INC0019870,1,1,0,0.07290609
INC0019876,1,1,0,0.04732118
INC0019909,1,4,0,0.68146783
INC0019909,2,4,0,0.6245126
INC0019909,3,4,0,0.6197565
INC0019909,4,4,0,0.723866
INC0019923,1,1,0,0.047666807
INC0019927,1,5,1,0.0856222
INC0019927,2,5,1,0.20397012
INC0019927,3,5,1,0.25618342
INC0019927,4,5,1,0.25914234
INC0019927,5,5,1,0.99570256
INC0019941,1,1,0,0.03764505
INC0019947,1,1,0,0.19509596
INC0019956,1,8,1,0.37468043
INC0019956,2,8,1,0.45254257
INC0019956,3,8,1,0.4799522
INC0019956,4,8,1,0.4734544
INC0019956,5,8,1,0.5106893
INC0019956,6,8,1,0.99693656
INC0019956,7,8,1,0.9960102
INC0019956,8,8,1,0.9951213
INC0019968,1,1,0,0.027493058
INC0019971,1,2,0,0.38305587
INC0019971,2,2,0,0.5348471
INC0019979,1,10,0,0.23742788
INC0019979,2,10,0,0.24696067
INC0019979,3,10,0,0.28825057
INC0019979,4,10,0,0.28234777
INC0019979,5,10,0,0.2697868
INC0019979,6,10,0,0.27992588
INC0019979,7,10,0,0.33660486
INC0019979,8,10,0,0.31783167
INC0020007,1,5,1,0.029903697
INC0020007,2,5,1,0.038454156
INC0020007,3,5,1,0.0358501
INC0020007,4,5,1,0.0684581
INC0020007,5,5,1,0.0633504
INC0020016,1,2,0,0.007363371
INC0020016,2,2,0,0.014977918
INC0020018,1,1,0,0.023980811
INC0020033,1,1,0,0.030479845
INC0020035,1,1,0,0.039301135
INC0020041,1,1,0,0.036845513
INC0020049,1,9,0,0.0936232
INC0020049,2,9,0,0.16063403
INC0020049,3,9,0,0.24636465
INC0020049,4,9,0,0.24688785
INC0020049,5,9,0,0.11717354
INC0020049,6,9,0,0.1265094
INC0020049,7,9,0,0.14553969
INC0020049,8,9,0,0.31440973
INC0020056,1,1,0,0.04147462
INC0020064,1,1,0,0.19670293
INC0020086,1,2,0,0.008785908
INC0020086,2,2,0,0.016763547
INC0020112,1,1,0,0.063572854
INC0020142,1,1,0,0.1137208
INC0020146,1,1,0,0.03266347
INC0020155,1,5,1,0.4315465
INC0020155,2,5,1,0.53246826
INC0020155,3,5,1,0.65081096
INC0020155,4,5,1,0.6834034
INC0020155,5,5,1,0.9983949
INC0020169,1,1,0,0.06350831
INC0020175,1,4,0,0.30442446
INC0020175,2,4,0,0.28829277
INC0020175,3,4,0,0.15477782
INC0020175,4,4,0,0.2035428
INC0020176,1,1,0,0.023300027
INC0020178,1,1,0,0.025539538
INC0020180,1,1,0,0.1199588
INC0020181,1,4,0,0.21673171
INC0020181,2,4,0,0.17401746
INC0020181,3,4,0,0.2038358
INC0020181,4,4,0,0.23385283
INC0020220,1,4,0,0.25947303
INC0020220,2,4,0,0.36045772
INC0020220,3,4,0,0.35459283
INC0020220,4,4,0,0.43281335
INC0020233,1,4,0,0.23683456
INC0020233,2,4,0,0.24848567
INC0020233,3,4,0,0.3277721
INC0020233,4,4,0,0.4110309
INC0020279,1,3,1,0.27959338
INC0020279,2,3,1,0.30945843
INC0020279,3,3,1,0.3710746
INC0020285,1,2,1,0.763484
INC0020285,2,2,1,0.99891675
INC0020295,1,1,1,0.34681055
INC0020301,1,1,0,0.029727673
INC0020303,1,9,1,0.38082093
INC0020303,2,9,1,0.4084249
INC0020303,3,9,1,0.9966276
INC0020303,4,9,1,0.9956269
INC0020303,5,9,1,0.99435765
INC0020303,6,9,1,0.99433124
INC0020303,7,9,1,0.9962825
INC0020303,8,9,1,0.9945616
INC0020331,1,2,0,0.3782891
INC0020331,2,2,0,0.25722533
INC0020338,1,3,1,0.3495565
INC0020338,2,3,1,0.37461624
INC0020338,3,3,1,0.9944689
INC0020355,1,1,0,0.043852523
INC0020356,1,4,0,0.05336535
INC0020356,2,4,0,0.518532
INC0020356,3,4,0,0.53273726
INC0020356,4,4,0,0.51125926
INC0020368,1,9,1,0.24254452
INC0020368,2,9,1,0.18110593
INC0020368,3,9,1,0.30109638
INC0020368,4,9,1,0.29557103
INC0020368,5,9,1,0.3615158
INC0020368,6,9,1,0.2535152
INC0020368,7,9,1,0.3872173
INC0020368,8,9,1,0.7169881
INC0020385,1,1,0,0.10807884
INC0020397,1,4,1,0.7517666
INC0020397,2,4,1,0.7228292
INC0020397,3,4,1,0.8775027
INC0020397,4,4,1,0.8640712
INC0020421,1,10,1,0.37838987
INC0020421,2,10,1,0.41854987
INC0020421,3,10,1,0.4190005
INC0020421,4,10,1,0.4190005
INC0020421,5,10,1,0.42023253
INC0020421,6,10,1,0.41741985
INC0020421,7,10,1,0.22973867
INC0020421,8,10,1,0.42609867
INC0020429,1,5,0,0.33051312
INC0020429,2,5,0,0.2986266
INC0020429,3,5,0,0.29667678
INC0020429,4,5,0,0.3589199
INC0020429,5,5,0,0.43007952
INC0020451,1,2,1,0.24559398
INC0020451,2,2,1,0.40063766
INC0020479,1,5,1,0.5090432
INC0020479,2,5,1,0.53882164
INC0020479,3,5,1,0.59290725
INC0020479,4,5,1,0.6771411
INC0020479,5,5,1,0.998626
INC0020493,1,2,0,0.31117705
INC0020493,2,2,0,0.31440565
INC0020508,1,1,0,0.04933987
INC0020521,1,8,1,0.9790876
INC0020521,2,8,1,0.9810797
INC0020521,3,8,1,0.9784837
INC0020521,4,8,1,0.9789245
INC0020521,5,8,1,0.97790897
INC0020521,6,8,1,0.9799944
INC0020521,7,8,1,0.9882775
INC0020521,8,8,1,0.98896736
INC0020578,1,14,1,0.7859231
INC0020578,2,14,1,0.99609655
INC0020578,3,14,1,0.9963225
INC0020578,4,14,1,0.9988071
INC0020578,5,14,1,0.9987779
INC0020578,6,14,1,0.99881953
INC0020578,7,14,1,0.99890757
INC0020578,8,14,1,0.9984232
INC0020596,1,1,0,0.03304707
INC0020606,1,2,0,0.3222214
INC0020606,2,2,0,0.33188465
INC0020618,1,9,1,0.9067504
INC0020618,2,9,1,0.97490036
INC0020618,3,9,1,0.97846234
INC0020618,4,9,1,0.976487
INC0020618,5,9,1,0.9756172
INC0020618,6,9,1,0.9762033
INC0020618,7,9,1,0.9771574
INC0020618,8,9,1,0.9780838
INC0020636,1,1,0,0.110953905
INC0020661,1,2,0,0.42415014
INC0020661,2,2,0,0.40307337
INC0020662,1,3,0,0.10014502
INC0020662,2,3,0,0.14026183
INC0020662,3,3,0,0.14598213
INC0020671,1,2,0,0.33894548
INC0020671,2,2,0,0.35387263
INC0020680,1,2,0,0.27713117
INC0020680,2,2,0,0.7435651
INC0020725,1,4,1,0.40074277
INC0020725,2,4,1,0.34928292
INC0020725,3,4,1,0.6243956
INC0020725,4,4,1,0.99268144
INC0020730,1,1,0,0.30786997
INC0020731,1,2,0,0.029579567
INC0020731,2,2,0,0.07611474
INC0020739,1,1,0,0.050343134
INC0020740,1,5,0,0.34093446
INC0020740,2,5,0,0.3588862
INC0020740,3,5,0,0.4166916
INC0020740,4,5,0,0.41310665
INC0020740,5,5,0,0.5197019
INC0020746,1,2,1,0.9910719
INC0020746,2,2,1,0.9989274
INC0020791,1,1,0,0.10594605
INC0020799,1,4,1,0.29979894
INC0020799,2,4,1,0.63504905
INC0020799,3,4,1,0.99762267
INC0020799,4,4,1,0.99797374
INC0020804,1,12,1,0.41271406
INC0020804,2,12,1,0.42424807
INC0020804,3,12,1,0.38656688
INC0020804,4,12,1,0.4325322
INC0020804,5,12,1,0.49896586
INC0020804,6,12,1,0.49211627
INC0020804,7,12,1,0.57232165
INC0020804,8,12,1,0.5848864
INC0020833,1,1,0,0.33676282
INC0020837,1,3,0,0.3440247
INC0020837,2,3,0,0.17957771
INC0020837,3,3,0,0.2837738
INC0020849,1,36,1,0.3232611
INC0020849,2,36,1,0.18764666
INC0020849,3,36,1,0.22445703
INC0020849,4,36,1,0.22288321
INC0020849,5,36,1,0.2994235
INC0020849,6,36,1,0.24316007
INC0020849,7,36,1,0.23572664
INC0020849,8,36,1,0.341614
INC0020870,1,3,0,0.22700249
INC0020870,2,3,0,0.19558136
INC0020870,3,3,0,0.20350848
INC0020888,1,1,0,0.039914742
INC0020894,1,8,1,0.48877314
INC0020894,2,8,1,0.53567785
INC0020894,3,8,1,0.9941308
INC0020894,4,8,1,0.99748766
INC0020894,5,8,1,0.9974789
INC0020894,6,8,1,0.99788386
INC0020894,7,8,1,0.9980615
INC0020894,8,8,1,0.99790573
INC0020896,1,7,1,0.29610988
INC0020896,2,7,1,0.30869448
INC0020896,3,7,1,0.27433372
INC0020896,4,7,1,0.39796394
INC0020896,5,7,1,0.4763423
INC0020896,6,7,1,0.42264512
INC0020896,7,7,1,0.9975043
INC0020927,1,2,0,0.30392984
INC0020927,2,2,0,0.18434517
INC0020930,1,1,0,0.054267935
INC0020939,1,1,0,0.12006431
INC0020963,1,3,1,0.34995788
INC0020963,2,3,1,0.34335744
INC0020963,3,3,1,0.6674489
INC0020985,1,1,0,0.113124914
INC0021004,1,1,0,0.41391033
INC0021024,1,3,1,0.46959436
INC0021024,2,3,1,0.51174676
INC0021024,3,3,1,0.54771394
INC0021030,1,3,0,0.2672284
INC0021030,2,3,0,0.22675051
INC0021030,3,3,0,0.20191032
INC0021053,1,1,0,0.07244815
INC0021062,1,6,1,0.3637598
INC0021062,2,6,1,0.4182888
INC0021062,3,6,1,0.98629504
INC0021062,4,6,1,0.9943756
INC0021062,5,6,1,0.99586064
INC0021062,6,6,1,0.99624604
INC0021082,1,1,0,0.06716703
INC0021094,1,3,0,0.3357327
INC0021094,2,3,0,0.11853567
INC0021094,3,3,0,0.13954777
INC0021099,1,5,1,0.32712016
INC0021099,2,5,1,0.2713216
INC0021099,3,5,1,0.26268917
INC0021099,4,5,1,0.26160818
INC0021099,5,5,1,0.38845485
INC0021112,1,1,0,0.10145146
INC0021158,1,3,0,0.26610297
INC0021158,2,3,0,0.24849321
INC0021158,3,3,0,0.2643531
INC0021168,1,1,0,0.38166156
INC0021177,1,3,0,0.44558907
INC0021177,2,3,0,0.51981944
INC0021177,3,3,0,0.6008237
INC0021178,1,2,0,0.09397357
INC0021178,2,2,0,0.09286306
INC0021187,1,4,0,0.054366115
INC0021187,2,4,0,0.035970107
INC0021187,3,4,0,0.04420724
INC0021187,4,4,0,0.053042013
INC0021189,1,2,0,0.3976099
INC0021189,2,2,0,0.35353193
INC0021192,1,2,0,0.4108441
INC0021192,2,2,0,0.43399107
INC0021194,1,8,1,0.41265112
INC0021194,2,8,1,0.44947922
INC0021194,3,8,1,0.5284049
INC0021194,4,8,1,0.54950017
INC0021194,5,8,1,0.5655468
INC0021194,6,8,1,0.56139606
INC0021194,7,8,1,0.9983298
INC0021194,8,8,1,0.99846774
INC0021203,1,1,0,0.041130994
INC0021218,1,2,0,0.69619393
INC0021218,2,2,0,0.684473
INC0021220,1,10,1,0.3523503
INC0021220,2,10,1,0.73147875
INC0021220,3,10,1,0.7585355
INC0021220,4,10,1,0.9809279
INC0021220,5,10,1,0.98032033
INC0021220,6,10,1,0.9879581
INC0021220,7,10,1,0.99582434
INC0021220,8,10,1,0.9885853
INC0021222,1,3,0,0.3263544
INC0021222,2,3,0,0.376952
INC0021222,3,3,0,0.20574933
INC0021249,1,1,0,0.05089645
INC0021253,1,3,0,0.054630484
INC0021253,2,3,0,0.08842809
INC0021253,3,3,0,0.074760824
INC0021254,1,1,0,0.25483298
INC0021260,1,1,0,0.06465222
INC0021290,1,3,0,0.10973255
INC0021290,2,3,0,0.27399668
INC0021290,3,3,0,0.25564542
INC0021291,1,5,0,0.22681339
INC0021291,2,5,0,0.20667762
INC0021291,3,5,0,0.23115648
INC0021291,4,5,0,0.22376318
INC0021291,5,5,0,0.2822108
INC0021315,1,1,1,0.07958767
INC0021326,1,3,0,0.29918998
INC0021326,2,3,0,0.30050406
INC0021326,3,3,0,0.29489464
INC0021327,1,1,0,0.012829878
INC0021330,1,3,0,0.109887056
INC0021330,2,3,0,0.10148287
INC0021330,3,3,0,0.047818314
INC0021361,1,2,1,0.4509403
INC0021361,2,2,1,0.98610175
INC0021366,1,3,0,0.36710906
INC0021366,2,3,0,0.20833729
INC0021366,3,3,0,0.14124973
INC0021385,1,4,1,0.37012163
INC0021385,2,4,1,0.9648366
INC0021385,3,4,1,0.98290277
INC0021385,4,4,1,0.9727085
INC0021389,1,2,0,0.34336427
INC0021389,2,2,0,0.33453143
INC0021393,1,4,1,0.98724526
INC0021393,2,4,1,0.9854091
INC0021393,3,4,1,0.9850795
INC0021393,4,4,1,0.98600477
INC0021413,1,3,1,0.9829276
INC0021413,2,3,1,0.9844514
INC0021413,3,3,1,0.973892
INC0021418,1,5,1,0.14997292
INC0021418,2,5,1,0.6263057
INC0021418,3,5,1,0.44725823
INC0021418,4,5,1,0.9697906
INC0021418,5,5,1,0.99320036
INC0021455,1,1,0,0.06289023
INC0021485,1,2,1,0.660731
INC0021485,2,2,1,0.71947914
INC0021492,1,1,0,0.029426767
INC0021509,1,2,1,0.99511105
INC0021509,2,2,1,0.99486756
INC0021516,1,5,1,0.23311517
INC0021516,2,5,1,0.41193342
INC0021516,3,5,1,0.42789188
INC0021516,4,5,1,0.19747497
INC0021516,5,5,1,0.9331384
INC0021518,1,5,1,0.3907437
INC0021518,2,5,1,0.3601927
INC0021518,3,5,1,0.9830209
INC0021518,4,5,1,0.99100494
INC0021518,5,5,1,0.99572986
INC0021574,1,5,0,0.4135353
INC0021574,2,5,0,0.37986758
INC0021574,3,5,0,0.3799908
INC0021574,4,5,0,0.4780458
INC0021574,5,5,0,0.48876926
INC0021592,1,4,0,0.21275118
INC0021592,2,4,0,0.19770898
INC0021592,3,4,0,0.2535809
INC0021592,4,4,0,0.31082848
INC0021595,1,2,1,0.99551374
INC0021595,2,2,1,0.9955089
INC0021602,1,1,0,0.060167372
INC0021650,1,2,0,0.09069761
INC0021650,2,2,0,0.1911823
INC0021701,1,3,0,0.063287616
INC0021701,2,3,0,0.49170145
INC0021701,3,3,0,0.11343322
INC0021709,1,4,1,0.6020011
INC0021709,2,4,1,0.9766286
INC0021709,3,4,1,0.9675203
INC0021709,4,4,1,0.9984249
INC0021717,1,3,1,0.21176754
INC0021717,2,3,1,0.8758263
INC0021717,3,3,1,0.865726
INC0021730,1,1,1,0.99468404
INC0021762,1,1,0,0.12587456
INC0021792,1,1,0,0.032666158
INC0021812,1,1,0,0.046102785
INC0021828,1,1,0,0.19896336
INC0021829,1,6,1,0.25337803
INC0021829,2,6,1,0.42404863
INC0021829,3,6,1,0.40121284
INC0021829,4,6,1,0.53097755
INC0021829,5,6,1,0.84764475
INC0021829,6,6,1,0.841834
INC0021834,1,2,0,0.30050135
INC0021834,2,2,0,0.27611515
INC0021858,1,6,0,0.4093126
INC0021858,2,6,0,0.34304267
INC0021858,3,6,0,0.3444722
INC0021858,4,6,0,0.35190806
INC0021858,5,6,0,0.3100825
INC0021858,6,6,0,0.5025781
INC0021872,1,2,0,0.19995108
INC0021872,2,2,0,0.19458272
INC0021896,1,1,0,0.014201342
INC0021935,1,1,0,0.016035654
INC0021978,1,1,0,0.008016865
INC0021987,1,2,0,0.43843663
INC0021987,2,2,0,0.2920109
INC0021997,1,1,0,0.107131355
INC0022001,1,2,0,0.046802394
INC0022001,2,2,0,0.058603335
INC0022023,1,1,0,0.012011701
INC0022056,1,1,0,0.06838634
INC0022071,1,1,0,0.0096690655
INC0022073,1,4,0,0.1682244
INC0022073,2,4,0,0.18183024
INC0022073,3,4,0,0.17915806
INC0022073,4,4,0,0.18044762
INC0022083,1,8,1,0.13418967
INC0022083,2,8,1,0.17520286
INC0022083,3,8,1,0.28249583
INC0022083,4,8,1,0.30651194
INC0022083,5,8,1,0.99438876
INC0022083,6,8,1,0.9944793
INC0022083,7,8,1,0.99534976
INC0022083,8,8,1,0.9969369
INC0022084,1,7,1,0.13009125
INC0022084,2,7,1,0.35709405
INC0022084,3,7,1,0.5348126
INC0022084,4,7,1,0.3522326
INC0022084,5,7,1,0.56954104
INC0022084,6,7,1,0.6344244
INC0022084,7,7,1,0.61511314
INC0022111,1,1,0,0.12467279
INC0022120,1,7,0,0.03400634
INC0022120,2,7,0,0.17010438
INC0022120,3,7,0,0.37428078
INC0022120,4,7,0,0.3669958
INC0022120,5,7,0,0.40347734
INC0022120,6,7,0,0.42303902
INC0022120,7,7,0,0.45348465
INC0022122,1,2,1,0.594536
INC0022122,2,2,1,0.6970363
INC0022148,1,1,0,0.06985315
INC0022150,1,1,0,0.013248323
INC0022153,1,1,0,0.013497749
INC0022165,1,3,1,0.22260912
INC0022165,2,3,1,0.2461108
INC0022165,3,3,1,0.9960711
INC0022204,1,5,0,0.3288497
INC0022204,2,5,0,0.44539446
INC0022204,3,5,0,0.49013203
INC0022204,4,5,0,0.5075634
INC0022204,5,5,0,0.41420317
INC0022210,1,6,0,0.030331375
INC0022210,2,6,0,0.015501945
INC0022210,3,6,0,0.057720188
INC0022210,4,6,0,0.07553148
INC0022210,5,6,0,0.065382235
INC0022210,6,6,0,0.052612334
INC0022218,1,2,1,0.5897947
INC0022218,2,2,1,0.84293765
INC0022219,1,1,0,0.035797965
INC0022223,1,3,0,0.22518393
INC0022223,2,3,0,0.18590161
INC0022223,3,3,0,0.22254457
INC0022237,1,4,0,0.4540661
INC0022237,2,4,0,0.53258795
INC0022237,3,4,0,0.39445227
INC0022237,4,4,0,0.36634138
INC0022267,1,3,0,0.58083946
INC0022267,2,3,0,0.5636288
INC0022267,3,3,0,0.7061137
INC0022294,1,1,0,0.025695363
INC0022298,1,1,0,0.1260207
INC0022313,1,10,1,0.09089108
INC0022313,2,10,1,0.10749484
INC0022313,3,10,1,0.3931311
INC0022313,4,10,1,0.9359383
INC0022313,5,10,1,0.9950702
INC0022313,6,10,1,0.99733883
INC0022313,7,10,1,0.9972676
INC0022313,8,10,1,0.996976
INC0022321,1,3,0,0.27824637
INC0022321,2,3,0,0.32162756
INC0022321,3,3,0,0.2981444
INC0022328,1,2,0,0.35624975
INC0022328,2,2,0,0.37975764
INC0022342,1,3,0,0.1480796
INC0022342,2,3,0,0.06765504
INC0022342,3,3,0,0.064334445
INC0022351,1,4,0,0.31419334
INC0022351,2,4,0,0.4478747
INC0022351,3,4,0,0.35328978
INC0022351,4,4,0,0.37691072
INC0022368,1,1,0,0.08101073
INC0022370,1,1,0,0.26960772
INC0022373,1,4,0,0.19918516
INC0022373,2,4,0,0.11418717
INC0022373,3,4,0,0.11418717
INC0022373,4,4,0,0.17811991
INC0022379,1,2,0,0.3302688
INC0022379,2,2,0,0.21962202
INC0022401,1,7,0,0.29001084
INC0022401,2,7,0,0.14469407
INC0022401,3,7,0,0.18081068
INC0022401,4,7,0,0.17841531
INC0022401,5,7,0,0.17841531
INC0022401,6,7,0,0.14374834
INC0022401,7,7,0,0.14903548
INC0022404,1,3,1,0.84175634
INC0022404,2,3,1,0.8968833
INC0022404,3,3,1,0.87629336
INC0022420,1,9,0,0.106052645
INC0022420,2,9,0,0.13477316
INC0022420,3,9,0,0.13647023
INC0022420,4,9,0,0.33033305
INC0022420,5,9,0,0.32838193
INC0022420,6,9,0,0.34530935
INC0022420,7,9,0,0.2882516
INC0022420,8,9,0,0.2790808
INC0022433,1,10,1,0.48535657
INC0022433,2,10,1,0.4736766
INC0022433,3,10,1,0.4899951
INC0022433,4,10,1,0.47155783
INC0022433,5,10,1,0.57081944
INC0022433,6,10,1,0.55991054
INC0022433,7,10,1,0.689512
INC0022433,8,10,1,0.9969848
INC0022448,1,1,0,0.054491952
INC0022450,1,1,0,0.097133964
INC0022453,1,1,0,0.07279103
INC0022478,1,3,0,0.7739904
INC0022478,2,3,0,0.3268779
INC0022478,3,3,0,0.31191173
INC0022497,1,1,0,0.099191606
INC0022500,1,1,0,0.047232427
INC0022503,1,4,0,0.32084477
INC0022503,2,4,0,0.23984924
INC0022503,3,4,0,0.1667643
INC0022503,4,4,0,0.43406823
INC0022522,1,1,0,0.30840236
INC0022528,1,1,0,0.108205475
INC0022533,1,3,0,0.23623852
INC0022533,2,3,0,0.24036051
INC0022533,3,3,0,0.18407777
INC0022534,1,1,0,0.0454526
INC0022535,1,1,0,0.109538496
INC0022541,1,7,1,0.22414802
INC0022541,2,7,1,0.26323077
INC0022541,3,7,1,0.37769762
INC0022541,4,7,1,0.542339
INC0022541,5,7,1,0.61888474
INC0022541,6,7,1,0.9930352
INC0022541,7,7,1,0.9934384
INC0022547,1,7,0,0.121903375
INC0022547,2,7,0,0.11122004
INC0022547,3,7,0,0.21331137
INC0022547,4,7,0,0.22729474
INC0022547,5,7,0,0.273924
INC0022547,6,7,0,0.32757026
INC0022547,7,7,0,0.21230128
INC0022573,1,6,0,0.26114318
INC0022573,2,6,0,0.33414748
INC0022573,3,6,0,0.1344719
INC0022573,4,6,0,0.12117433
INC0022573,5,6,0,0.15044263
INC0022573,6,6,0,0.18454202
INC0022575,1,2,0,0.24567834
INC0022575,2,2,0,0.24582653
INC0022625,1,4,1,0.37202227
INC0022625,2,4,1,0.842786
INC0022625,3,4,1,0.8687229
INC0022625,4,4,1,0.8820286
INC0022632,1,7,0,0.28987968
INC0022632,2,7,0,0.30317184
INC0022632,3,7,0,0.2706604
INC0022632,4,7,0,0.3897713
INC0022632,5,7,0,0.39704117
INC0022632,6,7,0,0.61251
INC0022632,7,7,0,0.54305935
INC0022635,1,3,0,0.09199778
INC0022635,2,3,0,0.18364352
INC0022635,3,3,0,0.22777449
INC0022637,1,1,0,0.5287313
INC0022641,1,6,1,0.2723393
INC0022641,2,6,1,0.35609964
INC0022641,3,6,1,0.35261282
INC0022641,4,6,1,0.99751925
INC0022641,5,6,1,0.99738175
INC0022641,6,6,1,0.9979286
INC0022643,1,1,0,0.032072183
INC0022646,1,2,0,0.07999768
INC0022646,2,2,0,0.10042263
INC0022675,1,1,0,0.03968274
INC0022681,1,2,0,0.112520866
INC0022681,2,2,0,0.23200598
INC0022696,1,6,0,0.31751093
INC0022696,2,6,0,0.28409067
INC0022696,3,6,0,0.28387976
INC0022696,4,6,0,0.27473405
INC0022696,5,6,0,0.3450056
INC0022696,6,6,0,0.38384527
INC0022705,1,4,0,0.36440662
INC0022705,2,4,0,0.16759183
INC0022705,3,4,0,0.15947568
INC0022705,4,4,0,0.20725589
INC0022737,1,1,0,0.016070444
INC0022741,1,1,0,0.048926983
INC0022763,1,1,0,0.31979927
INC0022778,1,2,1,0.21412125
INC0022778,2,2,1,0.54329586
INC0022790,1,1,0,0.34171012
INC0022792,1,11,1,0.8607321
INC0022792,2,11,1,0.9991742
INC0022792,3,11,1,0.9977303
INC0022792,4,11,1,0.9977704
INC0022792,5,11,1,0.9979274
INC0022792,6,11,1,0.9994105
INC0022792,7,11,1,0.99845886
INC0022792,8,11,1,0.99878794
INC0022800,1,3,0,0.27686042
INC0022800,2,3,0,0.26564053
INC0022800,3,3,0,0.28868753
INC0022836,1,3,0,0.3440241
INC0022836,2,3,0,0.19042744
INC0022836,3,3,0,0.23368002
INC0022845,1,2,0,0.12207962
INC0022845,2,2,0,0.29573807
INC0022846,1,1,0,0.028036326
INC0022880,1,2,0,0.035089094
INC0022880,2,2,0,0.077963226
INC0022927,1,1,0,0.42877364
INC0022933,1,3,0,0.49128184
INC0022933,2,3,0,0.46494344
INC0022933,3,3,0,0.500243
INC0022961,1,2,0,0.090090334
INC0022961,2,2,0,0.16516688
INC0022969,1,8,0,0.9741276
INC0022969,2,8,0,0.9775089
INC0022969,3,8,0,0.97949433
INC0022969,4,8,0,0.97949433
INC0022969,5,8,0,0.9801421
INC0022969,6,8,0,0.97949433
INC0022969,7,8,0,0.97949433
INC0022969,8,8,0,0.9754208
INC0022985,1,5,0,0.27936578
INC0022985,2,5,0,0.35193747
INC0022985,3,5,0,0.50224453
INC0022985,4,5,0,0.53947216
INC0022985,5,5,0,0.48975426
INC0022988,1,1,0,0.07788448
INC0022989,1,2,0,0.026626512
INC0022989,2,2,0,0.063551806
INC0022991,1,6,1,0.28978246
INC0022991,2,6,1,0.29192463
INC0022991,3,6,1,0.23458129
INC0022991,4,6,1,0.36755425
INC0022991,5,6,1,0.5217699
INC0022991,6,6,1,0.6045644
INC0022995,1,3,0,0.25229728
INC0022995,2,3,0,0.28253835
INC0022995,3,3,0,0.3458206
INC0023008,1,4,0,0.19091034
INC0023008,2,4,0,0.1635105
INC0023008,3,4,0,0.2842032
INC0023008,4,4,0,0.26711786
INC0023012,1,1,0,0.3640915
INC0023013,1,1,0,0.013906504
INC0023022,1,2,0,0.08742201
INC0023022,2,2,0,0.09301672
INC0023029,1,1,0,0.037125472
INC0023031,1,1,0,0.056740407
INC0023045,1,1,0,0.23501651
INC0023063,1,1,0,0.08618244
INC0023085,1,1,0,0.11447951
INC0023114,1,2,0,0.094946265
INC0023114,2,2,0,0.10659412
INC0023131,1,2,0,0.21170878
INC0023131,2,2,0,0.19873352
INC0023133,1,1,0,0.056163885
INC0023136,1,2,0,0.08916565
INC0023136,2,2,0,0.10156405
INC0023167,1,2,0,0.08750776
INC0023167,2,2,0,0.26436052
INC0023182,1,19,1,0.4019878
INC0023182,2,19,1,0.43255663
INC0023182,3,19,1,0.34796265
INC0023182,4,19,1,0.7136996
INC0023182,5,19,1,0.6406929
INC0023182,6,19,1,0.6463694
INC0023182,7,19,1,0.9769881
INC0023182,8,19,1,0.9933403
INC0023220,1,2,0,0.4822965
INC0023220,2,2,0,0.18248934
INC0023238,1,1,0,0.053473
INC0023245,1,2,0,0.3432919
INC0023245,2,2,0,0.31458232
INC0023258,1,9,1,0.3395513
INC0023258,2,9,1,0.43488157
INC0023258,3,9,1,0.5010027
INC0023258,4,9,1,0.58311766
INC0023258,5,9,1,0.99383885
INC0023258,6,9,1,0.9969459
INC0023258,7,9,1,0.99718434
INC0023258,8,9,1,0.99688333
INC0023261,1,1,0,0.36622304
INC0023311,1,3,1,0.97935027
INC0023311,2,3,1,0.99145246
INC0023311,3,3,1,0.99402535
INC0023312,1,3,0,0.41406956
INC0023312,2,3,0,0.3831251
INC0023312,3,3,0,0.39972332
INC0023324,1,8,1,0.5841073
INC0023324,2,8,1,0.9927176
INC0023324,3,8,1,0.99417096
INC0023324,4,8,1,0.9942714
INC0023324,5,8,1,0.9939657
INC0023324,6,8,1,0.9940502
INC0023324,7,8,1,0.9939657
INC0023324,8,8,1,0.99384487
INC0023325,1,1,0,0.28379887
INC0023352,1,2,1,0.29187217
INC0023352,2,2,1,0.26309136
INC0023359,1,1,0,0.04485006
INC0023370,1,3,0,0.20581524
INC0023370,2,3,0,0.18774323
INC0023370,3,3,0,0.37060577
INC0023387,1,2,0,0.113465525
INC0023387,2,2,0,0.23137791
INC0023427,1,5,0,0.03273403
INC0023427,2,5,0,0.16347241
INC0023427,3,5,0,0.17154576
INC0023427,4,5,0,0.34277064
INC0023427,5,5,0,0.36017075
INC0023434,1,1,0,0.08106231
INC0023441,1,1,0,0.028856793
INC0023453,1,1,0,0.014281463
INC0023456,1,3,0,0.32453623
INC0023456,2,3,0,0.31793106
INC0023456,3,3,0,0.30055508
INC0023464,1,6,0,0.17097816
INC0023464,2,6,0,0.16461568
INC0023464,3,6,0,0.12708378
INC0023464,4,6,0,0.23939176
INC0023464,5,6,0,0.23818633
INC0023464,6,6,0,0.32438108
INC0023482,1,2,0,0.06846738
INC0023482,2,2,0,0.074484475
INC0023496,1,6,0,0.32351026
INC0023496,2,6,0,0.14148173
INC0023496,3,6,0,0.26853573
INC0023496,4,6,0,0.26853573
INC0023496,5,6,0,0.30711347
INC0023496,6,6,0,0.29514053
INC0023499,1,3,1,0.25665295
INC0023499,2,3,1,0.27354172
INC0023499,3,3,1,0.24317299
INC0023507,1,2,0,0.03941303
INC0023507,2,2,0,0.05759004
INC0023526,1,1,0,0.04028526
INC0023544,1,1,0,0.04979879
INC0023566,1,1,0,0.013645118
INC0023592,1,6,0,0.45009676
INC0023592,2,6,0,0.6142745
INC0023592,3,6,0,0.6242062
INC0023592,4,6,0,0.62253326
INC0023592,5,6,0,0.361194
INC0023592,6,6,0,0.67292655
INC0023594,1,2,0,0.23009875
INC0023594,2,2,0,0.16984573
INC0023607,1,5,0,0.062029768
INC0023607,2,5,0,0.22654471
INC0023607,3,5,0,0.2313338
INC0023607,4,5,0,0.13278751
INC0023607,5,5,0,0.17579328
INC0023611,1,5,0,0.46508032
INC0023611,2,5,0,0.4576655
INC0023611,3,5,0,0.44597268
INC0023611,4,5,0,0.22985792
INC0023611,5,5,0,0.2987301
INC0023632,1,1,0,0.014851791
INC0023661,1,1,0,0.31927225
INC0023663,1,1,0,0.267889
INC0023666,1,1,0,0.2719284
INC0023697,1,1,0,0.3783311
INC0023698,1,2,0,0.52556956
INC0023698,2,2,0,0.3202111
INC0023706,1,1,0,0.13524218
INC0023707,1,5,0,0.13518548
INC0023707,2,5,0,0.3830391
INC0023707,3,5,0,0.5531095
INC0023707,4,5,0,0.4455885
INC0023707,5,5,0,0.4455885
INC0023710,1,5,0,0.074951954
INC0023710,2,5,0,0.17622936
INC0023710,3,5,0,0.32569414
INC0023710,4,5,0,0.30548164
INC0023710,5,5,0,0.19309598
INC0023712,1,9,1,0.14327648
INC0023712,2,9,1,0.4699869
INC0023712,3,9,1,0.47726998
INC0023712,4,9,1,0.49631277
INC0023712,5,9,1,0.49421677
INC0023712,6,9,1,0.45496875
INC0023712,7,9,1,0.47974893
INC0023712,8,9,1,0.9281363
INC0023723,1,1,0,0.1335344
INC0023724,1,2,0,0.38510373
INC0023724,2,2,0,0.37818
INC0023739,1,9,1,0.49572253
INC0023739,2,9,1,0.49064738
INC0023739,3,9,1,0.44443107
INC0023739,4,9,1,0.4718254
INC0023739,5,9,1,0.4540348
INC0023739,6,9,1,0.64907515
INC0023739,7,9,1,0.5472572
INC0023739,8,9,1,0.5298337
INC0023757,1,1,0,0.22561948
INC0023775,1,4,0,0.22892958
INC0023775,2,4,0,0.5741063
INC0023775,3,4,0,0.5376353
INC0023775,4,4,0,0.319675
INC0023779,1,13,1,0.3844984
INC0023779,2,13,1,0.43425563
INC0023779,3,13,1,0.8119332
INC0023779,4,13,1,0.82666683
INC0023779,5,13,1,0.9269129
INC0023779,6,13,1,0.9293834
INC0023779,7,13,1,0.9806143
INC0023779,8,13,1,0.986777
INC0023787,1,2,1,0.4677574
INC0023787,2,2,1,0.98617435
INC0023827,1,1,0,0.11500031
INC0023855,1,3,0,0.42584836
INC0023855,2,3,0,0.4220075
INC0023855,3,3,0,0.53163135
INC0023903,1,7,0,0.12867138
INC0023903,2,7,0,0.21635157
INC0023903,3,7,0,0.28045416
INC0023903,4,7,0,0.27480292
INC0023903,5,7,0,0.26693162
INC0023903,6,7,0,0.39962673
INC0023903,7,7,0,0.46411574
INC0023910,1,4,0,0.13527694
INC0023910,2,4,0,0.13920248
INC0023910,3,4,0,0.09175249
INC0023910,4,4,0,0.05415117
INC0023916,1,3,0,0.27374315
INC0023916,2,3,0,0.26610622
INC0023916,3,3,0,0.26165587
INC0023954,1,1,0,0.012892534
INC0023967,1,1,0,0.063802846
INC0023989,1,2,0,0.084458515
INC0023989,2,2,0,0.1880805
INC0024015,1,2,0,0.24420227
INC0024015,2,2,0,0.20190549
INC0024025,1,2,0,0.1635756
INC0024025,2,2,0,0.19191973
INC0024034,1,18,0,0.2669688
INC0024034,2,18,0,0.15878855
INC0024034,3,18,0,0.15572622
INC0024034,4,18,0,0.13823296
INC0024034,5,18,0,0.14129142
INC0024034,6,18,0,0.26280656
INC0024034,7,18,0,0.2755754
INC0024034,8,18,0,0.23645191
INC0024067,1,1,0,0.06536892
INC0024068,1,4,0,0.29201314
INC0024068,2,4,0,0.2716061
INC0024068,3,4,0,0.3152456
INC0024068,4,4,0,0.35203442
INC0024082,1,5,0,0.415907
INC0024082,2,5,0,0.43843645
INC0024082,3,5,0,0.44024086
INC0024082,4,5,0,0.45690975
INC0024082,5,5,0,0.4506835
INC0024087,1,5,0,0.28667003
INC0024087,2,5,0,0.2558859
INC0024087,3,5,0,0.25307682
INC0024087,4,5,0,0.23888774
INC0024087,5,5,0,0.24670565
INC0024096,1,1,0,0.12832375
INC0024137,1,1,0,0.38670728
INC0024145,1,1,0,0.019275911
INC0024158,1,1,0,0.021333616
INC0024169,1,2,0,0.04839851
INC0024169,2,2,0,0.10872179
INC0024170,1,1,0,0.02819894
INC0024182,1,2,0,0.08370586
INC0024182,2,2,0,0.08298243
INC0024194,1,1,0,0.039668955
INC0024196,1,4,0,0.30646273
INC0024196,2,4,0,0.2940659
INC0024196,3,4,0,0.31148672
INC0024196,4,4,0,0.3480599
INC0024220,1,11,0,0.37931764
INC0024220,2,11,0,0.28601483
INC0024220,3,11,0,0.2878235
INC0024220,4,11,0,0.27441227
INC0024220,5,11,0,0.27647245
INC0024220,6,11,0,0.27195194
INC0024220,7,11,0,0.32975572
INC0024220,8,11,0,0.33072028
INC0024232,1,8,0,0.48672247
INC0024232,2,8,0,0.4960186
INC0024232,3,8,0,0.45323825
INC0024232,4,8,0,0.6207183
INC0024232,5,8,0,0.5455228
INC0024232,6,8,0,0.46011537
INC0024232,7,8,0,0.41761753
INC0024232,8,8,0,0.49907297
INC0024245,1,4,0,0.28910512
INC0024245,2,4,0,0.17553827
INC0024245,3,4,0,0.20483817
INC0024245,4,4,0,0.22741249
INC0024249,1,15,1,0.113210596
INC0024249,2,15,1,0.22007248
INC0024249,3,15,1,0.36408144
INC0024249,4,15,1,0.36647472
INC0024249,5,15,1,0.2792889
INC0024249,6,15,1,0.55760133
INC0024249,7,15,1,0.51378196
INC0024249,8,15,1,0.560098
INC0024323,1,2,0,0.173318
INC0024323,2,2,0,0.14545701
INC0024340,1,2,0,0.04230422
INC0024340,2,2,0,0.032098413
INC0024349,1,1,0,0.086862214
INC0024363,1,2,0,0.20955338
INC0024363,2,2,0,0.19911486
INC0024393,1,4,0,0.0998048
INC0024393,2,4,0,0.26367155
INC0024393,3,4,0,0.43369102
INC0024393,4,4,0,0.45254937
INC0024415,1,1,0,0.026686199
INC0024423,1,1,0,0.008363562
INC0024444,1,4,0,0.29669654
INC0024444,2,4,0,0.28213075
INC0024444,3,4,0,0.24258792
INC0024444,4,4,0,0.17069411
INC0024450,1,4,0,0.027345153
INC0024450,2,4,0,0.15405834
INC0024450,3,4,0,0.12739888
INC0024450,4,4,0,0.12739888
INC0024461,1,4,0,0.27934143
INC0024461,2,4,0,0.24116671
INC0024461,3,4,0,0.24249421
INC0024461,4,4,0,0.3113745
INC0024486,1,4,0,0.17143346
INC0024486,2,4,0,0.092278905
INC0024486,3,4,0,0.12043535
INC0024486,4,4,0,0.17350462
INC0024494,1,3,0,0.052690666
INC0024494,2,3,0,0.14049856
INC0024494,3,3,0,0.08104082
INC0024505,1,7,1,0.26635787
INC0024505,2,7,1,0.20872277
INC0024505,3,7,1,0.3068792
INC0024505,4,7,1,0.9974445
INC0024505,5,7,1,0.9976622
INC0024505,6,7,1,0.9980149
INC0024505,7,7,1,0.9980148
INC0024508,1,4,0,0.16408429
INC0024508,2,4,0,0.15993565
INC0024508,3,4,0,0.17078108
INC0024508,4,4,0,0.22534393
INC0024510,1,1,0,0.029897466
INC0024535,1,6,0,0.1998555
INC0024535,2,6,0,0.1928306
INC0024535,3,6,0,0.26595443
INC0024535,4,6,0,0.4143414
INC0024535,5,6,0,0.4075374
INC0024535,6,6,0,0.38052687
INC0024537,1,1,0,0.016250331
INC0024540,1,1,0,0.010845466
INC0024579,1,3,0,0.20279941
INC0024579,2,3,0,0.18853153
INC0024579,3,3,0,0.1883093
INC0024590,1,9,1,0.22510718
INC0024590,2,9,1,0.21600536
INC0024590,3,9,1,0.15930761
INC0024590,4,9,1,0.16261545
INC0024590,5,9,1,0.17090394
INC0024590,6,9,1,0.16069312
INC0024590,7,9,1,0.15139356
INC0024590,8,9,1,0.21148324
INC0024593,1,1,0,0.051822778
INC0024628,1,2,0,0.023526797
INC0024628,2,2,0,0.0979522
INC0024638,1,8,0,0.15465185
INC0024638,2,8,0,0.22993112
INC0024638,3,8,0,0.20034713
INC0024638,4,8,0,0.2232481
INC0024638,5,8,0,0.23394205
INC0024638,6,8,0,0.20797656
INC0024638,7,8,0,0.27126378
INC0024638,8,8,0,0.26707467
INC0024645,1,3,0,0.24800111
INC0024645,2,3,0,0.098092
INC0024645,3,3,0,0.10249866
INC0024647,1,1,0,0.023422236
INC0024649,1,1,0,0.019312903
INC0024660,1,1,0,0.017527744
INC0024671,1,1,0,0.042935617
INC0024691,1,2,1,0.63678885
INC0024691,2,2,1,0.6007166
INC0024711,1,1,0,0.030823154
INC0024727,1,1,0,0.034685846
INC0024735,1,4,0,0.17903137
INC0024735,2,4,0,0.212432
INC0024735,3,4,0,0.2097358
INC0024735,4,4,0,0.24550393
INC0024738,1,1,0,0.02553137
INC0024739,1,1,0,0.06815315
INC0024742,1,14,1,0.40099248
INC0024742,2,14,1,0.27405483
INC0024742,3,14,1,0.29847944
INC0024742,4,14,1,0.18842705
INC0024742,5,14,1,0.24388784
INC0024742,6,14,1,0.53756
INC0024742,7,14,1,0.6573398
INC0024742,8,14,1,0.55054307
INC0024743,1,1,1,0.92486244
INC0024751,1,3,0,0.24880801
INC0024751,2,3,0,0.241459
INC0024751,3,3,0,0.1450822
INC0024831,1,4,0,0.24031088
INC0024831,2,4,0,0.21134527
INC0024831,3,4,0,0.38353842
INC0024831,4,4,0,0.38633785
INC0024833,1,1,0,0.12152166
INC0024836,1,1,0,0.20358358
INC0024839,1,3,0,0.5112089
INC0024839,2,3,0,0.6911881
INC0024839,3,3,0,0.7027063
INC0024848,1,1,0,0.061696853
INC0024853,1,1,0,0.3343864
INC0024855,1,1,0,0.121756814
INC0024867,1,1,0,0.07509002
INC0024872,1,13,1,0.2327793
INC0024872,2,13,1,0.24005036
INC0024872,3,13,1,0.45623517
INC0024872,4,13,1,0.35983685
INC0024872,5,13,1,0.59490186
INC0024872,6,13,1,0.6940074
INC0024872,7,13,1,0.76606697
INC0024872,8,13,1,0.9370575
INC0024890,1,2,0,0.04082016
INC0024890,2,2,0,0.08764559
INC0024906,1,2,0,0.3968075
INC0024906,2,2,0,0.35040683
INC0024916,1,2,0,0.48620293
INC0024916,2,2,0,0.5721697
INC0024922,1,5,0,0.46425003
INC0024922,2,5,0,0.44712076
INC0024922,3,5,0,0.37579572
INC0024922,4,5,0,0.38505203
INC0024922,5,5,0,0.4546492
INC0024934,1,4,1,0.4999089
INC0024934,2,4,1,0.43685856
INC0024934,3,4,1,0.4462493
INC0024934,4,4,1,0.9975293
INC0024936,1,1,0,0.036345616
INC0024975,1,10,0,0.3700445
INC0024975,2,10,0,0.34530935
INC0024975,3,10,0,0.583836
INC0024975,4,10,0,0.17189755
INC0024975,5,10,0,0.16892354
INC0024975,6,10,0,0.15588951
INC0024975,7,10,0,0.14104174
INC0024975,8,10,0,0.14823297
INC0025002,1,1,0,0.05051251
INC0025022,1,1,0,0.046604678
INC0025024,1,1,0,0.04017425
INC0025029,1,5,1,0.66784513
INC0025029,2,5,1,0.6433454
INC0025029,3,5,1,0.6949633
INC0025029,4,5,1,0.8457788
INC0025029,5,5,1,0.99906236
INC0025031,1,1,0,0.016751096
INC0025055,1,4,0,0.1408271
INC0025055,2,4,0,0.2923302
INC0025055,3,4,0,0.34374145
INC0025055,4,4,0,0.3321216
INC0025060,1,2,0,0.28468236
INC0025060,2,2,0,0.3315857
INC0025063,1,10,1,0.4045742
INC0025063,2,10,1,0.22229081
INC0025063,3,10,1,0.27902418
INC0025063,4,10,1,0.6016673
INC0025063,5,10,1,0.6376495
INC0025063,6,10,1,0.7095946
INC0025063,7,10,1,0.68364483
INC0025063,8,10,1,0.66041476
INC0025066,1,11,1,0.13852347
INC0025066,2,11,1,0.3627812
INC0025066,3,11,1,0.32322997
INC0025066,4,11,1,0.2717883
INC0025066,5,11,1,0.33948284
INC0025066,6,11,1,0.56876844
INC0025066,7,11,1,0.65089357
INC0025066,8,11,1,0.64601374
INC0025088,1,7,1,0.42052957
INC0025088,2,7,1,0.30633068
INC0025088,3,7,1,0.3023935
INC0025088,4,7,1,0.515778
INC0025088,5,7,1,0.64844817
INC0025088,6,7,1,0.9903562
INC0025088,7,7,1,0.99002224
INC0025103,1,7,0,0.38646472
INC0025103,2,7,0,0.3628793
INC0025103,3,7,0,0.35568845
INC0025103,4,7,0,0.5606893
INC0025103,5,7,0,0.659171
INC0025103,6,7,0,0.6048633
INC0025103,7,7,0,0.8229809
INC0025105,1,2,0,0.6632201
INC0025105,2,2,0,0.3421347
INC0025168,1,1,0,0.038536254
INC0025174,1,1,0,0.03649132
INC0025180,1,10,1,0.9490443
INC0025180,2,10,1,0.9813996
INC0025180,3,10,1,0.9765296
INC0025180,4,10,1,0.9728568
INC0025180,5,10,1,0.9960045
INC0025180,6,10,1,0.995826
INC0025180,7,10,1,0.99617934
INC0025180,8,10,1,0.99695385
INC0025189,1,5,1,0.26573923
INC0025189,2,5,1,0.28131792
INC0025189,3,5,1,0.8075703
INC0025189,4,5,1,0.9905116
INC0025189,5,5,1,0.99010813
INC0025198,1,1,0,0.32112837
INC0025212,1,2,1,0.6581775
INC0025212,2,2,1,0.7888351
INC0025245,1,2,0,0.104512304
INC0025245,2,2,0,0.03557195
INC0025247,1,1,0,0.09134458
INC0025252,1,3,0,0.30393407
INC0025252,2,3,0,0.28064254
INC0025252,3,3,0,0.28731716
INC0025311,1,8,1,0.36686358
INC0025311,2,8,1,0.3583655
INC0025311,3,8,1,0.26674935
INC0025311,4,8,1,0.52277666
INC0025311,5,8,1,0.703542
INC0025311,6,8,1,0.99801195
INC0025311,7,8,1,0.9975171
INC0025311,8,8,1,0.99684155
INC0025323,1,1,0,0.20533326
INC0025341,1,1,0,0.017161863
INC0025365,1,4,0,0.38362163
INC0025365,2,4,0,0.36718374
INC0025365,3,4,0,0.43614864
INC0025365,4,4,0,0.5529225
INC0025379,1,3,0,0.10491408
INC0025379,2,3,0,0.04292875
INC0025379,3,3,0,0.043623094
INC0025404,1,7,1,0.24382481
INC0025404,2,7,1,0.14862807
INC0025404,3,7,1,0.34500852
INC0025404,4,7,1,0.4626836
INC0025404,5,7,1,0.48607987
INC0025404,6,7,1,0.54400563
INC0025404,7,7,1,0.9937907
INC0025410,1,1,0,0.021223893
INC0025477,1,1,0,0.048469838
INC0025482,1,1,0,0.12548229
INC0025501,1,23,1,0.334914
INC0025501,2,23,1,0.36450028
INC0025501,3,23,1,0.26807046
INC0025501,4,23,1,0.5163402
INC0025501,5,23,1,0.6126638
INC0025501,6,23,1,0.6270768
INC0025501,7,23,1,0.9977794
INC0025501,8,23,1,0.9974982
INC0025537,1,3,0,0.10725921
INC0025537,2,3,0,0.107228115
INC0025537,3,3,0,0.1382931
INC0025539,1,1,0,0.020117337
INC0025578,1,2,0,0.21623869
INC0025578,2,2,0,0.11820451
INC0025579,1,10,1,0.14464523
INC0025579,2,10,1,0.14798445
INC0025579,3,10,1,0.18696408
INC0025579,4,10,1,0.16681857
INC0025579,5,10,1,0.18774922
INC0025579,6,10,1,0.19152853
INC0025579,7,10,1,0.36269245
INC0025579,8,10,1,0.41548175
INC0025590,1,1,0,0.017211221
INC0025617,1,6,0,0.32606483
INC0025617,2,6,0,0.27788815
INC0025617,3,6,0,0.30781615
INC0025617,4,6,0,0.2508531
INC0025617,5,6,0,0.24703185
INC0025617,6,6,0,0.28887463
INC0025645,1,7,0,0.20710337
INC0025645,2,7,0,0.40110558
INC0025645,3,7,0,0.22914335
INC0025645,4,7,0,0.2142319
INC0025645,5,7,0,0.21649282
INC0025645,6,7,0,0.30902407
INC0025645,7,7,0,0.394688
INC0025651,1,1,0,0.038031742
INC0025667,1,1,0,0.16848251
INC0025686,1,1,0,0.06921076
INC0025688,1,7,0,0.2186353
INC0025688,2,7,0,0.26395515
INC0025688,3,7,0,0.26785198
INC0025688,4,7,0,0.46715447
INC0025688,5,7,0,0.495444
INC0025688,6,7,0,0.43644187
INC0025688,7,7,0,0.47596365
INC0025696,1,30,1,0.10187309
INC0025696,2,30,1,0.38334456
INC0025696,3,30,1,0.26882452
INC0025696,4,30,1,0.29330975
INC0025696,5,30,1,0.6399521
INC0025696,6,30,1,0.9791697
INC0025696,7,30,1,0.9768271
INC0025696,8,30,1,0.9828179
INC0025700,1,2,1,0.25028086
INC0025700,2,2,1,0.2518164
INC0025720,1,2,0,0.15008976
INC0025720,2,2,0,0.3230068
INC0025721,1,2,0,0.029050125
INC0025721,2,2,0,0.0885522
INC0025729,1,12,1,0.28763345
INC0025729,2,12,1,0.08008761
INC0025729,3,12,1,0.096781455
INC0025729,4,12,1,0.7490884
INC0025729,5,12,1,0.9956506
INC0025729,6,12,1,0.99748105
INC0025729,7,12,1,0.99322224
INC0025729,8,12,1,0.99731076
INC0025736,1,1,0,0.030560266
INC0025742,1,3,0,0.3959675
INC0025742,2,3,0,0.4332384
INC0025742,3,3,0,0.46036413
INC0025745,1,8,1,0.36965314
INC0025745,2,8,1,0.28955883
INC0025745,3,8,1,0.23629664
INC0025745,4,8,1,0.2322641
INC0025745,5,8,1,0.39875722
INC0025745,6,8,1,0.43458533
INC0025745,7,8,1,0.35179305
INC0025745,8,8,1,0.99628854
INC0025757,1,1,0,0.2724921
INC0025768,1,3,0,0.13806705
INC0025768,2,3,0,0.15711267
INC0025768,3,3,0,0.328649
INC0025770,1,4,0,0.27369422
INC0025770,2,4,0,0.1636876
INC0025770,3,4,0,0.18399064
INC0025770,4,4,0,0.15870774
INC0025772,1,4,0,0.22316161
INC0025772,2,4,0,0.19267972
INC0025772,3,4,0,0.31409407
INC0025772,4,4,0,0.33299038
INC0025777,1,3,1,0.49523965
INC0025777,2,3,1,0.30405357
INC0025777,3,3,1,0.99829906
INC0025836,1,1,0,0.10673784
INC0025845,1,1,0,0.00998861
INC0025858,1,3,0,0.4386032
INC0025858,2,3,0,0.37882546
INC0025858,3,3,0,0.54772425
INC0025861,1,3,0,0.30063844
INC0025861,2,3,0,0.23795277
INC0025861,3,3,0,0.21813779
INC0025868,1,4,0,0.06938246
INC0025868,2,4,0,0.18151973
INC0025868,3,4,0,0.18663369
INC0025868,4,4,0,0.3085926
INC0025875,1,9,1,0.46806842
INC0025875,2,9,1,0.4660197
INC0025875,3,9,1,0.46918923
INC0025875,4,9,1,0.9721834
INC0025875,5,9,1,0.97507906
INC0025875,6,9,1,0.97507906
INC0025875,7,9,1,0.98654824
INC0025875,8,9,1,0.9975369
INC0025880,1,8,1,0.37505597
INC0025880,2,8,1,0.35575768
INC0025880,3,8,1,0.35317957
INC0025880,4,8,1,0.4191267
INC0025880,5,8,1,0.5456168
INC0025880,6,8,1,0.6269054
INC0025880,7,8,1,0.5719325
INC0025880,8,8,1,0.9915658
INC0025886,1,2,0,0.165799
INC0025886,2,2,0,0.32908902
INC0025927,1,3,0,0.13779514
INC0025927,2,3,0,0.23207158
INC0025927,3,3,0,0.14238282
INC0025939,1,5,1,0.91677463
INC0025939,2,5,1,0.9994942
INC0025939,3,5,1,0.999579
INC0025939,4,5,1,0.9996295
INC0025939,5,5,1,0.9982029
INC0025946,1,9,1,0.41485754
INC0025946,2,9,1,0.33841723
INC0025946,3,9,1,0.51041144
INC0025946,4,9,1,0.36537945
INC0025946,5,9,1,0.4050582
INC0025946,6,9,1,0.6767998
INC0025946,7,9,1,0.6712027
INC0025946,8,9,1,0.49305117
INC0025971,1,6,1,0.48071074
INC0025971,2,6,1,0.47743744
INC0025971,3,6,1,0.6247449
INC0025971,4,6,1,0.98109347
INC0025971,5,6,1,0.9897629
INC0025971,6,6,1,0.98996943
INC0025978,1,1,0,0.052871216
INC0026007,1,2,0,0.35657644
INC0026007,2,2,0,0.26161167
INC0026029,1,5,0,0.7983992
INC0026029,2,5,0,0.75492096
INC0026029,3,5,0,0.74040747
INC0026029,4,5,0,0.69327086
INC0026029,5,5,0,0.73050743
INC0026030,1,5,1,0.79545
INC0026030,2,5,1,0.75492096
INC0026030,3,5,1,0.74040747
INC0026030,4,5,1,0.6839849
INC0026030,5,5,1,0.99575955
INC0026073,1,3,0,0.016769294
INC0026073,2,3,0,0.017981207
INC0026073,3,3,0,0.028855843
INC0026085,1,11,1,0.30811527
INC0026085,2,11,1,0.18776105
INC0026085,3,11,1,0.17991084
INC0026085,4,11,1,0.27498603
INC0026085,5,11,1,0.27101314
INC0026085,6,11,1,0.2681252
INC0026085,7,11,1,0.2747885
INC0026085,8,11,1,0.29979312
INC0026093,1,1,0,0.04798208
INC0026143,1,4,0,0.29097003
INC0026143,2,4,0,0.2819028
INC0026143,3,4,0,0.23922254
INC0026143,4,4,0,0.19658212
INC0026161,1,1,0,0.010999411
INC0026171,1,2,1,0.626454
INC0026171,2,2,1,0.7705776
INC0026176,1,1,0,0.011171692
INC0026185,1,3,0,0.20676582
INC0026185,2,3,0,0.18555799
INC0026185,3,3,0,0.27764988
INC0026195,1,1,0,0.1938822
INC0026226,1,31,1,0.085525446
INC0026226,2,31,1,0.17004012
INC0026226,3,31,1,0.20502952
INC0026226,4,31,1,0.29854915
INC0026226,5,31,1,0.3252851
INC0026226,6,31,1,0.4840265
INC0026226,7,31,1,0.88975835
INC0026226,8,31,1,0.99740183
INC0026233,1,1,0,0.023078328
INC0026235,1,6,1,0.29997727
INC0026235,2,6,1,0.31838638
INC0026235,3,6,1,0.3833456
INC0026235,4,6,1,0.40406984
INC0026235,5,6,1,0.9949728
INC0026235,6,6,1,0.99684936
INC0026236,1,1,0,0.04126615
INC0026248,1,3,0,0.27968666
INC0026248,2,3,0,0.28882572
INC0026248,3,3,0,0.30114478
INC0026251,1,7,1,0.34450167
INC0026251,2,7,1,0.2996431
INC0026251,3,7,1,0.41576567
INC0026251,4,7,1,0.40271258
INC0026251,5,7,1,0.4372072
INC0026251,6,7,1,0.99649906
INC0026251,7,7,1,0.9968867
INC0026255,1,1,0,0.027991625
INC0026258,1,5,1,0.7177052
INC0026258,2,5,1,0.82284343
INC0026258,3,5,1,0.7867693
INC0026258,4,5,1,0.7867693
INC0026258,5,5,1,0.773294
INC0026264,1,9,1,0.5817215
INC0026264,2,9,1,0.46563756
INC0026264,3,9,1,0.5764475
INC0026264,4,9,1,0.5147179
INC0026264,5,9,1,0.461917
INC0026264,6,9,1,0.9969945
INC0026264,7,9,1,0.99737656
INC0026264,8,9,1,0.9976851
INC0026276,1,7,1,0.58657616
INC0026276,2,7,1,0.53366274
INC0026276,3,7,1,0.58754677
INC0026276,4,7,1,0.72322124
INC0026276,5,7,1,0.9628537
INC0026276,6,7,1,0.9555724
INC0026276,7,7,1,0.99382097
INC0026290,1,4,0,0.32911482
INC0026290,2,4,0,0.3116798
INC0026290,3,4,0,0.31537437
INC0026290,4,4,0,0.18897642
INC0026294,1,3,0,0.23362295
INC0026294,2,3,0,0.14230667
INC0026294,3,3,0,0.1446456
INC0026296,1,2,0,0.1433695
INC0026296,2,2,0,0.16214405
INC0026316,1,3,1,0.72928834
INC0026316,2,3,1,0.95408076
INC0026316,3,3,1,0.9889159
INC0026328,1,1,0,0.023716742
INC0026337,1,6,1,0.39017472
INC0026337,2,6,1,0.48087287
INC0026337,3,6,1,0.46094748
INC0026337,4,6,1,0.4011773
INC0026337,5,6,1,0.96504754
INC0026337,6,6,1,0.9952988
INC0026359,1,3,0,0.39202744
INC0026359,2,3,0,0.3756255
INC0026359,3,3,0,0.31649667
INC0026363,1,1,0,0.05342691
INC0026462,1,1,0,0.13126592
INC0026476,1,2,0,0.061191667
INC0026476,2,2,0,0.074863136
INC0026480,1,5,0,0.4027094
INC0026480,2,5,0,0.42792338
INC0026480,3,5,0,0.26608604
INC0026480,4,5,0,0.4745552
INC0026480,5,5,0,0.3822748
INC0026486,1,2,0,0.075171314
INC0026486,2,2,0,0.09462313
INC0026488,1,2,0,0.065382585
INC0026488,2,2,0,0.07077983
INC0026500,1,1,0,0.06275296
INC0026501,1,1,0,0.02918781
INC0026530,1,3,1,0.3276346
INC0026530,2,3,1,0.523272
INC0026530,3,3,1,0.6384734
INC0026566,1,5,0,0.46700785
INC0026566,2,5,0,0.2958354
INC0026566,3,5,0,0.3924753
INC0026566,4,5,0,0.5519924
INC0026566,5,5,0,0.66751873
INC0026596,1,3,0,0.11751958
INC0026596,2,3,0,0.09347685
INC0026596,3,3,0,0.08047462
INC0026602,1,2,0,0.019251285
INC0026602,2,2,0,0.011334795
INC0026603,1,2,0,0.01734516
INC0026603,2,2,0,0.011823356
INC0026616,1,2,0,0.02856573
INC0026616,2,2,0,0.018402543
INC0026617,1,2,0,0.031665184
INC0026617,2,2,0,0.018402543
INC0026623,1,2,0,0.21615386
INC0026623,2,2,0,0.35481855
INC0026664,1,5,1,0.38961935
INC0026664,2,5,1,0.60616
INC0026664,3,5,1,0.93366903
INC0026664,4,5,1,0.99236876
INC0026664,5,5,1,0.99419194
INC0026666,1,1,0,0.031495553
INC0026673,1,4,0,0.14255452
INC0026673,2,4,0,0.12535356
INC0026673,3,4,0,0.12520015
INC0026673,4,4,0,0.18718998
INC0026702,1,2,0,0.22780204
INC0026702,2,2,0,0.23747113
INC0026729,1,2,0,0.2247467
INC0026729,2,2,0,0.24535124
INC0026766,1,5,0,0.071071625
INC0026766,2,5,0,0.06682533
INC0026766,3,5,0,0.06584005
INC0026766,4,5,0,0.03479719
INC0026766,5,5,0,0.037474204
INC0026804,1,6,1,0.6399166
INC0026804,2,6,1,0.48352218
INC0026804,3,6,1,0.48352218
INC0026804,4,6,1,0.59787726
INC0026804,5,6,1,0.6380284
INC0026804,6,6,1,0.98542964
INC0026812,1,3,1,0.5733172
INC0026812,2,3,1,0.6086461
INC0026812,3,3,1,0.74764085
INC0026813,1,2,0,0.14757164
INC0026813,2,2,0,0.27975398
INC0026828,1,15,1,0.23601392
INC0026828,2,15,1,0.11458237
INC0026828,3,15,1,0.116741344
INC0026828,4,15,1,0.26872098
INC0026828,5,15,1,0.37354657
INC0026828,6,15,1,0.44873312
INC0026828,7,15,1,0.979322
INC0026828,8,15,1,0.9816279
INC0026830,1,4,0,0.2864811
INC0026830,2,4,0,0.2594362
INC0026830,3,4,0,0.2036728
INC0026830,4,4,0,0.35945708
INC0026896,1,6,0,0.34563404
INC0026896,2,6,0,0.28351018
INC0026896,3,6,0,0.35710603
INC0026896,4,6,0,0.3570864
INC0026896,5,6,0,0.4777251
INC0026896,6,6,0,0.48871458
INC0026943,1,2,0,0.2050321
INC0026943,2,2,0,0.10529945
INC0026947,1,4,1,0.28458208
INC0026947,2,4,1,0.25648186
INC0026947,3,4,1,0.28367195
INC0026947,4,4,1,0.49592975
INC0026978,1,3,0,0.5107061
INC0026978,2,3,0,0.311696
INC0026978,3,3,0,0.27775607
INC0026980,1,1,0,0.02058405
INC0026986,1,3,0,0.4411137
INC0026986,2,3,0,0.34978524
INC0026986,3,3,0,0.27218255
INC0027035,1,2,0,0.090602115
INC0027035,2,2,0,0.2080343
INC0027049,1,3,0,0.077545464
INC0027049,2,3,0,0.046239447
INC0027049,3,3,0,0.030563995
INC0027050,1,7,0,0.21816063
INC0027050,2,7,0,0.17584708
INC0027050,3,7,0,0.20378684
INC0027050,4,7,0,0.32744008
INC0027050,5,7,0,0.20889375
INC0027050,6,7,0,0.21466415
INC0027050,7,7,0,0.26525092
INC0027051,1,2,0,0.091025315
INC0027051,2,2,0,0.07080823
INC0027052,1,2,0,0.034582052
INC0027052,2,2,0,0.02044812
INC0027058,1,2,0,0.034358952
INC0027058,2,2,0,0.024445899
INC0027061,1,2,0,0.013473991
INC0027061,2,2,0,0.009523107
INC0027066,1,3,0,0.037649777
INC0027066,2,3,0,0.022787606
INC0027066,3,3,0,0.045706384
INC0027067,1,2,0,0.027373472
INC0027067,2,2,0,0.023324022
INC0027096,1,2,0,0.08647876
INC0027096,2,2,0,0.06622883
INC0027099,1,2,0,0.09268212
INC0027099,2,2,0,0.07177714
INC0027104,1,1,0,0.15555882
INC0027133,1,3,0,0.22181687
INC0027133,2,3,0,0.24019228
INC0027133,3,3,0,0.20427692
INC0027149,1,6,0,0.094947554
INC0027149,2,6,0,0.09863826
INC0027149,3,6,0,0.080238126
INC0027149,4,6,0,0.074641496
INC0027149,5,6,0,0.40941826
INC0027149,6,6,0,0.47754678
INC0027155,1,1,0,0.08459434
INC0027171,1,1,0,0.08802688
INC0027175,1,1,0,0.049025007
INC0027182,1,2,0,0.17040664
INC0027182,2,2,0,0.14538069
INC0027185,1,1,0,0.10057244
INC0027204,1,10,1,0.3467621
INC0027204,2,10,1,0.3416608
INC0027204,3,10,1,0.8136025
INC0027204,4,10,1,0.77586794
INC0027204,5,10,1,0.7913871
INC0027204,6,10,1,0.7743036
INC0027204,7,10,1,0.75075907
INC0027204,8,10,1,0.746513
INC0027218,1,7,1,0.9716384
INC0027218,2,7,1,0.9692821
INC0027218,3,7,1,0.96858436
INC0027218,4,7,1,0.97026616
INC0027218,5,7,1,0.9785275
INC0027218,6,7,1,0.97380203
INC0027218,7,7,1,0.97380203
INC0027222,1,1,0,0.08132758
INC0027231,1,2,0,0.29259816
INC0027231,2,2,0,0.090711236
INC0027234,1,1,0,0.5075723
INC0027236,1,3,1,0.16983144
INC0027236,2,3,1,0.5356488
INC0027236,3,3,1,0.44664416
INC0027237,1,6,1,0.64391667
INC0027237,2,6,1,0.99311453
INC0027237,3,6,1,0.9887623
INC0027237,4,6,1,0.9852873
INC0027237,5,6,1,0.98430747
INC0027237,6,6,1,0.9845786
INC0027240,1,2,0,0.15094891
INC0027240,2,2,0,0.16273998
INC0027249,1,14,1,0.05643474
INC0027249,2,14,1,0.08100003
INC0027249,3,14,1,0.14714292
INC0027249,4,14,1,0.21650788
INC0027249,5,14,1,0.19960727
INC0027249,6,14,1,0.1615887
INC0027249,7,14,1,0.3326642
INC0027249,8,14,1,0.47874957
INC0027250,1,3,1,0.17455943
INC0027250,2,3,1,0.16250268
INC0027250,3,3,1,0.45428613
INC0027251,1,1,0,0.17097013
INC0027261,1,1,0,0.032793235
INC0027272,1,2,0,0.03332554
INC0027272,2,2,0,0.09185093
INC0027273,1,16,1,0.29318216
INC0027273,2,16,1,0.36984098
INC0027273,3,16,1,0.544506
INC0027273,4,16,1,0.5720242
INC0027273,5,16,1,0.50718474
INC0027273,6,16,1,0.5945867
INC0027273,7,16,1,0.6025705
INC0027273,8,16,1,0.6582657
INC0027281,1,1,0,0.07056549
INC0027294,1,6,1,0.2383
INC0027294,2,6,1,0.9574775
INC0027294,3,6,1,0.9596296
INC0027294,4,6,1,0.96854526
INC0027294,5,6,1,0.96777076
INC0027294,6,6,1,0.9678922
INC0027322,1,4,0,0.49132973
INC0027322,2,4,0,0.57540333
INC0027322,3,4,0,0.20359394
INC0027322,4,4,0,0.3001205
INC0027329,1,1,0,0.018676238
INC0027335,1,3,0,0.22352205
INC0027335,2,3,0,0.19660462
INC0027335,3,3,0,0.31234646
INC0027341,1,2,0,0.13997455
INC0027341,2,2,0,0.15053189
INC0027383,1,2,0,0.08818096
INC0027383,2,2,0,0.14194894
INC0027390,1,2,0,0.28953284
INC0027390,2,2,0,0.35187384
INC0027392,1,2,0,0.19891411
INC0027392,2,2,0,0.38818398
INC0027410,1,4,1,0.974837
INC0027410,2,4,1,0.9780074
INC0027410,3,4,1,0.9891566
INC0027410,4,4,1,0.9985721
INC0027418,1,6,0,0.096885264
INC0027418,2,6,0,0.04744105
INC0027418,3,6,0,0.080153815
INC0027418,4,6,0,0.080806896
INC0027418,5,6,0,0.0920369
INC0027418,6,6,0,0.08571212
INC0027421,1,2,0,0.022964656
INC0027421,2,2,0,0.05722599
INC0027424,1,2,0,0.37432277
INC0027424,2,2,0,0.17593472
INC0027455,1,12,1,0.35584286
INC0027455,2,12,1,0.32922694
INC0027455,3,12,1,0.41798216
INC0027455,4,12,1,0.67213774
INC0027455,5,12,1,0.6535021
INC0027455,6,12,1,0.649907
INC0027455,7,12,1,0.6619145
INC0027455,8,12,1,0.66021276
INC0027470,1,1,0,0.06255919
INC0027486,1,9,1,0.5271895
INC0027486,2,9,1,0.44922215
INC0027486,3,9,1,0.43417057
INC0027486,4,9,1,0.9966775
INC0027486,5,9,1,0.9971558
INC0027486,6,9,1,0.9972541
INC0027486,7,9,1,0.9975707
INC0027486,8,9,1,0.99795485
INC0027507,1,6,0,0.3149069
INC0027507,2,6,0,0.33276626
INC0027507,3,6,0,0.4049643
INC0027507,4,6,0,0.409718
INC0027507,5,6,0,0.40476558
INC0027507,6,6,0,0.4027822
INC0027515,1,2,0,0.05920725
INC0027515,2,2,0,0.1353683
INC0027516,1,11,0,0.23412272
INC0027516,2,11,0,0.22031337
INC0027516,3,11,0,0.19469613
INC0027516,4,11,0,0.21320811
INC0027516,5,11,0,0.08631457
INC0027516,6,11,0,0.069219016
INC0027516,7,11,0,0.23680177
INC0027516,8,11,0,0.26171246
INC0027517,1,1,0,0.04955673
INC0027518,1,2,0,0.22193263
INC0027518,2,2,0,0.25383222
INC0027540,1,5,0,0.3177252
INC0027540,2,5,0,0.27649474
INC0027540,3,5,0,0.29044357
INC0027540,4,5,0,0.28311673
INC0027540,5,5,0,0.28242707
INC0027547,1,4,1,0.3850073
INC0027547,2,4,1,0.3661664
INC0027547,3,4,1,0.9964245
INC0027547,4,4,1,0.9978517
INC0027561,1,4,0,0.3233445
INC0027561,2,4,0,0.34527364
INC0027561,3,4,0,0.46930116
INC0027561,4,4,0,0.48733816
INC0027579,1,5,1,0.509584
INC0027579,2,5,1,0.61146724
INC0027579,3,5,1,0.7790767
INC0027579,4,5,1,0.9970029
INC0027579,5,5,1,0.99734205
INC0027581,1,2,0,0.14263609
INC0027581,2,2,0,0.11471838
INC0027593,1,3,0,0.1047865
INC0027593,2,3,0,0.30418065
INC0027593,3,3,0,0.28817078
INC0027634,1,1,0,0.038821306
INC0027635,1,2,0,0.48014668
INC0027635,2,2,0,0.48294017
INC0027662,1,1,0,0.29322192
INC0027674,1,1,0,0.011990408
INC0027699,1,3,0,0.48195454
INC0027699,2,3,0,0.2775946
INC0027699,3,3,0,0.26333943
INC0027701,1,2,0,0.17484565
INC0027701,2,2,0,0.18116872
INC0027710,1,1,0,0.025637941
INC0027736,1,1,1,0.33272702
INC0027738,1,1,0,0.005549435
INC0027744,1,4,1,0.28960904
INC0027744,2,4,1,0.85420245
INC0027744,3,4,1,0.85293126
INC0027744,4,4,1,0.8393463
INC0027757,1,6,0,0.24763702
INC0027757,2,6,0,0.36871725
INC0027757,3,6,0,0.45510864
INC0027757,4,6,0,0.52712584
INC0027757,5,6,0,0.4630866
INC0027757,6,6,0,0.45076147
INC0027764,1,14,1,0.54079235
INC0027764,2,14,1,0.5545789
INC0027764,3,14,1,0.5733809
INC0027764,4,14,1,0.66565615
INC0027764,5,14,1,0.60588264
INC0027764,6,14,1,0.6618909
INC0027764,7,14,1,0.646368
INC0027764,8,14,1,0.9987264
INC0027769,1,9,0,0.21721084
INC0027769,2,9,0,0.25698012
INC0027769,3,9,0,0.27588463
INC0027769,4,9,0,0.2537427
INC0027769,5,9,0,0.17889638
INC0027769,6,9,0,0.19411361
INC0027769,7,9,0,0.24064578
INC0027769,8,9,0,0.22635311
INC0027789,1,9,1,0.22399755
INC0027789,2,9,1,0.11997865
INC0027789,3,9,1,0.27053046
INC0027789,4,9,1,0.27469102
INC0027789,5,9,1,0.99623775
INC0027789,6,9,1,0.9968221
INC0027789,7,9,1,0.99690515
INC0027789,8,9,1,0.9973532
INC0027813,1,3,0,0.48952386
INC0027813,2,3,0,0.43375903
INC0027813,3,3,0,0.42088616
INC0027900,1,1,0,0.103758715
INC0027920,1,11,1,0.40837726
INC0027920,2,11,1,0.5051794
INC0027920,3,11,1,0.34261492
INC0027920,4,11,1,0.65561783
INC0027920,5,11,1,0.7722745
INC0027920,6,11,1,0.99101907
INC0027920,7,11,1,0.9906865
INC0027920,8,11,1,0.9914043
INC0027922,1,1,0,0.11378441
INC0027954,1,3,1,0.37249336
INC0027954,2,3,1,0.99550325
INC0027954,3,3,1,0.99807286
INC0027962,1,1,0,0.12532519
INC0027989,1,1,0,0.13807023
INC0028000,1,5,1,0.3091906
INC0028000,2,5,1,0.33891234
INC0028000,3,5,1,0.33798435
INC0028000,4,5,1,0.34029794
INC0028000,5,5,1,0.43832117
INC0028019,1,4,1,0.26922992
INC0028019,2,4,1,0.2781489
INC0028019,3,4,1,0.25852567
INC0028019,4,4,1,0.9815294
INC0028020,1,1,1,0.5126845
INC0028038,1,1,0,0.06637142
INC0028040,1,4,0,0.21514916
INC0028040,2,4,0,0.18004097
INC0028040,3,4,0,0.305853
INC0028040,4,4,0,0.349715
INC0028096,1,1,0,0.015809426
INC0028099,1,1,0,0.035615295
INC0028107,1,1,0,0.030284554
INC0028127,1,3,0,0.2493626
INC0028127,2,3,0,0.27788502
INC0028127,3,3,0,0.29907376
INC0028128,1,1,0,0.09013837
INC0028141,1,5,0,0.2561442
INC0028141,2,5,0,0.2988395
INC0028141,3,5,0,0.232266
INC0028141,4,5,0,0.23585518
INC0028141,5,5,0,0.31176764
INC0028151,1,2,0,0.30944893
INC0028151,2,2,0,0.26576442
INC0028154,1,2,1,0.43996978
INC0028154,2,2,1,0.4695064
INC0028173,1,3,1,0.41300106
INC0028173,2,3,1,0.38906324
INC0028173,3,3,1,0.4166364
INC0028181,1,1,0,0.025793819
INC0028210,1,7,1,0.2825503
INC0028210,2,7,1,0.29408377
INC0028210,3,7,1,0.44536412
INC0028210,4,7,1,0.40309423
INC0028210,5,7,1,0.39769295
INC0028210,6,7,1,0.40824604
INC0028210,7,7,1,0.4625354
INC0028239,1,2,0,0.27994177
INC0028239,2,2,0,0.22108485
INC0028266,1,2,0,0.44800392
INC0028266,2,2,0,0.4455777
INC0028278,1,5,1,0.73632896
INC0028278,2,5,1,0.6641808
INC0028278,3,5,1,0.7007342
INC0028278,4,5,1,0.9988978
INC0028278,5,5,1,0.99886984
INC0028287,1,1,0,0.0033539825
INC0028289,1,11,1,0.3868846
INC0028289,2,11,1,0.33536467
INC0028289,3,11,1,0.3647359
INC0028289,4,11,1,0.35063684
INC0028289,5,11,1,0.34833527
INC0028289,6,11,1,0.37887064
INC0028289,7,11,1,0.35548553
INC0028289,8,11,1,0.33531567
INC0028298,1,2,0,0.3839067
INC0028298,2,2,0,0.22319345
INC0028302,1,3,1,0.5470909
INC0028302,2,3,1,0.48077196
INC0028302,3,3,1,0.6660548
INC0028306,1,1,0,0.05905173
INC0028314,1,5,0,0.30498013
INC0028314,2,5,0,0.1649848
INC0028314,3,5,0,0.17131215
INC0028314,4,5,0,0.36361495
INC0028314,5,5,0,0.50827867
INC0028343,1,5,1,0.31469974
INC0028343,2,5,1,0.4366644
INC0028343,3,5,1,0.9779377
INC0028343,4,5,1,0.9977325
INC0028343,5,5,1,0.9977843
INC0028385,1,1,0,0.037455782
INC0028393,1,5,0,0.2848343
INC0028393,2,5,0,0.16768986
INC0028393,3,5,0,0.17482634
INC0028393,4,5,0,0.36200917
INC0028393,5,5,0,0.47359365
INC0028411,1,6,0,0.352965
INC0028411,2,6,0,0.35877028
INC0028411,3,6,0,0.32876
INC0028411,4,6,0,0.34520355
INC0028411,5,6,0,0.993736
INC0028411,6,6,0,0.9940294
INC0028435,1,3,0,0.39160436
INC0028435,2,3,0,0.21419953
INC0028435,3,3,0,0.21762966
INC0028454,1,1,0,0.015507977
INC0028489,1,2,0,0.15659922
INC0028489,2,2,0,0.31133622
INC0028494,1,5,1,0.3817706
INC0028494,2,5,1,0.3695598
INC0028494,3,5,1,0.51382715
INC0028494,4,5,1,0.970315
INC0028494,5,5,1,0.97224075
INC0028497,1,1,0,0.009575341
INC0028499,1,2,1,0.43157598
INC0028499,2,2,1,0.66720176
INC0028500,1,10,1,0.5000832
INC0028500,2,10,1,0.4648038
INC0028500,3,10,1,0.44429415
INC0028500,4,10,1,0.44429415
INC0028500,5,10,1,0.2719565
INC0028500,6,10,1,0.21305268
INC0028500,7,10,1,0.21963313
INC0028500,8,10,1,0.2058988
INC0028514,1,5,1,0.13585949
INC0028514,2,5,1,0.23700711
INC0028514,3,5,1,0.4312732
INC0028514,4,5,1,0.43367812
INC0028514,5,5,1,0.5369332
INC0028546,1,1,0,0.35997716
INC0028547,1,1,0,0.144994
INC0028554,1,2,0,0.36630172
INC0028554,2,2,0,0.3239288
INC0028581,1,1,0,0.028245714
INC0028600,1,1,0,0.081552304
INC0028602,1,1,0,0.12297516
INC0028613,1,2,0,0.3440946
INC0028613,2,2,0,0.27965775
INC0028617,1,2,0,0.03805929
INC0028617,2,2,0,0.0919543
INC0028622,1,1,0,0.027817361
INC0028626,1,1,0,0.052370753
INC0028633,1,1,0,0.33411014
INC0028641,1,1,0,0.03460285
INC0028693,1,2,0,0.39619228
INC0028693,2,2,0,0.40705764
INC0028720,1,1,0,0.087875426
INC0028736,1,3,0,0.06151141
INC0028736,2,3,0,0.022061087
INC0028736,3,3,0,0.042476583
INC0028738,1,2,0,0.1167684
INC0028738,2,2,0,0.033577606
INC0028813,1,6,1,0.15608206
INC0028813,2,6,1,0.5115397
INC0028813,3,6,1,0.9976146
INC0028813,4,6,1,0.9972851
INC0028813,5,6,1,0.9970176
INC0028813,6,6,1,0.9974252
INC0028821,1,1,0,0.14348722
INC0028858,1,1,0,0.0042674136
INC0028882,1,3,0,0.027673285
INC0028882,2,3,0,0.07320983
INC0028882,3,3,0,0.060964998
INC0028896,1,2,0,0.36836028
INC0028896,2,2,0,0.5763388
INC0028907,1,3,0,0.32924744
INC0028907,2,3,0,0.32293284
INC0028907,3,3,0,0.29529247
INC0028911,1,1,0,0.14209329
INC0028964,1,4,0,0.3171464
INC0028964,2,4,0,0.3797856
INC0028964,3,4,0,0.52564263
INC0028964,4,4,0,0.5256213
INC0028967,1,4,1,0.4312741
INC0028967,2,4,1,0.4404001
INC0028967,3,4,1,0.44297147
INC0028967,4,4,1,0.7355024
INC0028973,1,26,1,0.39962137
INC0028973,2,26,1,0.48782447
INC0028973,3,26,1,0.5463169
INC0028973,4,26,1,0.5237023
INC0028973,5,26,1,0.64900726
INC0028973,6,26,1,0.63865817
INC0028973,7,26,1,0.77254623
INC0028973,8,26,1,0.87283874
INC0028982,1,6,0,0.28206012
INC0028982,2,6,0,0.35368466
INC0028982,3,6,0,0.35604793
INC0028982,4,6,0,0.3758543
INC0028982,5,6,0,0.44695404
INC0028982,6,6,0,0.93581593
INC0028984,1,5,0,0.3303967
INC0028984,2,5,0,0.21054192
INC0028984,3,5,0,0.21996993
INC0028984,4,5,0,0.26445827
INC0028984,5,5,0,0.2741857
INC0029010,1,7,1,0.1244529
INC0029010,2,7,1,0.25276518
INC0029010,3,7,1,0.3420867
INC0029010,4,7,1,0.48917603
INC0029010,5,7,1,0.99656147
INC0029010,6,7,1,0.9965377
INC0029010,7,7,1,0.99628854
INC0029055,1,4,0,0.16630682
INC0029055,2,4,0,0.18629576
INC0029055,3,4,0,0.19327392
INC0029055,4,4,0,0.26663145
INC0029060,1,1,0,0.035037447
INC0029062,1,1,0,0.020387577
INC0029073,1,1,0,0.2148256
INC0029088,1,2,0,0.04448948
INC0029088,2,2,0,0.19346674
INC0029089,1,2,0,0.07269694
INC0029089,2,2,0,0.15841772
INC0029092,1,1,0,0.034082472
INC0029096,1,2,0,0.03956106
INC0029096,2,2,0,0.08960794
INC0029109,1,4,1,0.25774089
INC0029109,2,4,1,0.25127846
INC0029109,3,4,1,0.40676945
INC0029109,4,4,1,0.9290889
INC0029110,1,1,0,0.285396
INC0029117,1,1,0,0.011020049
INC0029120,1,5,0,0.04773546
INC0029120,2,5,0,0.035386324
INC0029120,3,5,0,0.035597824
INC0029120,4,5,0,0.04922362
INC0029120,5,5,0,0.062364012
INC0029122,1,1,0,0.029432384
INC0029131,1,4,1,0.26789886
INC0029131,2,4,1,0.27539918
INC0029131,3,4,1,0.99457175
INC0029131,4,4,1,0.9943591
INC0029161,1,2,0,0.1952261
INC0029161,2,2,0,0.15876435
INC0029178,1,3,0,0.33970836
INC0029178,2,3,0,0.24078615
INC0029178,3,3,0,0.20482929
INC0029180,1,5,0,0.19367777
INC0029180,2,5,0,0.23994462
INC0029180,3,5,0,0.22558118
INC0029180,4,5,0,0.22062896
INC0029180,5,5,0,0.14564502
INC0029196,1,6,0,0.03353223
INC0029196,2,6,0,0.11728505
INC0029196,3,6,0,0.1270446
INC0029196,4,6,0,0.08379129
INC0029196,5,6,0,0.09937293
INC0029196,6,6,0,0.10021383
INC0029233,1,4,0,0.2210523
INC0029233,2,4,0,0.21427834
INC0029233,3,4,0,0.20835982
INC0029233,4,4,0,0.3063798
INC0029278,1,6,1,0.88368446
INC0029278,2,6,1,0.48406845
INC0029278,3,6,1,0.77534825
INC0029278,4,6,1,0.9936858
INC0029278,5,6,1,0.99718446
INC0029278,6,6,1,0.999169
INC0029285,1,1,0,0.11525592
INC0029295,1,6,0,0.028385023
INC0029295,2,6,0,0.05115991
INC0029295,3,6,0,0.069708385
INC0029295,4,6,0,0.09758464
INC0029295,5,6,0,0.17580362
INC0029295,6,6,0,0.18503354
INC0029304,1,4,1,0.09777444
INC0029304,2,4,1,0.21754257
INC0029304,3,4,1,0.22548543
INC0029304,4,4,1,0.98785514
INC0029312,1,4,0,0.26659063
INC0029312,2,4,0,0.20684041
INC0029312,3,4,0,0.18149519
INC0029312,4,4,0,0.20521131
INC0029317,1,1,0,0.010102539
INC0029334,1,1,0,0.0152011365
INC0029353,1,7,1,0.20650212
INC0029353,2,7,1,0.18426228
INC0029353,3,7,1,0.26163375
INC0029353,4,7,1,0.32920143
INC0029353,5,7,1,0.23924018
INC0029353,6,7,1,0.22167398
INC0029353,7,7,1,0.9940327
INC0029356,1,1,0,0.3431412
INC0029381,1,2,0,0.051886912
INC0029381,2,2,0,0.11477634
INC0029388,1,6,0,0.22214007
INC0029388,2,6,0,0.27496246
INC0029388,3,6,0,0.2884807
INC0029388,4,6,0,0.2620506
INC0029388,5,6,0,0.25287533
INC0029388,6,6,0,0.28551415
INC0029393,1,1,0,0.024119196
INC0029418,1,1,0,0.1550096
INC0029419,1,1,0,0.04269704
INC0029436,1,1,0,0.039004695
INC0029437,1,3,1,0.33850142
INC0029437,2,3,1,0.24658574
INC0029437,3,3,1,0.2831746
INC0029459,1,7,1,0.28483966
INC0029459,2,7,1,0.33640864
INC0029459,3,7,1,0.31796914
INC0029459,4,7,1,0.3399028
INC0029459,5,7,1,0.42777762
INC0029459,6,7,1,0.4274719
INC0029459,7,7,1,0.9951615
INC0029471,1,1,0,0.086615846
INC0029480,1,1,0,0.015872398
INC0029489,1,4,0,0.07339848
INC0029489,2,4,0,0.24149992
INC0029489,3,4,0,0.22276914
INC0029489,4,4,0,0.20846164
INC0029501,1,2,0,0.03726586
INC0029501,2,2,0,0.08414754
INC0029512,1,5,0,0.2299627
INC0029512,2,5,0,0.2355484
INC0029512,3,5,0,0.26499918
INC0029512,4,5,0,0.3177828
INC0029512,5,5,0,0.31492472
INC0029529,1,10,1,0.23523661
INC0029529,2,10,1,0.3383951
INC0029529,3,10,1,0.34418666
INC0029529,4,10,1,0.3344045
INC0029529,5,10,1,0.983904
INC0029529,6,10,1,0.9850802
INC0029529,7,10,1,0.98109907
INC0029529,8,10,1,0.98117524
INC0029534,1,3,0,0.5255805
INC0029534,2,3,0,0.42226216
INC0029534,3,3,0,0.3892518
INC0029578,1,2,0,0.022558138
INC0029578,2,2,0,0.09517568
INC0029594,1,1,0,0.0671467
INC0029602,1,7,1,0.24598454
INC0029602,2,7,1,0.19433582
INC0029602,3,7,1,0.18808788
INC0029602,4,7,1,0.22116117
INC0029602,5,7,1,0.27888957
INC0029602,6,7,1,0.23461461
INC0029602,7,7,1,0.36799636
INC0029631,1,4,0,0.010298678
INC0029631,2,4,0,0.04742943
INC0029631,3,4,0,0.035723794
INC0029631,4,4,0,0.023112668
INC0029637,1,2,0,0.037379507
INC0029637,2,2,0,0.08679797
INC0029646,1,1,0,0.22850265
INC0029658,1,6,0,0.17095615
INC0029658,2,6,0,0.15464947
INC0029658,3,6,0,0.15955397
INC0029658,4,6,0,0.20980807
INC0029658,5,6,0,0.17462836
INC0029658,6,6,0,0.16646494
INC0029661,1,1,0,0.037598513
INC0029663,1,3,1,0.25561827
INC0029663,2,3,1,0.99660933
INC0029663,3,3,1,0.9968809
INC0029669,1,3,1,0.38837582
INC0029669,2,3,1,0.7803124
INC0029669,3,3,1,0.9961959
INC0029685,1,3,0,0.21919201
INC0029685,2,3,0,0.14211378
INC0029685,3,3,0,0.1517511
INC0029713,1,1,0,0.03256416
INC0029722,1,1,0,0.038753696
INC0029732,1,3,0,0.35388705
INC0029732,2,3,0,0.34244087
INC0029732,3,3,0,0.37132236
INC0029748,1,2,0,0.17470694
INC0029748,2,2,0,0.26033115
INC0029770,1,1,0,0.044596348
INC0029839,1,3,0,0.3374499
INC0029839,2,3,0,0.35052744
INC0029839,3,3,0,0.17445622
INC0029844,1,4,0,0.19088405
INC0029844,2,4,0,0.18540098
INC0029844,3,4,0,0.2079279
INC0029844,4,4,0,0.20184493
INC0029858,1,2,0,0.06401832
INC0029858,2,2,0,0.14873698
INC0029862,1,2,0,0.13643074
INC0029862,2,2,0,0.2608828
INC0029869,1,1,0,0.032667264
INC0029877,1,8,1,0.089932814
INC0029877,2,8,1,0.30621767
INC0029877,3,8,1,0.36840388
INC0029877,4,8,1,0.39588043
INC0029877,5,8,1,0.47678322
INC0029877,6,8,1,0.99755484
INC0029877,7,8,1,0.99707377
INC0029877,8,8,1,0.99678516
INC0029888,1,7,0,0.33522615
INC0029888,2,7,0,0.44681334
INC0029888,3,7,0,0.5136203
INC0029888,4,7,0,0.4078116
INC0029888,5,7,0,0.40709218
INC0029888,6,7,0,0.4023066
INC0029888,7,7,0,0.3902689
INC0029890,1,4,0,0.52949625
INC0029890,2,4,0,0.55079293
INC0029890,3,4,0,0.25452992
INC0029890,4,4,0,0.27971357
INC0029905,1,6,0,0.22223635
INC0029905,2,6,0,0.2635379
INC0029905,3,6,0,0.25962734
INC0029905,4,6,0,0.32420215
INC0029905,5,6,0,0.29848003
INC0029905,6,6,0,0.36950216
INC0029915,1,1,0,0.11448732
INC0029924,1,1,0,0.013925041
INC0029933,1,1,0,0.0483279
INC0029936,1,3,0,0.4297202
INC0029936,2,3,0,0.5345297
INC0029936,3,3,0,0.52848095
INC0029941,1,5,1,0.25078985
INC0029941,2,5,1,0.21415132
INC0029941,3,5,1,0.82141846
INC0029941,4,5,1,0.8533667
INC0029941,5,5,1,0.98313206
INC0029952,1,3,0,0.494567
INC0029952,2,3,0,0.47353584
INC0029952,3,3,0,0.51883686
INC0029963,1,1,0,0.11578957
INC0029985,1,1,0,0.116998225
INC0030011,1,6,1,0.7688508
INC0030011,2,6,1,0.97668517
INC0030011,3,6,1,0.98113716
INC0030011,4,6,1,0.99905485
INC0030011,5,6,1,0.99939215
INC0030011,6,6,1,0.9994185
INC0030041,1,5,0,0.44994515
INC0030041,2,5,0,0.4328835
INC0030041,3,5,0,0.47575775
INC0030041,4,5,0,0.5044068
INC0030041,5,5,0,0.5426775
INC0030044,1,10,0,0.36017388
INC0030044,2,10,0,0.38620076
INC0030044,3,10,0,0.32670307
INC0030044,4,10,0,0.29513842
INC0030044,5,10,0,0.583532
INC0030044,6,10,0,0.50735986
INC0030044,7,10,0,0.5318763
INC0030044,8,10,0,0.62336147
INC0030045,1,3,1,0.5476769
INC0030045,2,3,1,0.5454349
INC0030045,3,3,1,0.7104005
INC0030046,1,1,0,0.1482946
INC0030062,1,1,0,0.13248119
INC0030065,1,1,0,0.3164121
INC0030067,1,1,0,0.065668665
INC0030095,1,1,0,0.4805942
INC0030110,1,1,0,0.11647966
INC0030135,1,1,0,0.07169529
INC0030140,1,4,0,0.24251164
INC0030140,2,4,0,0.24785486
INC0030140,3,4,0,0.21712224
INC0030140,4,4,0,0.21027389
INC0030147,1,3,0,0.20318677
INC0030147,2,3,0,0.18914235
INC0030147,3,3,0,0.19426093
INC0030162,1,4,0,0.27618414
INC0030162,2,4,0,0.44889152
INC0030162,3,4,0,0.46476007
INC0030162,4,4,0,0.38536438
INC0030179,1,3,0,0.15493499
INC0030179,2,3,0,0.12859724
INC0030179,3,3,0,0.063381456
INC0030181,1,1,0,0.027062258
INC0030191,1,5,1,0.062842995
INC0030191,2,5,1,0.59042156
INC0030191,3,5,1,0.88912094
INC0030191,4,5,1,0.899923
INC0030191,5,5,1,0.9970638
INC0030195,1,3,0,0.31993106
INC0030195,2,3,0,0.15711531
INC0030195,3,3,0,0.16023043
INC0030200,1,7,1,0.8622277
INC0030200,2,7,1,0.9964606
INC0030200,3,7,1,0.99643034
INC0030200,4,7,1,0.99917585
INC0030200,5,7,1,0.99881697
INC0030200,6,7,1,0.99917275
INC0030200,7,7,1,0.9991667
INC0030202,1,9,0,0.26748776
INC0030202,2,9,0,0.24857777
INC0030202,3,9,0,0.15543507
INC0030202,4,9,0,0.16954039
INC0030202,5,9,0,0.15775174
INC0030202,6,9,0,0.25510854
INC0030202,7,9,0,0.29910314
INC0030202,8,9,0,0.31116968
INC0030218,1,6,0,0.37111962
INC0030218,2,6,0,0.47014937
INC0030218,3,6,0,0.4524065
INC0030218,4,6,0,0.31498462
INC0030218,5,6,0,0.30344716
INC0030218,6,6,0,0.3286209
INC0030219,1,2,0,0.26758057
INC0030219,2,2,0,0.25834724
INC0030227,1,2,0,0.14598262
INC0030227,2,2,0,0.25493282
INC0030260,1,2,0,0.32751793
INC0030260,2,2,0,0.33073342
INC0030262,1,2,0,0.5571709
INC0030262,2,2,0,0.44785744
INC0030265,1,1,0,0.1005521
INC0030266,1,1,0,0.09395713
INC0030267,1,8,0,0.42837846
INC0030267,2,8,0,0.49481007
INC0030267,3,8,0,0.64000916
INC0030267,4,8,0,0.68779546
INC0030267,5,8,0,0.7366795
INC0030267,6,8,0,0.73666286
INC0030267,7,8,0,0.6438248
INC0030267,8,8,0,0.78448635
INC0030274,1,3,0,0.47355837
INC0030274,2,3,0,0.5786816
INC0030274,3,3,0,0.5282771
INC0030298,1,1,0,0.056182943
INC0030309,1,2,0,0.52705914
INC0030309,2,2,0,0.48422784
INC0030320,1,1,0,0.35132205
INC0030344,1,5,0,0.13420518
INC0030344,2,5,0,0.34538054
INC0030344,3,5,0,0.18503375
INC0030344,4,5,0,0.19473568
INC0030344,5,5,0,0.18298817
INC0030360,1,2,0,0.13903424
INC0030360,2,2,0,0.18604265
INC0030373,1,1,0,0.046689037
INC0030374,1,4,1,0.340979
INC0030374,2,4,1,0.37247348
INC0030374,3,4,1,0.3728264
INC0030374,4,4,1,0.49325243
INC0030380,1,1,0,0.3692582
INC0030389,1,1,0,0.49763456
INC0030406,1,1,0,0.009359869
INC0030422,1,1,0,0.0042320876
INC0030442,1,6,1,0.37099525
INC0030442,2,6,1,0.3407914
INC0030442,3,6,1,0.9963722
INC0030442,4,6,1,0.9974335
INC0030442,5,6,1,0.9973539
INC0030442,6,6,1,0.997326
INC0030453,1,1,0,0.036051076
INC0030462,1,2,0,0.064486586
INC0030462,2,2,0,0.14518657
INC0030472,1,1,0,0.045994982
INC0030483,1,4,0,0.2066603
INC0030483,2,4,0,0.13066939
INC0030483,3,4,0,0.07957786
INC0030483,4,4,0,0.07966716
INC0030495,1,7,1,0.30838242
INC0030495,2,7,1,0.23817675
INC0030495,3,7,1,0.43803167
INC0030495,4,7,1,0.32521486
INC0030495,5,7,1,0.4533648
INC0030495,6,7,1,0.9973375
INC0030495,7,7,1,0.9972397
INC0030502,1,1,0,0.055822637
INC0030535,1,2,0,0.2786008
INC0030535,2,2,0,0.16397645
INC0030591,1,4,0,0.025510628
INC0030591,2,4,0,0.09788864
INC0030591,3,4,0,0.10727628
INC0030591,4,4,0,0.08993682
INC0030597,1,1,0,0.01334105
INC0030629,1,9,1,0.4335275
INC0030629,2,9,1,0.1839525
INC0030629,3,9,1,0.1682461
INC0030629,4,9,1,0.16297983
INC0030629,5,9,1,0.1675349
INC0030629,6,9,1,0.18311544
INC0030629,7,9,1,0.50181884
INC0030629,8,9,1,0.29965073
INC0030631,1,4,0,0.22045177
INC0030631,2,4,0,0.21764354
INC0030631,3,4,0,0.24484688
INC0030631,4,4,0,0.2842265
INC0030643,1,3,1,0.3669115
INC0030643,2,3,1,0.53140163
INC0030643,3,3,1,0.9740379
INC0030669,1,1,0,0.076225094
INC0030674,1,3,0,0.24891007
INC0030674,2,3,0,0.22884822
INC0030674,3,3,0,0.2132745
INC0030682,1,2,0,0.33545527
INC0030682,2,2,0,0.34443843
INC0030697,1,8,1,0.3931648
INC0030697,2,8,1,0.28778404
INC0030697,3,8,1,0.2856167
INC0030697,4,8,1,0.673389
INC0030697,5,8,1,0.97472703
INC0030697,6,8,1,0.9762384
INC0030697,7,8,1,0.98008484
INC0030697,8,8,1,0.99251455
INC0030718,1,3,0,0.43677804
INC0030718,2,3,0,0.42762563
INC0030718,3,3,0,0.6199215
INC0030728,1,4,0,0.33166006
INC0030728,2,4,0,0.2922202
INC0030728,3,4,0,0.2854266
INC0030728,4,4,0,0.39651516
INC0030729,1,2,0,0.045559634
INC0030729,2,2,0,0.10620176
INC0030761,1,2,0,0.108052276
INC0030761,2,2,0,0.20803088
INC0030765,1,1,0,0.26366007
INC0030806,1,5,0,0.28813708
INC0030806,2,5,0,0.24669817
INC0030806,3,5,0,0.24590147
INC0030806,4,5,0,0.29569387
INC0030806,5,5,0,0.30246943
INC0030808,1,2,0,0.983374
INC0030808,2,2,0,0.9827412
INC0030811,1,1,0,0.05941622
INC0030830,1,4,0,0.13447724
INC0030830,2,4,0,0.47697148
INC0030830,3,4,0,0.48287374
INC0030830,4,4,0,0.5612525
INC0030837,1,1,0,0.093697496
INC0030846,1,3,0,0.060493656
INC0030846,2,3,0,0.16754636
INC0030846,3,3,0,0.14715879
INC0030853,1,1,0,0.16412921
INC0030865,1,1,0,0.32174122
INC0030882,1,1,0,0.5100139
INC0030883,1,1,0,0.1179213
INC0030887,1,9,1,0.06526431
INC0030887,2,9,1,0.1505911
INC0030887,3,9,1,0.18819022
INC0030887,4,9,1,0.94881445
INC0030887,5,9,1,0.9856596
INC0030887,6,9,1,0.99660754
INC0030887,7,9,1,0.9963654
INC0030887,8,9,1,0.99729013
INC0030892,1,2,0,0.01345637
INC0030892,2,2,0,0.045258615
INC0030909,1,9,1,0.3302398
INC0030909,2,9,1,0.28288195
INC0030909,3,9,1,0.38701752
INC0030909,4,9,1,0.42437664
INC0030909,5,9,1,0.42372242
INC0030909,6,9,1,0.5602758
INC0030909,7,9,1,0.5737281
INC0030909,8,9,1,0.9451365
INC0030918,1,3,0,0.34128773
INC0030918,2,3,0,0.3059417
INC0030918,3,3,0,0.21394739
INC0030938,1,1,0,0.055281125
INC0030956,1,1,0,0.09649659
INC0030978,1,2,0,0.29000655
INC0030978,2,2,0,0.3294317
INC0030986,1,9,1,0.5812175
INC0030986,2,9,1,0.47001344
INC0030986,3,9,1,0.5013605
INC0030986,4,9,1,0.30951798
INC0030986,5,9,1,0.5078422
INC0030986,6,9,1,0.5276485
INC0030986,7,9,1,0.57119215
INC0030986,8,9,1,0.9940229
INC0030990,1,1,0,0.1182775
INC0030995,1,1,0,0.05353343
INC0031004,1,8,0,0.39582664
INC0031004,2,8,0,0.38442627
INC0031004,3,8,0,0.3524738
INC0031004,4,8,0,0.324595
INC0031004,5,8,0,0.360668
INC0031004,6,8,0,0.3763628
INC0031004,7,8,0,0.4566122
INC0031004,8,8,0,0.43858737
INC0031020,1,14,1,0.35156846
INC0031020,2,14,1,0.425554
INC0031020,3,14,1,0.32147065
INC0031020,4,14,1,0.41941252
INC0031020,5,14,1,0.31502956
INC0031020,6,14,1,0.31502956
INC0031020,7,14,1,0.3802777
INC0031020,8,14,1,0.4946006
INC0031021,1,6,1,0.9831291
INC0031021,2,6,1,0.98250157
INC0031021,3,6,1,0.9805592
INC0031021,4,6,1,0.9805592
INC0031021,5,6,1,0.98136777
INC0031021,6,6,1,0.98246366
INC0031033,1,6,0,0.12868762
INC0031033,2,6,0,0.54140127
INC0031033,3,6,0,0.56565696
INC0031033,4,6,0,0.41749206
INC0031033,5,6,0,0.56276685
INC0031033,6,6,0,0.5779113
INC0031036,1,7,1,0.23884454
INC0031036,2,7,1,0.23555137
INC0031036,3,7,1,0.39512575
INC0031036,4,7,1,0.3138595
INC0031036,5,7,1,0.45271167
INC0031036,6,7,1,0.9958956
INC0031036,7,7,1,0.9963148
INC0031040,1,2,0,0.094867416
INC0031040,2,2,0,0.22831656
INC0031056,1,1,0,0.052928563
INC0031064,1,1,0,0.040494118
INC0031093,1,1,0,0.31004655
INC0031117,1,1,0,0.05874496
INC0031119,1,1,0,0.015960021
INC0031127,1,1,0,0.032706983
INC0031129,1,3,0,0.24833263
INC0031129,2,3,0,0.25321496
INC0031129,3,3,0,0.3688073
INC0031137,1,4,0,0.43517002
INC0031137,2,4,0,0.3538779
INC0031137,3,4,0,0.3523639
INC0031137,4,4,0,0.35284722
INC0031138,1,7,0,0.119581655
INC0031138,2,7,0,0.12897968
INC0031138,3,7,0,0.10838381
INC0031138,4,7,0,0.102716796
INC0031138,5,7,0,0.13489516
INC0031138,6,7,0,0.10248479
INC0031138,7,7,0,0.1133461
INC0031188,1,2,0,0.14394002
INC0031188,2,2,0,0.11113179
INC0031225,1,1,0,0.15432645
INC0031241,1,1,0,0.31241652
INC0031243,1,2,0,0.43162918
INC0031243,2,2,0,0.3869941
INC0031276,1,7,0,0.37553674
INC0031276,2,7,0,0.41233963
INC0031276,3,7,0,0.4646624
INC0031276,4,7,0,0.5615734
INC0031276,5,7,0,0.513032
INC0031276,6,7,0,0.4610766
INC0031276,7,7,0,0.4597489
INC0031321,1,2,0,0.3428281
INC0031321,2,2,0,0.15050809
INC0031341,1,2,0,0.10247126
INC0031341,2,2,0,0.04684567
INC0031387,1,2,1,0.31975266
INC0031387,2,2,1,0.40071148
INC0031400,1,3,1,0.43830252
INC0031400,2,3,1,0.4718402
INC0031400,3,3,1,0.9961116
INC0031427,1,1,0,0.06672266
INC0031440,1,2,0,0.036822584
INC0031440,2,2,0,0.08514299
INC0031448,1,8,1,0.26491147
INC0031448,2,8,1,0.32911912
INC0031448,3,8,1,0.33198863
INC0031448,4,8,1,0.36829808
INC0031448,5,8,1,0.3370765
INC0031448,6,8,1,0.35897428
INC0031448,7,8,1,0.99574834
INC0031448,8,8,1,0.9943932
INC0031456,1,1,0,0.009404905
INC0031457,1,2,0,0.029213957
INC0031457,2,2,0,0.06704841
INC0031468,1,1,0,0.037096012
INC0031497,1,1,0,0.014897879
INC0031518,1,5,1,0.831412
INC0031518,2,5,1,0.99796355
INC0031518,3,5,1,0.99865925
INC0031518,4,5,1,0.99856085
INC0031518,5,5,1,0.99523455
INC0031530,1,6,0,0.05123798
INC0031530,2,6,0,0.33668858
INC0031530,3,6,0,0.5513593
INC0031530,4,6,0,0.5269962
INC0031530,5,6,0,0.3987388
INC0031530,6,6,0,0.44763535
INC0031540,1,1,0,0.07445418
INC0031553,1,1,0,0.20543839
INC0031562,1,1,0,0.048776243
INC0031564,1,1,0,0.27478752
INC0031569,1,2,0,0.0647141
INC0031569,2,2,0,0.1067729
INC0031586,1,3,1,0.32302862
INC0031586,2,3,1,0.24982768
INC0031586,3,3,1,0.24982768
INC0031622,1,1,0,0.08963203
INC0031632,1,1,0,0.038297113
INC0031641,1,1,0,0.019602044
INC0031664,1,4,0,0.32489228
INC0031664,2,4,0,0.30116743
INC0031664,3,4,0,0.3541476
INC0031664,4,4,0,0.35845608
INC0031678,1,1,0,0.10201246
INC0031707,1,9,0,0.19890413
INC0031707,2,9,0,0.19843087
INC0031707,3,9,0,0.26894677
INC0031707,4,9,0,0.36482966
INC0031707,5,9,0,0.3765569
INC0031707,6,9,0,0.44922122
INC0031707,7,9,0,0.51858073
INC0031707,8,9,0,0.5311176
INC0031713,1,1,0,0.20511554
INC0031717,1,1,0,0.20511554
INC0031719,1,1,0,0.008005595
INC0031725,1,2,0,0.18079996
INC0031725,2,2,0,0.09384694
INC0031728,1,2,0,0.1838362
INC0031728,2,2,0,0.16078977
INC0031735,1,2,1,0.96976817
INC0031735,2,2,1,0.97266924
INC0031750,1,1,0,0.11176656
INC0031774,1,2,0,0.04086714
INC0031774,2,2,0,0.09021503
INC0031777,1,1,0,0.013457915
INC0031788,1,1,0,0.17929599
INC0031811,1,2,1,0.28178215
INC0031811,2,2,1,0.99480045
INC0031814,1,13,1,0.08717708
INC0031814,2,13,1,0.19335346
INC0031814,3,13,1,0.20659451
INC0031814,4,13,1,0.20658046
INC0031814,5,13,1,0.3837974
INC0031814,6,13,1,0.30009568
INC0031814,7,13,1,0.29893237
INC0031814,8,13,1,0.30406436
INC0031818,1,1,0,0.118696496
INC0031819,1,1,0,0.042740807
INC0031824,1,2,0,0.26548377
INC0031824,2,2,0,0.116596565
INC0031861,1,1,0,0.097030066
INC0031879,1,1,0,0.1319032
INC0031900,1,1,0,0.069647975
INC0031944,1,5,1,0.98466563
INC0031944,2,5,1,0.9846659
INC0031944,3,5,1,0.98686033
INC0031944,4,5,1,0.9817639
INC0031944,5,5,1,0.9854224
INC0031951,1,6,1,0.23972034
INC0031951,2,6,1,0.23513108
INC0031951,3,6,1,0.13626537
INC0031951,4,6,1,0.14648724
INC0031951,5,6,1,0.20849417
INC0031951,6,6,1,0.99590623
INC0031959,1,4,0,0.26756436
INC0031959,2,4,0,0.2923031
INC0031959,3,4,0,0.32279775
INC0031959,4,4,0,0.38496032
INC0031980,1,1,0,0.06541011
INC0031989,1,3,0,0.29802382
INC0031989,2,3,0,0.26995343
INC0031989,3,3,0,0.29687306
INC0031990,1,1,0,0.09209849
INC0032007,1,3,0,0.144365
INC0032007,2,3,0,0.072206885
INC0032007,3,3,0,0.07776482
INC0032008,1,8,0,0.12536088
INC0032008,2,8,0,0.11304926
INC0032008,3,8,0,0.14629377
INC0032008,4,8,0,0.14757694
INC0032008,5,8,0,0.1945737
INC0032008,6,8,0,0.20722604
INC0032008,7,8,0,0.18570587
INC0032008,8,8,0,0.18258831
INC0032010,1,13,1,0.3223332
INC0032010,2,13,1,0.3084234
INC0032010,3,13,1,0.34975892
INC0032010,4,13,1,0.3810061
INC0032010,5,13,1,0.38627473
INC0032010,6,13,1,0.3864877
INC0032010,7,13,1,0.47898647
INC0032010,8,13,1,0.5009132
INC0032022,1,13,1,0.8060629
INC0032022,2,13,1,0.7748676
INC0032022,3,13,1,0.7510154
INC0032022,4,13,1,0.9987031
INC0032022,5,13,1,0.9980667
INC0032022,6,13,1,0.99911994
INC0032022,7,13,1,0.9990865
INC0032022,8,13,1,0.9991301
INC0032024,1,1,0,0.051923897
INC0032090,1,1,0,0.05566339
INC0032115,1,5,1,0.112050086
INC0032115,2,5,1,0.38557208
INC0032115,3,5,1,0.99755704
INC0032115,4,5,1,0.9972379
INC0032115,5,5,1,0.99749506
INC0032118,1,1,0,0.055347554
INC0032132,1,1,0,0.06127926
INC0032137,1,2,0,0.065151416
INC0032137,2,2,0,0.14748605
INC0032139,1,2,1,0.11228806
INC0032139,2,2,1,0.123992085
INC0032192,1,5,1,0.10194901
INC0032192,2,5,1,0.35355604
INC0032192,3,5,1,0.3616867
INC0032192,4,5,1,0.99708074
INC0032192,5,5,1,0.9960387
INC0032201,1,5,1,0.2681073
INC0032201,2,5,1,0.26895514
INC0032201,3,5,1,0.27647188
INC0032201,4,5,1,0.34998602
INC0032201,5,5,1,0.9951095
INC0032204,1,1,0,0.057209082
INC0032215,1,7,1,0.3095478
INC0032215,2,7,1,0.27882516
INC0032215,3,7,1,0.27882516
INC0032215,4,7,1,0.3132982
INC0032215,5,7,1,0.33396515
INC0032215,6,7,1,0.99485165
INC0032215,7,7,1,0.9961642
INC0032239,1,1,0,0.11895538
INC0032243,1,3,0,0.47310212
INC0032243,2,3,0,0.4289783
INC0032243,3,3,0,0.4845398
INC0032247,1,2,0,0.49955228
INC0032247,2,2,0,0.4487889
INC0032250,1,7,0,0.9044749
INC0032250,2,7,0,0.90646493
INC0032250,3,7,0,0.9029361
INC0032250,4,7,0,0.61820817
INC0032250,5,7,0,0.5646668
INC0032250,6,7,0,0.59878135
INC0032250,7,7,0,0.7351157
INC0032258,1,3,0,0.37273166
INC0032258,2,3,0,0.28781578
INC0032258,3,3,0,0.38389784
INC0032260,1,5,0,0.27914557
INC0032260,2,5,0,0.11538861
INC0032260,3,5,0,0.28612387
INC0032260,4,5,0,0.22313118
INC0032260,5,5,0,0.23234876
INC0032263,1,1,0,0.017297063
INC0032273,1,12,0,0.3429074
INC0032273,2,12,0,0.38991088
INC0032273,3,12,0,0.39189953
INC0032273,4,12,0,0.3552442
INC0032273,5,12,0,0.33624506
INC0032273,6,12,0,0.34918395
INC0032273,7,12,0,0.40831414
INC0032273,8,12,0,0.41899014
INC0032276,1,4,0,0.30008057
INC0032276,2,4,0,0.33077803
INC0032276,3,4,0,0.25187603
INC0032276,4,4,0,0.21813214
INC0032279,1,3,1,0.52004135
INC0032279,2,3,1,0.9967969
INC0032279,3,3,1,0.9977004
INC0032280,1,3,0,0.2876976
INC0032280,2,3,0,0.2810067
INC0032280,3,3,0,0.17118073
INC0032283,1,6,1,0.2507676
INC0032283,2,6,1,0.96790713
INC0032283,3,6,1,0.9767373
INC0032283,4,6,1,0.96643186
INC0032283,5,6,1,0.9749086
INC0032283,6,6,1,0.96599746
INC0032286,1,3,0,0.26350686
INC0032286,2,3,0,0.15203309
INC0032286,3,3,0,0.15149954
INC0032300,1,1,0,0.049004916
INC0032315,1,5,0,0.3676485
INC0032315,2,5,0,0.31645694
INC0032315,3,5,0,0.365788
INC0032315,4,5,0,0.35849276
INC0032315,5,5,0,0.40617424
INC0032326,1,5,0,0.3399968
INC0032326,2,5,0,0.3077924
INC0032326,3,5,0,0.28178284
INC0032326,4,5,0,0.3387338
INC0032326,5,5,0,0.3542179
INC0032351,1,3,1,0.19584878
INC0032351,2,3,1,0.23465793
INC0032351,3,3,1,0.9907347
INC0032368,1,5,1,0.3196194
INC0032368,2,5,1,0.40514287
INC0032368,3,5,1,0.40017825
INC0032368,4,5,1,0.4380985
INC0032368,5,5,1,0.6382139
INC0032391,1,1,0,0.097885676
INC0032393,1,7,1,0.3001162
INC0032393,2,7,1,0.3656661
INC0032393,3,7,1,0.3871256
INC0032393,4,7,1,0.4057853
INC0032393,5,7,1,0.55074954
INC0032393,6,7,1,0.9960764
INC0032393,7,7,1,0.99688643
INC0032405,1,2,0,0.07394885
INC0032405,2,2,0,0.07795736
INC0032411,1,6,1,0.81703305
INC0032411,2,6,1,0.8265052
INC0032411,3,6,1,0.82687336
INC0032411,4,6,1,0.87802273
INC0032411,5,6,1,0.99722916
INC0032411,6,6,1,0.99752456
INC0032413,1,7,1,0.62758297
INC0032413,2,7,1,0.78599143
INC0032413,3,7,1,0.7807489
INC0032413,4,7,1,0.84615886
INC0032413,5,7,1,0.9971655
INC0032413,6,7,1,0.99720615
INC0032413,7,7,1,0.99691415
INC0032428,1,10,1,0.4036689
INC0032428,2,10,1,0.6596316
INC0032428,3,10,1,0.6725402
INC0032428,4,10,1,0.44710037
INC0032428,5,10,1,0.52430737
INC0032428,6,10,1,0.54806775
INC0032428,7,10,1,0.9961299
INC0032428,8,10,1,0.9963074
INC0032440,1,1,0,0.04844253
INC0032451,1,2,1,0.72479546
INC0032451,2,2,1,0.9987213
INC0032453,1,1,1,0.3461698
INC0032462,1,5,1,0.38770705
INC0032462,2,5,1,0.99713695
INC0032462,3,5,1,0.9970583
INC0032462,4,5,1,0.99704605
INC0032462,5,5,1,0.99690527
INC0032488,1,9,1,0.3268733
INC0032488,2,9,1,0.34539038
INC0032488,3,9,1,0.4600337
INC0032488,4,9,1,0.41057113
INC0032488,5,9,1,0.43957177
INC0032488,6,9,1,0.41154584
INC0032488,7,9,1,0.5970101
INC0032488,8,9,1,0.9962625
INC0032505,1,1,0,0.11469516
INC0032524,1,2,0,0.060426388
INC0032524,2,2,0,0.13552576
INC0032526,1,1,0,0.38685334
INC0032571,1,11,1,0.3811718
INC0032571,2,11,1,0.99385554
INC0032571,3,11,1,0.99633455
INC0032571,4,11,1,0.9969723
INC0032571,5,11,1,0.99708253
INC0032571,6,11,1,0.9969633
INC0032571,7,11,1,0.99772924
INC0032571,8,11,1,0.99769187
INC0032595,1,18,1,0.43698397
INC0032595,2,18,1,0.46599126
INC0032595,3,18,1,0.46968147
INC0032595,4,18,1,0.5448486
INC0032595,5,18,1,0.58818126
INC0032595,6,18,1,0.6188946
INC0032595,7,18,1,0.38377225
INC0032595,8,18,1,0.99433595
INC0032604,1,14,1,0.28534514
INC0032604,2,14,1,0.2869972
INC0032604,3,14,1,0.29034495
INC0032604,4,14,1,0.3106951
INC0032604,5,14,1,0.97827315
INC0032604,6,14,1,0.97827315
INC0032604,7,14,1,0.9694462
INC0032604,8,14,1,0.97325325
INC0032633,1,11,1,0.4252578
INC0032633,2,11,1,0.43729103
INC0032633,3,11,1,0.47011447
INC0032633,4,11,1,0.47011447
INC0032633,5,11,1,0.61446136
INC0032633,6,11,1,0.73890615
INC0032633,7,11,1,0.98500085
INC0032633,8,11,1,0.9868417
INC0032636,1,2,1,0.55385447
INC0032636,2,2,1,0.6139638
INC0032637,1,3,1,0.56150925
INC0032637,2,3,1,0.50451356
INC0032637,3,3,1,0.99761665
INC0032642,1,1,0,0.26204222
INC0032643,1,2,0,0.13251138
INC0032643,2,2,0,0.22543481
INC0032645,1,2,0,0.06475011
INC0032645,2,2,0,0.14496277
INC0032668,1,1,0,0.043728773
INC0032694,1,4,0,0.14422677
INC0032694,2,4,0,0.28484252
INC0032694,3,4,0,0.23684183
INC0032694,4,4,0,0.23640183
INC0032728,1,1,0,0.13354185
INC0032750,1,6,0,0.3995059
INC0032750,2,6,0,0.3632076
INC0032750,3,6,0,0.3526787
INC0032750,4,6,0,0.45943013
INC0032750,5,6,0,0.4710732
INC0032750,6,6,0,0.30079025
INC0032767,1,15,1,0.12526636
INC0032767,2,15,1,0.20635012
INC0032767,3,15,1,0.18126473
INC0032767,4,15,1,0.18033047
INC0032767,5,15,1,0.15658604
INC0032767,6,15,1,0.16097803
INC0032767,7,15,1,0.20852622
INC0032767,8,15,1,0.20559232
INC0032776,1,1,0,0.09551961
INC0032793,1,1,0,0.02224151
INC0032808,1,1,0,0.008877575
INC0032810,1,1,0,0.053237986
INC0032821,1,3,1,0.8942653
INC0032821,2,3,1,0.9965946
INC0032821,3,3,1,0.99569464
INC0032828,1,3,0,0.34667015
INC0032828,2,3,0,0.32992736
INC0032828,3,3,0,0.28539866
INC0032838,1,1,0,0.049803823
INC0032843,1,1,0,0.012839471
INC0032844,1,4,0,0.1856939
INC0032844,2,4,0,0.13789228
INC0032844,3,4,0,0.27881497
INC0032844,4,4,0,0.2596112
INC0032865,1,3,0,0.38443834
INC0032865,2,3,0,0.17902347
INC0032865,3,3,0,0.18133783
INC0032874,1,1,0,0.0517181
INC0032876,1,4,0,0.2331883
INC0032876,2,4,0,0.22408909
INC0032876,3,4,0,0.21811108
INC0032876,4,4,0,0.27631363
INC0032893,1,1,0,0.14317918
INC0032898,1,5,1,0.2586512
INC0032898,2,5,1,0.25575143
INC0032898,3,5,1,0.2484865
INC0032898,4,5,1,0.95627546
INC0032898,5,5,1,0.9743852
INC0032902,1,1,0,0.012440183
INC0032931,1,5,1,0.07174405
INC0032931,2,5,1,0.967156
INC0032931,3,5,1,0.9829333
INC0032931,4,5,1,0.9827383
INC0032931,5,5,1,0.99488163
INC0032959,1,1,0,0.035982497
INC0032963,1,7,1,0.40338254
INC0032963,2,7,1,0.37186918
INC0032963,3,7,1,0.9783318
INC0032963,4,7,1,0.9851082
INC0032963,5,7,1,0.98477423
INC0032963,6,7,1,0.9951858
INC0032963,7,7,1,0.995424
INC0032970,1,3,0,0.5311343
INC0032970,2,3,0,0.5165853
INC0032970,3,3,0,0.48896167
INC0033059,1,7,1,0.40770474
INC0033059,2,7,1,0.42561147
INC0033059,3,7,1,0.41947743
INC0033059,4,7,1,0.44294167
INC0033059,5,7,1,0.4105765
INC0033059,6,7,1,0.46531487
INC0033059,7,7,1,0.52283233
INC0033068,1,2,0,0.34547302
INC0033068,2,2,0,0.21337935
INC0033082,1,1,0,0.40322033
INC0033087,1,8,1,0.31280628
INC0033087,2,8,1,0.29907402
INC0033087,3,8,1,0.45474696
INC0033087,4,8,1,0.9708673
INC0033087,5,8,1,0.9731339
INC0033087,6,8,1,0.96976256
INC0033087,7,8,1,0.9658412
INC0033087,8,8,1,0.96502256
INC0033091,1,1,0,0.17401884
INC0033136,1,4,1,0.46446717
INC0033136,2,4,1,0.41402864
INC0033136,3,4,1,0.5479142
INC0033136,4,4,1,0.5276016
INC0033155,1,4,0,0.26643997
INC0033155,2,4,0,0.26316294
INC0033155,3,4,0,0.19529954
INC0033155,4,4,0,0.17636523
INC0033178,1,1,0,0.04012793
INC0033209,1,4,1,0.3008718
INC0033209,2,4,1,0.27405286
INC0033209,3,4,1,0.31191364
INC0033209,4,4,1,0.32557696
INC0033222,1,1,0,0.28576344
INC0033230,1,3,1,0.48089713
INC0033230,2,3,1,0.4525043
INC0033230,3,3,1,0.88395375
INC0033247,1,3,0,0.39009708
INC0033247,2,3,0,0.36084342
INC0033247,3,3,0,0.38084114
INC0033264,1,10,0,0.26341927
INC0033264,2,10,0,0.25717416
INC0033264,3,10,0,0.27869985
INC0033264,4,10,0,0.33765215
INC0033264,5,10,0,0.27129272
INC0033264,6,10,0,0.31816602
INC0033264,7,10,0,0.36620206
INC0033264,8,10,0,0.41666234
INC0033280,1,7,0,0.20305784
INC0033280,2,7,0,0.18107592
INC0033280,3,7,0,0.16023044
INC0033280,4,7,0,0.189345
INC0033280,5,7,0,0.1851074
INC0033280,6,7,0,0.22128154
INC0033280,7,7,0,0.25272977
INC0033286,1,1,0,0.009439343
INC0033314,1,1,0,0.03006214
INC0033316,1,3,0,0.3412263
INC0033316,2,3,0,0.34196517
INC0033316,3,3,0,0.32925907
INC0033318,1,3,1,0.32687297
INC0033318,2,3,1,0.48010677
INC0033318,3,3,1,0.99652123
INC0033323,1,2,0,0.31427005
INC0033323,2,2,0,0.28262082
INC0033338,1,2,0,0.12792876
INC0033338,2,2,0,0.07509027
INC0033354,1,13,1,0.5168313
INC0033354,2,13,1,0.47496966
INC0033354,3,13,1,0.4858421
INC0033354,4,13,1,0.4500707
INC0033354,5,13,1,0.46987757
INC0033354,6,13,1,0.43664432
INC0033354,7,13,1,0.43470138
INC0033354,8,13,1,0.9843104
INC0033372,1,2,0,0.15167195
INC0033372,2,2,0,0.18312038
INC0033374,1,2,0,0.15216102
INC0033374,2,2,0,0.15055752
INC0033383,1,1,0,0.022469472
INC0033423,1,1,0,0.032193054
INC0033424,1,1,0,0.059288837
INC0033428,1,2,0,0.06049089
INC0033428,2,2,0,0.06336575
INC0033440,1,2,0,0.16034901
INC0033440,2,2,0,0.13013741
INC0033451,1,1,0,0.07057807
INC0033501,1,1,0,0.044872664
INC0033513,1,11,0,0.093429886
INC0033513,2,11,0,0.09305841
INC0033513,3,11,0,0.110924445
INC0033513,4,11,0,0.109174386
INC0033513,5,11,0,0.092456944
INC0033513,6,11,0,0.23543333
INC0033513,7,11,0,0.122959085
INC0033513,8,11,0,0.11006474
INC0033524,1,2,0,0.058860857
INC0033524,2,2,0,0.10887338
INC0033529,1,12,1,0.19829677
INC0033529,2,12,1,0.21529938
INC0033529,3,12,1,0.18312372
INC0033529,4,12,1,0.24020857
INC0033529,5,12,1,0.34394524
INC0033529,6,12,1,0.30242833
INC0033529,7,12,1,0.31937265
INC0033529,8,12,1,0.39205667
INC0033539,1,6,0,0.1406406
INC0033539,2,6,0,0.10668053
INC0033539,3,6,0,0.10123715
INC0033539,4,6,0,0.11931785
INC0033539,5,6,0,0.14930058
INC0033539,6,6,0,0.14647941
INC0033541,1,1,0,0.005862192
INC0033564,1,1,0,0.017255364
INC0033606,1,1,0,0.033146378
INC0033613,1,2,0,0.20237751
INC0033613,2,2,0,0.23992334
INC0033614,1,1,0,0.028301423
INC0033623,1,4,0,0.33274296
INC0033623,2,4,0,0.32222095
INC0033623,3,4,0,0.31205234
INC0033623,4,4,0,0.25618148
INC0033644,1,1,0,0.036972824
INC0033646,1,4,1,0.18173176
INC0033646,2,4,1,0.24855694
INC0033646,3,4,1,0.28121457
INC0033646,4,4,1,0.99487114
INC0033657,1,1,0,0.032534044
INC0033663,1,1,0,0.075866185
INC0033669,1,2,1,0.8796739
INC0033669,2,2,1,0.970237
INC0033683,1,1,0,0.09531457
INC0033692,1,1,0,0.04342953
INC0033741,1,2,0,0.043475084
INC0033741,2,2,0,0.09408425
INC0033773,1,7,0,0.2939003
INC0033773,2,7,0,0.31887493
INC0033773,3,7,0,0.2605756
INC0033773,4,7,0,0.5861924
INC0033773,5,7,0,0.5432938
INC0033773,6,7,0,0.5528261
INC0033773,7,7,0,0.33014926
INC0033790,1,2,0,0.21043806
INC0033790,2,2,0,0.27057946
INC0033811,1,1,0,0.029118266
INC0033823,1,2,0,0.070133545
INC0033823,2,2,0,0.12834497
INC0033824,1,4,0,0.08261422
INC0033824,2,4,0,0.096063145
INC0033824,3,4,0,0.09250977
INC0033824,4,4,0,0.10076331
INC0033844,1,7,0,0.28899083
INC0033844,2,7,0,0.19973886
INC0033844,3,7,0,0.20911829
INC0033844,4,7,0,0.2869436
INC0033844,5,7,0,0.26590425
INC0033844,6,7,0,0.26386052
INC0033844,7,7,0,0.6653099
INC0033845,1,1,0,0.014102226
INC0033846,1,3,0,0.08618734
INC0033846,2,3,0,0.34981626
INC0033846,3,3,0,0.192241
INC0033856,1,1,0,0.08924896
INC0033863,1,1,0,0.09544964
INC0033895,1,1,0,0.08781951
INC0033906,1,6,0,0.4748707
INC0033906,2,6,0,0.41327932
INC0033906,3,6,0,0.47058612
INC0033906,4,6,0,0.46509334
INC0033906,5,6,0,0.45724553
INC0033906,6,6,0,0.36546186
INC0033909,1,1,0,0.012824945
INC0033915,1,3,1,0.6978556
INC0033915,2,3,1,0.62200814
INC0033915,3,3,1,0.99740535
INC0033920,1,5,0,0.25201017
INC0033920,2,5,0,0.22917604
INC0033920,3,5,0,0.22248963
INC0033920,4,5,0,0.35456195
INC0033920,5,5,0,0.28338164
INC0033936,1,1,0,0.010479395
INC0033946,1,2,0,0.20258549
INC0033946,2,2,0,0.21259221
INC0033996,1,1,0,0.03015616
INC0034004,1,11,1,0.85866946
INC0034004,2,11,1,0.8651109
INC0034004,3,11,1,0.8651109
INC0034004,4,11,1,0.8626134
INC0034004,5,11,1,0.87203926
INC0034004,6,11,1,0.86728
INC0034004,7,11,1,0.86829907
INC0034004,8,11,1,0.86829907
INC0034011,1,1,0,0.033585727
INC0034048,1,7,1,0.8171203
INC0034048,2,7,1,0.7547526
INC0034048,3,7,1,0.999461
INC0034048,4,7,1,0.9994387
INC0034048,5,7,1,0.99961734
INC0034048,6,7,1,0.9995511
INC0034048,7,7,1,0.99956256
INC0034128,1,9,1,0.96181965
INC0034128,2,9,1,0.9637955
INC0034128,3,9,1,0.9676046
INC0034128,4,9,1,0.97458446
INC0034128,5,9,1,0.9721491
INC0034128,6,9,1,0.979219
INC0034128,7,9,1,0.9831613
INC0034128,8,9,1,0.9919634
INC0034132,1,2,0,0.1249507
INC0034132,2,2,0,0.22920941
INC0034141,1,2,0,0.040567458
INC0034141,2,2,0,0.08198831
INC0034145,1,16,1,0.36686566
INC0034145,2,16,1,0.47671995
INC0034145,3,16,1,0.47619444
INC0034145,4,16,1,0.36452234
INC0034145,5,16,1,0.4519176
INC0034145,6,16,1,0.48431873
INC0034145,7,16,1,0.4788674
INC0034145,8,16,1,0.4326651
INC0034148,1,1,0,0.09245964
INC0034151,1,4,0,0.23837118
INC0034151,2,4,0,0.26426417
INC0034151,3,4,0,0.18719633
INC0034151,4,4,0,0.41142514
INC0034214,1,8,0,0.33283058
INC0034214,2,8,0,0.3664115
INC0034214,3,8,0,0.39877114
INC0034214,4,8,0,0.34964347
INC0034214,5,8,0,0.39575276
INC0034214,6,8,0,0.56504375
INC0034214,7,8,0,0.485804
INC0034214,8,8,0,0.5522406
INC0034217,1,1,0,0.28601888
INC0034219,1,1,0,0.4632261
INC0034233,1,2,0,0.05218237
INC0034233,2,2,0,0.12023114
INC0034252,1,1,0,0.092246994
INC0034261,1,1,0,0.032200012
INC0034298,1,1,0,0.109066136
INC0034305,1,2,0,0.06938026
INC0034305,2,2,0,0.15803333
INC0034316,1,5,0,0.41506106
INC0034316,2,5,0,0.435968
INC0034316,3,5,0,0.16632684
INC0034316,4,5,0,0.24681649
INC0034316,5,5,0,0.2927957
INC0034318,1,2,0,0.24182837
INC0034318,2,2,0,0.22066277
INC0034330,1,1,1,0.86394227
INC0034331,1,1,0,0.3409171
INC0034335,1,9,1,0.2810922
INC0034335,2,9,1,0.2831025
INC0034335,3,9,1,0.3916269
INC0034335,4,9,1,0.32704487
INC0034335,5,9,1,0.47979182
INC0034335,6,9,1,0.48605818
INC0034335,7,9,1,0.5537489
INC0034335,8,9,1,0.97788846
INC0034338,1,2,1,0.35054016
INC0034338,2,2,1,0.46594545
INC0034350,1,5,0,0.37503338
INC0034350,2,5,0,0.3406947
INC0034350,3,5,0,0.36250943
INC0034350,4,5,0,0.25807992
INC0034350,5,5,0,0.2461888
INC0034374,1,4,1,0.40363228
INC0034374,2,4,1,0.9912287
INC0034374,3,4,1,0.99138486
INC0034374,4,4,1,0.9908682
