case_id,k,_n_nonterm,y,p
1-467153946,1,38,1,0.8678103465517283
1-467153946,2,38,1,0.861011127318146
1-467153946,3,38,1,0.9457477897000306
1-467153946,4,38,1,0.9303959533755951
1-467153946,5,38,1,0.9546717315003451
1-467153946,6,38,1,0.9206100503272348
1-467153946,7,38,1,0.9296900812560959
1-467153946,8,38,1,0.9364801796379353
1-467153946,9,38,1,0.9884422466996072
1-467153946,10,38,1,0.9811219913773153
1-467153946,11,38,1,0.9829255228260649
1-467153946,12,38,1,0.9784904904108594
1-530458987,1,28,1,0.9542089536794844
1-530458987,2,28,1,0.9628345905996061
1-530458987,3,28,1,0.984519405187726
1-530458987,4,28,1,0.9230482513960235
1-530458987,5,28,1,0.92349986522717
1-530458987,6,28,1,0.9229553305891812
1-530458987,7,28,1,0.9262214184941873
1-530458987,8,28,1,0.9251119476095742
1-530458987,9,28,1,0.9653171553697274
1-530458987,10,28,1,0.9757626264510253
1-530458987,11,28,1,0.9888568917724087
1-530458987,12,28,1,0.97948241277583
1-530838254,1,40,1,0.946509799100127
1-530838254,2,40,1,0.9211524300500096
1-530838254,3,40,1,0.9822012567798096
1-530838254,4,40,1,0.9233994269100807
1-530838254,5,40,1,0.8889047007730178
1-530838254,6,40,1,0.8901752380038528
1-530838254,7,40,1,0.8885764652925536
1-530838254,8,40,1,0.9580230404279196
1-530838254,9,40,1,0.9580568503262757
1-530838254,10,40,1,0.9472793607887904
1-530838254,11,40,1,0.9500994958875761
1-530838254,12,40,1,0.9780724626740185
1-543317665,1,21,1,0.9298890834655718
1-543317665,2,21,1,0.9294934021262787
1-543317665,3,21,1,0.9712657757962146
1-543317665,4,21,1,0.975114006129708
1-543317665,5,21,1,0.9484572280612327
1-543317665,6,21,1,0.9460930655111484
1-543317665,7,21,1,0.9447451635997557
1-543317665,8,21,1,0.9403457580165786
1-543317665,9,21,1,0.9572015791831793
1-543317665,10,21,1,0.9507099294992624
1-543317665,11,21,1,0.9305394543650294
1-543317665,12,21,1,0.9297452528545498
1-543979253,1,4,1,0.9331164227295253
1-543979253,2,4,1,0.9314756587548932
1-543979253,3,4,1,0.9445625140164494
1-543979253,4,4,1,0.945780959902183
1-565045794,1,29,1,0.9298349963788257
1-565045794,2,29,1,0.924037293747327
1-565045794,3,29,1,0.9023355984119111
1-565045794,4,29,1,0.9160067632213427
1-565045794,5,29,1,0.9326020136169669
1-565045794,6,29,1,0.9315491085425555
1-565045794,7,29,1,0.9363387949432624
1-565045794,8,29,1,0.8988195017673042
1-565045794,9,29,1,0.8986144259735172
1-565045794,10,29,1,0.8853910555719237
1-565045794,11,29,1,0.9052262165729931
1-565045794,12,29,1,0.8930454426000923
1-567358917,1,11,1,0.8762245033931464
1-567358917,2,11,1,0.8791032143874434
1-567358917,3,11,1,0.9555759676286855
1-567358917,4,11,1,0.9765946548440952
1-567358917,5,11,1,0.9655473081918264
1-567358917,6,11,1,0.9829251603100945
1-567358917,7,11,1,0.9446884259997126
1-567358917,8,11,1,0.9617845196173391
1-567358917,9,11,1,0.9978301918972519
1-567358917,10,11,1,0.9988554207882351
1-567358917,11,11,1,0.9798300005928323
1-593737913,1,9,1,0.885562886801139
1-593737913,2,9,1,0.8764718269900946
1-593737913,3,9,1,0.9119017873975127
1-593737913,4,9,1,0.8999373062561248
1-593737913,5,9,1,0.9234876062289022
1-593737913,6,9,1,0.9433536121099035
1-593737913,7,9,1,0.9813348906150217
1-593737913,8,9,1,0.9781566057764546
1-593737913,9,9,1,0.9713641932019
1-605956457,1,25,1,0.9261928823569773
1-605956457,2,25,1,0.9379512685361289
1-605956457,3,25,1,0.9059659124304444
1-605956457,4,25,1,0.9120980321874792
1-605956457,5,25,1,0.908117193111416
1-605956457,6,25,1,0.9812092377632862
1-605956457,7,25,1,0.9809540852281473
1-605956457,8,25,1,0.9831156389356509
1-605956457,9,25,1,0.9697335064890319
1-605956457,10,25,1,0.9652669963289682
1-605956457,11,25,1,0.9659378509923596
1-605956457,12,25,1,0.9492604090348432
1-638841644,1,7,1,0.9234271237664428
1-638841644,2,7,1,0.9312594209746199
1-638841644,3,7,1,0.9331886945404585
1-638841644,4,7,1,0.9356476418448174
1-638841644,5,7,1,0.9416994768586371
1-638841644,6,7,1,0.902814944284814
1-638841644,7,7,1,0.9628872163481039
1-649830550,1,16,1,0.8348987593148074
1-649830550,2,16,1,0.7816570346953938
1-649830550,3,16,1,0.7957280404147399
1-649830550,4,16,1,0.853228442186849
1-649830550,5,16,1,0.8812704002675595
1-649830550,6,16,1,0.8322173396056702
1-649830550,7,16,1,0.7980291045156204
1-649830550,8,16,1,0.8872406075166434
1-649830550,9,16,1,0.8790020996996445
1-649830550,10,16,1,0.9627040182581432
1-649830550,11,16,1,0.950421098953709
1-649830550,12,16,1,0.9637959768177471
1-657323705,1,5,1,0.8996815608364265
1-657323705,2,5,1,0.8917127941450175
1-657323705,3,5,1,0.8880127756879167
1-657323705,4,5,1,0.9672452907799215
1-657323705,5,5,1,0.9741861858228769
1-686398767,1,9,1,0.9042288463692061
1-686398767,2,9,1,0.9009308561969162
1-686398767,3,9,1,0.8780570112907822
1-686398767,4,9,1,0.8970321402203663
1-686398767,5,9,1,0.8918511578041127
1-686398767,6,9,1,0.8761259043399356
1-686398767,7,9,1,0.8859242479485363
1-686398767,8,9,1,0.9025204138306843
1-686398767,9,9,1,0.9082851582597898
1-686497432,1,53,1,0.9533719404034758
1-686497432,2,53,1,0.9207156914857959
1-686497432,3,53,1,0.9453432677812927
1-686497432,4,53,1,0.9203992109947796
1-686497432,5,53,1,0.9600976768122439
1-686497432,6,53,1,0.9579609086385354
1-686497432,7,53,1,0.9602929233472649
1-686497432,8,53,1,0.9731902316419191
1-686497432,9,53,1,0.9676215862461136
1-686497432,10,53,1,0.9948772503839016
1-686497432,11,53,1,0.9917238784738018
1-686497432,12,53,1,0.9904507864548583
1-687710013,1,5,1,0.722831194719867
1-687710013,2,5,1,0.7359877899063194
1-687710013,3,5,1,0.828811292490481
1-687710013,4,5,1,0.7840149770805708
1-687710013,5,5,1,0.84752596220978
1-691950241,1,13,1,0.9302568799874468
1-691950241,2,13,1,0.9428110767150484
1-691950241,3,13,1,0.9619929116133087
1-691950241,4,13,1,0.9842152884706864
1-691950241,5,13,1,0.985086504720536
1-691950241,6,13,1,0.9871920185415047
1-691950241,7,13,1,0.9938765431291174
1-691950241,8,13,1,0.9885476639183988
1-691950241,9,13,1,0.9934083413212418
1-691950241,10,13,1,0.9886407217758917
1-691950241,11,13,1,0.9960002960808003
1-691950241,12,13,1,0.9959126068484923
1-692918254,1,9,1,0.8956243742825728
1-692918254,2,9,1,0.9091405458867979
1-692918254,3,9,1,0.9396409810409783
1-692918254,4,9,1,0.9861065915285936
1-692918254,5,9,1,0.9860460879242429
1-692918254,6,9,1,0.9809210534482187
1-692918254,7,9,1,0.9473065936122947
1-692918254,8,9,1,0.9396650008338266
1-692918254,9,9,1,0.9654600877283215
1-695870591,1,16,1,0.8959983421476418
1-695870591,2,16,1,0.933711641171646
1-695870591,3,16,1,0.9555363696381046
1-695870591,4,16,1,0.9597418416044504
1-695870591,5,16,1,0.9400858029199226
1-695870591,6,16,1,0.9407270519137921
1-695870591,7,16,1,0.9532020646363035
1-695870591,8,16,1,0.9672683925038232
1-695870591,9,16,1,0.9597423179269502
1-695870591,10,16,1,0.9557906263523666
1-695870591,11,16,1,0.9622711626998551
1-695870591,12,16,1,0.9583174374817858
1-696894381,1,3,1,0.9154415755806902
1-696894381,2,3,1,0.9100127568582317
1-696894381,3,3,1,0.925936643687508
1-699297808,1,4,1,0.8499938084192782
1-699297808,2,4,1,0.8298013197017023
1-699297808,3,4,1,0.810179860046522
1-699297808,4,4,1,0.8387670035062004
1-699719677,1,10,1,0.9329409788949771
1-699719677,2,10,1,0.9348420896820221
1-699719677,3,10,1,0.934883908623885
1-699719677,4,10,1,0.9504306469684495
1-699719677,5,10,1,0.9646052785924496
1-699719677,6,10,1,0.973871122205505
1-699719677,7,10,1,0.9944380277027801
1-699719677,8,10,1,0.9949226821928199
1-699719677,9,10,1,0.9954339180006716
1-699719677,10,10,1,0.9955152902820802
1-700370143,1,12,1,0.9005869722060752
1-700370143,2,12,1,0.8966170107254314
1-700370143,3,12,1,0.8988263418571898
1-700370143,4,12,1,0.9121010714223524
1-700370143,5,12,1,0.9040959038408488
1-700370143,6,12,1,0.9196328273208553
1-700370143,7,12,1,0.9341786126282456
1-700370143,8,12,1,0.9857221443899321
1-700370143,9,12,1,0.9806288397852106
1-700370143,10,12,1,0.983151913226416
1-700370143,11,12,1,0.9839618835312399
1-700370143,12,12,1,0.965432247367491
1-700955144,1,60,1,0.9173184607626672
1-700955144,2,60,1,0.9381696063213504
1-700955144,3,60,1,0.9209205954093646
1-700955144,4,60,1,0.9275507038441781
1-700955144,5,60,1,0.9555390154632478
1-700955144,6,60,1,0.9471540417609497
1-700955144,7,60,1,0.8682935949940391
1-700955144,8,60,1,0.929384985344591
1-700955144,9,60,1,0.9272450283572817
1-700955144,10,60,1,0.9640071234847628
1-700955144,11,60,1,0.9570480186656459
1-700955144,12,60,1,0.9545724210867431
1-701820421,1,28,1,0.8867858014829888
1-701820421,2,28,1,0.8891822643111084
1-701820421,3,28,1,0.8880548835694979
1-701820421,4,28,1,0.8944506084692083
1-701820421,5,28,1,0.8590392636666349
1-701820421,6,28,1,0.8811012187003748
1-701820421,7,28,1,0.9028288519719473
1-701820421,8,28,1,0.9594714092101901
1-701820421,9,28,1,0.9509107567869006
1-701820421,10,28,1,0.9613892775785141
1-701820421,11,28,1,0.9505121723041532
1-701820421,12,28,1,0.9592080348195564
1-702586831,1,8,1,0.9164185499005024
1-702586831,2,8,1,0.9289976841543817
1-702586831,3,8,1,0.9408772766871749
1-702586831,4,8,1,0.9442478550106821
1-702586831,5,8,1,0.9478527162794528
1-702586831,6,8,1,0.9853127390535523
1-702586831,7,8,1,0.9898690685498565
1-702586831,8,8,1,0.9943292307580669
1-702667331,1,22,1,0.8842590726906489
1-702667331,2,22,1,0.8913348748985551
1-702667331,3,22,1,0.9227339296355748
1-702667331,4,22,1,0.9102432945241757
1-702667331,5,22,1,0.9226165906830253
1-702667331,6,22,1,0.9641844886309644
1-702667331,7,22,1,0.979491655504615
1-702667331,8,22,1,0.9843236267663499
1-702667331,9,22,1,0.9746461097991187
1-702667331,10,22,1,0.9717200507201267
1-702667331,11,22,1,0.961368323684422
1-702667331,12,22,1,0.9538682411546555
1-703263656,1,7,1,0.9227836935984438
1-703263656,2,7,1,0.9304842441791533
1-703263656,3,7,1,0.9100437572935791
1-703263656,4,7,1,0.9554121663988397
1-703263656,5,7,1,0.9589193244765167
1-703263656,6,7,1,0.9241099903688865
1-703263656,7,7,1,0.928246873010588
1-703547921,1,4,1,0.8340634548595793
1-703547921,2,4,1,0.8164312447042122
1-703547921,3,4,1,0.9506133141787135
1-703547921,4,4,1,0.8911808552722285
1-703999194,1,9,1,0.8511300542606606
1-703999194,2,9,1,0.822275664049721
1-703999194,3,9,1,0.8030463097196068
1-703999194,4,9,1,0.8467002214596381
1-703999194,5,9,1,0.8308146691231061
1-703999194,6,9,1,0.8283918481488513
1-703999194,7,9,1,0.8516777043135919
1-703999194,8,9,1,0.8576305700426788
1-703999194,9,9,1,0.7619087484108129
1-705739949,1,6,1,0.918636435880713
1-705739949,2,6,1,0.9286242814351273
1-705739949,3,6,1,0.9028935606437746
1-705739949,4,6,1,0.960833435166691
1-705739949,5,6,1,0.9452896698027803
1-705739949,6,6,1,0.954447161574771
1-705791051,1,7,1,0.9107205931847188
1-705791051,2,7,1,0.9198120439840064
1-705791051,3,7,1,0.9291965557276558
1-705791051,4,7,1,0.9198701287108744
1-705791051,5,7,1,0.9349353380898483
1-705791051,6,7,1,0.935440077923778
1-705791051,7,7,1,0.9501081685487359
1-705991296,1,25,1,0.9220361173879877
1-705991296,2,25,1,0.9233530420506978
1-705991296,3,25,1,0.8973082975056234
1-705991296,4,25,1,0.9336579164655635
1-705991296,5,25,1,0.9214182527254244
1-705991296,6,25,1,0.9344480269863353
1-705991296,7,25,1,0.8557078162239946
1-705991296,8,25,1,0.8392079333953952
1-705991296,9,25,1,0.900551678793703
1-705991296,10,25,1,0.8829315668186067
1-705991296,11,25,1,0.8869634331493372
1-705991296,12,25,1,0.8813309893472998
1-706221681,1,7,1,0.8923772736574033
1-706221681,2,7,1,0.9119198124194355
1-706221681,3,7,1,0.888567826823985
1-706221681,4,7,1,0.8944893837405689
1-706221681,5,7,1,0.9073040129244526
1-706221681,6,7,1,0.92615570943939
1-706221681,7,7,1,0.9683588392749886
1-707231563,1,20,1,0.8496655073791852
1-707231563,2,20,1,0.8126692275872829
1-707231563,3,20,1,0.8652986320312105
1-707231563,4,20,1,0.8311076679772118
1-707231563,5,20,1,0.8770065417536151
1-707231563,6,20,1,0.8853667908093549
1-707231563,7,20,1,0.8831181541574693
1-707231563,8,20,1,0.9163169131342072
1-707231563,9,20,1,0.9084026917630147
1-707231563,10,20,1,0.9841619751439883
1-707231563,11,20,1,0.9783725833219825
1-707231563,12,20,1,0.9811244443332875
1-708116786,1,4,1,0.9202812444280392
1-708116786,2,4,1,0.9309464775509345
1-708116786,3,4,1,0.9644290292864927
1-708116786,4,4,1,0.9718033610714246
1-708654057,1,21,1,0.9248077928071926
1-708654057,2,21,1,0.9368399643757075
1-708654057,3,21,1,0.9506348820853621
1-708654057,4,21,1,0.9576845127330639
1-708654057,5,21,1,0.9763323108839183
1-708654057,6,21,1,0.9655399488053439
1-708654057,7,21,1,0.9666389876659991
1-708654057,8,21,1,0.9204225474012111
1-708654057,9,21,1,0.9457031190105116
1-708654057,10,21,1,0.9217513784546693
1-708654057,11,21,1,0.938598207615272
1-708654057,12,21,1,0.927793027242327
1-708824660,1,21,1,0.9203602724618695
1-708824660,2,21,1,0.9341822455986815
1-708824660,3,21,1,0.9340196521265498
1-708824660,4,21,1,0.9119101716049329
1-708824660,5,21,1,0.9023339866162736
1-708824660,6,21,1,0.9001094456523808
1-708824660,7,21,1,0.9134100313483738
1-708824660,8,21,1,0.9163170075726578
1-708824660,9,21,1,0.9253961913659655
1-708824660,10,21,1,0.9246546757433284
1-708824660,11,21,1,0.9254625934153429
1-708824660,12,21,1,0.9366620742308392
1-709542591,1,19,1,0.9169604934175736
1-709542591,2,19,1,0.9058577273104647
1-709542591,3,19,1,0.9309432711126442
1-709542591,4,19,1,0.9225597998230861
1-709542591,5,19,1,0.9604412458790993
1-709542591,6,19,1,0.9473186695040112
1-709542591,7,19,1,0.9652306784448128
1-709542591,8,19,1,0.9765050583745085
1-709542591,9,19,1,0.9678410751257284
1-709542591,10,19,1,0.9724373711610631
1-709542591,11,19,1,0.97579849088024
1-709542591,12,19,1,0.9705252894949894
1-709544188,1,12,1,0.9200403869992558
1-709544188,2,12,1,0.9251634682921436
1-709544188,3,12,1,0.9543061052224201
1-709544188,4,12,1,0.9212887946767925
1-709544188,5,12,1,0.9233553634403546
1-709544188,6,12,1,0.9033753401427125
1-709544188,7,12,1,0.9311452566394056
1-709544188,8,12,1,0.9593921688624395
1-709544188,9,12,1,0.9614960100742527
1-709544188,10,12,1,0.9532558111570324
1-709544188,11,12,1,0.9528894072250331
1-709544188,12,12,1,0.9959289244303845
1-709663406,1,44,1,0.9071581467105008
1-709663406,2,44,1,0.8952195706614838
1-709663406,3,44,1,0.8610051526059974
1-709663406,4,44,1,0.8575794694906068
1-709663406,5,44,1,0.9197067833374193
1-709663406,6,44,1,0.9546841083171743
1-709663406,7,44,1,0.9794330832543033
1-709663406,8,44,1,0.9757173513750557
1-709663406,9,44,1,0.9766700448602541
1-709663406,10,44,1,0.9801499608376041
1-709663406,11,44,1,0.9706673295297742
1-709663406,12,44,1,0.9609745829381954
1-709758563,1,11,1,0.9311915272195744
1-709758563,2,11,1,0.9151830916089225
1-709758563,3,11,1,0.9373107843531601
1-709758563,4,11,1,0.8965021094028319
1-709758563,5,11,1,0.9254009923178308
1-709758563,6,11,1,0.9602208678905563
1-709758563,7,11,1,0.9643175581826233
1-709758563,8,11,1,0.9711404484308129
1-709758563,9,11,1,0.9764308845468419
1-709758563,10,11,1,0.9862240375329747
1-709758563,11,11,1,0.9859213547650982
1-709831036,1,12,1,0.8932307519529853
1-709831036,2,12,1,0.8961756412091446
1-709831036,3,12,1,0.9076081679980184
1-709831036,4,12,1,0.9284619921313871
1-709831036,5,12,1,0.955260671413382
1-709831036,6,12,1,0.9363469861387148
1-709831036,7,12,1,0.9493921539922064
1-709831036,8,12,1,0.9377130054168858
1-709831036,9,12,1,0.9420594704520336
1-709831036,10,12,1,0.9468232923022208
1-709831036,11,12,1,0.9529385991855314
1-709831036,12,12,1,0.9648503746023336
1-710177495,1,50,1,0.944139098449309
1-710177495,2,50,1,0.9499886757765609
1-710177495,3,50,1,0.9773722254348428
1-710177495,4,50,1,0.8988470532567586
1-710177495,5,50,1,0.9426516725850875
1-710177495,6,50,1,0.9565826597020877
1-710177495,7,50,1,0.9632919108730662
1-710177495,8,50,1,0.9734593099150561
1-710177495,9,50,1,0.9733349067067509
1-710177495,10,50,1,0.9752738337384604
1-710177495,11,50,1,0.9809114956123828
1-710177495,12,50,1,0.9808317165171584
1-713472354,1,27,1,0.9072143637764378
1-713472354,2,27,1,0.9167934479776162
1-713472354,3,27,1,0.9493141001607835
1-713472354,4,27,1,0.9496644642236648
1-713472354,5,27,1,0.9613708776114943
1-713472354,6,27,1,0.9809559174280997
1-713472354,7,27,1,0.9815102498677222
1-713472354,8,27,1,0.9785687125559642
1-713472354,9,27,1,0.977268815703646
1-713472354,10,27,1,0.956521048030231
1-713472354,11,27,1,0.9560818103351181
1-713472354,12,27,1,0.9579293446436202
1-715689451,1,3,1,0.9138632861518264
1-715689451,2,3,1,0.917113620428164
1-715689451,3,3,1,0.9724420485479951
1-715731471,1,19,1,0.9001742370138627
1-715731471,2,19,1,0.8931785662479415
1-715731471,3,19,1,0.8506186038904539
1-715731471,4,19,1,0.8899417055474548
1-715731471,5,19,1,0.9421784145094839
1-715731471,6,19,1,0.9540139192991495
1-715731471,7,19,1,0.9291168322355619
1-715731471,8,19,1,0.8914932297700703
1-715731471,9,19,1,0.9118823666773511
1-715731471,10,19,1,0.9937809360983934
1-715731471,11,19,1,0.9844060803965071
1-715731471,12,19,1,0.9791364685548845
1-716114500,1,5,1,0.8740970556221117
1-716114500,2,5,1,0.8347797500447969
1-716114500,3,5,1,0.8581668666766638
1-716114500,4,5,1,0.9126518030338268
1-716114500,5,5,1,0.9218668787608221
1-716221928,1,22,1,0.9166723850537528
1-716221928,2,22,1,0.8976038034221054
1-716221928,3,22,1,0.8801745068057096
1-716221928,4,22,1,0.8577898560932037
1-716221928,5,22,1,0.8837346039488898
1-716221928,6,22,1,0.9049041921170732
1-716221928,7,22,1,0.9048048992619789
1-716221928,8,22,1,0.9437223274955905
1-716221928,9,22,1,0.9469097580871529
1-716221928,10,22,1,0.9333144620041781
1-716221928,11,22,1,0.9316365357115658
1-716221928,12,22,1,0.9626611942235648
1-716587209,1,10,1,0.8261870191398404
1-716587209,2,10,1,0.8127106800176704
1-716587209,3,10,1,0.9071650290319451
1-716587209,4,10,1,0.8982464466516619
1-716587209,5,10,1,0.8834294321189551
1-716587209,6,10,1,0.9450519746700724
1-716587209,7,10,1,0.9236260328997943
1-716587209,8,10,1,0.9336252489717112
1-716587209,9,10,1,0.9308103450578733
1-716587209,10,10,1,0.9291754610624922
1-717431477,1,8,1,0.8984289253651289
1-717431477,2,8,1,0.90769183009591
1-717431477,3,8,1,0.8865427214513051
1-717431477,4,8,1,0.9050887874847805
1-717431477,5,8,1,0.905344650755755
1-717431477,6,8,1,0.8798056934103388
1-717431477,7,8,1,0.9276230578490255
1-717431477,8,8,1,0.9626371158020015
1-717714208,1,13,1,0.8806576761025595
1-717714208,2,13,1,0.863859664954732
1-717714208,3,13,1,0.9487603446281552
1-717714208,4,13,1,0.9358707850847495
1-717714208,5,13,1,0.9214094812059473
1-717714208,6,13,1,0.9341345024080151
1-717714208,7,13,1,0.925814017503292
1-717714208,8,13,1,0.9274015305272212
1-717714208,9,13,1,0.9234564582622663
1-717714208,10,13,1,0.9230528179433864
1-717714208,11,13,1,0.946611098412637
1-717714208,12,13,1,0.9209492944982113
1-717726137,1,5,1,0.9522933377984293
1-717726137,2,5,1,0.9518671222480496
1-717726137,3,5,1,0.9342295752421683
1-717726137,4,5,1,0.9381502811543637
1-717726137,5,5,1,0.9512622148585852
1-717764374,1,6,1,0.9227801792371162
1-717764374,2,6,1,0.9300676305761926
1-717764374,3,6,1,0.9639722186004707
1-717764374,4,6,1,0.9513281023367613
1-717764374,5,6,1,0.9586251613031518
1-717764374,6,6,1,0.9670713289811737
1-717799091,1,22,1,0.9256373414796514
1-717799091,2,22,1,0.9237186003261487
1-717799091,3,22,1,0.9485847759781945
1-717799091,4,22,1,0.9277497709840674
1-717799091,5,22,1,0.9475022243518392
1-717799091,6,22,1,0.9564359058509357
1-717799091,7,22,1,0.9652634690677384
1-717799091,8,22,1,0.9631513471377968
1-717799091,9,22,1,0.9684380380111073
1-717799091,10,22,1,0.956390664276126
1-717799091,11,22,1,0.9624090929970645
1-717799091,12,22,1,0.9720812543773161
1-717918204,1,3,1,0.7668776074406535
1-717918204,2,3,1,0.8657513589242016
1-717918204,3,3,1,0.9529776150310382
1-718089090,1,3,1,0.8706265385700372
1-718089090,2,3,1,0.8783649199126576
1-718089090,3,3,1,0.8530271565287547
1-718977997,1,9,1,0.8860131481905172
1-718977997,2,9,1,0.8889465074658921
1-718977997,3,9,1,0.8973011111342761
1-718977997,4,9,1,0.9250071673399316
1-718977997,5,9,1,0.9489900924990751
1-718977997,6,9,1,0.9261646140050055
1-718977997,7,9,1,0.9378430793867106
1-718977997,8,9,1,0.9567345663709219
1-718977997,9,9,1,0.9655040870245476
1-719171831,1,30,1,0.8492742878858983
1-719171831,2,30,1,0.8210811499275007
1-719171831,3,30,1,0.8265118994776788
1-719171831,4,30,1,0.8497843369263494
1-719171831,5,30,1,0.8991480140305953
1-719171831,6,30,1,0.914046460458491
1-719171831,7,30,1,0.9078922466654884
1-719171831,8,30,1,0.9167171718450017
1-719171831,9,30,1,0.9165573803844662
1-719171831,10,30,1,0.921351714894886
1-719171831,11,30,1,0.9149922379417836
1-719171831,12,30,1,0.8674818568592008
1-719199551,1,8,1,0.9127345986954384
1-719199551,2,8,1,0.9100083727541531
1-719199551,3,8,1,0.8988883091431006
1-719199551,4,8,1,0.9329422106799152
1-719199551,5,8,1,0.951074707280891
1-719199551,6,8,1,0.9673225649368657
1-719199551,7,8,1,0.9800951493223918
1-719199551,8,8,1,0.9753711511830212
1-719278453,1,16,1,0.8888483169679464
1-719278453,2,16,1,0.8895649050456967
1-719278453,3,16,1,0.9050645930892128
1-719278453,4,16,1,0.9025913997759024
1-719278453,5,16,1,0.9215748593215066
1-719278453,6,16,1,0.9571043306145448
1-719278453,7,16,1,0.9546307968959953
1-719278453,8,16,1,0.9508800063327277
1-719278453,9,16,1,0.9675773791640889
1-719278453,10,16,1,0.9735601886942682
1-719278453,11,16,1,0.9727518993075591
1-719278453,12,16,1,0.9662284149959794
1-719401266,1,22,1,0.826939342896902
1-719401266,2,22,1,0.8102773783764253
1-719401266,3,22,1,0.8662458191751595
1-719401266,4,22,1,0.8528780473220297
1-719401266,5,22,1,0.8918269932873695
1-719401266,6,22,1,0.9059860620276017
1-719401266,7,22,1,0.9133256844512935
1-719401266,8,22,1,0.8860507873383059
1-719401266,9,22,1,0.8938886256306986
1-719401266,10,22,1,0.8840215677733575
1-719401266,11,22,1,0.9112566900680914
1-719401266,12,22,1,0.8997760254983943
1-719527701,1,11,1,0.9316123039765642
1-719527701,2,11,1,0.9373170595055897
1-719527701,3,11,1,0.9425269421195175
1-719527701,4,11,1,0.9107722767522235
1-719527701,5,11,1,0.9350297271310626
1-719527701,6,11,1,0.9347638223482562
1-719527701,7,11,1,0.9412605385006704
1-719527701,8,11,1,0.9486786867701699
1-719527701,9,11,1,0.9512247169239928
1-719527701,10,11,1,0.9643558508665784
1-719527701,11,11,1,0.9775951382697464
1-719562894,1,18,1,0.9002488589144779
1-719562894,2,18,1,0.8637551901478634
1-719562894,3,18,1,0.8993213395591537
1-719562894,4,18,1,0.8669071276569341
1-719562894,5,18,1,0.8941258947475109
1-719562894,6,18,1,0.9039982225381994
1-719562894,7,18,1,0.9145325010259514
1-719562894,8,18,1,0.9290608206624875
1-719562894,9,18,1,0.8896822544427423
1-719562894,10,18,1,0.8793956050986022
1-719562894,11,18,1,0.8745623519875452
1-719562894,12,18,1,0.8946247404161582
1-719604235,1,9,1,0.8773732937672113
1-719604235,2,9,1,0.8975363703036442
1-719604235,3,9,1,0.8937303898991583
1-719604235,4,9,1,0.8990896071955111
1-719604235,5,9,1,0.8792924555773709
1-719604235,6,9,1,0.9133294375067453
1-719604235,7,9,1,0.9441702339835729
1-719604235,8,9,1,0.941711235860231
1-719604235,9,9,1,0.9541545137224582
1-719999107,1,12,1,0.8440100088280224
1-719999107,2,12,1,0.8494786445852867
1-719999107,3,12,1,0.8208343280238353
1-719999107,4,12,1,0.8859552873517114
1-719999107,5,12,1,0.8761633196307379
1-719999107,6,12,1,0.8781086927452475
1-719999107,7,12,1,0.8702180329417
1-719999107,8,12,1,0.8174349012256629
1-719999107,9,12,1,0.9350874754267594
1-719999107,10,12,1,0.9303509201194716
1-719999107,11,12,1,0.912995319338854
1-719999107,12,12,1,0.9079750848907452
1-720238611,1,2,1,0.8321782952653795
1-720238611,2,2,1,0.9078760691832097
1-720286653,1,5,1,0.8677689543388556
1-720286653,2,5,1,0.8735390770323547
1-720286653,3,5,1,0.8780996042600752
1-720286653,4,5,1,0.8821832451231785
1-720286653,5,5,1,0.9120689134658757
1-720314291,1,4,1,0.9518889200512097
1-720314291,2,4,1,0.949772804237067
1-720314291,3,4,1,0.9521235195254036
1-720314291,4,4,1,0.9447624488146225
1-720344447,1,8,1,0.797369311471027
1-720344447,2,8,1,0.8103307877773331
1-720344447,3,8,1,0.8544045606789769
1-720344447,4,8,1,0.8617927311141907
1-720344447,5,8,1,0.8956795846334593
1-720344447,6,8,1,0.9023043482236975
1-720344447,7,8,1,0.8860992726754252
1-720344447,8,8,1,0.8945621495383723
1-720348105,1,4,1,0.9563212218536876
1-720348105,2,4,1,0.9535520757994435
1-720348105,3,4,1,0.9420754559176726
1-720348105,4,4,1,0.9240057444019798
1-722031971,1,20,1,0.871277439084385
1-722031971,2,20,1,0.8894561816321087
1-722031971,3,20,1,0.8864931660222549
1-722031971,4,20,1,0.8723015716034767
1-722031971,5,20,1,0.8842811189678516
1-722031971,6,20,1,0.8780811943877957
1-722031971,7,20,1,0.801005305014568
1-722031971,8,20,1,0.8125845561603522
1-722031971,9,20,1,0.8408334815174564
1-722031971,10,20,1,0.863256568656606
1-722031971,11,20,1,0.8791171178939233
1-722031971,12,20,1,0.9117609383051973
1-722332101,1,16,1,0.8732635095159321
1-722332101,2,16,1,0.8616644377176497
1-722332101,3,16,1,0.8658812363478968
1-722332101,4,16,1,0.8569306852336916
1-722332101,5,16,1,0.8502251875317473
1-722332101,6,16,1,0.8637994556387859
1-722332101,7,16,1,0.8723339986901809
1-722332101,8,16,1,0.8781415809572005
1-722332101,9,16,1,0.8933293902307442
1-722332101,10,16,1,0.8951111434554643
1-722332101,11,16,1,0.8855864786315211
1-722332101,12,16,1,0.8807629236777892
1-722362086,1,71,1,0.9286504737321734
1-722362086,2,71,1,0.8895006513278357
1-722362086,3,71,1,0.9500846077266768
1-722362086,4,71,1,0.937089611117551
1-722362086,5,71,1,0.9512239918374487
1-722362086,6,71,1,0.9550848870008525
1-722362086,7,71,1,0.9580055196004702
1-722362086,8,71,1,0.9582740825391021
1-722362086,9,71,1,0.9535641398355317
1-722362086,10,71,1,0.9642895360613598
1-722362086,11,71,1,0.9470410092992788
1-722362086,12,71,1,0.943625768302481
1-722415150,1,20,1,0.8420392750950948
1-722415150,2,20,1,0.8541520862862647
1-722415150,3,20,1,0.8700059479274446
1-722415150,4,20,1,0.8215768870553742
1-722415150,5,20,1,0.8871460419037199
1-722415150,6,20,1,0.8979998186688767
1-722415150,7,20,1,0.8798631690716862
1-722415150,8,20,1,0.8822311775177288
1-722415150,9,20,1,0.8979088647629813
1-722415150,10,20,1,0.905879141053975
1-722415150,11,20,1,0.914060246903643
1-722415150,12,20,1,0.9166886870166809
1-722499503,1,16,1,0.8785415136625349
1-722499503,2,16,1,0.9060884827230865
1-722499503,3,16,1,0.887954740932354
1-722499503,4,16,1,0.9271145512252384
1-722499503,5,16,1,0.9265991347766851
1-722499503,6,16,1,0.9289733621464367
1-722499503,7,16,1,0.9215573730145006
1-722499503,8,16,1,0.9168820065523359
1-722499503,9,16,1,0.9270868574239156
1-722499503,10,16,1,0.9255994918277269
1-722499503,11,16,1,0.9199877070005504
1-722499503,12,16,1,0.9220589095932121
1-722557526,1,8,1,0.8452345487676071
1-722557526,2,8,1,0.8355364388266437
1-722557526,3,8,1,0.9216731964437826
1-722557526,4,8,1,0.9108800557908335
1-722557526,5,8,1,0.9158026898880492
1-722557526,6,8,1,0.9657080642188584
1-722557526,7,8,1,0.943723841578434
1-722557526,8,8,1,0.9436667418816228
1-722557908,1,8,1,0.8915949733084104
1-722557908,2,8,1,0.8826491456250332
1-722557908,3,8,1,0.9010472833988964
1-722557908,4,8,1,0.8937245558598519
1-722557908,5,8,1,0.9086880676257685
1-722557908,6,8,1,0.9308409990358167
1-722557908,7,8,1,0.9339844770734754
1-722557908,8,8,1,0.9448342275455671
1-722563391,1,55,1,0.8048187751937292
1-722563391,2,55,1,0.8327085011131141
1-722563391,3,55,1,0.900489222568692
1-722563391,4,55,1,0.9253283222187694
1-722563391,5,55,1,0.9562713768848145
1-722563391,6,55,1,0.9312922376193042
1-722563391,7,55,1,0.9246143152016314
1-722563391,8,55,1,0.9173032513905519
1-722563391,9,55,1,0.9443819359248584
1-722563391,10,55,1,0.9424521474603815
1-722563391,11,55,1,0.9318535184238338
1-722563391,12,55,1,0.9251262973327431
1-722591617,1,4,1,0.8532421479105704
1-722591617,2,4,1,0.8526558857321106
1-722591617,3,4,1,0.9111695265998537
1-722591617,4,4,1,0.9058457072386299
1-726614295,1,6,1,0.8639535669025997
1-726614295,2,6,1,0.8490758552738101
1-726614295,3,6,1,0.8672592474037628
1-726614295,4,6,1,0.8659992906156492
1-726614295,5,6,1,0.8456494664670325
1-726614295,6,6,1,0.8589144397356488
1-726625502,1,12,1,0.9135233059895805
1-726625502,2,12,1,0.9078930116653536
1-726625502,3,12,1,0.9103329443358248
1-726625502,4,12,1,0.9202608662956637
1-726625502,5,12,1,0.9148897835538093
1-726625502,6,12,1,0.9173788415670231
1-726625502,7,12,1,0.9334528528700345
1-726625502,8,12,1,0.9382002857982491
1-726625502,9,12,1,0.9433288428398813
1-726625502,10,12,1,0.9364983349558568
1-726625502,11,12,1,0.9388702222910104
1-726625502,12,12,1,0.9549597703142086
1-726777605,1,13,1,0.9498355241188478
1-726777605,2,13,1,0.9486340824390912
1-726777605,3,13,1,0.9535248656603964
1-726777605,4,13,1,0.9495387986939857
1-726777605,5,13,1,0.9587133793792295
1-726777605,6,13,1,0.9587511384768089
1-726777605,7,13,1,0.9464211497399253
1-726777605,8,13,1,0.9449502880092742
1-726777605,9,13,1,0.945537309382971
1-726777605,10,13,1,0.9378401001430171
1-726777605,11,13,1,0.9469162845944485
1-726777605,12,13,1,0.943819314510863
1-726834518,1,10,1,0.9060881139014432
1-726834518,2,10,1,0.8996243330226726
1-726834518,3,10,1,0.910153911333958
1-726834518,4,10,1,0.910676115322905
1-726834518,5,10,1,0.9480513176632208
1-726834518,6,10,1,0.9591826016332141
1-726834518,7,10,1,0.9594119729521219
1-726834518,8,10,1,0.969332586482538
1-726834518,9,10,1,0.9669393808884587
1-726834518,10,10,1,0.9501949555168987
1-726923786,1,4,1,0.8907442622388914
1-726923786,2,4,1,0.8748290577066069
1-726923786,3,4,1,0.848779867811393
1-726923786,4,4,1,0.8534054530580408
1-727152027,1,14,1,0.8691697293160014
1-727152027,2,14,1,0.8595493553986728
1-727152027,3,14,1,0.8346575174157599
1-727152027,4,14,1,0.8282758114450866
1-727152027,5,14,1,0.8282039926197906
1-727152027,6,14,1,0.8249145127035974
1-727152027,7,14,1,0.9286289784478354
1-727152027,8,14,1,0.9163180195309366
1-727152027,9,14,1,0.9103435075912015
1-727152027,10,14,1,0.9283876171440424
1-727152027,11,14,1,0.9276865327880849
1-727152027,12,14,1,0.9232460696180158
1-727155202,1,7,1,0.8982996343026991
1-727155202,2,7,1,0.8730432805023571
1-727155202,3,7,1,0.8341964198685189
1-727155202,4,7,1,0.9105512197111678
1-727155202,5,7,1,0.9105031914754002
1-727155202,6,7,1,0.949321010911817
1-727155202,7,7,1,0.9450269019181523
1-728290611,1,10,1,0.8833847063414463
1-728290611,2,10,1,0.8860346043034592
1-728290611,3,10,1,0.914513477701848
1-728290611,4,10,1,0.9594655065612987
1-728290611,5,10,1,0.9580024677331525
1-728290611,6,10,1,0.9706693010656274
1-728290611,7,10,1,0.9690956626177456
1-728290611,8,10,1,0.9712416893395232
1-728290611,9,10,1,0.9666529597870132
1-728290611,10,10,1,0.9688909596140924
1-728308361,1,7,1,0.9158282384213311
1-728308361,2,7,1,0.914198487469261
1-728308361,3,7,1,0.8588510121662176
1-728308361,4,7,1,0.9404055551545243
1-728308361,5,7,1,0.9496499458509791
1-728308361,6,7,1,0.9018635127226103
1-728308361,7,7,1,0.9259192600618282
1-728515380,1,9,1,0.8410842792340911
1-728515380,2,9,1,0.8508668927766162
1-728515380,3,9,1,0.8762284186990134
1-728515380,4,9,1,0.872942699072888
1-728515380,5,9,1,0.9031778003910091
1-728515380,6,9,1,0.8486153147599474
1-728515380,7,9,1,0.9064801272034376
1-728515380,8,9,1,0.8346295171770991
1-728515380,9,9,1,0.8360037585801282
1-728558963,1,3,1,0.9420442154743905
1-728558963,2,3,1,0.9410098077601263
1-728558963,3,3,1,0.96519141185581
1-728768797,1,7,1,0.882206318663039
1-728768797,2,7,1,0.8749381286485194
1-728768797,3,7,1,0.8569916464452105
1-728768797,4,7,1,0.8463116039804036
1-728768797,5,7,1,0.9320858060095149
1-728768797,6,7,1,0.9216165712176815
1-728768797,7,7,1,0.9256460513583871
1-729075211,1,17,1,0.8975631013336792
1-729075211,2,17,1,0.8906738015442212
1-729075211,3,17,1,0.9164273738937571
1-729075211,4,17,1,0.8941456633834086
1-729075211,5,17,1,0.921077276415438
1-729075211,6,17,1,0.8894654378626249
1-729075211,7,17,1,0.8923289444663578
1-729075211,8,17,1,0.9323658727840689
1-729075211,9,17,1,0.9424346049613067
1-729075211,10,17,1,0.945534276845172
1-729075211,11,17,1,0.9437688983073474
1-729075211,12,17,1,0.9454209478303415
1-729244882,1,6,1,0.8540638713813594
1-729244882,2,6,1,0.8396615938495912
1-729244882,3,6,1,0.8470023140042806
1-729244882,4,6,1,0.803590493264995
1-729244882,5,6,1,0.8286576310020234
1-729244882,6,6,1,0.9329485370297697
1-729249186,1,4,1,0.7522001443751777
1-729249186,2,4,1,0.8575794465709811
1-729249186,3,4,1,0.8862563073323857
1-729249186,4,4,1,0.9633015686387736
1-729349739,1,13,1,0.7491965340654524
1-729349739,2,13,1,0.767317442739218
1-729349739,3,13,1,0.8166007941964747
1-729349739,4,13,1,0.8397076338511426
1-729349739,5,13,1,0.8533245699983422
1-729349739,6,13,1,0.809747102403576
1-729349739,7,13,1,0.7729994355176686
1-729349739,8,13,1,0.7646016391592501
1-729349739,9,13,1,0.8060965261858182
1-729349739,10,13,1,0.8145906281197004
1-729349739,11,13,1,0.7969702283048679
1-729349739,12,13,1,0.7941073127220317
1-729351591,1,19,1,0.8643916786965669
1-729351591,2,19,1,0.8718120500627111
1-729351591,3,19,1,0.8961769634732063
1-729351591,4,19,1,0.8419173587867242
1-729351591,5,19,1,0.8720096990542502
1-729351591,6,19,1,0.8689335817957493
1-729351591,7,19,1,0.877218980306033
1-729351591,8,19,1,0.8623150794141559
1-729351591,9,19,1,0.8727263592827793
1-729351591,10,19,1,0.9198169817234303
1-729351591,11,19,1,0.919805523952092
1-729351591,12,19,1,0.9304357275937181
1-729351752,1,13,1,0.8491732068364015
1-729351752,2,13,1,0.8549360203358356
1-729351752,3,13,1,0.8638027158009813
1-729351752,4,13,1,0.8835981267230593
1-729351752,5,13,1,0.9074690095167283
1-729351752,6,13,1,0.9152718852417505
1-729351752,7,13,1,0.8902237338922241
1-729351752,8,13,1,0.8856480149378786
1-729351752,9,13,1,0.881969881267205
1-729351752,10,13,1,0.8938323613924761
1-729351752,11,13,1,0.8893666269243683
1-729351752,12,13,1,0.8760644294887976
1-729363660,1,3,0,0.7556898461824203
1-729363660,2,3,0,0.7668981889908185
1-729363660,3,3,0,0.7544306563391925
1-729423171,1,40,1,0.7816216474057757
1-729423171,2,40,1,0.8078698140822044
1-729423171,3,40,1,0.8616221369498124
1-729423171,4,40,1,0.8652983480407954
1-729423171,5,40,1,0.8702289261688179
1-729423171,6,40,1,0.8226844364991057
1-729423171,7,40,1,0.8279968375289646
1-729423171,8,40,1,0.8241364620941517
1-729423171,9,40,1,0.8133030019856914
1-729423171,10,40,1,0.8421475784391497
1-729423171,11,40,1,0.8452691481921596
1-729423171,12,40,1,0.8437073832937229
1-729424771,1,10,1,0.865442245787638
1-729424771,2,10,1,0.8832385717607747
1-729424771,3,10,1,0.9100271024661487
1-729424771,4,10,1,0.9315600479664833
1-729424771,5,10,1,0.9034024654932953
1-729424771,6,10,1,0.9099279381676145
1-729424771,7,10,1,0.9280699038968017
1-729424771,8,10,1,0.9084598674925605
1-729424771,9,10,1,0.9067993737340204
1-729424771,10,10,1,0.9499419474615727
1-729440375,1,5,1,0.8570489423488981
1-729440375,2,5,1,0.8511714215347278
1-729440375,3,5,1,0.8851646732817435
1-729440375,4,5,1,0.9154038420100967
1-729440375,5,5,1,0.937357188517694
1-729463281,1,8,1,0.8509156117027902
1-729463281,2,8,1,0.8404855921716693
1-729463281,3,8,1,0.8578796513615782
1-729463281,4,8,1,0.8464678058469979
1-729463281,5,8,1,0.8748313090652677
1-729463281,6,8,1,0.8807891635531218
1-729463281,7,8,1,0.884926759480302
1-729463281,8,8,1,0.9349901215985096
1-729463411,1,11,1,0.827813409376494
1-729463411,2,11,1,0.8662323815500895
1-729463411,3,11,1,0.8814023302462368
1-729463411,4,11,1,0.9261590722429212
1-729463411,5,11,1,0.9478038222001044
1-729463411,6,11,1,0.9590866590858105
1-729463411,7,11,1,0.9461202289093927
1-729463411,8,11,1,0.9415182517788165
1-729463411,9,11,1,0.925494027675212
1-729463411,10,11,1,0.9251848699956654
1-729463411,11,11,1,0.9206549029098285
1-729536403,1,16,1,0.8817531780053269
1-729536403,2,16,1,0.8829129079671392
1-729536403,3,16,1,0.8776366135141475
1-729536403,4,16,1,0.8733457345334947
1-729536403,5,16,1,0.8826713176811408
1-729536403,6,16,1,0.8948230162241096
1-729536403,7,16,1,0.8914321069667301
1-729536403,8,16,1,0.8816344650765463
1-729536403,9,16,1,0.9219369223558056
1-729536403,10,16,1,0.9197205278444841
1-729536403,11,16,1,0.9309813056845692
1-729536403,12,16,1,0.8958029784068918
1-729564393,1,12,1,0.7579738972031422
1-729564393,2,12,1,0.8022255536530636
1-729564393,3,12,1,0.8239846870442121
1-729564393,4,12,1,0.8259099252920866
1-729564393,5,12,1,0.8812743759697783
1-729564393,6,12,1,0.8845475545781837
1-729564393,7,12,1,0.87507479877035
1-729564393,8,12,1,0.8286902471371707
1-729564393,9,12,1,0.787946635931404
1-729564393,10,12,1,0.768341739294758
1-729564393,11,12,1,0.7907956846753291
1-729564393,12,12,1,0.9052791976766292
1-729585074,1,6,0,0.7889675147334232
1-729585074,2,6,0,0.7544167003357263
1-729585074,3,6,0,0.860933337481528
1-729585074,4,6,0,0.8426110081235686
1-729585074,5,6,0,0.8856229309711295
1-729585074,6,6,0,0.9040862872709029
1-729697514,1,12,1,0.76985471395306
1-729697514,2,12,1,0.7688776633269861
1-729697514,3,12,1,0.7755112036483661
1-729697514,4,12,1,0.8082031231201121
1-729697514,5,12,1,0.8384415261976245
1-729697514,6,12,1,0.8785320534848616
1-729697514,7,12,1,0.8776643161116343
1-729697514,8,12,1,0.875680732498828
1-729697514,9,12,1,0.9330864772286989
1-729697514,10,12,1,0.932100681859222
1-729697514,11,12,1,0.9293683576606119
1-729697514,12,12,1,0.9450427492463471
1-729701261,1,13,0,0.849052489313221
1-729701261,2,13,0,0.8147486647078862
1-729701261,3,13,0,0.8710874101644445
1-729701261,4,13,0,0.8785386896030375
1-729701261,5,13,0,0.8856683640827547
1-729701261,6,13,0,0.9022101785031962
1-729701261,7,13,0,0.925590138488231
1-729701261,8,13,0,0.9407563596631091
1-729701261,9,13,0,0.9336289052824435
1-729701261,10,13,0,0.8913989983539982
1-729701261,11,13,0,0.8696661048047774
1-729701261,12,13,0,0.8479638636602244
1-729765503,1,15,1,0.8150274456127072
1-729765503,2,15,1,0.8268222849832342
1-729765503,3,15,1,0.857826262304838
1-729765503,4,15,1,0.8654120738146005
1-729765503,5,15,1,0.8961667886960568
1-729765503,6,15,1,0.9189373560286527
1-729765503,7,15,1,0.8944331855364008
1-729765503,8,15,1,0.8964469351536857
1-729765503,9,15,1,0.8983204319685065
1-729765503,10,15,1,0.9039227469579998
1-729765503,11,15,1,0.8543401907761241
1-729765503,12,15,1,0.807914799769403
1-729769620,1,10,1,0.7357785193534562
1-729769620,2,10,1,0.7516388043286778
1-729769620,3,10,1,0.7966773343014164
1-729769620,4,10,1,0.8814512429596798
1-729769620,5,10,1,0.9116290873975792
1-729769620,6,10,1,0.9031658402407817
1-729769620,7,10,1,0.9117704143373051
1-729769620,8,10,1,0.8995246497970085
1-729769620,9,10,1,0.9102253420684061
1-729769620,10,10,1,0.9319623116109385
1-729783786,1,14,1,0.8654567727319283
1-729783786,2,14,1,0.8612374900745461
1-729783786,3,14,1,0.9222707579567484
1-729783786,4,14,1,0.9334656947008348
1-729783786,5,14,1,0.9513906764251303
1-729783786,6,14,1,0.9575824217387674
1-729783786,7,14,1,0.9585833357622712
1-729783786,8,14,1,0.9410549528634488
1-729783786,9,14,1,0.9337138391588098
1-729783786,10,14,1,0.9460066021637027
1-729783786,11,14,1,0.9195349978187829
1-729783786,12,14,1,0.9208425954689851
1-729809514,1,6,1,0.8549636663243331
1-729809514,2,6,1,0.848159946291728
1-729809514,3,6,1,0.8740534354240767
1-729809514,4,6,1,0.7998420266487476
1-729809514,5,6,1,0.8268411775064848
1-729809514,6,6,1,0.9776800446822782
1-729820704,1,12,1,0.8708684679941702
1-729820704,2,12,1,0.8771776391850532
1-729820704,3,12,1,0.9372895146054904
1-729820704,4,12,1,0.9535684792169679
1-729820704,5,12,1,0.9478641392157575
1-729820704,6,12,1,0.9456428595620465
1-729820704,7,12,1,0.9215879001911071
1-729820704,8,12,1,0.9448535006532192
1-729820704,9,12,1,0.9578286966082665
1-729820704,10,12,1,0.9683302189336772
1-729820704,11,12,1,0.9531567924252315
1-729820704,12,12,1,0.9569670054524642
1-729823831,1,3,1,0.8919561683718771
1-729823831,2,3,1,0.8881939910594527
1-729823831,3,3,1,0.8451912425614491
1-729913690,1,10,1,0.7044195880460278
1-729913690,2,10,1,0.6934351328368933
1-729913690,3,10,1,0.7806195461540186
1-729913690,4,10,1,0.7319729624327497
1-729913690,5,10,1,0.7562450955069135
1-729913690,6,10,1,0.7010247235723119
1-729913690,7,10,1,0.7188365449781821
1-729913690,8,10,1,0.6908283971884472
1-729913690,9,10,1,0.6935372491175515
1-729913690,10,10,1,0.7351539746418058
1-730054339,1,5,1,0.682823856585728
1-730054339,2,5,1,0.6774467781013777
1-730054339,3,5,1,0.7660476471183469
1-730054339,4,5,1,0.8174305963404109
1-730054339,5,5,1,0.8134852225945383
1-730067309,1,10,1,0.7453860965582166
1-730067309,2,10,1,0.7558938290319364
1-730067309,3,10,1,0.79073433329089
1-730067309,4,10,1,0.7801670366288305
1-730067309,5,10,1,0.8065114221520202
1-730067309,6,10,1,0.7428129509018416
1-730067309,7,10,1,0.7466742677911566
1-730067309,8,10,1,0.6787393564378615
1-730067309,9,10,1,0.6736957546929704
1-730067309,10,10,1,0.8339032349678529
1-730082325,1,13,0,0.6875175369579565
1-730082325,2,13,0,0.6846052246847758
1-730082325,3,13,0,0.7392868612387774
1-730082325,4,13,0,0.7066642814928988
1-730082325,5,13,0,0.7692825275235768
1-730082325,6,13,0,0.8582717521804474
1-730082325,7,13,0,0.8466471637187866
1-730082325,8,13,0,0.8900284575175962
1-730082325,9,13,0,0.8569544983653411
1-730082325,10,13,0,0.7904724971756929
1-730082325,11,13,0,0.7951100241851135
1-730082325,12,13,0,0.7156896542360242
1-730084493,1,8,1,0.7091640560776447
1-730084493,2,8,1,0.6965094732122616
1-730084493,3,8,1,0.8220621351917973
1-730084493,4,8,1,0.7972429378553223
1-730084493,5,8,1,0.8084119997845488
1-730084493,6,8,1,0.8066954091012588
1-730084493,7,8,1,0.8784701304370941
1-730084493,8,8,1,0.8865539949699863
1-730127381,1,7,0,0.8348504736498549
1-730127381,2,7,0,0.8788781094941055
1-730127381,3,7,0,0.8821585911948614
1-730127381,4,7,0,0.8706718559033688
1-730127381,5,7,0,0.8695033982840777
1-730127381,6,7,0,0.9026247614958419
1-730127381,7,7,0,0.9074016551254126
1-730130539,1,17,1,0.7674777663730105
1-730130539,2,17,1,0.7523596158365178
1-730130539,3,17,1,0.8144684847417326
1-730130539,4,17,1,0.8398865542400935
1-730130539,5,17,1,0.8991901270046126
1-730130539,6,17,1,0.840181308729056
1-730130539,7,17,1,0.8550247175815356
1-730130539,8,17,1,0.8531932995598288
1-730130539,9,17,1,0.8706432121671202
1-730130539,10,17,1,0.8677243839220025
1-730130539,11,17,1,0.8656556453503911
1-730130539,12,17,1,0.8641262083850741
1-730529203,1,13,1,0.7867801850370789
1-730529203,2,13,1,0.7884063466104394
1-730529203,3,13,1,0.7992767722161207
1-730529203,4,13,1,0.9022323016609872
1-730529203,5,13,1,0.9109428784446187
1-730529203,6,13,1,0.9158491684802836
1-730529203,7,13,1,0.8358330169533914
1-730529203,8,13,1,0.826908813367901
1-730529203,9,13,1,0.8388019122870356
1-730529203,10,13,1,0.8310045450057795
1-730529203,11,13,1,0.8471263194039256
1-730529203,12,13,1,0.953573358560239
1-730533489,1,4,1,0.8065653488941232
1-730533489,2,4,1,0.809961611786593
1-730533489,3,4,1,0.8387497602554638
1-730533489,4,4,1,0.687909894338603
1-730655295,1,5,1,0.8634163228407525
1-730655295,2,5,1,0.873993290851137
1-730655295,3,5,1,0.8908680009113509
1-730655295,4,5,1,0.9199653506886992
1-730655295,5,5,1,0.9400800237955397
1-730692155,1,17,0,0.7402578168122702
1-730692155,2,17,0,0.7371763717572307
1-730692155,3,17,0,0.8109775206882641
1-730692155,4,17,0,0.7919320287320408
1-730692155,5,17,0,0.8038861084680531
1-730692155,6,17,0,0.8705441457455877
1-730692155,7,17,0,0.80628582787173
1-730692155,8,17,0,0.8062222881881624
1-730692155,9,17,0,0.7804783993092766
1-730692155,10,17,0,0.7922348667760559
1-730692155,11,17,0,0.7369382792616563
1-730692155,12,17,0,0.6673437656559542
1-730698833,1,16,1,0.6697123340411579
1-730698833,2,16,1,0.7401692259011777
1-730698833,3,16,1,0.7363867250120486
1-730698833,4,16,1,0.7776341221424136
1-730698833,5,16,1,0.8158944956053222
1-730698833,6,16,1,0.8571010825620399
1-730698833,7,16,1,0.8537334451751957
1-730698833,8,16,1,0.8610062729330381
1-730698833,9,16,1,0.8577901738325943
1-730698833,10,16,1,0.8716318172721433
1-730698833,11,16,1,0.8811888740759745
1-730698833,12,16,1,0.8769587438501846
1-730760715,1,10,1,0.8212014015504037
1-730760715,2,10,1,0.8016475957164133
1-730760715,3,10,1,0.8243066030467857
1-730760715,4,10,1,0.8037222839141029
1-730760715,5,10,1,0.8250669112519293
1-730760715,6,10,1,0.8125259880041801
1-730760715,7,10,1,0.8114490777046669
1-730760715,8,10,1,0.8107890597259608
1-730760715,9,10,1,0.8224849731071228
1-730760715,10,10,1,0.8342981280238205
1-730969281,1,8,1,0.7657023393039731
1-730969281,2,8,1,0.7579124630630724
1-730969281,3,8,1,0.7602734542968004
1-730969281,4,8,1,0.7942525982854015
1-730969281,5,8,1,0.8441656099193448
1-730969281,6,8,1,0.7880385906460592
1-730969281,7,8,1,0.8321748588533957
1-730969281,8,8,1,0.8807107107199308
1-730969611,1,10,1,0.8242399283312012
1-730969611,2,10,1,0.797989116437501
1-730969611,3,10,1,0.8353288338382486
1-730969611,4,10,1,0.8859309039302601
1-730969611,5,10,1,0.8942115921677334
1-730969611,6,10,1,0.8887162753128511
1-730969611,7,10,1,0.8711619790472857
1-730969611,8,10,1,0.9576154829613557
1-730969611,9,10,1,0.9642348575908984
1-730969611,10,10,1,0.9585816846292479
1-730969852,1,9,1,0.8102268895521871
1-730969852,2,9,1,0.8375006044211728
1-730969852,3,9,1,0.8837562077486335
1-730969852,4,9,1,0.9085032439117822
1-730969852,5,9,1,0.8998448588057268
1-730969852,6,9,1,0.8922399783868432
1-730969852,7,9,1,0.9626772298248807
1-730969852,8,9,1,0.957092162189078
1-730969852,9,9,1,0.9433601423879181
1-731065533,1,14,0,0.7747591716575289
1-731065533,2,14,0,0.7855572766440835
1-731065533,3,14,0,0.7659800491983657
1-731065533,4,14,0,0.8170694480536848
1-731065533,5,14,0,0.8012124524745659
1-731065533,6,14,0,0.7942173052317085
1-731065533,7,14,0,0.8254565161070618
1-731065533,8,14,0,0.7892122385409291
1-731065533,9,14,0,0.7908788490287271
1-731065533,10,14,0,0.7349176688000874
1-731065533,11,14,0,0.7346624232776787
1-731065533,12,14,0,0.7328028116053644
1-731094128,1,16,1,0.7833444519957851
1-731094128,2,16,1,0.7867104862719544
1-731094128,3,16,1,0.7815978416840641
1-731094128,4,16,1,0.8343092808998271
1-731094128,5,16,1,0.8433264806484925
1-731094128,6,16,1,0.8457468088510328
1-731094128,7,16,1,0.8632001377110976
1-731094128,8,16,1,0.8526685381868214
1-731094128,9,16,1,0.8447355470924175
1-731094128,10,16,1,0.8549094768472114
1-731094128,11,16,1,0.8577191562876254
1-731094128,12,16,1,0.8951823920117404
1-731100012,1,18,1,0.7163913150040098
1-731100012,2,18,1,0.715932699503822
1-731100012,3,18,1,0.7855791419984682
1-731100012,4,18,1,0.8185636793086492
1-731100012,5,18,1,0.8084201600840567
1-731100012,6,18,1,0.8493371992471541
1-731100012,7,18,1,0.8507631443327296
1-731100012,8,18,1,0.8470665000663229
1-731100012,9,18,1,0.8096710093817391
1-731100012,10,18,1,0.7269905743692854
1-731100012,11,18,1,0.7093349003713182
1-731100012,12,18,1,0.6845627565174434
1-731123267,1,9,1,0.7772059254787079
1-731123267,2,9,1,0.7729198258823375
1-731123267,3,9,1,0.7942884883130041
1-731123267,4,9,1,0.8214421189603662
1-731123267,5,9,1,0.8679290641400632
1-731123267,6,9,1,0.9094847698322658
1-731123267,7,9,1,0.9114023898732425
1-731123267,8,9,1,0.9199666515245565
1-731123267,9,9,1,0.8303678685112196
1-731330695,1,5,1,0.9122456408778475
1-731330695,2,5,1,0.9032476828629996
1-731330695,3,5,1,0.896077701033796
1-731330695,4,5,1,0.888230784410437
1-731330695,5,5,1,0.9065532410738805
1-731333810,1,13,1,0.8349985408167119
1-731333810,2,13,1,0.8479759899404095
1-731333810,3,13,1,0.9133521092359809
1-731333810,4,13,1,0.9010537349290402
1-731333810,5,13,1,0.9068853322510834
1-731333810,6,13,1,0.8993958962879653
1-731333810,7,13,1,0.8982088316833233
1-731333810,8,13,1,0.8913645726041449
1-731333810,9,13,1,0.8715017267445198
1-731333810,10,13,1,0.8951817366676719
1-731333810,11,13,1,0.8295203187757525
1-731333810,12,13,1,0.8032519858421714
1-731336210,1,4,1,0.6625312536107368
1-731336210,2,4,1,0.7392426754148892
1-731336210,3,4,1,0.855274919451085
1-731336210,4,4,1,0.8248082307469747
1-731342385,1,4,0,0.8322730295217283
1-731342385,2,4,0,0.7753896150969459
1-731342385,3,4,0,0.7368586513614234
1-731342385,4,4,0,0.6009248155124797
1-731439441,1,25,0,0.8279361864028113
1-731439441,2,25,0,0.7955606001703825
1-731439441,3,25,0,0.8776865086864516
1-731439441,4,25,0,0.894132895168406
1-731439441,5,25,0,0.8662210295219063
1-731439441,6,25,0,0.817473576979983
1-731439441,7,25,0,0.8627306856429406
1-731439441,8,25,0,0.8675319243794547
1-731439441,9,25,0,0.8470898967598651
1-731439441,10,25,0,0.8342511615875345
1-731439441,11,25,0,0.8359621008419469
1-731439441,12,25,0,0.8355997307950371
1-731766006,1,51,1,0.8556593569596481
1-731766006,2,51,1,0.8522343498923853
1-731766006,3,51,1,0.8646137545803622
1-731766006,4,51,1,0.8892207953712826
1-731766006,5,51,1,0.8860411300965106
1-731766006,6,51,1,0.880454819644707
1-731766006,7,51,1,0.8724236488695374
1-731766006,8,51,1,0.8945108986082689
1-731766006,9,51,1,0.8653183676924425
1-731766006,10,51,1,0.8485444758363566
1-731766006,11,51,1,0.8493441541654347
1-731766006,12,51,1,0.7721826751970828
1-731814081,1,12,0,0.8385841392180265
1-731814081,2,12,0,0.8340005441115746
1-731814081,3,12,0,0.7964581933494466
1-731814081,4,12,0,0.8633503763083352
1-731814081,5,12,0,0.88479036079298
1-731814081,6,12,0,0.8892818974221884
1-731814081,7,12,0,0.8496292435673101
1-731814081,8,12,0,0.8229938499176902
1-731814081,9,12,0,0.8308527280019823
1-731814081,10,12,0,0.8212679520445747
1-731814081,11,12,0,0.7518263987710027
1-731814081,12,12,0,0.70923733944077
1-731816225,1,5,1,0.7692239972181927
1-731816225,2,5,1,0.751191204958047
1-731816225,3,5,1,0.7651328204308404
1-731816225,4,5,1,0.7564246209349299
1-731816225,5,5,1,0.5843330221274854
1-731829921,1,9,1,0.7870599621712554
1-731829921,2,9,1,0.7293846771151415
1-731829921,3,9,1,0.794180425099332
1-731829921,4,9,1,0.8481353348904114
1-731829921,5,9,1,0.8447937890080018
1-731829921,6,9,1,0.8442166002961158
1-731829921,7,9,1,0.8095808026357452
1-731829921,8,9,1,0.8079914771711969
1-731829921,9,9,1,0.962206688052889
1-731829961,1,9,1,0.8118323891845934
1-731829961,2,9,1,0.8458287790188964
1-731829961,3,9,1,0.8945318003760547
1-731829961,4,9,1,0.9139884286742068
1-731829961,5,9,1,0.9008659399591565
1-731829961,6,9,1,0.8993909142032357
1-731829961,7,9,1,0.9731122826841953
1-731829961,8,9,1,0.9623345507076643
1-731829961,9,9,1,0.9837390978785915
1-731830101,1,7,1,0.8381320205179142
1-731830101,2,7,1,0.7666744705963756
1-731830101,3,7,1,0.8133255319540841
1-731830101,4,7,1,0.8524257219117134
1-731830101,5,7,1,0.8871916365782476
1-731830101,6,7,1,0.8849024704675171
1-731830101,7,7,1,0.9678225544801627
1-731861414,1,5,1,0.7941068550388356
1-731861414,2,5,1,0.7942249131495991
1-731861414,3,5,1,0.8697010302190726
1-731861414,4,5,1,0.8798647745381447
1-731861414,5,5,1,0.8883235760460892
1-731868931,1,9,1,0.8038038825304328
1-731868931,2,9,1,0.7829791370520928
1-731868931,3,9,1,0.8504327235743405
1-731868931,4,9,1,0.8876861129281192
1-731868931,5,9,1,0.8894772121207302
1-731868931,6,9,1,0.8884013736132362
1-731868931,7,9,1,0.9732378687068708
1-731868931,8,9,1,0.9687467742772546
1-731868931,9,9,1,0.9570535034415758
1-731869271,1,17,1,0.8196430187389225
1-731869271,2,17,1,0.8837242907879823
1-731869271,3,17,1,0.8791564840090799
1-731869271,4,17,1,0.8953638193175366
1-731869271,5,17,1,0.7289287332256605
1-731869271,6,17,1,0.7394837918031939
1-731869271,7,17,1,0.8211212072786886
1-731869271,8,17,1,0.8202997989885371
1-731869271,9,17,1,0.7878488473630696
1-731869271,10,17,1,0.777237038381096
1-731869271,11,17,1,0.8486346446687465
1-731869271,12,17,1,0.8233378770515632
1-731869451,1,10,1,0.778822421419323
1-731869451,2,10,1,0.7646680529779495
1-731869451,3,10,1,0.8256294122886384
1-731869451,4,10,1,0.7057508339571058
1-731869451,5,10,1,0.7341545808257421
1-731869451,6,10,1,0.7102924317255292
1-731869451,7,10,1,0.7048264742096793
1-731869451,8,10,1,0.9098465405742587
1-731869451,9,10,1,0.9170058990153936
1-731869451,10,10,1,0.914137849504976
1-731886981,1,5,1,0.8075986858632266
1-731886981,2,5,1,0.7949168857796413
1-731886981,3,5,1,0.867461138612199
1-731886981,4,5,1,0.8750421267950486
1-731886981,5,5,1,0.8395398035369982
1-731966140,1,16,1,0.8167847303301553
1-731966140,2,16,1,0.8372488075089545
1-731966140,3,16,1,0.5746045286128466
1-731966140,4,16,1,0.5865254329330566
1-731966140,5,16,1,0.710752749001387
1-731966140,6,16,1,0.7284519173530052
1-731966140,7,16,1,0.7567742070787485
1-731966140,8,16,1,0.7222062802675836
1-731966140,9,16,1,0.7026688690069682
1-731966140,10,16,1,0.6733317367825733
1-731966140,11,16,1,0.6787849835245855
1-731966140,12,16,1,0.7031650662415035
1-732030201,1,4,1,0.8049753632148257
1-732030201,2,4,1,0.8250693675473748
1-732030201,3,4,1,0.8087157040605678
1-732030201,4,4,1,0.8379134043945288
1-732088178,1,27,0,0.8259961353862392
1-732088178,2,27,0,0.7758109855223908
1-732088178,3,27,0,0.8376354135912788
1-732088178,4,27,0,0.8337120136898843
1-732088178,5,27,0,0.8581636350659867
1-732088178,6,27,0,0.8367897244410807
1-732088178,7,27,0,0.8485335379394771
1-732088178,8,27,0,0.8397650519092037
1-732088178,9,27,0,0.8257907478115291
1-732088178,10,27,0,0.8133838379160225
1-732088178,11,27,0,0.8392745249495193
1-732088178,12,27,0,0.8920619210436552
1-732124409,1,12,0,0.6332662583635228
1-732124409,2,12,0,0.6226528653842333
1-732124409,3,12,0,0.5539027836868633
1-732124409,4,12,0,0.5922057232138148
1-732124409,5,12,0,0.5785057068573788
1-732124409,6,12,0,0.571212411389159
1-732124409,7,12,0,0.6753611939780061
1-732124409,8,12,0,0.7274456324965958
1-732124409,9,12,0,0.5629270967092005
1-732124409,10,12,0,0.4947976111336187
1-732124409,11,12,0,0.4961337714840842
1-732124409,12,12,0,0.6575431776296863
1-732193663,1,7,1,0.900036054998407
1-732193663,2,7,1,0.9105974693927295
1-732193663,3,7,1,0.8440136753064169
1-732193663,4,7,1,0.8805579497723408
1-732193663,5,7,1,0.8995774501488905
1-732193663,6,7,1,0.933435653146435
1-732193663,7,7,1,0.9349516592763488
1-732203933,1,7,1,0.8844308028494879
1-732203933,2,7,1,0.8813434476181203
1-732203933,3,7,1,0.9422260549792695
1-732203933,4,7,1,0.932681376956156
1-732203933,5,7,1,0.9375472787978236
1-732203933,6,7,1,0.9387805711979782
1-732203933,7,7,1,0.9307781528119544
1-732211941,1,12,1,0.7786811526403405
1-732211941,2,12,1,0.729156345701734
1-732211941,3,12,1,0.7337846607614716
1-732211941,4,12,1,0.7700602041942266
1-732211941,5,12,1,0.836094197172012
1-732211941,6,12,1,0.8518327184814386
1-732211941,7,12,1,0.7646885600495535
1-732211941,8,12,1,0.7665282877113716
1-732211941,9,12,1,0.7334088911845469
1-732211941,10,12,1,0.7575182293555843
1-732211941,11,12,1,0.7473337084717844
1-732211941,12,12,1,0.7269414701646322
1-732261521,1,6,1,0.8521611037367206
1-732261521,2,6,1,0.824614984517101
1-732261521,3,6,1,0.8333567208320691
1-732261521,4,6,1,0.8669320510910721
1-732261521,5,6,1,0.809193056071204
1-732261521,6,6,1,0.8065671973540678
1-732279953,1,10,1,0.5821901110401254
1-732279953,2,10,1,0.5750239297356045
1-732279953,3,10,1,0.6279844592010249
1-732279953,4,10,1,0.6010199665249264
1-732279953,5,10,1,0.587378402101216
1-732279953,6,10,1,0.6935925230029488
1-732279953,7,10,1,0.6832782656540582
1-732279953,8,10,1,0.7014642179945926
1-732279953,9,10,1,0.9222762984425098
1-732279953,10,10,1,0.9242733655182527
1-732289131,1,30,1,0.7907925966412912
1-732289131,2,30,1,0.7786629264863659
1-732289131,3,30,1,0.8588029759140277
1-732289131,4,30,1,0.8555804844681264
1-732289131,5,30,1,0.8699746895696493
1-732289131,6,30,1,0.8697058776807385
1-732289131,7,30,1,0.8868305053951959
1-732289131,8,30,1,0.859023223583554
1-732289131,9,30,1,0.8814444419892193
1-732289131,10,30,1,0.846855527194985
1-732289131,11,30,1,0.853653152431092
1-732289131,12,30,1,0.8875980237850284
1-732316871,1,23,1,0.8586320552253661
1-732316871,2,23,1,0.8699074581624152
1-732316871,3,23,1,0.8589242874003568
1-732316871,4,23,1,0.8771949240375255
1-732316871,5,23,1,0.8910274337091393
1-732316871,6,23,1,0.8205759545215098
1-732316871,7,23,1,0.8274113176917696
1-732316871,8,23,1,0.8066092148071807
1-732316871,9,23,1,0.8560504904416465
1-732316871,10,23,1,0.8720114650160574
1-732316871,11,23,1,0.8656312153786891
1-732316871,12,23,1,0.8648874169655695
1-732325815,1,5,0,0.8031729215707821
1-732325815,2,5,0,0.7976486084621585
1-732325815,3,5,0,0.7679324524446066
1-732325815,4,5,0,0.7955049696073712
1-732325815,5,5,0,0.7939441649294772
1-732361737,1,21,1,0.8687858952742351
1-732361737,2,21,1,0.8556005246209754
1-732361737,3,21,1,0.8334020196335481
1-732361737,4,21,1,0.8643065586575307
1-732361737,5,21,1,0.8285057788079063
1-732361737,6,21,1,0.87961634805552
1-732361737,7,21,1,0.8496808890920914
1-732361737,8,21,1,0.8924318978120281
1-732361737,9,21,1,0.8546589028165528
1-732361737,10,21,1,0.8709414985645579
1-732361737,11,21,1,0.8529114826297077
1-732361737,12,21,1,0.8716579693351421
1-732394151,1,4,1,0.6621153967115169
1-732394151,2,4,1,0.7600892253094464
1-732394151,3,4,1,0.8467287364486651
1-732394151,4,4,1,0.8913270500729844
1-732855871,1,6,1,0.8692495457758218
1-732855871,2,6,1,0.8480100556436986
1-732855871,3,6,1,0.8250175652582141
1-732855871,4,6,1,0.8324998632592259
1-732855871,5,6,1,0.786522791071443
1-732855871,6,6,1,0.7705149024668655
1-732892273,1,10,1,0.8188838884020158
1-732892273,2,10,1,0.8309223144939112
1-732892273,3,10,1,0.8581317127229015
1-732892273,4,10,1,0.8764609048999453
1-732892273,5,10,1,0.8809955460378988
1-732892273,6,10,1,0.852974473955347
1-732892273,7,10,1,0.8588652206893935
1-732892273,8,10,1,0.9060319226854017
1-732892273,9,10,1,0.8752031402615993
1-732892273,10,10,1,0.8668605108373426
1-732943705,1,12,1,0.9101896447623049
1-732943705,2,12,1,0.8886473434548621
1-732943705,3,12,1,0.8941283460754088
1-732943705,4,12,1,0.9131863023146742
1-732943705,5,12,1,0.844990350958345
1-732943705,6,12,1,0.8266513224068783
1-732943705,7,12,1,0.885487241107122
1-732943705,8,12,1,0.8708087130072175
1-732943705,9,12,1,0.8618659233658934
1-732943705,10,12,1,0.9628219879752558
1-732943705,11,12,1,0.9427904825456637
1-732943705,12,12,1,0.9382153665187691
1-733001687,1,6,0,0.8949007957833705
1-733001687,2,6,0,0.9110923270884552
1-733001687,3,6,0,0.9019173665987944
1-733001687,4,6,0,0.9348275950634726
1-733001687,5,6,0,0.9334158032353927
1-733001687,6,6,0,0.8932124490089793
1-733055291,1,7,1,0.8460238336150835
1-733055291,2,7,1,0.8453886069168984
1-733055291,3,7,1,0.8662657209894377
1-733055291,4,7,1,0.8607680583190296
1-733055291,5,7,1,0.8469884317017469
1-733055291,6,7,1,0.8507363177463192
1-733055291,7,7,1,0.8387511403141229
1-733076472,1,12,1,0.8927168159330718
1-733076472,2,12,1,0.8940817015091242
1-733076472,3,12,1,0.9041375718425542
1-733076472,4,12,1,0.9128558517403282
1-733076472,5,12,1,0.9316208871369209
1-733076472,6,12,1,0.926385543483873
1-733076472,7,12,1,0.9276524193823936
1-733076472,8,12,1,0.919626787052172
1-733076472,9,12,1,0.9863472330427506
1-733076472,10,12,1,0.9694972556975523
1-733076472,11,12,1,0.9567234030493933
1-733076472,12,12,1,0.9587291898582673
1-733078101,1,5,1,0.8878200598492388
1-733078101,2,5,1,0.899733886802941
1-733078101,3,5,1,0.8132399772580358
1-733078101,4,5,1,0.9019898637136221
1-733078101,5,5,1,0.9229559785866807
1-733096851,1,8,1,0.844600363833588
1-733096851,2,8,1,0.8457816271958939
1-733096851,3,8,1,0.8902653135432221
1-733096851,4,8,1,0.89118925163234
1-733096851,5,8,1,0.8872766290922199
1-733096851,6,8,1,0.905688245139051
1-733096851,7,8,1,0.9053657016949856
1-733096851,8,8,1,0.8988276063271174
1-733178699,1,14,1,0.8668935348721065
1-733178699,2,14,1,0.8667842159277734
1-733178699,3,14,1,0.8952480220778779
1-733178699,4,14,1,0.8649459777667452
1-733178699,5,14,1,0.8740765884651059
1-733178699,6,14,1,0.9194342784029987
1-733178699,7,14,1,0.8996707885499493
1-733178699,8,14,1,0.8955797283529247
1-733178699,9,14,1,0.890909624936359
1-733178699,10,14,1,0.8933913019263541
1-733178699,11,14,1,0.8916792496675331
1-733178699,12,14,1,0.878238295302895
1-733240337,1,19,0,0.8813587052170677
1-733240337,2,19,0,0.8490906678326019
1-733240337,3,19,0,0.860089487849664
1-733240337,4,19,0,0.8492389487976728
1-733240337,5,19,0,0.9066732278199303
1-733240337,6,19,0,0.9332528756683086
1-733240337,7,19,0,0.9219366561956138
1-733240337,8,19,0,0.846391338525412
1-733240337,9,19,0,0.8538686178303702
1-733240337,10,19,0,0.7615936066350596
1-733240337,11,19,0,0.7629157746143481
1-733240337,12,19,0,0.7582171406517462
1-733244535,1,13,1,0.897650476677927
1-733244535,2,13,1,0.8902598283277179
1-733244535,3,13,1,0.9254554316380006
1-733244535,4,13,1,0.9088299846415091
1-733244535,5,13,1,0.8986160942957144
1-733244535,6,13,1,0.8761084464538107
1-733244535,7,13,1,0.8932485684575221
1-733244535,8,13,1,0.8580328272342876
1-733244535,9,13,1,0.8447147008498992
1-733244535,10,13,1,0.836669241249277
1-733244535,11,13,1,0.8422057813564898
1-733244535,12,13,1,0.8326000854903269
1-733252314,1,5,1,0.9202927544476984
1-733252314,2,5,1,0.8977802229387262
1-733252314,3,5,1,0.9114417329326051
1-733252314,4,5,1,0.9366397074310195
1-733252314,5,5,1,0.8591794832087095
1-733252403,1,6,1,0.782409192379101
1-733252403,2,6,1,0.7825269818874013
1-733252403,3,6,1,0.8662172778527513
1-733252403,4,6,1,0.7646868126534724
1-733252403,5,6,1,0.7687809277662577
1-733252403,6,6,1,0.768122506057306
1-733265984,1,8,1,0.8022700835337032
1-733265984,2,8,1,0.8226671087685556
1-733265984,3,8,1,0.826201721215824
1-733265984,4,8,1,0.7626812701620752
1-733265984,5,8,1,0.789151799868834
1-733265984,6,8,1,0.8369867978875013
1-733265984,7,8,1,0.8142343185985509
1-733265984,8,8,1,0.7821148319044081
1-733271357,1,17,1,0.7928402632435779
1-733271357,2,17,1,0.8156946736767966
1-733271357,3,17,1,0.7821345372338239
1-733271357,4,17,1,0.7956793854920058
1-733271357,5,17,1,0.8510251752462624
1-733271357,6,17,1,0.8682764771362694
1-733271357,7,17,1,0.9105673218281608
1-733271357,8,17,1,0.8925230930836666
1-733271357,9,17,1,0.9623532038414305
1-733271357,10,17,1,0.942579807522136
1-733271357,11,17,1,0.9224009086436715
1-733271357,12,17,1,0.9109279421455287
1-733350311,1,4,1,0.7877466180097283
1-733350311,2,4,1,0.7906689665160278
1-733350311,3,4,1,0.8927125545179548
1-733350311,4,4,1,0.8660107113411745
1-733389423,1,5,1,0.527130898339999
1-733389423,2,5,1,0.5026487597483987
1-733389423,3,5,1,0.761014087956278
1-733389423,4,5,1,0.7463551632229996
1-733389423,5,5,1,0.7492425635525758
1-733414248,1,15,1,0.8315869972852314
1-733414248,2,15,1,0.8145279329845375
1-733414248,3,15,1,0.8492897190943155
1-733414248,4,15,1,0.8555440821472363
1-733414248,5,15,1,0.8582555707014796
1-733414248,6,15,1,0.8766122935440952
1-733414248,7,15,1,0.8871875749588359
1-733414248,8,15,1,0.8763766052702175
1-733414248,9,15,1,0.838371953883011
1-733414248,10,15,1,0.8404318095279035
1-733414248,11,15,1,0.844321406238154
1-733414248,12,15,1,0.8125198761518191
1-733456610,1,4,1,0.8243424116496341
1-733456610,2,4,1,0.7997257609012735
1-733456610,3,4,1,0.8503972219841526
1-733456610,4,4,1,0.910455832794237
1-733478032,1,5,1,0.7257807759289182
1-733478032,2,5,1,0.7290206877499815
1-733478032,3,5,1,0.7772511691624839
1-733478032,4,5,1,0.7454616721471706
1-733478032,5,5,1,0.7304142666792818
1-733482558,1,9,1,0.6387914551406424
1-733482558,2,9,1,0.6485295318021884
1-733482558,3,9,1,0.6434998545774385
1-733482558,4,9,1,0.6899805252650982
1-733482558,5,9,1,0.654462332736894
1-733482558,6,9,1,0.6554483845304869
1-733482558,7,9,1,0.7230189856044459
1-733482558,8,9,1,0.7555001091473357
1-733482558,9,9,1,0.6232506426527532
1-733539596,1,24,1,0.7628637673828994
1-733539596,2,24,1,0.7582319002679969
1-733539596,3,24,1,0.8851862028048338
1-733539596,4,24,1,0.8998273989980898
1-733539596,5,24,1,0.8285180744652163
1-733539596,6,24,1,0.7857437187201145
1-733539596,7,24,1,0.7926812180505383
1-733539596,8,24,1,0.8488455157472636
1-733539596,9,24,1,0.893059701267527
1-733539596,10,24,1,0.8966534882201476
1-733539596,11,24,1,0.8922031077899248
1-733539596,12,24,1,0.8819205420035011
1-733556566,1,6,1,0.8254782449530053
1-733556566,2,6,1,0.8216210158617634
1-733556566,3,6,1,0.923341456192911
1-733556566,4,6,1,0.7583153087389061
1-733556566,5,6,1,0.7739094554083482
1-733556566,6,6,1,0.9178646350427326
1-733566832,1,4,0,0.7628019184303615
1-733566832,2,4,0,0.7616973514641732
1-733566832,3,4,0,0.7144625851666828
1-733566832,4,4,0,0.5851743366495434
1-734665561,1,17,1,0.7285810250971384
1-734665561,2,17,1,0.726545445037723
1-734665561,3,17,1,0.7240011119336557
1-734665561,4,17,1,0.7747704186504829
1-734665561,5,17,1,0.783229849768768
1-734665561,6,17,1,0.8127646691341874
1-734665561,7,17,1,0.8325629182839328
1-734665561,8,17,1,0.7810748177111846
1-734665561,9,17,1,0.7571730348050133
1-734665561,10,17,1,0.8088475770567745
1-734665561,11,17,1,0.8115546386641789
1-734665561,12,17,1,0.7592511047071633
1-734668082,1,5,0,0.8122202442985611
1-734668082,2,5,0,0.783424062378148
1-734668082,3,5,0,0.8840172056782526
1-734668082,4,5,0,0.768158150095302
1-734668082,5,5,0,0.7367885209320019
1-734673191,1,23,1,0.846604512337647
1-734673191,2,23,1,0.8315002543180778
1-734673191,3,23,1,0.8211428413683235
1-734673191,4,23,1,0.7745112906549099
1-734673191,5,23,1,0.8603098378870133
1-734673191,6,23,1,0.9283875938532592
1-734673191,7,23,1,0.9286108815421739
1-734673191,8,23,1,0.8504735342732569
1-734673191,9,23,1,0.8393182757953366
1-734673191,10,23,1,0.8165401520316389
1-734673191,11,23,1,0.769448368382671
1-734673191,12,23,1,0.798332219195211
1-734673481,1,13,1,0.8120614910135824
1-734673481,2,13,1,0.8723832089102459
1-734673481,3,13,1,0.9170464994528008
1-734673481,4,13,1,0.7418905995212609
1-734673481,5,13,1,0.7800631265612268
1-734673481,6,13,1,0.8899422031369233
1-734673481,7,13,1,0.9033546577196453
1-734673481,8,13,1,0.9687492304578738
1-734673481,9,13,1,0.9634577302601118
1-734673481,10,13,1,0.9449522545625496
1-734673481,11,13,1,0.9498621949284349
1-734673481,12,13,1,0.9537516869951547
1-734678351,1,7,1,0.7461139602458408
1-734678351,2,7,1,0.7388951401374327
1-734678351,3,7,1,0.7298876568623311
1-734678351,4,7,1,0.736190872789316
1-734678351,5,7,1,0.9194041931699439
1-734678351,6,7,1,0.9160768175893357
1-734678351,7,7,1,0.9115859188291718
1-734697476,1,9,1,0.8116269024177128
1-734697476,2,9,1,0.8167779555005349
1-734697476,3,9,1,0.8580974321156866
1-734697476,4,9,1,0.8066491360578213
1-734697476,5,9,1,0.8415810610290461
1-734697476,6,9,1,0.8512744776480183
1-734697476,7,9,1,0.860313476769774
1-734697476,8,9,1,0.9755371278690715
1-734697476,9,9,1,0.9584193147087189
1-734721812,1,16,1,0.8048069473635338
1-734721812,2,16,1,0.8186904417487917
1-734721812,3,16,1,0.9157035775694301
1-734721812,4,16,1,0.9222589121252703
1-734721812,5,16,1,0.9186466459471286
1-734721812,6,16,1,0.901457723036639
1-734721812,7,16,1,0.9153510474337573
1-734721812,8,16,1,0.8369662995237205
1-734721812,9,16,1,0.8356300377014527
1-734721812,10,16,1,0.8308014030393792
1-734721812,11,16,1,0.83052585979122
1-734721812,12,16,1,0.8396931884902397
1-734734357,1,7,0,0.890965229323111
1-734734357,2,7,0,0.8959779331654848
1-734734357,3,7,0,0.9041373872311753
1-734734357,4,7,0,0.9245604856475033
1-734734357,5,7,0,0.9493244414761125
1-734734357,6,7,0,0.9359515982213042
1-734734357,7,7,0,0.9501862617115804
1-734796269,1,3,1,0.7731317394961369
1-734796269,2,3,1,0.7820204599844054
1-734796269,3,3,1,0.9315425221679726
1-734802554,1,24,1,0.8066449576826872
1-734802554,2,24,1,0.8304023887978796
1-734802554,3,24,1,0.883403281527254
1-734802554,4,24,1,0.8990887386466634
1-734802554,5,24,1,0.9152012401306272
1-734802554,6,24,1,0.7758157927595668
1-734802554,7,24,1,0.781219643862704
1-734802554,8,24,1,0.9307515804399702
1-734802554,9,24,1,0.9415746628971594
1-734802554,10,24,1,0.9319037760272121
1-734802554,11,24,1,0.9173140256020764
1-734802554,12,24,1,0.9279106309369928
1-734811377,1,6,1,0.8560632947843257
1-734811377,2,6,1,0.8408983485756134
1-734811377,3,6,1,0.8618116999181091
1-734811377,4,6,1,0.8476542539038278
1-734811377,5,6,1,0.802810768003488
1-734811377,6,6,1,0.828959330628406
1-734812451,1,13,1,0.8205524670749201
1-734812451,2,13,1,0.8303020786782312
1-734812451,3,13,1,0.8426040339172362
1-734812451,4,13,1,0.7127659561343963
1-734812451,5,13,1,0.7584867284927759
1-734812451,6,13,1,0.797214657759498
1-734812451,7,13,1,0.7104725543254207
1-734812451,8,13,1,0.7027730559419427
1-734812451,9,13,1,0.7412682000360026
1-734812451,10,13,1,0.7248226419323717
1-734812451,11,13,1,0.7112544816394138
1-734812451,12,13,1,0.8280440819302174
1-734826334,1,10,1,0.8811644999981371
1-734826334,2,10,1,0.8853598852796017
1-734826334,3,10,1,0.9088762743625985
1-734826334,4,10,1,0.9125244449245209
1-734826334,5,10,1,0.940840068611343
1-734826334,6,10,1,0.9237987301283485
1-734826334,7,10,1,0.9371021202263392
1-734826334,8,10,1,0.8739207033545732
1-734826334,9,10,1,0.8977491013262827
1-734826334,10,10,1,0.8419694136303516
1-734867990,1,16,0,0.43220185376725445
1-734867990,2,16,0,0.4113598655186855
1-734867990,3,16,0,0.35766517999144065
1-734867990,4,16,0,0.3682262196707825
1-734867990,5,16,0,0.3764169151537564
1-734867990,6,16,0,0.4968526987774299
1-734867990,7,16,0,0.44086829480954093
1-734867990,8,16,0,0.4555166802987625
1-734867990,9,16,0,0.4505603123572296
1-734867990,10,16,0,0.46486712321768703
1-734867990,11,16,0,0.45011311971639656
1-734867990,12,16,0,0.4538801411371417
1-734870379,1,15,1,0.8034522835733021
1-734870379,2,15,1,0.8293949034241804
1-734870379,3,15,1,0.8344945654812327
1-734870379,4,15,1,0.9341762825819291
1-734870379,5,15,1,0.901365968431542
1-734870379,6,15,1,0.9165613225371452
1-734870379,7,15,1,0.9148235757640418
1-734870379,8,15,1,0.8907715593040473
1-734870379,9,15,1,0.8838163422499927
1-734870379,10,15,1,0.8908849562668958
1-734870379,11,15,1,0.8991983944122952
1-734870379,12,15,1,0.8919555061126997
1-734895721,1,24,1,0.7281729176721602
1-734895721,2,24,1,0.7417093712319541
1-734895721,3,24,1,0.7983423817619507
1-734895721,4,24,1,0.7881167767304739
1-734895721,5,24,1,0.7853078038361436
1-734895721,6,24,1,0.7925997401649248
1-734895721,7,24,1,0.7916688540823945
1-734895721,8,24,1,0.7757112714364442
1-734895721,9,24,1,0.6764855772685013
1-734895721,10,24,1,0.7019956298424219
1-734895721,11,24,1,0.7667471701180006
1-734895721,12,24,1,0.7587037643652497
1-734903069,1,5,1,0.8970424738938484
1-734903069,2,5,1,0.9011267717031787
1-734903069,3,5,1,0.9131807193198782
1-734903069,4,5,1,0.9451926949739408
1-734903069,5,5,1,0.9397799458523028
1-734968581,1,6,1,0.9001460426443395
1-734968581,2,6,1,0.9117582326981609
1-734968581,3,6,1,0.9275394008416633
1-734968581,4,6,1,0.8332469821968665
1-734968581,5,6,1,0.8567407874004793
1-734968581,6,6,1,0.8386629367624877
1-735030751,1,5,1,0.7481181618049836
1-735030751,2,5,1,0.7508497663795005
1-735030751,3,5,1,0.694384247738392
1-735030751,4,5,1,0.720009516352434
1-735030751,5,5,1,0.7562558754969206
1-735030780,1,6,1,0.5906344428050005
1-735030780,2,6,1,0.5911829170856014
1-735030780,3,6,1,0.5388828490626241
1-735030780,4,6,1,0.5797190964167712
1-735030780,5,6,1,0.9398833567628098
1-735030780,6,6,1,0.9375929326035616
1-735037660,1,8,1,0.6663577592343133
1-735037660,2,8,1,0.6691114820609978
1-735037660,3,8,1,0.6770309316736904
1-735037660,4,8,1,0.678340312047507
1-735037660,5,8,1,0.6636230955611935
1-735037660,6,8,1,0.6756805245038997
1-735037660,7,8,1,0.7230495163174077
1-735037660,8,8,1,0.7070910543936973
1-735063522,1,5,0,0.753207336038048
1-735063522,2,5,0,0.7698255064997876
1-735063522,3,5,0,0.7083861158384053
1-735063522,4,5,0,0.678350038099572
1-735063522,5,5,0,0.710608029164207
1-735071172,1,4,1,0.7579977038143271
1-735071172,2,4,1,0.7897752468331065
1-735071172,3,4,1,0.8028207243517751
1-735071172,4,4,1,0.6916941246499064
1-735071603,1,5,0,0.6593953986868665
1-735071603,2,5,0,0.6937534796063131
1-735071603,3,5,0,0.7754296290337638
1-735071603,4,5,0,0.6972017574394227
1-735071603,5,5,0,0.7031113960306133
1-735078091,1,9,0,0.5694003889468304
1-735078091,2,9,0,0.5570604967281471
1-735078091,3,9,0,0.5601869354531053
1-735078091,4,9,0,0.5665106029120273
1-735078091,5,9,0,0.5931531176681836
1-735078091,6,9,0,0.5462182021436236
1-735078091,7,9,0,0.5278140218082882
1-735078091,8,9,0,0.7034751440140867
1-735078091,9,9,0,0.3707052375465212
1-735086266,1,6,1,0.47961212336601006
1-735086266,2,6,1,0.5002033437717395
1-735086266,3,6,1,0.5313726409015256
1-735086266,4,6,1,0.43792921776111576
1-735086266,5,6,1,0.4652074046732335
1-735086266,6,6,1,0.5443731530927313
1-735093723,1,35,1,0.43193197533903205
1-735093723,2,35,1,0.45850191309317295
1-735093723,3,35,1,0.44725421728878445
1-735093723,4,35,1,0.5281905181866864
1-735093723,5,35,1,0.630375690255981
1-735093723,6,35,1,0.6025654661003815
1-735093723,7,35,1,0.38408748604135035
1-735093723,8,35,1,0.364005247879764
1-735093723,9,35,1,0.4714245696502753
1-735093723,10,35,1,0.47022327155984234
1-735093723,11,35,1,0.5727399318084743
1-735093723,12,35,1,0.37992666090994154
1-735126180,1,9,0,0.6818501969959427
1-735126180,2,9,0,0.6512265083106218
1-735126180,3,9,0,0.7365958683496528
1-735126180,4,9,0,0.7098397823244643
1-735126180,5,9,0,0.7198861987519111
1-735126180,6,9,0,0.7330015885290789
1-735126180,7,9,0,0.7873518370421826
1-735126180,8,9,0,0.754664150350919
1-735126180,9,9,0,0.8073216070657226
1-735129927,1,6,1,0.6322011885914026
1-735129927,2,6,1,0.6482325527506295
1-735129927,3,6,1,0.7045707714326289
1-735129927,4,6,1,0.7234362926593028
1-735129927,5,6,1,0.7253408324156052
1-735129927,6,6,1,0.799035212919069
1-735145461,1,13,1,0.66655995570065
1-735145461,2,13,1,0.6438026731174521
1-735145461,3,13,1,0.6952868398648465
1-735145461,4,13,1,0.6782846008094129
1-735145461,5,13,1,0.6827393843399886
1-735145461,6,13,1,0.6157623923762623
1-735145461,7,13,1,0.63114793611711
1-735145461,8,13,1,0.6251075531257461
1-735145461,9,13,1,0.6751400604662018
1-735145461,10,13,1,0.7729757982519135
1-735145461,11,13,1,0.7752707508355166
1-735145461,12,13,1,0.7605354594855344
1-735171475,1,10,1,0.4332313562287181
1-735171475,2,10,1,0.4241142998951705
1-735171475,3,10,1,0.5072906411752715
1-735171475,4,10,1,0.4061641174062466
1-735171475,5,10,1,0.5015019878719539
1-735171475,6,10,1,0.5820229836748415
1-735171475,7,10,1,0.5710953975860732
1-735171475,8,10,1,0.8295139109557305
1-735171475,9,10,1,0.8072907188500273
1-735171475,10,10,1,0.8103519264991977
1-735177767,1,5,1,0.698496038125836
1-735177767,2,5,1,0.7074929708459549
1-735177767,3,5,1,0.7255385554135684
1-735177767,4,5,1,0.8198926453938804
1-735177767,5,5,1,0.8070303672095611
1-735177798,1,5,1,0.698496038125836
1-735177798,2,5,1,0.7054264675596488
1-735177798,3,5,1,0.7216834393600209
1-735177798,4,5,1,0.8198926453938804
1-735177798,5,5,1,0.8078232853741596
1-735194105,1,8,1,0.5944973072429556
1-735194105,2,8,1,0.6919611637495834
1-735194105,3,8,1,0.6722219863509967
1-735194105,4,8,1,0.6970450042852938
1-735194105,5,8,1,0.6841414536737431
1-735194105,6,8,1,0.7173774773924835
1-735194105,7,8,1,0.6848658819783461
1-735194105,8,8,1,0.6570849938171632
1-735231580,1,5,1,0.6580277398914747
1-735231580,2,5,1,0.6359402351714066
1-735231580,3,5,1,0.6959321734893441
1-735231580,4,5,1,0.690541705821144
1-735231580,5,5,1,0.711634068064448
1-735237150,1,3,1,0.6262400433727601
1-735237150,2,3,1,0.6319490647047961
1-735237150,3,3,1,0.5848604827214089
1-735262744,1,7,1,0.790037305310597
1-735262744,2,7,1,0.7912692215391921
1-735262744,3,7,1,0.7860579177646535
1-735262744,4,7,1,0.5768244551660313
1-735262744,5,7,1,0.6055721593408844
1-735262744,6,7,1,0.5722553160967898
1-735262744,7,7,1,0.6038543264508701
1-735318871,1,3,0,0.5908379469219117
1-735318871,2,3,0,0.5752883908989497
1-735318871,3,3,0,0.5958860240794639
1-735896953,1,12,1,0.7720240924403304
1-735896953,2,12,1,0.7608115089180258
1-735896953,3,12,1,0.7360840785503391
1-735896953,4,12,1,0.774491864989601
1-735896953,5,12,1,0.8059179343652182
1-735896953,6,12,1,0.6593214054907621
1-735896953,7,12,1,0.6558101819122871
1-735896953,8,12,1,0.6416720425224995
1-735896953,9,12,1,0.7624510287717141
1-735896953,10,12,1,0.757880602097657
1-735896953,11,12,1,0.7262037488552184
1-735896953,12,12,1,0.9004347479369958
1-735918851,1,4,0,0.2007881471797221
1-735918851,2,4,0,0.2634526694936417
1-735918851,3,4,0,0.2581333490043499
1-735918851,4,4,0,0.23730233247417498
1-736304161,1,8,0,0.5780300968610504
1-736304161,2,8,0,0.5901279067144721
1-736304161,3,8,0,0.5767940314992566
1-736304161,4,8,0,0.5560248608097501
1-736304161,5,8,0,0.6837015806982469
1-736304161,6,8,0,0.5796712526623109
1-736304161,7,8,0,0.553076514190727
1-736304161,8,8,0,0.7053130300779236
1-736346269,1,13,1,0.4922861518221861
1-736346269,2,13,1,0.5074062728182649
1-736346269,3,13,1,0.508104225048841
1-736346269,4,13,1,0.5271463405778706
1-736346269,5,13,1,0.5085683510324698
1-736346269,6,13,1,0.6148369468600893
1-736346269,7,13,1,0.5773106544052933
1-736346269,8,13,1,0.5849574992877254
1-736346269,9,13,1,0.6000851756230922
1-736346269,10,13,1,0.5948367474871111
1-736346269,11,13,1,0.5978629018459954
1-736346269,12,13,1,0.5861448787557763
1-736374689,1,5,0,0.5470855786571505
1-736374689,2,5,0,0.6105881928731894
1-736374689,3,5,0,0.5912738012751086
1-736374689,4,5,0,0.5008046339457285
1-736374689,5,5,0,0.6055155567968694
1-736384831,1,3,1,0.5786177011909381
1-736384831,2,3,1,0.6039645734113744
1-736384831,3,3,1,0.6043990701912797
1-736384921,1,6,1,0.4635098328613912
1-736384921,2,6,1,0.4518602410636752
1-736384921,3,6,1,0.43019857024165997
1-736384921,4,6,1,0.4726999302233245
1-736384921,5,6,1,0.4718453685995518
1-736384921,6,6,1,0.44967153063475696
1-736440596,1,13,0,0.4833805134775746
1-736440596,2,13,0,0.4674482244069202
1-736440596,3,13,0,0.41104618623715944
1-736440596,4,13,0,0.39729469933893324
1-736440596,5,13,0,0.3279285543354092
1-736440596,6,13,0,0.2722092616280886
1-736440596,7,13,0,0.20042503532094438
1-736440596,8,13,0,0.2081545788584427
1-736440596,9,13,0,0.22279835398742023
1-736440596,10,13,0,0.23112901861000304
1-736440596,11,13,0,0.2553420156967386
1-736440596,12,13,0,0.2405428172889749
1-736444712,1,6,0,0.48005629807458955
1-736444712,2,6,0,0.46905835924200723
1-736444712,3,6,0,0.539720157462726
1-736444712,4,6,0,0.5193664639048874
1-736444712,5,6,0,0.4922421139962687
1-736444712,6,6,0,0.4960415665113762
1-736491238,1,4,0,0.541509245049852
1-736491238,2,4,0,0.573361417718388
1-736491238,3,4,0,0.5517810912752819
1-736491238,4,4,0,0.3310137268107644
1-736499091,1,3,0,0.332832041454951
1-736499091,2,3,0,0.2676937162849647
1-736499091,3,3,0,0.16002073638417974
1-736552272,1,7,0,0.3477678346473276
1-736552272,2,7,0,0.3585591620466904
1-736552272,3,7,0,0.3594002512918803
1-736552272,4,7,0,0.31833494154610065
1-736552272,5,7,0,0.41892560984936295
1-736552272,6,7,0,0.40894145840642926
1-736552272,7,7,0,0.4309226841793396
1-736570196,1,7,0,0.3977270774801763
1-736570196,2,7,0,0.4008871599226733
1-736570196,3,7,0,0.35671240809019317
1-736570196,4,7,0,0.2824618605286161
1-736570196,5,7,0,0.3019279739675187
1-736570196,6,7,0,0.2928515713974841
1-736570196,7,7,0,0.30757499926025766
1-736602185,1,8,0,0.29740393158493617
1-736602185,2,8,0,0.279877683006977
1-736602185,3,8,0,0.26455394008681066
1-736602185,4,8,0,0.2709087293709752
1-736602185,5,8,0,0.30704523236004133
1-736602185,6,8,0,0.3093748309222753
1-736602185,7,8,0,0.32530868911972066
1-736602185,8,8,0,0.2564917021703932
1-736628141,1,10,0,0.3412182420632099
1-736628141,2,10,0,0.3521585909093923
1-736628141,3,10,0,0.2937860728726871
1-736628141,4,10,0,0.28041943856927937
1-736628141,5,10,0,0.286515515314693
1-736628141,6,10,0,0.25462874651539075
1-736628141,7,10,0,0.4026097757114893
1-736628141,8,10,0,0.32364673732310867
1-736628141,9,10,0,0.33188749026942727
1-736628141,10,10,0,0.5471756342261181
1-736633861,1,2,0,0.20042793528190997
1-736633861,2,2,0,0.19836674656696457
1-736646274,1,10,1,0.285851415318607
1-736646274,2,10,1,0.2951726927162946
1-736646274,3,10,1,0.3304865038162953
1-736646274,4,10,1,0.28312286001350806
1-736646274,5,10,1,0.29286952184566617
1-736646274,6,10,1,0.22090689026718607
1-736646274,7,10,1,0.20404743618512283
1-736646274,8,10,1,0.18555080367144056
1-736646274,9,10,1,0.2608393276244306
1-736646274,10,10,1,0.27095004332932876
1-736665050,1,6,1,0.27853806809574655
1-736665050,2,6,1,0.26829347210191007
1-736665050,3,6,1,0.31011360565426316
1-736665050,4,6,1,0.5424360188617837
1-736665050,5,6,1,0.7973168869667302
1-736665050,6,6,1,0.7955140811606253
1-736674351,1,3,0,0.20951591402382866
1-736674351,2,3,0,0.14833881310522898
1-736674351,3,3,0,0.12840351404849254
1-736674741,1,4,0,0.3174193185639323
1-736674741,2,4,0,0.2545399501437837
1-736674741,3,4,0,0.27542281601933993
1-736674741,4,4,0,0.22339281785730036
1-736674761,1,5,0,0.22537861402163736
1-736674761,2,5,0,0.1873947403946292
1-736674761,3,5,0,0.16670611463562632
1-736674761,4,5,0,0.20673663654086444
1-736674761,5,5,0,0.22318565419853637
1-736685322,1,5,0,0.20744839620000763
1-736685322,2,5,0,0.21104421617066027
1-736685322,3,5,0,0.2126213155063575
1-736685322,4,5,0,0.25305115443904264
1-736685322,5,5,0,0.23650851835476
1-736688781,1,3,0,0.21340049427484145
1-736688781,2,3,0,0.21733745450572145
1-736688781,3,3,0,0.23419513366573702
1-736696291,1,2,0,0.26682230301354765
1-736696291,2,2,0,0.2549271331260011
1-736700836,1,8,0,0.23568861757172224
1-736700836,2,8,0,0.2560866944321447
1-736700836,3,8,0,0.2289634513703693
1-736700836,4,8,0,0.22503026774185927
1-736700836,5,8,0,0.26676653310162873
1-736700836,6,8,0,0.20561495064747737
1-736700836,7,8,0,0.18536948956798635
1-736700836,8,8,0,0.18858580412994472
1-736701710,1,2,0,0.21647049398623955
1-736701710,2,2,0,0.22541396708970438
1-736701726,1,3,0,0.254249312966641
1-736701726,2,3,0,0.22532394688193932
1-736701726,3,3,0,0.26407481832541
1-736717361,1,2,0,0.23867745169270013
1-736717361,2,2,0,0.22787220485025533
1-736720489,1,8,0,0.10956962559831411
1-736720489,2,8,0,0.10097789597111287
1-736720489,3,8,0,0.13811056523593224
1-736720489,4,8,0,0.20929062043672458
1-736720489,5,8,0,0.23014146146460207
1-736720489,6,8,0,0.27381207733791757
1-736720489,7,8,0,0.19392586526947078
1-736720489,8,8,0,0.20025174197983373
1-736720598,1,7,0,0.12836511992087699
1-736720598,2,7,0,0.10925593668184415
1-736720598,3,7,0,0.18014483357756872
1-736720598,4,7,0,0.27546968387620185
1-736720598,5,7,0,0.28415885950569847
1-736720598,6,7,0,0.2092367354681305
1-736720598,7,7,0,0.22820837575198857
1-736726143,1,2,0,0.12824279849427192
1-736726143,2,2,0,0.11785143988866849
1-736726506,1,2,0,0.14496606503785284
1-736726506,2,2,0,0.12592673756423553
1-736726674,1,4,0,0.08100929834441063
1-736726674,2,4,0,0.0762390211325683
1-736726674,3,4,0,0.15756991095542977
1-736726674,4,4,0,0.1321118950996392
1-736726945,1,4,0,0.21977164080763895
1-736726945,2,4,0,0.24063132002224555
1-736726945,3,4,0,0.3502638567011043
1-736726945,4,4,0,0.1931138745213431
1-736727363,1,2,0,0.11983522555245567
1-736727363,2,2,0,0.12211210323554941
1-736727792,1,2,0,0.1725602288384379
1-736727792,2,2,0,0.15840051443483685
1-736771176,1,3,0,0.14509062259186914
1-736771176,2,3,0,0.1408705141114722
1-736771176,3,3,0,0.22237607305735305
1-736773340,1,3,0,0.04892743674117206
1-736773340,2,3,0,0.06466624919899584
1-736773340,3,3,0,0.13428671151706814
1-736773836,1,4,0,0.11622270964505775
1-736773836,2,4,0,0.18911639979947584
1-736773836,3,4,0,0.24068358663754044
1-736773836,4,4,0,0.21440380409665546
1-737309288,1,2,0,0.1945333637229463
1-737309288,2,2,0,0.17197325554695483
1-737309366,1,2,0,0.17289834053628425
1-737309366,2,2,0,0.17398741719890592
1-737309490,1,10,0,0.11616339568144222
1-737309490,2,10,0,0.12460381146402931
1-737309490,3,10,0,0.19263028166346077
1-737309490,4,10,0,0.18184780525089642
1-737309490,5,10,0,0.2825244453416698
1-737309490,6,10,0,0.2709790704296769
1-737309490,7,10,0,0.29781869157330604
1-737309490,8,10,0,0.28673056187058726
1-737309490,9,10,0,0.3454264544433778
1-737309490,10,10,0,0.3027151376167729
1-737310100,1,2,0,0.046371243685395656
1-737310100,2,2,0,0.06263950204219826
1-737310146,1,2,0,0.02188488849794785
1-737310146,2,2,0,0.02063624475709647
1-737325828,1,3,0,0.03255187276189375
1-737325828,2,3,0,0.0474915140065497
1-737325828,3,3,0,0.10607091014774767
1-737325862,1,2,0,0.0698440400746276
1-737325862,2,2,0,0.1092590936009249
1-737332540,1,6,0,0.13342135493604765
1-737332540,2,6,0,0.12247858062771208
1-737332540,3,6,0,0.18699288822986712
1-737332540,4,6,0,0.1826796617370224
1-737332540,5,6,0,0.20038422941490838
1-737332540,6,6,0,0.1267326680572072
1-737336461,1,4,0,0.2356843039925942
1-737336461,2,4,0,0.23518665123724772
1-737336461,3,4,0,0.2611281829756087
1-737336461,4,4,0,0.24306633648688375
1-737336647,1,2,0,0.20100344878017423
1-737336647,2,2,0,0.19276549705100351
1-737337973,1,2,0,0.08508550086319427
1-737337973,2,2,0,0.12549748938522054
1-737345200,1,2,0,0.08940748252824127
1-737345200,2,2,0,0.15761995828707373
1-737346409,1,2,0,0.07713908866020228
1-737346409,2,2,0,0.1021334779829298
1-737349941,1,10,0,0.09330530028209436
1-737349941,2,10,0,0.09977585972332612
1-737349941,3,10,0,0.16424160487806122
1-737349941,4,10,0,0.1344925451228439
1-737349941,5,10,0,0.16990923759330948
1-737349941,6,10,0,0.17606428724377823
1-737349941,7,10,0,0.21116740364354447
1-737349941,8,10,0,0.1554712951306478
1-737349941,9,10,0,0.14741828284781497
1-737349941,10,10,0,0.08665338844765687
1-737354231,1,21,0,0.048166023619874085
1-737354231,2,21,0,0.06238831386352241
1-737354231,3,21,0,0.037117930012080504
1-737354231,4,21,0,0.02910752517660575
1-737354231,5,21,0,0.01461393277253847
1-737354231,6,21,0,0.02352600388505179
1-737354231,7,21,0,0.0345701803333588
1-737354231,8,21,0,0.027579500271499052
1-737354231,9,21,0,0.016933518167861438
1-737354231,10,21,0,0.018567766596990637
1-737354231,11,21,0,0.06451327839243484
1-737354231,12,21,0,0.15711611320948335
1-737356862,1,2,0,0.05053015077812835
1-737356862,2,2,0,0.028835310142556476
1-737357037,1,2,0,0.11047505254674084
1-737357037,2,2,0,0.11590698494738594
1-737363375,1,10,0,0.03726777462022834
1-737363375,2,10,0,0.04610004469211027
1-737363375,3,10,0,0.03330691998062647
1-737363375,4,10,0,0.025691526071210117
1-737363375,5,10,0,0.015671239202362883
1-737363375,6,10,0,0.017618777127959773
1-737363375,7,10,0,0.030355677610124965
1-737363375,8,10,0,0.02495515246214203
1-737363375,9,10,0,0.022202721219090366
1-737363375,10,10,0,0.022986855755493793
1-737366051,1,10,0,0.043091552267177216
1-737366051,2,10,0,0.05853843761404908
1-737366051,3,10,0,0.03430634590436276
1-737366051,4,10,0,0.02768730260511124
1-737366051,5,10,0,0.015832973762700833
1-737366051,6,10,0,0.021158648064095297
1-737366051,7,10,0,0.0352038324554216
1-737366051,8,10,0,0.027387992944482232
1-737366051,9,10,0,0.020841950759232973
1-737366051,10,10,0,0.018567766596990637
1-737370121,1,11,0,0.039159817608365156
1-737370121,2,11,0,0.05038190609686557
1-737370121,3,11,0,0.0340882207591326
1-737370121,4,11,0,0.02709853405187478
1-737370121,5,11,0,0.014350479545809487
1-737370121,6,11,0,0.023581104258384257
1-737370121,7,11,0,0.04065573261756089
1-737370121,8,11,0,0.032811076784563416
1-737370121,9,11,0,0.030395919643546706
1-737370121,10,11,0,0.0356573682544983
1-737370121,11,11,0,0.02858737123513879
1-737374965,1,2,0,0.09373997964779753
1-737374965,2,2,0,0.09886318505470172
1-737375185,1,2,0,0.12798568506881736
1-737375185,2,2,0,0.12917484828475742
1-737375500,1,9,1,0.11590292742946284
1-737375500,2,9,1,0.10190593823126712
1-737375500,3,9,1,0.21984261616605016
1-737375500,4,9,1,0.19423397604774315
1-737375500,5,9,1,0.20206688190159153
1-737375500,6,9,1,0.15542184219593644
1-737375500,7,9,1,0.7350761236400686
1-737375500,8,9,1,0.9601009800768056
1-737375500,9,9,1,0.969127769239765
1-737378794,1,3,0,0.19070291978709772
1-737378794,2,3,0,0.1986488045473312
1-737378794,3,3,0,0.2689193959484796
1-737378924,1,2,0,0.08176898766264444
1-737378924,2,2,0,0.06128316511726222
1-737380211,1,7,0,0.25157379013649883
1-737380211,2,7,0,0.20420739648276895
1-737380211,3,7,0,0.16468755325428253
1-737380211,4,7,0,0.18265473562687642
1-737380211,5,7,0,0.1818434561758002
1-737380211,6,7,0,0.17712515200142093
1-737380211,7,7,0,0.22747338475201068
1-737380561,1,4,0,0.2044600483137024
1-737380561,2,4,0,0.1621305779804635
1-737380561,3,4,0,0.1236066689595734
1-737380561,4,4,0,0.1251663761737568
1-737380955,1,10,0,0.03726777462022834
1-737380955,2,10,0,0.044696115440356225
1-737380955,3,10,0,0.035658659215225715
1-737380955,4,10,0,0.024469127928682763
1-737380955,5,10,0,0.015832973762700833
1-737380955,6,10,0,0.017618777127959773
1-737380955,7,10,0,0.031120664700960272
1-737380955,8,10,0,0.0238157950551618
1-737380955,9,10,0,0.017526190225063427
1-737380955,10,10,0,0.02101895261080504
1-737385451,1,5,1,0.19115383365172334
1-737385451,2,5,1,0.16397491126856123
1-737385451,3,5,1,0.20988614805812908
1-737385451,4,5,1,0.2324542127335538
1-737385451,5,5,1,0.25767436881957456
1-737390851,1,4,0,0.14253823840734534
1-737390851,2,4,0,0.09152229485954619
1-737390851,3,4,0,0.2158107182996475
1-737390851,4,4,0,0.12530797877539077
1-737393337,1,2,0,0.06741423835690188
1-737393337,2,2,0,0.06556818709026108
1-737398038,1,4,0,0.14650420430471212
1-737398038,2,4,0,0.12972889927195394
1-737398038,3,4,0,0.21000393314962856
1-737398038,4,4,0,0.1686860342011772
1-737413954,1,2,0,0.058825030656624415
1-737413954,2,2,0,0.06042478258625093
1-737414501,1,2,0,0.08802927447617544
1-737414501,2,2,0,0.08968830486160603
1-737422470,1,2,0,0.03626282842556777
1-737422470,2,2,0,0.04511807281789339
1-737422607,1,2,0,0.03703723947603226
1-737422607,2,2,0,0.04237530622488449
1-737422718,1,4,0,0.08063871683665086
1-737422718,2,4,0,0.09474975598363657
1-737422718,3,4,0,0.1483710438664831
1-737422718,4,4,0,0.054345671564720074
1-737461285,1,6,1,0.20155565436195014
1-737461285,2,6,1,0.21321201927808403
1-737461285,3,6,1,0.29307122076854
1-737461285,4,6,1,0.2737127578830655
1-737461285,5,6,1,0.28354261126636904
1-737461285,6,6,1,0.9780313887267064
1-737462301,1,3,0,0.02895617233493403
1-737462301,2,3,0,0.05310744892950675
1-737462301,3,3,0,0.1420777030790164
1-737462313,1,5,0,0.04924944829959168
1-737462313,2,5,0,0.0780908533540814
1-737462313,3,5,0,0.14189016223540393
1-737462313,4,5,0,0.050631268701015496
1-737462313,5,5,0,0.100159787628657
1-737462500,1,3,0,0.019361032014089497
1-737462500,2,3,0,0.04144465125923797
1-737462500,3,3,0,0.1195852291337784
1-737462627,1,2,0,0.019073704768907462
1-737462627,2,2,0,0.03899217921501996
1-737464591,1,2,0,0.12849577268691367
1-737464591,2,2,0,0.12180450830240877
1-737464711,1,4,0,0.0578896268964242
1-737464711,2,4,0,0.07772973842481987
1-737464711,3,4,0,0.07831102614847268
1-737464711,4,4,0,0.08792347944485009
1-738144182,1,4,1,0.06611690323881712
1-738144182,2,4,1,0.05675118728653809
1-738144182,3,4,1,0.40914635428226076
1-738144182,4,4,1,0.39119735042684395
1-738144221,1,2,0,0.031690813265831
1-738144221,2,2,0,0.02489681737015922
1-738148832,1,2,0,0.07018548171463283
1-738148832,2,2,0,0.05942052380306231
1-738149111,1,16,0,0.0372649679970401
1-738149111,2,16,0,0.0347752750305466
1-738149111,3,16,0,0.10841512587047944
1-738149111,4,16,0,0.08439704638753101
1-738149111,5,16,0,0.10941720102376012
1-738149111,6,16,0,0.5816768734388246
1-738149111,7,16,0,0.45854051200520435
1-738149111,8,16,0,0.4724858172506061
1-738149111,9,16,0,0.4229464746493562
1-738149111,10,16,0,0.45176959071787604
1-738149111,11,16,0,0.5437750193502766
1-738149111,12,16,0,0.5719910424808134
1-738149231,1,2,0,0.09121281822214393
1-738149231,2,2,0,0.06491123318169204
1-738149767,1,6,0,0.06145843565272955
1-738149767,2,6,0,0.07393858997289651
1-738149767,3,6,0,0.17117375258161527
1-738149767,4,6,0,0.12530168858280102
1-738149767,5,6,0,0.13797180731596137
1-738149767,6,6,0,0.11554055494720487
1-738150646,1,2,0,0.0744907041319886
1-738150646,2,2,0,0.44978060595428315
1-738151944,1,2,0,0.06587389424318757
1-738151944,2,2,0,0.06991398906572849
1-738153300,1,2,0,0.07654157950348002
1-738153300,2,2,0,0.06544428573877502
1-738153421,1,2,0,0.08509864546955391
1-738153421,2,2,0,0.06945890425676277
1-738155863,1,4,0,0.08475071745271504
1-738155863,2,4,0,0.10300072794511189
1-738155863,3,4,0,0.10975633620156655
1-738155863,4,4,0,0.13900083193600324
1-738156778,1,11,0,0.20232748794781624
1-738156778,2,11,0,0.14161567145624357
1-738156778,3,11,0,0.3159138473644185
1-738156778,4,11,0,0.36135457372518265
1-738156778,5,11,0,0.435114222188697
1-738156778,6,11,0,0.3103082905592363
1-738156778,7,11,0,0.19647407730752028
1-738156778,8,11,0,0.17901723500027084
1-738156778,9,11,0,0.19357164631575546
1-738156778,10,11,0,0.1900484857781767
1-738156778,11,11,0,0.18654261175507153
1-738162803,1,2,0,0.05646286630694135
1-738162803,2,2,0,0.04382562095989015
1-738163471,1,2,0,0.0828495096709944
1-738163471,2,2,0,0.07459968591932682
1-738165006,1,2,0,0.032792426693864
1-738165006,2,2,0,0.0256570477261726
1-738165181,1,16,0,0.08004952903324429
1-738165181,2,16,0,0.07049707386356895
1-738165181,3,16,0,0.11201893124235746
1-738165181,4,16,0,0.09439481135172427
1-738165181,5,16,0,0.1262546044619982
1-738165181,6,16,0,0.13645657650657816
1-738165181,7,16,0,0.17540267781553748
1-738165181,8,16,0,0.10485983907508833
1-738165181,9,16,0,0.12738698512123853
1-738165181,10,16,0,0.10195618746236813
1-738165181,11,16,0,0.18785920538203082
1-738165181,12,16,0,0.17686757624990598
1-738167144,1,2,0,0.035619323530138226
1-738167144,2,2,0,0.09477524276463759
1-738167982,1,2,0,0.10189456132210269
1-738167982,2,2,0,0.10347507271222214
1-738168816,1,8,0,0.0706905991886311
1-738168816,2,8,0,0.07442048519416004
1-738168816,3,8,0,0.21029455698151162
1-738168816,4,8,0,0.24908557901619569
1-738168816,5,8,0,0.10377735943921557
1-738168816,6,8,0,0.07850918853779432
1-738168816,7,8,0,0.0815086575437112
1-738168816,8,8,0,0.13825859706411822
1-738177301,1,3,1,0.11744824343352628
1-738177301,2,3,1,0.10931862588832833
1-738177301,3,3,1,0.25723420774124645
1-738177380,1,2,0,0.069788285198033
1-738177380,2,2,0,0.11123304726928318
1-738188156,1,2,0,0.06806752032277505
1-738188156,2,2,0,0.059659319957343526
1-738188295,1,6,0,0.08247648113124897
1-738188295,2,6,0,0.07119545355640183
1-738188295,3,6,0,0.07372198355039246
1-738188295,4,6,0,0.07022599795662693
1-738188295,5,6,0,0.07976769355117624
1-738188295,6,6,0,0.07936710131645155
1-738188867,1,2,0,0.10319071840866885
1-738188867,2,2,0,0.08792419329724287
1-738194676,1,2,0,0.08683847703424305
1-738194676,2,2,0,0.06725835693935082
1-738197417,1,4,0,0.018426422360207563
1-738197417,2,4,0,0.022554094979832084
1-738197417,3,4,0,0.07894884048258742
1-738197417,4,4,0,0.059981407849257644
1-738201900,1,2,0,0.058436746064389464
1-738201900,2,2,0,0.054760361892581384
1-738203539,1,2,0,0.0899030984238258
1-738203539,2,2,0,0.06753114652290243
1-738218067,1,6,0,0.11364776862410345
1-738218067,2,6,0,0.1000555410581721
1-738218067,3,6,0,0.2236338815864149
1-738218067,4,6,0,0.2571120623789662
1-738218067,5,6,0,0.5644276619812838
1-738218067,6,6,0,0.591138925642035
1-738218371,1,4,0,0.12980980380065488
1-738218371,2,4,0,0.13743702305318523
1-738218371,3,4,0,0.190846371460774
1-738218371,4,4,0,0.26418819733744375
1-738222760,1,4,0,0.12013873250667262
1-738222760,2,4,0,0.11015593269497845
1-738222760,3,4,0,0.08871582207434278
1-738222760,4,4,0,0.11035047983346802
1-738226230,1,2,0,0.07802041444281954
1-738226230,2,2,0,0.07704780664390389
1-738229444,1,3,0,0.13677500650331795
1-738229444,2,3,0,0.12336937842496065
1-738229444,3,3,0,0.1933564768555182
1-738230273,1,2,0,0.09198361749784405
1-738230273,2,2,0,0.10025242352160232
1-738232764,1,6,0,0.12142004109649865
1-738232764,2,6,0,0.10399944606199034
1-738232764,3,6,0,0.11190305180096002
1-738232764,4,6,0,0.1440791393468695
1-738232764,5,6,0,0.14910518798722025
1-738232764,6,6,0,0.12754772647029994
1-738233795,1,3,0,0.086628469266784
1-738233795,2,3,0,0.06260024946327553
1-738233795,3,3,0,0.39572022965693465
1-738238611,1,2,0,0.07521025453130659
1-738238611,2,2,0,0.11071443647710354
1-738241838,1,7,0,0.04850006049420848
1-738241838,2,7,0,0.08683892497889639
1-738241838,3,7,0,0.29316122490406166
1-738241838,4,7,0,0.1581298922365029
1-738241838,5,7,0,0.1132540152551005
1-738241838,6,7,0,0.13861073965651594
1-738241838,7,7,0,0.15568208526737243
1-738263602,1,11,0,0.07687016696570075
1-738263602,2,11,0,0.07153461614310473
1-738263602,3,11,0,0.09125813718077992
1-738263602,4,11,0,0.10306773777427085
1-738263602,5,11,0,0.1094379120484565
1-738263602,6,11,0,0.11955943243521147
1-738263602,7,11,0,0.10577051524205176
1-738263602,8,11,0,0.09386024971809012
1-738263602,9,11,0,0.1123666600344757
1-738263602,10,11,0,0.12039744356278756
1-738263602,11,11,0,0.16385700985778112
1-738271038,1,2,0,0.10296055588226198
1-738271038,2,2,0,0.08617287930577733
1-738273514,1,4,0,0.049419533305772013
1-738273514,2,4,0,0.047518492269188674
1-738273514,3,4,0,0.0930121629111308
1-738273514,4,4,0,0.14299242371334303
1-738273698,1,9,0,0.05913100564892844
1-738273698,2,9,0,0.05488687068711389
1-738273698,3,9,0,0.19525622336996332
1-738273698,4,9,0,0.2691994777636025
1-738273698,5,9,0,0.23401375003697866
1-738273698,6,9,0,0.35125017263596786
1-738273698,7,9,0,0.3757922391511278
1-738273698,8,9,0,0.43020343993172144
1-738273698,9,9,0,0.3527074169763944
1-738274604,1,7,0,0.18840467943152642
1-738274604,2,7,0,0.19165342823190856
1-738274604,3,7,0,0.10514682750777983
1-738274604,4,7,0,0.09475806615833146
1-738274604,5,7,0,0.09799013928739427
1-738274604,6,7,0,0.16014703138771108
1-738274604,7,7,0,0.13181386771211992
1-738279833,1,2,0,0.07248143261133301
1-738279833,2,2,0,0.0791011373532892
1-738281185,1,4,0,0.05410900930152045
1-738281185,2,4,0,0.05415224809974501
1-738281185,3,4,0,0.13715255679763855
1-738281185,4,4,0,0.22940239412398
1-738286832,1,2,0,0.0749542765789919
1-738286832,2,2,0,0.06941589529866764
1-738303559,1,2,0,0.06487679501149168
1-738303559,2,2,0,0.052786977129143944
1-738304345,1,8,1,0.07106243019937973
1-738304345,2,8,1,0.08163369178213202
1-738304345,3,8,1,0.07000684238490539
1-738304345,4,8,1,0.14952751825296975
1-738304345,5,8,1,0.18487705173977928
1-738304345,6,8,1,0.30140752916242136
1-738304345,7,8,1,0.2437318570622864
1-738304345,8,8,1,0.2938147891092383
1-738317432,1,3,0,0.10084495314972143
1-738317432,2,3,0,0.0480980706558767
1-738317432,3,3,0,0.05555160868108202
1-738328175,1,2,0,0.07927763200056266
1-738328175,2,2,0,0.07842826119592768
1-738331340,1,5,1,0.07671168987129635
1-738331340,2,5,1,0.10091285998609795
1-738331340,3,5,1,0.08399980456879215
1-738331340,4,5,1,0.1098608187828202
1-738331340,5,5,1,0.17527673995533435
1-738337231,1,4,0,0.08824598773301923
1-738337231,2,4,0,0.09851349138684216
1-738337231,3,4,0,0.13337726148418796
1-738337231,4,4,0,0.20947940380702634
1-738337705,1,2,0,0.050776434247490475
1-738337705,2,2,0,0.0446986493801703
1-738339986,1,5,0,0.1687665874642455
1-738339986,2,5,0,0.15891951528554568
1-738339986,3,5,0,0.1276329235843804
1-738339986,4,5,0,0.170703593496516
1-738339986,5,5,0,0.19104900016735482
1-738342943,1,2,0,0.061715818569364464
1-738342943,2,2,0,0.05474084797308259
1-738347135,1,2,0,0.11529102611485165
1-738347135,2,2,0,0.08580696566694465
1-738350732,1,2,0,0.056826779299164375
1-738350732,2,2,0,0.06273147418039228
1-738366921,1,7,0,0.20560945042963633
1-738366921,2,7,0,0.17830595774350855
1-738366921,3,7,0,0.14332887256240257
1-738366921,4,7,0,0.16974097353288373
1-738366921,5,7,0,0.1815325088458171
1-738366921,6,7,0,0.2837970971891911
1-738366921,7,7,0,0.23859403773483653
1-738366951,1,7,0,0.2182121163535824
1-738366951,2,7,0,0.15131295745250606
1-738366951,3,7,0,0.11142619696917291
1-738366951,4,7,0,0.1426209720716099
1-738366951,5,7,0,0.11268481156226609
1-738366951,6,7,0,0.09080813337924225
1-738366951,7,7,0,0.10390920882862992
1-738367041,1,7,0,0.19651867400831127
1-738367041,2,7,0,0.14823228335797467
1-738367041,3,7,0,0.12350437159078406
1-738367041,4,7,0,0.18395211922187615
1-738367041,5,7,0,0.6597665077703354
1-738367041,6,7,0,0.689428891971074
1-738367041,7,7,0,0.8866592969194613
1-738367052,1,8,0,0.19830669873834117
1-738367052,2,8,0,0.18108829685440953
1-738367052,3,8,0,0.13603795822330844
1-738367052,4,8,0,0.16286321961803604
1-738367052,5,8,0,0.18332725539111724
1-738367052,6,8,0,0.1705060499746131
1-738367052,7,8,0,0.1815813629406726
1-738367052,8,8,0,0.144989979021555
1-738367116,1,4,0,0.2069779248395812
1-738367116,2,4,0,0.1818272994347656
1-738367116,3,4,0,0.15121951262495126
1-738367116,4,4,0,0.1295211128711658
1-738367331,1,6,0,0.23078765965489187
1-738367331,2,6,0,0.17391781784787455
1-738367331,3,6,0,0.147006207841162
1-738367331,4,6,0,0.12378873316356222
1-738367331,5,6,0,0.12808853645271476
1-738367331,6,6,0,0.1784286488148278
1-738370200,1,2,0,0.10585025731558229
1-738370200,2,2,0,0.10577720857142188
1-738373275,1,2,0,0.09503223457518536
1-738373275,2,2,0,0.1104189330721861
1-738374940,1,11,0,0.10687136588348108
1-738374940,2,11,0,0.13922765933340916
1-738374940,3,11,0,0.13985444565700603
1-738374940,4,11,0,0.11208911231239517
1-738374940,5,11,0,0.10982646609559031
1-738374940,6,11,0,0.14196975847796559
1-738374940,7,11,0,0.11006942240301576
1-738374940,8,11,0,0.1313547514319593
1-738374940,9,11,0,0.12159001940493212
1-738374940,10,11,0,0.13312903881135416
1-738374940,11,11,0,0.15062715350413797
1-738375594,1,2,0,0.10320609788018033
1-738375594,2,2,0,0.09485092789235809
1-738378721,1,2,0,0.05357514782982719
1-738378721,2,2,0,0.03698967242385107
1-738378749,1,2,0,0.056826779299164375
1-738378749,2,2,0,0.07465879209441957
1-738387944,1,8,0,0.07546748403261473
1-738387944,2,8,0,0.0717340892242409
1-738387944,3,8,0,0.08564652213039407
1-738387944,4,8,0,0.0800485217268683
1-738387944,5,8,0,0.09971285611658655
1-738387944,6,8,0,0.13066760132704439
1-738387944,7,8,0,0.1644318095751526
1-738387944,8,8,0,0.15027554781537789
1-738388399,1,6,0,0.06651001129234285
1-738388399,2,6,0,0.053025425229426194
1-738388399,3,6,0,0.10459493371578227
1-738388399,4,6,0,0.09346836598843788
1-738388399,5,6,0,0.11677470681047644
1-738388399,6,6,0,0.08413005230521012
1-738392288,1,2,0,0.03548410681270889
1-738392288,2,2,0,0.03192989037349069
1-738397839,1,2,0,0.08778270067058071
1-738397839,2,2,0,0.07289760847841571
1-738400398,1,6,0,0.14500860576427813
1-738400398,2,6,0,0.14321313326846982
1-738400398,3,6,0,0.20201988077973176
1-738400398,4,6,0,0.24393262930194684
1-738400398,5,6,0,0.17065596679022052
1-738400398,6,6,0,0.11780621873502488
1-738408165,1,6,0,0.06127518529442434
1-738408165,2,6,0,0.055691322378352934
1-738408165,3,6,0,0.0770482248310235
1-738408165,4,6,0,0.09209628762713111
1-738408165,5,6,0,0.10083400616393584
1-738408165,6,6,0,0.0736190451547209
1-738408281,1,6,0,0.14609994396617532
1-738408281,2,6,0,0.14827871513105248
1-738408281,3,6,0,0.1950410868262307
1-738408281,4,6,0,0.27659371886384315
1-738408281,5,6,0,0.3115486332887368
1-738408281,6,6,0,0.2677380866962779
1-738408461,1,12,0,0.03297362843185056
1-738408461,2,12,0,0.03217184333047831
1-738408461,3,12,0,0.15044871428934806
1-738408461,4,12,0,0.20975250170561527
1-738408461,5,12,0,0.2089294200522178
1-738408461,6,12,0,0.25726800022192203
1-738408461,7,12,0,0.22399968270698148
1-738408461,8,12,0,0.1679342480278995
1-738408461,9,12,0,0.18304894951377754
1-738408461,10,12,0,0.1254447139198898
1-738408461,11,12,0,0.17567825966070424
1-738408461,12,12,0,0.11117063110207359
1-738415799,1,2,0,0.04465404628361922
1-738415799,2,2,0,0.039819951486994555
1-738424868,1,24,0,0.040766432591695774
1-738424868,2,24,0,0.03742160814694862
1-738424868,3,24,0,0.16191205289008267
1-738424868,4,24,0,0.1640023079461565
1-738424868,5,24,0,0.1118102278587038
1-738424868,6,24,0,0.05648062248063657
1-738424868,7,24,0,0.06046883295396679
1-738424868,8,24,0,0.07324697263357273
1-738424868,9,24,0,0.1471387286005773
1-738424868,10,24,0,0.14046355132594893
1-738424868,11,24,0,0.1305028988801021
1-738424868,12,24,0,0.11702196974346367
1-738428797,1,5,0,0.04910834168233262
1-738428797,2,5,0,0.0420127205610024
1-738428797,3,5,0,0.10082831271499562
1-738428797,4,5,0,0.11819996405869707
1-738428797,5,5,0,0.09885141930646332
1-738434873,1,2,0,0.10708783298427162
1-738434873,2,2,0,0.1461748680023581
1-738436894,1,5,0,0.11860270973235222
1-738436894,2,5,0,0.1296997258809027
1-738436894,3,5,0,0.0953510758920389
1-738436894,4,5,0,0.06374345821475089
1-738436894,5,5,0,0.06073887874425531
1-738439380,1,2,0,0.07721176947387222
1-738439380,2,2,0,0.09829451692686188
1-738444926,1,2,0,0.0931168881394942
1-738444926,2,2,0,0.10860984476265703
1-738445248,1,2,0,0.06625429254914345
1-738445248,2,2,0,0.05179362527196321
1-738452440,1,6,0,0.039865736077320586
1-738452440,2,6,0,0.03300888996068298
1-738452440,3,6,0,0.14829005317615085
1-738452440,4,6,0,0.09272966750670561
1-738452440,5,6,0,0.12921601221716125
1-738452440,6,6,0,0.0958342258631583
1-738454452,1,7,0,0.040766432591695774
1-738454452,2,7,0,0.04189715697092451
1-738454452,3,7,0,0.07450402336343613
1-738454452,4,7,0,0.06313897094649226
1-738454452,5,7,0,0.1473339479279754
1-738454452,6,7,0,0.11300748398552313
1-738454452,7,7,0,0.1425637804273968
1-738456418,1,2,0,0.040766432591695774
1-738456418,2,2,0,0.038272806847748905
1-738457346,1,3,0,0.059890362794229914
1-738457346,2,3,0,0.05517292532982989
1-738457346,3,3,0,0.13111393108456318
1-738466335,1,2,0,0.040766432591695774
1-738466335,2,2,0,0.07231092840040608
1-738477417,1,5,0,0.033086583875019095
1-738477417,2,5,0,0.03188775868305367
1-738477417,3,5,0,0.06736919879622619
1-738477417,4,5,0,0.0689112267682104
1-738477417,5,5,0,0.09087236153677178
1-738482471,1,2,0,0.040390610630317854
1-738482471,2,2,0,0.060123885741166005
1-738492077,1,2,0,0.03662356922346712
1-738492077,2,2,0,0.05553004797385276
1-738495597,1,2,0,0.16783136063263754
1-738495597,2,2,0,0.1817682162229333
1-738496443,1,10,0,0.08422226537625782
1-738496443,2,10,0,0.07202007810227347
1-738496443,3,10,0,0.16037549535109566
1-738496443,4,10,0,0.12839915240118913
1-738496443,5,10,0,0.11285741782702646
1-738496443,6,10,0,0.11414659524369704
1-738496443,7,10,0,0.283880291392004
1-738496443,8,10,0,0.24548229633568208
1-738496443,9,10,0,0.2561994369639519
1-738496443,10,10,0,0.25345886626461467
1-738501642,1,8,0,0.12778364296581157
1-738501642,2,8,0,0.12364660034860504
1-738501642,3,8,0,0.06615730548670086
1-738501642,4,8,0,0.10124159074783157
1-738501642,5,8,0,0.10698988103795934
1-738501642,6,8,0,0.11141157317758839
1-738501642,7,8,0,0.15071625325446691
1-738501642,8,8,0,0.10690954985878072
1-738503382,1,5,0,0.1290294423627207
1-738503382,2,5,0,0.10759070256984103
1-738503382,3,5,0,0.17400081082086788
1-738503382,4,5,0,0.12019066778945231
1-738503382,5,5,0,0.1449660352462803
1-738506787,1,2,0,0.06942680250731058
1-738506787,2,2,0,0.06571795111582736
1-738508411,1,2,0,0.022640873729361972
1-738508411,2,2,0,0.0298247654061568
1-738508437,1,5,0,0.05056691487239844
1-738508437,2,5,0,0.042753699199262495
1-738508437,3,5,0,0.06855924089519382
1-738508437,4,5,0,0.10553023095291823
1-738508437,5,5,0,0.1153320564209344
1-738508441,1,2,0,0.036023885643517654
1-738508441,2,2,0,0.03319314155738372
1-738509914,1,5,0,0.09059237070155411
1-738509914,2,5,0,0.09071276391922926
1-738509914,3,5,0,0.07156493995570151
1-738509914,4,5,0,0.13671622849733983
1-738509914,5,5,0,0.163114922158709
1-738515627,1,19,0,0.1790111424776135
1-738515627,2,19,0,0.18895286813283058
1-738515627,3,19,0,0.1385718865353817
1-738515627,4,19,0,0.14877849655314862
1-738515627,5,19,0,0.13489838214202646
1-738515627,6,19,0,0.20082376769333968
1-738515627,7,19,0,0.2617156958732283
1-738515627,8,19,0,0.2594731315542607
1-738515627,9,19,0,0.1781473825192545
1-738515627,10,19,0,0.19506918412821303
1-738515627,11,19,0,0.18410689330484872
1-738515627,12,19,0,0.19794221648624588
1-738517465,1,4,0,0.13699862649428962
1-738517465,2,4,0,0.1420415496084085
1-738517465,3,4,0,0.13093642388762367
1-738517465,4,4,0,0.1436502796837283
1-738521302,1,2,0,0.08340306633739637
1-738521302,2,2,0,0.07548207416820772
1-738522071,1,2,0,0.2994612156585692
1-738522071,2,2,0,0.22669182389804196
1-738527048,1,2,0,0.07014973969131795
1-738527048,2,2,0,0.05800013465225149
1-738527937,1,4,0,0.05721213986983694
1-738527937,2,4,0,0.14509036321094976
1-738527937,3,4,0,0.1712047716421282
1-738527937,4,4,0,0.10896872577253584
1-738527972,1,2,0,0.0692136495458016
1-738527972,2,2,0,0.1102654426247397
1-738528273,1,2,0,0.010608361608836941
1-738528273,2,2,0,0.012407500489571007
1-738536943,1,7,0,0.053406875784644196
1-738536943,2,7,0,0.06944544203398842
1-738536943,3,7,0,0.09976487867633804
1-738536943,4,7,0,0.07601814952231277
1-738536943,5,7,0,0.10093215698864724
1-738536943,6,7,0,0.22643968620369515
1-738536943,7,7,0,0.17401995940161602
1-738537099,1,7,0,0.05008113303204711
1-738537099,2,7,0,0.033701522739099585
1-738537099,3,7,0,0.06068252717795757
1-738537099,4,7,0,0.05727421328550395
1-738537099,5,7,0,0.06279749323444914
1-738537099,6,7,0,0.055118651611448376
1-738537099,7,7,0,0.07075331981918655
1-738537438,1,2,0,0.06942680250731058
1-738537438,2,2,0,0.04205928239326277
1-738539084,1,2,0,0.05542698741542813
1-738539084,2,2,0,0.03764840339113638
1-738539226,1,2,0,0.04381646111953936
1-738539226,2,2,0,0.0631538422768341
1-738539534,1,2,0,0.08199709090862745
1-738539534,2,2,0,0.06196239388146387
1-738543481,1,7,0,0.03562093667931572
1-738543481,2,7,0,0.03748263082901159
1-738543481,3,7,0,0.07602588270596088
1-738543481,4,7,0,0.10251998419494236
1-738543481,5,7,0,0.07610547822056986
1-738543481,6,7,0,0.08718058272412908
1-738543481,7,7,0,0.11642704952083081
1-738550991,1,6,0,0.20869166852025509
1-738550991,2,6,0,0.18728086301858698
1-738550991,3,6,0,0.17419792104176332
1-738550991,4,6,0,0.18527173965831834
1-738550991,5,6,0,0.2599922689487285
1-738550991,6,6,0,0.21769059130733528
1-738551361,1,11,0,0.14235338680380985
1-738551361,2,11,0,0.21788517652697412
1-738551361,3,11,0,0.22280931420272576
1-738551361,4,11,0,0.2293810745284577
1-738551361,5,11,0,0.14012998482881087
1-738551361,6,11,0,0.13012401540977891
1-738551361,7,11,0,0.15621530643490728
1-738551361,8,11,0,0.17097553610264998
1-738551361,9,11,0,0.24665662594540977
1-738551361,10,11,0,0.21255863162735242
1-738551361,11,11,0,0.20710289622463526
1-738551391,1,2,0,0.14890207302389544
1-738551391,2,2,0,0.07191368554141683
1-738551401,1,4,0,0.2035184084146449
1-738551401,2,4,0,0.18373927597961875
1-738551401,3,4,0,0.10792807766290892
1-738551401,4,4,0,0.10319199594733419
1-738553017,1,2,0,0.06733725923506372
1-738553017,2,2,0,0.05119997374702377
1-738553029,1,2,1,0.1426399801468261
1-738553029,2,2,1,0.10262111927261475
1-738553123,1,10,0,0.05484546476071049
1-738553123,2,10,0,0.037311231336291384
1-738553123,3,10,0,0.13479353318637974
1-738553123,4,10,0,0.16702829522228516
1-738553123,5,10,0,0.1951193237218199
1-738553123,6,10,0,0.1299896168917329
1-738553123,7,10,0,0.09205846572453318
1-738553123,8,10,0,0.09379673419454121
1-738553123,9,10,0,0.15347423501286708
1-738553123,10,10,0,0.1837948747158012
1-738554633,1,2,0,0.046263193074778004
1-738554633,2,2,0,0.03584371872059848
1-738569907,1,2,0,0.02921896263840758
1-738569907,2,2,0,0.02526414709249938
1-738577312,1,2,0,0.05558230952073281
1-738577312,2,2,0,0.09999597675640348
1-738583478,1,2,0,0.06702030812020983
1-738583478,2,2,0,0.06089204636546491
1-738590073,1,2,0,0.07690250921491365
1-738590073,2,2,0,0.1719766399839669
1-738597140,1,11,0,0.05654482379778438
1-738597140,2,11,0,0.04357170852447316
1-738597140,3,11,0,0.12286286672212952
1-738597140,4,11,0,0.15176571716679177
1-738597140,5,11,0,0.16066686841548805
1-738597140,6,11,0,0.1943644860218418
1-738597140,7,11,0,0.17768118751895778
1-738597140,8,11,0,0.1716926402979895
1-738597140,9,11,0,0.17240425455344807
1-738597140,10,11,0,0.17679048805652747
1-738597140,11,11,0,0.21562993754018464
1-738597366,1,2,0,0.048174223427553266
1-738597366,2,2,0,0.046899093433877055
1-738599683,1,5,0,0.022584026408860952
1-738599683,2,5,0,0.028349416235151637
1-738599683,3,5,0,0.07770181158237124
1-738599683,4,5,0,0.07764607592188456
1-738599683,5,5,0,0.1030973620740407
1-738609992,1,2,0,0.03601263866893397
1-738609992,2,2,0,0.028641741895725617
1-738621675,1,2,0,0.06228515646715112
1-738621675,2,2,0,0.07781972119237296
1-738626037,1,2,0,0.05283930470307532
1-738626037,2,2,0,0.04831199598696707
1-738649700,1,2,0,0.027166394235325287
1-738649700,2,2,0,0.024968559911185562
1-738650106,1,18,1,0.029079915452597725
1-738650106,2,18,1,0.027962108745297344
1-738650106,3,18,1,0.21155454146606045
1-738650106,4,18,1,0.795287411359262
1-738650106,5,18,1,0.7721944259928982
1-738650106,6,18,1,0.8822635781034817
1-738650106,7,18,1,0.8907786804457881
1-738650106,8,18,1,0.945058591084131
1-738650106,9,18,1,0.9413565915600858
1-738650106,10,18,1,0.9551479668354846
1-738650106,11,18,1,0.9542428954180338
1-738650106,12,18,1,0.9505464628759545
1-738662715,1,11,0,0.02546647928997721
1-738662715,2,11,0,0.061776342459761685
1-738662715,3,11,0,0.09401526337721926
1-738662715,4,11,0,0.060558540969206924
1-738662715,5,11,0,0.12898470377887677
1-738662715,6,11,0,0.10622130753513606
1-738662715,7,11,0,0.13002031384108267
1-738662715,8,11,0,0.0974776762742333
1-738662715,9,11,0,0.1160165192642874
1-738662715,10,11,0,0.15986930777596192
1-738662715,11,11,0,0.21204836787865228
1-738681771,1,5,0,0.06316550406730198
1-738681771,2,5,0,0.06466803246482007
1-738681771,3,5,0,0.20357757322814574
1-738681771,4,5,0,0.2141254312900519
1-738681771,5,5,0,0.23456201991180792
1-738684449,1,2,0,0.048127449402855065
1-738684449,2,2,0,0.032109164843303395
1-738691218,1,13,0,0.19915884360305114
1-738691218,2,13,0,0.18208753445867365
1-738691218,3,13,0,0.19822848579380445
1-738691218,4,13,0,0.214346056483483
1-738691218,5,13,0,0.2437786563594741
1-738691218,6,13,0,0.20399232790108493
1-738691218,7,13,0,0.2030935337272174
1-738691218,8,13,0,0.27526164117646457
1-738691218,9,13,0,0.30235987339010606
1-738691218,10,13,0,0.3100099002931909
1-738691218,11,13,0,0.3276213788177608
1-738691218,12,13,0,0.3034863242809104
1-738706006,1,4,0,0.054308205254469034
1-738706006,2,4,0,0.04837963443778038
1-738706006,3,4,0,0.13112146704145233
1-738706006,4,4,0,0.13814663292477175
1-738708113,1,13,0,0.121079258320399
1-738708113,2,13,0,0.10638216577315085
1-738708113,3,13,0,0.16888768990972372
1-738708113,4,13,0,0.17405600182890757
1-738708113,5,13,0,0.16095676832446384
1-738708113,6,13,0,0.17051913884357742
1-738708113,7,13,0,0.16588750498342025
1-738708113,8,13,0,0.1302421001427165
1-738708113,9,13,0,0.1390674184217019
1-738708113,10,13,0,0.1364127785835082
1-738708113,11,13,0,0.14925645878476432
1-738708113,12,13,0,0.128418605983854
1-738710468,1,2,0,0.05572458366515714
1-738710468,2,2,0,0.04188217194118638
1-738710921,1,2,0,0.08768555941264732
1-738710921,2,2,0,0.07262452486453475
1-738712286,1,4,0,0.04767857645343747
1-738712286,2,4,0,0.05854988699125701
1-738712286,3,4,0,0.1265243272002873
1-738712286,4,4,0,0.1398714181857412
1-738712831,1,3,1,0.04357393748595009
1-738712831,2,3,1,0.041223439505122146
1-738712831,3,3,1,0.13117795026950546
1-738714001,1,2,0,0.02580291225479156
1-738714001,2,2,0,0.025807020097845152
1-738716371,1,2,0,0.05992668634650516
1-738716371,2,2,0,0.059943680468032265
1-738716521,1,6,0,0.11781826653725477
1-738716521,2,6,0,0.11289287137817472
1-738716521,3,6,0,0.10640571804921581
1-738716521,4,6,0,0.11357054807173614
1-738716521,5,6,0,0.1418975497386815
1-738716521,6,6,0,0.10921658380792089
1-738720324,1,4,0,0.06911452231119505
1-738720324,2,4,0,0.11243174898611928
1-738720324,3,4,0,0.17335350424661872
1-738720324,4,4,0,0.13321982111189465
1-738720879,1,4,0,0.09060211821439342
1-738720879,2,4,0,0.1600292257851273
1-738720879,3,4,0,0.16492247304294874
1-738720879,4,4,0,0.10388278804575038
1-738723725,1,14,0,0.1317622797656679
1-738723725,2,14,0,0.12015139906281852
1-738723725,3,14,0,0.16982820927563022
1-738723725,4,14,0,0.19282726087294755
1-738723725,5,14,0,0.17921187563902866
1-738723725,6,14,0,0.14556718957732614
1-738723725,7,14,0,0.1651852782259613
1-738723725,8,14,0,0.17889009347819212
1-738723725,9,14,0,0.16964646040217146
1-738723725,10,14,0,0.19494362209933447
1-738723725,11,14,0,0.17968703176041356
1-738723725,12,14,0,0.19736941094429972
1-738725241,1,4,0,0.026540823165172308
1-738725241,2,4,0,0.027161317470688656
1-738725241,3,4,0,0.052455173093352965
1-738725241,4,4,0,0.06543650236424794
1-738731009,1,4,0,0.021898708692339036
1-738731009,2,4,0,0.020931362358265537
1-738731009,3,4,0,0.040893170734440536
1-738731009,4,4,0,0.1003388578502791
1-738731656,1,13,0,0.033640983443997116
1-738731656,2,13,0,0.028627544001948682
1-738731656,3,13,0,0.13164770139053314
1-738731656,4,13,0,0.10791168879346147
1-738731656,5,13,0,0.19796530295640533
1-738731656,6,13,0,0.12409657170500189
1-738731656,7,13,0,0.17609576821878897
1-738731656,8,13,0,0.16425360193032412
1-738731656,9,13,0,0.16959041687216578
1-738731656,10,13,0,0.1616920461168101
1-738731656,11,13,0,0.2277779124290387
1-738731656,12,13,0,0.24300726723755267
1-738767821,1,13,0,0.11645653715227179
1-738767821,2,13,0,0.11996719738874688
1-738767821,3,13,0,0.1885166044185653
1-738767821,4,13,0,0.13511677977298997
1-738767821,5,13,0,0.14414058641194982
1-738767821,6,13,0,0.2414909425567447
1-738767821,7,13,0,0.20571275853193527
1-738767821,8,13,0,0.19037922285300155
1-738767821,9,13,0,0.2131156601208196
1-738767821,10,13,0,0.1851977065741646
1-738767821,11,13,0,0.21055807229774723
1-738767821,12,13,0,0.16807375967539506
1-738768721,1,6,0,0.040992351998628086
1-738768721,2,6,0,0.03586984355243597
1-738768721,3,6,0,0.19863257489813943
1-738768721,4,6,0,0.1869654951225319
1-738768721,5,6,0,0.12495548291022257
1-738768721,6,6,0,0.14705969243213857
1-738778268,1,2,0,0.02840496363742197
1-738778268,2,2,0,0.04098980422972183
1-738780975,1,2,0,0.021103691327793776
1-738780975,2,2,0,0.01916109732196755
1-738786961,1,2,0,0.041147299376917676
1-738786961,2,2,0,0.04054573475582326
1-738787035,1,2,0,0.03302022241408195
1-738787035,2,2,0,0.046679098043144684
1-738796436,1,5,0,0.03922159029719076
1-738796436,2,5,0,0.039437703638295143
1-738796436,3,5,0,0.12727977297063092
1-738796436,4,5,0,0.12028022090634413
1-738796436,5,5,0,0.13691513206245248
1-738801466,1,4,0,0.01850682652112011
1-738801466,2,4,0,0.023349840626091672
1-738801466,3,4,0,0.0367519844034823
1-738801466,4,4,0,0.03712320979651863
1-738803735,1,16,0,0.18915173309101985
1-738803735,2,16,0,0.1723624472812493
1-738803735,3,16,0,0.2499150531795117
1-738803735,4,16,0,0.26357573840768933
1-738803735,5,16,0,0.2934497036043929
1-738803735,6,16,0,0.2840921468472535
1-738803735,7,16,0,0.286988037712099
1-738803735,8,16,0,0.35734898910912966
1-738803735,9,16,0,0.3316473404336915
1-738803735,10,16,0,0.36056283698576486
1-738803735,11,16,0,0.3500071539400397
1-738803735,12,16,0,0.3129104660450579
1-738808715,1,7,0,0.05047735739003351
1-738808715,2,7,0,0.04871390965589728
1-738808715,3,7,0,0.11052890383762559
1-738808715,4,7,0,0.1270393487291601
1-738808715,5,7,0,0.16150446709396551
1-738808715,6,7,0,0.1660957469514604
1-738808715,7,7,0,0.14273331912382362
1-738809521,1,4,0,0.2477271080593296
1-738809521,2,4,0,0.26473447151578533
1-738809521,3,4,0,0.31770239136770917
1-738809521,4,4,0,0.33496924786508475
1-738812756,1,3,0,0.14023975683135032
1-738812756,2,3,0,0.08478774014150911
1-738812756,3,3,0,0.07068680539947875
1-738817708,1,8,0,0.1590972870477407
1-738817708,2,8,0,0.1044926240152274
1-738817708,3,8,0,0.18458450787026795
1-738817708,4,8,0,0.2709477043565359
1-738817708,5,8,0,0.29673940825976697
1-738817708,6,8,0,0.2390228072302027
1-738817708,7,8,0,0.2593760683276467
1-738817708,8,8,0,0.20522089360774828
1-738827857,1,11,0,0.2561977988115873
1-738827857,2,11,0,0.24683245715869
1-738827857,3,11,0,0.2697447909998798
1-738827857,4,11,0,0.2459108694915787
1-738827857,5,11,0,0.27768482892891067
1-738827857,6,11,0,0.27512363073615137
1-738827857,7,11,0,0.2485619361388011
1-738827857,8,11,0,0.2604689140148805
1-738827857,9,11,0,0.23955231577321054
1-738827857,10,11,0,0.22896615295618508
1-738827857,11,11,0,0.24073987909952127
1-738827966,1,2,0,0.08109220570321388
1-738827966,2,2,0,0.05916651717772086
1-738894209,1,5,0,0.11898107013117915
1-738894209,2,5,0,0.11266484391742414
1-738894209,3,5,0,0.21639699651278932
1-738894209,4,5,0,0.19295823914902216
1-738894209,5,5,0,0.19288411392670346
1-738894462,1,4,0,0.11673209648016758
1-738894462,2,4,0,0.08627782683477597
1-738894462,3,4,0,0.13060940220012301
1-738894462,4,4,0,0.22001729767707853
1-738896771,1,6,0,0.060372208305031434
1-738896771,2,6,0,0.06290617743752495
1-738896771,3,6,0,0.1820113115836618
1-738896771,4,6,0,0.16850860546046006
1-738896771,5,6,0,0.11739756723973438
1-738896771,6,6,0,0.14396524023595073
1-738897474,1,8,0,0.12764577763559853
1-738897474,2,8,0,0.10570562105333005
1-738897474,3,8,0,0.12308210465392688
1-738897474,4,8,0,0.09966980169583751
1-738897474,5,8,0,0.12313565682958895
1-738897474,6,8,0,0.08732554093277092
1-738897474,7,8,0,0.17800781257735104
1-738897474,8,8,0,0.16523304505789696
1-738897791,1,2,0,0.03228390109770732
1-738897791,2,2,0,0.06207625165050679
1-739173471,1,3,1,0.11074797910013195
1-739173471,2,3,1,0.09490985642496659
1-739173471,3,3,1,0.24937023342618073
1-739174580,1,2,0,0.01809834456463226
1-739174580,2,2,0,0.026292513222529266
1-739176870,1,2,0,0.0489662008579397
1-739176870,2,2,0,0.02355561523965836
1-739176881,1,2,0,0.1600094982798571
1-739176881,2,2,0,0.17085840875524602
1-739177647,1,2,0,0.03893147751269126
1-739177647,2,2,0,0.022451314308424314
1-739181558,1,2,0,0.03946913125661466
1-739181558,2,2,0,0.02449712355830858
1-739183702,1,2,0,0.07691993811419108
1-739183702,2,2,0,0.050190814377287014
1-739186611,1,4,0,0.15004799880653338
1-739186611,2,4,0,0.13129084514128592
1-739186611,3,4,0,0.2971000577653874
1-739186611,4,4,0,0.27593588597711444
1-739188427,1,4,0,0.20982748889464956
1-739188427,2,4,0,0.21121722956369157
1-739188427,3,4,0,0.22496600144475
1-739188427,4,4,0,0.6020857133839088
1-739196353,1,4,0,0.11989670072784288
1-739196353,2,4,0,0.0988541362631617
1-739196353,3,4,0,0.09934661441685086
1-739196353,4,4,0,0.12771935123747563
1-739196774,1,4,0,0.1151198805959582
1-739196774,2,4,0,0.09097034528941074
1-739196774,3,4,0,0.10379267643359906
1-739196774,4,4,0,0.13112153618141295
1-739198301,1,5,0,0.045109512190534204
1-739198301,2,5,0,0.06817978670338096
1-739198301,3,5,0,0.07892668278869513
1-739198301,4,5,0,0.15596349925941788
1-739198301,5,5,0,0.12106551462857446
1-739198483,1,2,0,0.015084432159312164
1-739198483,2,2,0,0.018598179427908743
1-739203288,1,16,0,0.09473200672394153
1-739203288,2,16,0,0.09339125892914872
1-739203288,3,16,0,0.17281121301653465
1-739203288,4,16,0,0.15737353930655415
1-739203288,5,16,0,0.2096811124851304
1-739203288,6,16,0,0.33054374298445083
1-739203288,7,16,0,0.35501728701319296
1-739203288,8,16,0,0.280711086066443
1-739203288,9,16,0,0.30421845323107755
1-739203288,10,16,0,0.26832462707653587
1-739203288,11,16,0,0.28153041164712567
1-739203288,12,16,0,0.5967575741755546
1-739204551,1,2,0,0.03693335455404342
1-739204551,2,2,0,0.026850733463669865
1-739213619,1,7,0,0.06781011261679652
1-739213619,2,7,0,0.05876901300739559
1-739213619,3,7,0,0.09414519825032364
1-739213619,4,7,0,0.1081158658107213
1-739213619,5,7,0,0.1240641336921514
1-739213619,6,7,0,0.10914404588403175
1-739213619,7,7,0,0.10538900893674397
1-739216265,1,4,0,0.13937316555791693
1-739216265,2,4,0,0.12208885295437791
1-739216265,3,4,0,0.2634780925850766
1-739216265,4,4,0,0.27399884881314085
1-739220334,1,2,0,0.06087821298881122
1-739220334,2,2,0,0.06282089353263748
1-739220615,1,2,0,0.06716689638530457
1-739220615,2,2,0,0.08003816061725745
1-739225681,1,7,0,0.2683428599507104
1-739225681,2,7,0,0.28854070223426526
1-739225681,3,7,0,0.169742719823738
1-739225681,4,7,0,0.13871315679210014
1-739225681,5,7,0,0.15936622409664092
1-739225681,6,7,0,0.2529832178836225
1-739225681,7,7,0,0.25548316886550576
1-739259299,1,5,0,0.03544072085895736
1-739259299,2,5,0,0.0743649445802253
1-739259299,3,5,0,0.07908942729170766
1-739259299,4,5,0,0.5424417173944595
1-739259299,5,5,0,0.7657617199273311
1-739259666,1,2,0,0.16839452993263584
1-739259666,2,2,0,0.11023870814679224
1-739262291,1,2,0,0.04671966842046173
1-739262291,2,2,0,0.05447868672728899
1-739262701,1,3,1,0.0832802732119168
1-739262701,2,3,1,0.06979793237375768
1-739262701,3,3,1,0.13665104008357157
1-739265256,1,9,0,0.051856744745885905
1-739265256,2,9,0,0.08380185459723091
1-739265256,3,9,0,0.14083776606055298
1-739265256,4,9,0,0.1213203972082119
1-739265256,5,9,0,0.14698216006784476
1-739265256,6,9,0,0.1838698615758388
1-739265256,7,9,0,0.1363558045164415
1-739265256,8,9,0,0.17767993677296326
1-739265256,9,9,0,0.09947273788949015
1-739269929,1,10,1,0.17743869537349088
1-739269929,2,10,1,0.12633112116920117
1-739269929,3,10,1,0.21299182462590888
1-739269929,4,10,1,0.18475391291889653
1-739269929,5,10,1,0.23605321560848333
1-739269929,6,10,1,0.2794538207893029
1-739269929,7,10,1,0.3049089999792567
1-739269929,8,10,1,0.3175653104262391
1-739269929,9,10,1,0.2816721773800867
1-739269929,10,10,1,0.3097900027763043
1-739271728,1,2,0,0.05513110171241844
1-739271728,2,2,0,0.09578576217331836
1-739276483,1,2,0,0.05048082569753005
1-739276483,2,2,0,0.0449455349822317
1-739279577,1,2,0,0.06700670494609462
1-739279577,2,2,0,0.05775800508001867
1-739279794,1,3,0,0.07672184691755317
1-739279794,2,3,0,0.06491857193671864
1-739279794,3,3,0,0.11128356067283128
1-739285552,1,2,0,0.04349904973772281
1-739285552,2,2,0,0.09509124407862825
1-739289848,1,2,0,0.05450133131749696
1-739289848,2,2,0,0.03889004557018239
1-739292191,1,4,0,0.2204415755934702
1-739292191,2,4,0,0.24274402515977064
1-739292191,3,4,0,0.14216394465538984
1-739292191,4,4,0,0.11644576002638433
1-739292738,1,2,0,0.08892066662559782
1-739292738,2,2,0,0.09469765600084842
1-739302963,1,2,0,0.06499028837918121
1-739302963,2,2,0,0.06231231602190776
1-739308990,1,2,0,0.08261760906226932
1-739308990,2,2,0,0.08341981226414115
1-739314098,1,2,0,0.06319368932567913
1-739314098,2,2,0,0.05679552002835654
1-739322153,1,22,1,0.25136447460426975
1-739322153,2,22,1,0.25208819938039234
1-739322153,3,22,1,0.29453089702991764
1-739322153,4,22,1,0.3249228534531935
1-739322153,5,22,1,0.3290114057798407
1-739322153,6,22,1,0.3104147160851095
1-739322153,7,22,1,0.2671069822952972
1-739322153,8,22,1,0.22249217537531468
1-739322153,9,22,1,0.23445232945958633
1-739322153,10,22,1,0.2385498699009208
1-739322153,11,22,1,0.256925591846213
1-739322153,12,22,1,0.3243414279896876
1-739322346,1,2,0,0.04508716282144607
1-739322346,2,2,0,0.08199447372887697
1-739323230,1,4,0,0.056587762381161526
1-739323230,2,4,0,0.06736977223847385
1-739323230,3,4,0,0.22735480172208578
1-739323230,4,4,0,0.20459224031556197
1-739328505,1,2,0,0.049802263016517245
1-739328505,2,2,0,0.030093395713214288
1-739331663,1,5,0,0.04787872350616751
1-739331663,2,5,0,0.028053183741486395
1-739331663,3,5,0,0.07422685070750364
1-739331663,4,5,0,0.1338618256316038
1-739331663,5,5,0,0.1484197209310354
1-739333078,1,2,0,0.044703248950354796
1-739333078,2,2,0,0.05253379129500692
1-739336265,1,4,0,0.11719621500714127
1-739336265,2,4,0,0.10199873014517857
1-739336265,3,4,0,0.062293631831384054
1-739336265,4,4,0,0.06357588685184816
1-739337228,1,6,0,0.09560091813878267
1-739337228,2,6,0,0.1165265724127223
1-739337228,3,6,0,0.12099493579342166
1-739337228,4,6,0,0.13379566796875006
1-739337228,5,6,0,0.08106700274722801
1-739337228,6,6,0,0.10677991921249509
1-739337476,1,2,0,0.04089562597130215
1-739337476,2,2,0,0.0668882872886597
1-739359819,1,2,0,0.05453975188568749
1-739359819,2,2,0,0.05056904757672804
1-739362367,1,4,0,0.05543272859794934
1-739362367,2,4,0,0.048041354181563856
1-739362367,3,4,0,0.1486770351577551
1-739362367,4,4,0,0.17357995065367254
1-739368043,1,2,0,0.07865455106264067
1-739368043,2,2,0,0.10630457725729453
1-739377921,1,2,0,0.20328924575771198
1-739377921,2,2,0,0.21495639061284172
1-739378031,1,9,1,0.2827914399461443
1-739378031,2,9,1,0.250260272459542
1-739378031,3,9,1,0.23035187741028001
1-739378031,4,9,1,0.1953029380899258
1-739378031,5,9,1,0.3218970333068352
1-739378031,6,9,1,0.3367553446296118
1-739378031,7,9,1,0.3146168682553271
1-739378031,8,9,1,0.4098939994471132
1-739378031,9,9,1,0.655468900329403
1-739384308,1,4,0,0.03356718461762422
1-739384308,2,4,0,0.031413834748891624
1-739384308,3,4,0,0.11951757708445448
1-739384308,4,4,0,0.089835546129345
1-739384346,1,6,0,0.03380472684278761
1-739384346,2,6,0,0.03487270541160231
1-739384346,3,6,0,0.10438247319132306
1-739384346,4,6,0,0.12342802461196242
1-739384346,5,6,0,0.07440779424015459
1-739384346,6,6,0,0.13545096271711846
1-739399169,1,2,0,0.039699222931063934
1-739399169,2,2,0,0.06580904873406006
1-739399384,1,7,0,0.023841770064494235
1-739399384,2,7,0,0.05339610603158466
1-739399384,3,7,0,0.057626636216335105
1-739399384,4,7,0,0.07095349423827414
1-739399384,5,7,0,0.09401965024906576
1-739399384,6,7,0,0.12387335328590261
1-739399384,7,7,0,0.1517297817722895
1-739399730,1,7,0,0.09150290897904921
1-739399730,2,7,0,0.15432296027824546
1-739399730,3,7,0,0.1326650227252692
1-739399730,4,7,0,0.12415970713843166
1-739399730,5,7,0,0.15821793689143027
1-739399730,6,7,0,0.23797359054560643
1-739399730,7,7,0,0.2766541857138747
1-739399747,1,7,1,0.09844567501594925
1-739399747,2,7,1,0.10728586061505667
1-739399747,3,7,1,0.1407680937889549
1-739399747,4,7,1,0.11869420461094876
1-739399747,5,7,1,0.18594987279646197
1-739399747,6,7,1,0.23919878596746774
1-739399747,7,7,1,0.27146878523626294
1-739401942,1,2,0,0.06841643532383303
1-739401942,2,2,0,0.05975212958976418
1-739402068,1,2,0,0.033034896860424275
1-739402068,2,2,0,0.03433222614250357
1-739402656,1,2,0,0.02967029324044706
1-739402656,2,2,0,0.03094231995681482
1-739403381,1,16,1,0.14913601001033933
1-739403381,2,16,1,0.1362405430371264
1-739403381,3,16,1,0.1515903014277952
1-739403381,4,16,1,0.13169518209845213
1-739403381,5,16,1,0.1576980312575754
1-739403381,6,16,1,0.1397885555306957
1-739403381,7,16,1,0.16514647381214625
1-739403381,8,16,1,0.12382654004193723
1-739403381,9,16,1,0.1605493446094279
1-739403381,10,16,1,0.25872304823290565
1-739403381,11,16,1,0.22710981630912622
1-739403381,12,16,1,0.21703239279983685
1-739405925,1,3,0,0.06972973646250329
1-739405925,2,3,0,0.06216302004871648
1-739405925,3,3,0,0.15241766537151266
1-739407437,1,6,0,0.049038189743687725
1-739407437,2,6,0,0.04496852021760107
1-739407437,3,6,0,0.07010978925425798
1-739407437,4,6,0,0.08125751145203179
1-739407437,5,6,0,0.0687201288803238
1-739407437,6,6,0,0.04071864219837281
1-739411411,1,5,1,0.11041454932355675
1-739411411,2,5,1,0.6022228838652688
1-739411411,3,5,1,0.758979090469695
1-739411411,4,5,1,0.8701059834981347
1-739411411,5,5,1,0.930127661488173
1-739415526,1,7,0,0.06559476468335976
1-739415526,2,7,0,0.04627029179044464
1-739415526,3,7,0,0.1440533824731448
1-739415526,4,7,0,0.2992127332706799
1-739415526,5,7,0,0.20428051790779309
1-739415526,6,7,0,0.2696782906499783
1-739415526,7,7,0,0.7156693344085755
1-739425131,1,8,0,0.24946671420840857
1-739425131,2,8,0,0.23825121734417049
1-739425131,3,8,0,0.1999326527780313
1-739425131,4,8,0,0.2043023469159039
1-739425131,5,8,0,0.21573218574993822
1-739425131,6,8,0,0.18284792861614332
1-739425131,7,8,0,0.09843134248392463
1-739425131,8,8,0,0.1251309160770629
1-739425731,1,4,0,0.36506877271711263
1-739425731,2,4,0,0.4055965465110804
1-739425731,3,4,0,0.3641932019016379
1-739425731,4,4,0,0.2694963825422873
1-739426614,1,2,0,0.03939665922305795
1-739426614,2,2,0,0.053634020326797996
1-739426850,1,3,0,0.04836152493930234
1-739426850,2,3,0,0.055185962270615944
1-739426850,3,3,0,0.13062503673989914
1-739432770,1,2,0,0.044274635747234496
1-739432770,2,2,0,0.028705260141856693
1-739437632,1,3,0,0.21274652983082407
1-739437632,2,3,0,0.19229937537327352
1-739437632,3,3,0,0.17884882233511099
1-739452230,1,8,0,0.04884331631006711
1-739452230,2,8,0,0.048755164828940795
1-739452230,3,8,0,0.07065873335558413
1-739452230,4,8,0,0.06489631684495328
1-739452230,5,8,0,0.05317074753737615
1-739452230,6,8,0,0.048312842178908515
1-739452230,7,8,0,0.14666261846956039
1-739452230,8,8,0,0.31151155093372035
1-739454546,1,2,0,0.054337071367955674
1-739454546,2,2,0,0.06611213583048774
1-739468120,1,5,0,0.03607683044185536
1-739468120,2,5,0,0.02660025112771395
1-739468120,3,5,0,0.08978946972810453
1-739468120,4,5,0,0.07122539132496013
1-739468120,5,5,0,0.06849862226973535
1-739470471,1,2,0,0.04836152493930234
1-739470471,2,2,0,0.038860299562797025
1-739472317,1,9,1,0.10355091478660114
1-739472317,2,9,1,0.13490669061557886
1-739472317,3,9,1,0.13645648201264138
1-739472317,4,9,1,0.5008800635777222
1-739472317,5,9,1,0.4966599634850667
1-739472317,6,9,1,0.5108951367403427
1-739472317,7,9,1,0.4873820774541596
1-739472317,8,9,1,0.4885195737532905
1-739472317,9,9,1,0.5652760646251618
1-739474661,1,2,0,0.05469325943136591
1-739474661,2,2,0,0.058237831136650216
1-739479711,1,5,0,0.11892703379347527
1-739479711,2,5,0,0.09371998440836499
1-739479711,3,5,0,0.1003722992436929
1-739479711,4,5,0,0.11488524182463837
1-739479711,5,5,0,0.15985636854768123
1-739480593,1,8,0,0.20231594397431243
1-739480593,2,8,0,0.1872520876716711
1-739480593,3,8,0,0.3417317055594303
1-739480593,4,8,0,0.4327975825183762
1-739480593,5,8,0,0.36901005846014245
1-739480593,6,8,0,0.3056600377581526
1-739480593,7,8,0,0.2719730803355813
1-739480593,8,8,0,0.28142439705054834
1-739482751,1,6,0,0.02898000480697144
1-739482751,2,6,0,0.0304832399381646
1-739482751,3,6,0,0.18930879597691447
1-739482751,4,6,0,0.1597441193443516
1-739482751,5,6,0,0.22639640717175713
1-739482751,6,6,0,0.20672991431426246
1-739483315,1,2,0,0.05771899179089963
1-739483315,2,2,0,0.1584925806150271
1-739494179,1,8,0,0.13853306491338088
1-739494179,2,8,0,0.1261908637269722
1-739494179,3,8,0,0.1194483231387466
1-739494179,4,8,0,0.10262997002005037
1-739494179,5,8,0,0.13955027790435437
1-739494179,6,8,0,0.2064772627778462
1-739494179,7,8,0,0.305525757381874
1-739494179,8,8,0,0.30798525519319364
1-739494277,1,9,0,0.2461220618485215
1-739494277,2,9,0,0.25204952985712414
1-739494277,3,9,0,0.2658587332908381
1-739494277,4,9,0,0.23073607040767935
1-739494277,5,9,0,0.2865956259764845
1-739494277,6,9,0,0.2830661732569452
1-739494277,7,9,0,0.27955741311366633
1-739494277,8,9,0,0.30887236826673825
1-739494277,9,9,0,0.2757329991733619
1-739494503,1,3,0,0.038448847563097285
1-739494503,2,3,0,0.028871256853937998
1-739494503,3,3,0,0.06727886758854572
1-739494731,1,2,0,0.028949762968200125
1-739494731,2,2,0,0.024676045062240318
1-739497125,1,2,0,0.03087581390856402
1-739497125,2,2,0,0.036450195502146614
1-739518367,1,2,0,0.11881792950410902
1-739518367,2,2,0,0.08789375377355373
1-739523290,1,2,0,0.00902127369801508
1-739523290,2,2,0,0.010414164487497143
1-739525284,1,2,0,0.04722020785560917
1-739525284,2,2,0,0.03469849558061582
1-739533159,1,2,0,0.02669699034679507
1-739533159,2,2,0,0.02571581053176677
1-739551721,1,2,0,0.03753426016307983
1-739551721,2,2,0,0.03671023991894668
1-739566283,1,2,0,0.060400322096000804
1-739566283,2,2,0,0.05377054934194053
1-739581939,1,2,0,0.030758940919414463
1-739581939,2,2,0,0.02075248254923928
1-739595023,1,5,0,0.14723086524803186
1-739595023,2,5,0,0.14834376040663433
1-739595023,3,5,0,0.18166269422034326
1-739595023,4,5,0,0.1339283734102894
1-739595023,5,5,0,0.20406135020572072
1-739604574,1,4,0,0.07811488059535006
1-739604574,2,4,0,0.08148655234273962
1-739604574,3,4,0,0.21182941231215524
1-739604574,4,4,0,0.12952718498601443
1-739609945,1,2,0,0.03618302657467769
1-739609945,2,2,0,0.051159678554665765
1-739610160,1,2,0,0.04924990811997669
1-739610160,2,2,0,0.038466721085962156
1-739626423,1,2,1,0.11819472689697735
1-739626423,2,2,1,0.13084861207807813
1-739640031,1,2,0,0.04395475798098385
1-739640031,2,2,0,0.06469911262838947
1-739643571,1,4,0,0.16970358342479672
1-739643571,2,4,0,0.19186896393946326
1-739643571,3,4,0,0.22468073630781685
1-739643571,4,4,0,0.10175899492322384
1-739659110,1,13,0,0.06371801503902527
1-739659110,2,13,0,0.04064366162626489
1-739659110,3,13,0,0.11056863394811402
1-739659110,4,13,0,0.07391949673702074
1-739659110,5,13,0,0.11272795603059113
1-739659110,6,13,0,0.19894163517779676
1-739659110,7,13,0,0.16135413104334376
1-739659110,8,13,0,0.185697650723732
1-739659110,9,13,0,0.16731210889795287
1-739659110,10,13,0,0.3079046326193812
1-739659110,11,13,0,0.3449492562247112
1-739659110,12,13,0,0.3356182384524888
1-739661379,1,14,0,0.14722506940922953
1-739661379,2,14,0,0.12998373107041364
1-739661379,3,14,0,0.17742398778727755
1-739661379,4,14,0,0.11877144183349363
1-739661379,5,14,0,0.10329897182065981
1-739661379,6,14,0,0.14071804166435475
1-739661379,7,14,0,0.2108433443151679
1-739661379,8,14,0,0.14753632741143938
1-739661379,9,14,0,0.18068446646993627
1-739661379,10,14,0,0.2070249519989832
1-739661379,11,14,0,0.20555488078704148
1-739661379,12,14,0,0.2090462893411146
1-739663917,1,2,0,0.06928479161438646
1-739663917,2,2,0,0.06373174339667233
1-739687618,1,7,1,0.09757072479907179
1-739687618,2,7,1,0.09160259897121614
1-739687618,3,7,1,0.11863361206047164
1-739687618,4,7,1,0.1478563467061202
1-739687618,5,7,1,0.3299843352672463
1-739687618,6,7,1,0.3284557453155482
1-739687618,7,7,1,0.38700846818857504
1-739711451,1,4,0,0.13722800271758173
1-739711451,2,4,0,0.09526507883119066
1-739711451,3,4,0,0.15464423512441142
1-739711451,4,4,0,0.1620806071893041
1-739711805,1,5,0,0.15498422907770276
1-739711805,2,5,0,0.14858059340116142
1-739711805,3,5,0,0.19886260608258544
1-739711805,4,5,0,0.18353685665895686
1-739711805,5,5,0,0.21345514994180248
1-739718429,1,2,0,0.02853690042497488
1-739718429,2,2,0,0.049026882224113076
1-739727165,1,2,0,0.029051453229313705
1-739727165,2,2,0,0.02997143413983334
1-739727237,1,2,0,0.08803604149025872
1-739727237,2,2,0,0.09318296081826268
1-739727475,1,8,0,0.031776429716826635
1-739727475,2,8,0,0.03394452194124402
1-739727475,3,8,0,0.15876678997701596
1-739727475,4,8,0,0.14174694036847219
1-739727475,5,8,0,0.12633167808758683
1-739727475,6,8,0,0.24431542595354727
1-739727475,7,8,0,0.22594676119189724
1-739727475,8,8,0,0.6462017359667548
1-739732184,1,10,0,0.13059636168690802
1-739732184,2,10,0,0.13355779141474353
1-739732184,3,10,0,0.12593262400215124
1-739732184,4,10,0,0.12004511159263483
1-739732184,5,10,0,0.15909691474573828
1-739732184,6,10,0,0.2812692115392709
1-739732184,7,10,0,0.26977663250153683
1-739732184,8,10,0,0.4870704829811216
1-739732184,9,10,0,0.5387292775294692
1-739732184,10,10,0,0.5690303744883695
1-739733415,1,5,0,0.04690345392831284
1-739733415,2,5,0,0.06438027669181032
1-739733415,3,5,0,0.10818030994130917
1-739733415,4,5,0,0.0956277680309329
1-739733415,5,5,0,0.0762140912996048
1-739733861,1,13,0,0.1679326209323223
1-739733861,2,13,0,0.15130767580820847
1-739733861,3,13,0,0.17985256750182269
1-739733861,4,13,0,0.13100653032826381
1-739733861,5,13,0,0.15914664421614408
1-739733861,6,13,0,0.31843488833819567
1-739733861,7,13,0,0.2938745452249041
1-739733861,8,13,0,0.2795505120702938
1-739733861,9,13,0,0.26576790874481193
1-739733861,10,13,0,0.27764156517073874
1-739733861,11,13,0,0.26194712462468356
1-739733861,12,13,0,0.2903763512671849
1-739735986,1,2,0,0.013188515797452862
1-739735986,2,2,0,0.019365999165907342
1-739747901,1,7,1,0.3242597442628269
1-739747901,2,7,1,0.3875369060914959
1-739747901,3,7,1,0.43185385333499265
1-739747901,4,7,1,0.7079658602597967
1-739747901,5,7,1,0.7321504750168356
1-739747901,6,7,1,0.7657690106641655
1-739747901,7,7,1,0.7779475296954831
1-739748201,1,4,0,0.1960870832646585
1-739748201,2,4,0,0.21940334922302213
1-739748201,3,4,0,0.33243525801050094
1-739748201,4,4,0,0.2078364945281699
1-739748781,1,5,0,0.2420036357838188
1-739748781,2,5,0,0.24517733656153823
1-739748781,3,5,0,0.325540078101951
1-739748781,4,5,0,0.2507113672568937
1-739748781,5,5,0,0.3399705355653331
1-739749820,1,5,0,0.042050763700641695
1-739749820,2,5,0,0.032247736583481665
1-739749820,3,5,0,0.17482057659302488
1-739749820,4,5,0,0.16332540381342717
1-739749820,5,5,0,0.17972627226473545
1-739753804,1,2,0,0.022734577894736853
1-739753804,2,2,0,0.03644309191394323
1-739766860,1,2,0,0.033132027605700685
1-739766860,2,2,0,0.025044786273710047
1-739768365,1,2,0,0.036174694195127206
1-739768365,2,2,0,0.03934801625085327
1-739774185,1,4,0,0.3082495271954288
1-739774185,2,4,0,0.3089332609726042
1-739774185,3,4,0,0.3181329686830385
1-739774185,4,4,0,0.34030521105496586
1-739780580,1,6,0,0.15277887110194818
1-739780580,2,6,0,0.14206053543229624
1-739780580,3,6,0,0.20030697968035008
1-739780580,4,6,0,0.13806179717705758
1-739780580,5,6,0,0.18815975171227822
1-739780580,6,6,0,0.2635019948476098
1-739782270,1,8,1,0.08395088993140185
1-739782270,2,8,1,0.07503860097689798
1-739782270,3,8,1,0.10745415949757967
1-739782270,4,8,1,0.08079306256844797
1-739782270,5,8,1,0.1250351814668634
1-739782270,6,8,1,0.1173638555779578
1-739782270,7,8,1,0.1388305830724468
1-739782270,8,8,1,0.5904046685729798
1-739790961,1,2,0,0.022914695621509638
1-739790961,2,2,0,0.037951311266844055
1-739795812,1,9,0,0.026977600402647135
1-739795812,2,9,0,0.0262073228431129
1-739795812,3,9,0,0.05217439237529971
1-739795812,4,9,0,0.06556979020871885
1-739795812,5,9,0,0.0687745803801169
1-739795812,6,9,0,0.10813568954524946
1-739795812,7,9,0,0.12425199842864461
1-739795812,8,9,0,0.17001047932101748
1-739795812,9,9,0,0.14184408628195408
1-739809072,1,4,0,0.025050773185819695
1-739809072,2,4,0,0.028405950578460473
1-739809072,3,4,0,0.05766855782212949
1-739809072,4,4,0,0.06377844920338265
1-739819463,1,2,0,0.028164841755654427
1-739819463,2,2,0,0.03628418545099525
1-739820726,1,2,0,0.059806052377345285
1-739820726,2,2,0,0.06525010440559448
1-739821483,1,2,0,0.09732834211064506
1-739821483,2,2,0,0.0955050378057761
1-739823295,1,4,0,0.028538363993111916
1-739823295,2,4,0,0.030600031500063043
1-739823295,3,4,0,0.14605131540815794
1-739823295,4,4,0,0.1593337448441772
1-739823544,1,2,0,0.026170601511176776
1-739823544,2,2,0,0.044473538426795606
1-739826738,1,6,0,0.1556496164637874
1-739826738,2,6,0,0.15413002176690788
1-739826738,3,6,0,0.2571438859809615
1-739826738,4,6,0,0.1929728989920048
1-739826738,5,6,0,0.20953108177246343
1-739826738,6,6,0,0.18972744415247925
1-739829191,1,4,0,0.03641723425728163
1-739829191,2,4,0,0.0740592785514744
1-739829191,3,4,0,0.1917329611287032
1-739829191,4,4,0,0.20158358276160088
1-739829227,1,4,1,0.032524332086482234
1-739829227,2,4,1,0.0966449522380677
1-739829227,3,4,1,0.16277893078281302
1-739829227,4,4,1,0.6480118852329511
1-739829274,1,2,0,0.01613968719169789
1-739829274,2,2,0,0.039344491414300534
1-739829634,1,2,0,0.02013806627664393
1-739829634,2,2,0,0.02626780819696783
1-739845918,1,6,1,0.13202421337908987
1-739845918,2,6,1,0.1455984416632545
1-739845918,3,6,1,0.13568912640167238
1-739845918,4,6,1,0.17474257490819206
1-739845918,5,6,1,0.1603563216239656
1-739845918,6,6,1,0.6514869574861702
1-739850206,1,2,0,0.0547933238476807
1-739850206,2,2,0,0.09337885179023483
1-739850265,1,3,0,0.201342227298466
1-739850265,2,3,0,0.12758981836897432
1-739850265,3,3,0,0.1287194569248105
1-739850631,1,2,0,0.03544597158942789
1-739850631,2,2,0,0.09942657745300516
1-739850761,1,2,0,0.05845816233297737
1-739850761,2,2,0,0.13542497414387272
1-739851171,1,6,0,0.2292217597624284
1-739851171,2,6,0,0.2421946811532629
1-739851171,3,6,0,0.3224374630412907
1-739851171,4,6,0,0.25166613240472685
1-739851171,5,6,0,0.26489494247978573
1-739851171,6,6,0,0.30540793750881784
1-739872770,1,2,0,0.06810705937967566
1-739872770,2,2,0,0.053257391132585895
1-739898949,1,5,0,0.03302530077227966
1-739898949,2,5,0,0.08899210114463126
1-739898949,3,5,0,0.2347437225182586
1-739898949,4,5,0,0.30410936539154254
1-739898949,5,5,0,0.2025252169133547
1-739899391,1,3,0,0.05048537565651807
1-739899391,2,3,0,0.1025228531924891
1-739899391,3,3,0,0.1648119678802357
1-739901756,1,2,0,0.0951731147956247
1-739901756,2,2,0,0.06304460945115674
1-739901796,1,2,0,0.07502953431909802
1-739901796,2,2,0,0.0650729016506979
1-740059721,1,3,0,0.21471907991100692
1-740059721,2,3,0,0.19806988621874175
1-740059721,3,3,0,0.21874710099513395
1-740292255,1,9,0,0.09909800190817362
1-740292255,2,9,0,0.18255885122850857
1-740292255,3,9,0,0.2755765043951241
1-740292255,4,9,0,0.20995824207998037
1-740292255,5,9,0,0.2686969742551084
1-740292255,6,9,0,0.17885779476376992
1-740292255,7,9,0,0.2449151642322386
1-740292255,8,9,0,0.19068091857030894
1-740292255,9,9,0,0.21907005314383
1-740300138,1,4,0,0.12835828626463253
1-740300138,2,4,0,0.13589192669923936
1-740300138,3,4,0,0.264831457853861
1-740300138,4,4,0,0.24325891590246704
1-740303502,1,12,0,0.20411342044022862
1-740303502,2,12,0,0.18095753853437743
1-740303502,3,12,0,0.2766694696531332
1-740303502,4,12,0,0.3423954738115715
1-740303502,5,12,0,0.3063986464258779
1-740303502,6,12,0,0.3573580210016728
1-740303502,7,12,0,0.3897708020447968
1-740303502,8,12,0,0.3868073294614959
1-740303502,9,12,0,0.6489402095937882
1-740303502,10,12,0,0.6707951954493105
1-740303502,11,12,0,0.686174568471801
1-740303502,12,12,0,0.6258860173372512
1-740308384,1,4,1,0.10325568559292207
1-740308384,2,4,1,0.12060448767652526
1-740308384,3,4,1,0.2357128649708764
1-740308384,4,4,1,0.4710700653635893
1-740308848,1,7,0,0.21452872619580982
1-740308848,2,7,0,0.1934844925554784
1-740308848,3,7,0,0.20086330902137667
1-740308848,4,7,0,0.19170285211409102
1-740308848,5,7,0,0.2423574834247308
1-740308848,6,7,0,0.7672077976368361
1-740308848,7,7,0,0.8006865682373564
1-740316721,1,7,0,0.21985540143589727
1-740316721,2,7,0,0.20607723192410668
1-740316721,3,7,0,0.4023995386569149
1-740316721,4,7,0,0.4750645492543621
1-740316721,5,7,0,0.41852636844159585
1-740316721,6,7,0,0.3926196973205056
1-740316721,7,7,0,0.45119315537609367
1-740316771,1,4,0,0.08958008541015453
1-740316771,2,4,0,0.11338624673735588
1-740316771,3,4,0,0.2890791918548462
1-740316771,4,4,0,0.2799746680252036
1-740322551,1,2,0,0.0509130941871664
1-740322551,2,2,0,0.049561965847714544
1-740322831,1,7,1,0.19857329541590255
1-740322831,2,7,1,0.1792543162900665
1-740322831,3,7,1,0.21670242644273222
1-740322831,4,7,1,0.2877010761494872
1-740322831,5,7,1,0.27941671436033977
1-740322831,6,7,1,0.32250855010140794
1-740322831,7,7,1,0.7078527946927121
1-740330381,1,3,0,0.15337391028059721
1-740330381,2,3,0,0.11842656483825773
1-740330381,3,3,0,0.1418679555184683
1-740340137,1,2,0,0.08246417644717519
1-740340137,2,2,0,0.08226331553916998
1-740342406,1,2,0,0.07349178101175517
1-740342406,2,2,0,0.07721930102510745
1-740342521,1,7,0,0.167781291488874
1-740342521,2,7,0,0.13679472865889064
1-740342521,3,7,0,0.23289172997651997
1-740342521,4,7,0,0.23792000729764815
1-740342521,5,7,0,0.2698770558211706
1-740342521,6,7,0,0.21514749077571782
1-740342521,7,7,0,0.27034308229103216
1-740357297,1,14,1,0.05518547715005222
1-740357297,2,14,1,0.09033309869340414
1-740357297,3,14,1,0.27133011128300855
1-740357297,4,14,1,0.2914412807112989
1-740357297,5,14,1,0.27309839008519576
1-740357297,6,14,1,0.22191690482038534
1-740357297,7,14,1,0.28726096312442473
1-740357297,8,14,1,0.2702227642863424
1-740357297,9,14,1,0.3377530109799973
1-740357297,10,14,1,0.2861881513594715
1-740357297,11,14,1,0.31256737526687833
1-740357297,12,14,1,0.7168306559869472
1-740371900,1,2,0,0.3786170583016585
1-740371900,2,2,0,0.5394272936145638
1-740380830,1,8,1,0.22905866434119446
1-740380830,2,8,1,0.22971600460057526
1-740380830,3,8,1,0.3203949264702438
1-740380830,4,8,1,0.30340544007836406
1-740380830,5,8,1,0.29967414536280906
1-740380830,6,8,1,0.27402988886599144
1-740380830,7,8,1,0.30865570707453766
1-740380830,8,8,1,0.6096238368607224
1-740384182,1,6,0,0.20886519586953536
1-740384182,2,6,0,0.19244412067165736
1-740384182,3,6,0,0.3080573999858346
1-740384182,4,6,0,0.3060445620530787
1-740384182,5,6,0,0.3285499423517431
1-740384182,6,6,0,0.27274858406365005
1-740388710,1,2,0,0.07868065355241333
1-740388710,2,2,0,0.06910029061070132
1-740388786,1,2,0,0.07917221457164161
1-740388786,2,2,0,0.07306756668642564
1-740393512,1,2,0,0.05385162872409821
1-740393512,2,2,0,0.027788132313209105
1-740404280,1,6,0,0.1325807539916173
1-740404280,2,6,0,0.11760221564360474
1-740404280,3,6,0,0.22106963787408054
1-740404280,4,6,0,0.1789813790647251
1-740404280,5,6,0,0.2407785638755082
1-740404280,6,6,0,0.22592499794445653
1-740406890,1,2,0,0.10191465552925548
1-740406890,2,2,0,0.10293999501951925
1-740421001,1,2,0,0.3235003671364359
1-740421001,2,2,0,0.29846582058510857
1-740437511,1,2,0,0.04008324328054077
1-740437511,2,2,0,0.049227927055764266
1-740444700,1,9,0,0.11280196864386938
1-740444700,2,9,0,0.10317903732850071
1-740444700,3,9,0,0.20088512006920053
1-740444700,4,9,0,0.15692678228654106
1-740444700,5,9,0,0.19427043228349825
1-740444700,6,9,0,0.22069642280700408
1-740444700,7,9,0,0.18048896790740385
1-740444700,8,9,0,0.27067134654225267
1-740444700,9,9,0,0.24059160600635854
1-740448903,1,2,0,0.07228519274017199
1-740448903,2,2,0,0.0704667014296898
1-740449572,1,4,0,0.10857706300129913
1-740449572,2,4,0,0.08803534551789928
1-740449572,3,4,0,0.2870783432760713
1-740449572,4,4,0,0.2567308186288008
1-740453306,1,10,1,0.18698646560513082
1-740453306,2,10,1,0.16873764794271562
1-740453306,3,10,1,0.32459030612382883
1-740453306,4,10,1,0.5378720655426205
1-740453306,5,10,1,0.5505619088505191
1-740453306,6,10,1,0.6088580929971911
1-740453306,7,10,1,0.6762766144328114
1-740453306,8,10,1,0.6602021461365306
1-740453306,9,10,1,0.5826282052170478
1-740453306,10,10,1,0.5880230135384309
1-740455245,1,5,0,0.20680651210808562
1-740455245,2,5,0,0.19356340815377357
1-740455245,3,5,0,0.2974628849290307
1-740455245,4,5,0,0.2150528343669884
1-740455245,5,5,0,0.2789592283209627
1-740455673,1,5,0,0.20866078493032642
1-740455673,2,5,0,0.20233651662511276
1-740455673,3,5,0,0.312301388745469
1-740455673,4,5,0,0.33283467979120296
1-740455673,5,5,0,0.21538973921269183
1-740455880,1,2,0,0.06468046983748854
1-740455880,2,2,0,0.06298998261084059
1-740460458,1,4,0,0.24899648383723913
1-740460458,2,4,0,0.21369536300522654
1-740460458,3,4,0,0.3149515861384725
1-740460458,4,4,0,0.2860728343458413
1-740461199,1,2,0,0.06584719038950235
1-740461199,2,2,0,0.07677718620552978
1-740462311,1,1,1,0.32682619949417185
1-740470848,1,6,0,0.1715568072239515
1-740470848,2,6,0,0.16026518971449197
1-740470848,3,6,0,0.26279454877124453
1-740470848,4,6,0,0.3109862328916004
1-740470848,5,6,0,0.3834298450578961
1-740470848,6,6,0,0.35361117122434643
1-740471146,1,2,0,0.049686367596103634
1-740471146,2,2,0,0.05587961075220792
1-740490030,1,2,0,0.1664961825035068
1-740490030,2,2,0,0.1695483263493561
1-740493362,1,9,0,0.29727309054037193
1-740493362,2,9,0,0.2420499036293773
1-740493362,3,9,0,0.258459198461143
1-740493362,4,9,0,0.2447035004981966
1-740493362,5,9,0,0.3225523218666343
1-740493362,6,9,0,0.257901133513161
1-740493362,7,9,0,0.2998224448413698
1-740493362,8,9,0,0.24935591631565393
1-740493362,9,9,0,0.29624104245120675
1-740529525,1,7,1,0.12713773398681658
1-740529525,2,7,1,0.11587094965326158
1-740529525,3,7,1,0.3174673044793051
1-740529525,4,7,1,0.2858361764015719
1-740529525,5,7,1,0.3219832178742855
1-740529525,6,7,1,0.7249372144775595
1-740529525,7,7,1,0.7334944747636427
1-740532960,1,2,0,0.09512140631315155
1-740532960,2,2,0,0.07642305441050955
1-740537782,1,2,0,0.04527194539889264
1-740537782,2,2,0,0.0609817755204054
1-740542062,1,2,0,0.13088053138379047
1-740542062,2,2,0,0.1473048850006772
1-740543015,1,2,0,0.07230554299729176
1-740543015,2,2,0,0.05977201463700329
1-740545215,1,8,0,0.22542258212432897
1-740545215,2,8,0,0.2537958279276565
1-740545215,3,8,0,0.30983946293230874
1-740545215,4,8,0,0.2702665408568187
1-740545215,5,8,0,0.2731456258570368
1-740545215,6,8,0,0.26825961515876245
1-740545215,7,8,0,0.30218832465728385
1-740545215,8,8,0,0.2863214282845583
1-740550404,1,2,0,0.12938436263493067
1-740550404,2,2,0,0.24796349835796075
1-740556828,1,2,0,0.053506250381570135
1-740556828,2,2,0,0.05553535965654207
1-740560358,1,2,0,0.08788120436548263
1-740560358,2,2,0,0.06601168577413384
1-740566848,1,3,0,0.12172324840729566
1-740566848,2,3,0,0.10692940345254165
1-740566848,3,3,0,0.31020759829744426
1-740570848,1,5,0,0.15566545160607712
1-740570848,2,5,0,0.21413586781397978
1-740570848,3,5,0,0.3014007373263833
1-740570848,4,5,0,0.25734227866842846
1-740570848,5,5,0,0.3108259150241909
1-740581426,1,2,0,0.13140376583546523
1-740581426,2,2,0,0.14744229393362954
1-740591340,1,2,0,0.15007063450963196
1-740591340,2,2,0,0.1791636083472167
1-740596977,1,12,1,0.21659401224460179
1-740596977,2,12,1,0.19887128171985602
1-740596977,3,12,1,0.28959871791453573
1-740596977,4,12,1,0.6038337773750958
1-740596977,5,12,1,0.6360979328558276
1-740596977,6,12,1,0.6649989978046478
1-740596977,7,12,1,0.447089576813749
1-740596977,8,12,1,0.3340483609207641
1-740596977,9,12,1,0.33085326521753494
1-740596977,10,12,1,0.30774184857909315
1-740596977,11,12,1,0.3120324962662498
1-740596977,12,12,1,0.8843339949174185
1-740597381,1,5,0,0.19485453368293426
1-740597381,2,5,0,0.16048045438433264
1-740597381,3,5,0,0.2591042228648941
1-740597381,4,5,0,0.29014266990779014
1-740597381,5,5,0,0.39193663378979876
1-740604514,1,2,0,0.06117566739041001
1-740604514,2,2,0,0.14815089310390345
1-740604526,1,2,0,0.06117566739041001
1-740604526,2,2,0,0.14029573508370652
1-740604632,1,2,0,0.05816341319458435
1-740604632,2,2,0,0.12177886161505945
1-740604727,1,2,0,0.05592814907244022
1-740604727,2,2,0,0.08467056880506259
1-740607229,1,2,0,0.10311084641846564
1-740607229,2,2,0,0.13741498671260965
1-740607267,1,6,0,0.12443150202290196
1-740607267,2,6,0,0.10009894988791108
1-740607267,3,6,0,0.31833388548263075
1-740607267,4,6,0,0.3539635981591793
1-740607267,5,6,0,0.4001916766978984
1-740607267,6,6,0,0.676354227573641
1-740609951,1,2,0,0.07283165736414804
1-740609951,2,2,0,0.08515111501995404
1-740617839,1,2,0,0.04822195088127197
1-740617839,2,2,0,0.06368002889286938
1-740618165,1,6,0,0.07217516555067172
1-740618165,2,6,0,0.0981965415216178
1-740618165,3,6,0,0.3171830283782937
1-740618165,4,6,0,0.284556949652681
1-740618165,5,6,0,0.28181881745188614
1-740618165,6,6,0,0.30761598833426196
1-740618490,1,2,0,0.06305866864476052
1-740618490,2,2,0,0.07201768008476431
1-740620951,1,2,1,0.20299603068197372
1-740620951,2,2,1,0.16912029077829993
1-740621151,1,2,0,0.12130794999646603
1-740621151,2,2,0,0.1384939986578543
1-740622990,1,4,0,0.14053987123308406
1-740622990,2,4,0,0.12087141243760653
1-740622990,3,4,0,0.2675502444440851
1-740622990,4,4,0,0.2375076074857921
1-740623233,1,5,0,0.0898846406095284
1-740623233,2,5,0,0.10259650230325497
1-740623233,3,5,0,0.26090928275897807
1-740623233,4,5,0,0.3896293280070198
1-740623233,5,5,0,0.36463230393076973
1-740628430,1,2,0,0.1249825015046059
1-740628430,2,2,0,0.10898930740422853
1-740630090,1,5,0,0.21141977199839268
1-740630090,2,5,0,0.25480684647922247
1-740630090,3,5,0,0.24956575778176515
1-740630090,4,5,0,0.2923267911207912
1-740630090,5,5,0,0.38613073418266747
1-740630613,1,4,0,0.16373273092609036
1-740630613,2,4,0,0.1561409030311941
1-740630613,3,4,0,0.2549436012116887
1-740630613,4,4,0,0.2920365176899761
1-740630690,1,5,0,0.1606476575672541
1-740630690,2,5,0,0.19404658360530258
1-740630690,3,5,0,0.3014983080284723
1-740630690,4,5,0,0.3091887432993521
1-740630690,5,5,0,0.3121657641212506
1-740632224,1,3,0,0.1262861576299297
1-740632224,2,3,0,0.14579328168835043
1-740632224,3,3,0,0.24727448067023491
1-740632403,1,4,0,0.12344292562683049
1-740632403,2,4,0,0.1263739768558832
1-740632403,3,4,0,0.2337662374997045
1-740632403,4,4,0,0.21515296396018713
1-740638251,1,2,0,0.09727597074805024
1-740638251,2,2,0,0.11687958833568025
1-740641078,1,14,0,0.12918476333117992
1-740641078,2,14,0,0.10725169354772605
1-740641078,3,14,0,0.38224724979967645
1-740641078,4,14,0,0.2880797968043401
1-740641078,5,14,0,0.38193770576280806
1-740641078,6,14,0,0.33507279999988
1-740641078,7,14,0,0.32496829119838566
1-740641078,8,14,0,0.271328300547113
1-740641078,9,14,0,0.30211120105393136
1-740641078,10,14,0,0.3046092593284754
1-740641078,11,14,0,0.3723962324020312
1-740641078,12,14,0,0.3019089812307574
1-740641770,1,2,0,0.06631787151373371
1-740641770,2,2,0,0.07888061293221701
1-740662398,1,6,1,0.2720358143372726
1-740662398,2,6,1,0.28964106741527357
1-740662398,3,6,1,0.3971968589503155
1-740662398,4,6,1,0.3737880804730146
1-740662398,5,6,1,0.5034991424463844
1-740662398,6,6,1,0.47013715285499275
1-740662560,1,2,0,0.10523588113675102
1-740662560,2,2,0,0.10258061298214734
1-740676681,1,3,0,0.18546897801841256
1-740676681,2,3,0,0.2007303415816541
1-740676681,3,3,0,0.3262918471822688
1-740679187,1,2,0,0.07441124168629315
1-740679187,2,2,0,0.08787242725607367
1-740680072,1,2,0,0.09191321550438006
1-740680072,2,2,0,0.08370461484284479
1-740680292,1,7,0,0.060411957528158734
1-740680292,2,7,0,0.0689172518020887
1-740680292,3,7,0,0.13338674030591652
1-740680292,4,7,0,0.16834544129236098
1-740680292,5,7,0,0.1623838818057105
1-740680292,6,7,0,0.16575627609630794
1-740680292,7,7,0,0.3449977367757951
1-740680611,1,9,1,0.1505015181620239
1-740680611,2,9,1,0.1183317648658971
1-740680611,3,9,1,0.32960014262339965
1-740680611,4,9,1,0.3499027884295382
1-740680611,5,9,1,0.38145565265436737
1-740680611,6,9,1,0.39449266576474307
1-740680611,7,9,1,0.44662116137948404
1-740680611,8,9,1,0.7786045144478382
1-740680611,9,9,1,0.7543095872337741
1-740682529,1,17,0,0.2285344765894103
1-740682529,2,17,0,0.22962988600797574
1-740682529,3,17,0,0.2866446798335309
1-740682529,4,17,0,0.3294698182138018
1-740682529,5,17,0,0.39968906149595823
1-740682529,6,17,0,0.32998710904887946
1-740682529,7,17,0,0.3946698587621162
1-740682529,8,17,0,0.7649107682806079
1-740682529,9,17,0,0.6352364773144863
1-740682529,10,17,0,0.6535531424396536
1-740682529,11,17,0,0.6542981655278566
1-740682529,12,17,0,0.7141406566347531
1-740684725,1,4,0,0.17728384767824948
1-740684725,2,4,0,0.2083268100211789
1-740684725,3,4,0,0.2602367870823333
1-740684725,4,4,0,0.27100673818370247
1-740692523,1,2,0,0.07944359982181343
1-740692523,2,2,0,0.06570852898215174
1-740703272,1,2,0,0.14989455355779965
1-740703272,2,2,0,0.13039923894341618
1-740703747,1,10,0,0.25656021098636855
1-740703747,2,10,0,0.2453100382896964
1-740703747,3,10,0,0.3952902531248738
1-740703747,4,10,0,0.35105334592970366
1-740703747,5,10,0,0.32418040279146304
1-740703747,6,10,0,0.26460295867412886
1-740703747,7,10,0,0.27038796267268805
1-740703747,8,10,0,0.2535494593707848
1-740703747,9,10,0,0.261583531342165
1-740703747,10,10,0,0.35767052644408714
1-740706986,1,2,0,0.09545723431992822
1-740706986,2,2,0,0.10823537956666894
1-740707407,1,2,0,0.11485388463525609
1-740707407,2,2,0,0.1302518744138282
1-740715079,1,2,0,0.15887637442548486
1-740715079,2,2,0,0.21944725521909997
1-740737718,1,2,0,0.1567875223272671
1-740737718,2,2,0,0.15170734281773413
1-740744927,1,6,1,0.11594247527388762
1-740744927,2,6,1,0.14041177563710963
1-740744927,3,6,1,0.3499669619627374
1-740744927,4,6,1,0.3582570766438261
1-740744927,5,6,1,0.3088111608384928
1-740744927,6,6,1,0.343881627302481
1-740766742,1,4,0,0.05256882310823133
1-740766742,2,4,0,0.06933944758960335
1-740766742,3,4,0,0.07913524544400635
1-740766742,4,4,0,0.0918477357368375
1-740780617,1,2,0,0.10205784930239752
1-740780617,2,2,0,0.16564313965664626
1-740780871,1,3,0,0.10879785161536153
1-740780871,2,3,0,0.16114863394988632
1-740780871,3,3,0,0.20953420701194506
1-740791441,1,2,0,0.242027303064196
1-740791441,2,2,0,0.20992018266985552
1-740792353,1,2,0,0.046732418758168116
1-740792353,2,2,0,0.08628948766206107
1-740801390,1,15,1,0.1744382757822448
1-740801390,2,15,1,0.2352387832433702
1-740801390,3,15,1,0.3998569368423655
1-740801390,4,15,1,0.45680153839044085
1-740801390,5,15,1,0.5441254666637574
1-740801390,6,15,1,0.5635810354403329
1-740801390,7,15,1,0.5724764242012083
1-740801390,8,15,1,0.576501120073524
1-740801390,9,15,1,0.6573507276254242
1-740801390,10,15,1,0.7945256074774375
1-740801390,11,15,1,0.7829472670722374
1-740801390,12,15,1,0.825674470361856
1-740803182,1,5,0,0.045328951375510275
1-740803182,2,5,0,0.04218843404294367
1-740803182,3,5,0,0.08533229223475537
1-740803182,4,5,0,0.11266050528061268
1-740803182,5,5,0,0.10704974645128175
1-740803202,1,2,0,0.14286340852036367
1-740803202,2,2,0,0.15631196482372273
1-740803667,1,2,0,0.1272432141070197
1-740803667,2,2,0,0.12875226658866085
1-740811922,1,9,1,0.23831568787984836
1-740811922,2,9,1,0.21098805617456157
1-740811922,3,9,1,0.3927474722032954
1-740811922,4,9,1,0.3471588100960053
1-740811922,5,9,1,0.37191853343790476
1-740811922,6,9,1,0.7071108164901098
1-740811922,7,9,1,0.656286719907471
1-740811922,8,9,1,0.6555351661163002
1-740811922,9,9,1,0.6789756600677617
1-740812490,1,8,1,0.2972527015856911
1-740812490,2,8,1,0.2683780880581643
1-740812490,3,8,1,0.5882439074644836
1-740812490,4,8,1,0.5468325830145601
1-740812490,5,8,1,0.5807653526489139
1-740812490,6,8,1,0.5985744910402493
1-740812490,7,8,1,0.565420568911992
1-740812490,8,8,1,0.6060840292729524
1-740814666,1,3,0,0.11660544182864506
1-740814666,2,3,0,0.12834088996537646
1-740814666,3,3,0,0.17935753484996753
1-740820201,1,4,0,0.21542565605844247
1-740820201,2,4,0,0.20645955690935663
1-740820201,3,4,0,0.31843857527029784
1-740820201,4,4,0,0.24361316636986766
1-740839458,1,6,0,0.0585062409563315
1-740839458,2,6,0,0.0885669584142646
1-740839458,3,6,0,0.3289088476965546
1-740839458,4,6,0,0.2977151617434643
1-740839458,5,6,0,0.3008927395745189
1-740839458,6,6,0,0.5573694800598739
1-740839548,1,8,0,0.02791154081169734
1-740839548,2,8,0,0.040924150241167
1-740839548,3,8,0,0.1112468789096241
1-740839548,4,8,0,0.11044042949003727
1-740839548,5,8,0,0.12903230483272
1-740839548,6,8,0,0.13137882950185675
1-740839548,7,8,0,0.33046650849929765
1-740839548,8,8,0,0.36107806006228854
1-740841250,1,6,0,0.03264129887387153
1-740841250,2,6,0,0.033649481329372115
1-740841250,3,6,0,0.08422593796388107
1-740841250,4,6,0,0.2758624707540828
1-740841250,5,6,0,0.2597414220624609
1-740841250,6,6,0,0.3049603111765569
1-740842201,1,3,0,0.12150741171200219
1-740842201,2,3,0,0.13140658920159135
1-740842201,3,3,0,0.28839927310619895
1-740844119,1,2,0,0.09413765503772455
1-740844119,2,2,0,0.09739182195354795
1-740846820,1,2,0,0.06326120475526457
1-740846820,2,2,0,0.09583632480459242
1-740847645,1,3,0,0.03134069769433942
1-740847645,2,3,0,0.05742422750549941
1-740847645,3,3,0,0.17957345360577653
1-740848036,1,3,0,0.06106394563161835
1-740848036,2,3,0,0.10270992293155055
1-740848036,3,3,0,0.25026497556551464
1-740853095,1,5,0,0.09261561898314807
1-740853095,2,5,0,0.0887272992720628
1-740853095,3,5,0,0.5178768405500641
1-740853095,4,5,0,0.5175212649918632
1-740853095,5,5,0,0.5486800595135534
1-740853331,1,2,0,0.3877761886170592
1-740853331,2,2,0,0.40106452133214904
1-740858249,1,5,0,0.03633485510096831
1-740858249,2,5,0,0.04570474165625351
1-740858249,3,5,0,0.07875628988143747
1-740858249,4,5,0,0.24728196176627695
1-740858249,5,5,0,0.2443733422943263
1-740858571,1,4,1,0.13375482527538993
1-740858571,2,4,1,0.16349741675885307
1-740858571,3,4,1,0.35278081143884665
1-740858571,4,4,1,0.5730602919521973
1-740859433,1,2,0,0.1252170079287107
1-740859433,2,2,0,0.1376920699393933
1-740866708,1,2,0,0.13228226125677495
1-740866708,2,2,0,0.12769015267966746
