case_id,k,_n_nonterm,y,p
INC0000066,1,2,0,0.08691761451165625
INC0000066,2,2,0,0.12481213352495439
INC0000076,1,1,0,0.16998014668116052
INC0000084,1,4,1,0.4030379222310565
INC0000084,2,4,1,0.6353185617617633
INC0000084,3,4,1,0.5838551853650458
INC0000084,4,4,1,0.9999999999842626
INC0000098,1,4,0,0.12190327487840054
INC0000098,2,4,0,0.11782278222962422
INC0000098,3,4,0,0.14839926029267617
INC0000098,4,4,0,0.139064173939293
INC0000102,1,16,1,0.07052246603424736
INC0000102,2,16,1,0.1000524269442089
INC0000102,3,16,1,0.15712941822758172
INC0000102,4,16,1,0.5547352043153598
INC0000102,5,16,1,0.7593162809120071
INC0000102,6,16,1,0.8077022434828223
INC0000102,7,16,1,0.6789482253494785
INC0000102,8,16,1,0.8876611695003909
INC0000104,1,5,1,0.1590309795913618
INC0000104,2,5,1,0.9655337451100554
INC0000104,3,5,1,0.9632289535203701
INC0000104,4,5,1,0.9790236999280082
INC0000104,5,5,1,0.9580946669509718
INC0000110,1,2,0,0.2129515885458025
INC0000110,2,2,0,0.24248663178148486
INC0000116,1,2,0,0.15508915349612112
INC0000116,2,2,0,0.2057937369460264
INC0000124,1,2,0,0.107761453614969
INC0000124,2,2,0,0.12802791520429252
INC0000125,1,5,0,0.04749579844373781
INC0000125,2,5,0,0.04647956046873238
INC0000125,3,5,0,0.03252983545714117
INC0000125,4,5,0,0.037637217411039536
INC0000125,5,5,0,0.04195398783542402
INC0000129,1,11,1,0.1683678028423686
INC0000129,2,11,1,0.3175639910823467
INC0000129,3,11,1,0.826315472455185
INC0000129,4,11,1,0.9252963734020185
INC0000129,5,11,1,0.9668673064997062
INC0000129,6,11,1,0.9692614396564139
INC0000129,7,11,1,0.999238957115633
INC0000129,8,11,1,0.9994327369660967
INC0000149,1,2,0,0.17668870782252125
INC0000149,2,2,0,0.17094449346537394
INC0000161,1,9,1,0.13984780473553626
INC0000161,2,9,1,0.13533565789919436
INC0000161,3,9,1,0.9562275733758799
INC0000161,4,9,1,0.9511413837701964
INC0000161,5,9,1,0.9966311676033939
INC0000161,6,9,1,0.10989893293638571
INC0000161,7,9,1,0.12842485754734018
INC0000161,8,9,1,0.15385997884828012
INC0000192,1,1,0,0.2792433371979285
INC0000232,1,11,1,0.35247894674130514
INC0000232,2,11,1,0.8917442091778528
INC0000232,3,11,1,0.6285335448196813
INC0000232,4,11,1,0.8205089127914924
INC0000232,5,11,1,0.8775760970124974
INC0000232,6,11,1,0.9071256421684005
INC0000232,7,11,1,0.928197977507677
INC0000232,8,11,1,0.9976548027321834
INC0000237,1,2,0,0.2830163973911638
INC0000237,2,2,0,0.48865864716856766
INC0000246,1,7,1,0.16980018981487904
INC0000246,2,7,1,0.15159019692681822
INC0000246,3,7,1,0.17467388142463008
INC0000246,4,7,1,0.638324814601989
INC0000246,5,7,1,0.9456457197278756
INC0000246,6,7,1,0.876786277274727
INC0000246,7,7,1,0.9036354187794648
INC0000250,1,14,1,0.24670755165025507
INC0000250,2,14,1,0.38636921885597053
INC0000250,3,14,1,0.731799730037517
INC0000250,4,14,1,0.6789766416415218
INC0000250,5,14,1,0.9038033228038448
INC0000250,6,14,1,0.9630775826382574
INC0000250,7,14,1,0.9774452502115922
INC0000250,8,14,1,0.9703308299712015
INC0000266,1,10,1,0.14066608404375305
INC0000266,2,10,1,0.6204018247868915
INC0000266,3,10,1,0.7516889434127422
INC0000266,4,10,1,0.9064489783141111
INC0000266,5,10,1,0.9008844080237408
INC0000266,6,10,1,0.9107045986798522
INC0000266,7,10,1,0.9202953814130342
INC0000266,8,10,1,0.8959489351913492
INC0000272,1,10,1,0.00839526741758345
INC0000272,2,10,1,0.044727454179361234
INC0000272,3,10,1,0.04714272827251491
INC0000272,4,10,1,0.9468896126768159
INC0000272,5,10,1,0.8757935496957554
INC0000272,6,10,1,0.9049698615913357
INC0000272,7,10,1,0.9173778932298615
INC0000272,8,10,1,0.9136509412622439
INC0000283,1,7,0,0.24690746600540575
INC0000283,2,7,0,0.27691133276649144
INC0000283,3,7,0,0.25854561805291754
INC0000283,4,7,0,0.2600810500795953
INC0000283,5,7,0,0.21822439856589865
INC0000283,6,7,0,0.2027615285713743
INC0000283,7,7,0,0.17313401824269462
INC0000292,1,8,0,0.0047859442416501325
INC0000292,2,8,0,0.000536153828000146
INC0000292,3,8,0,0.000910582546436911
INC0000292,4,8,0,0.0007534750710178235
INC0000292,5,8,0,0.000970502053505417
INC0000292,6,8,0,0.0009599440410316111
INC0000292,7,8,0,0.0008384372548721247
INC0000292,8,8,0,0.001573759811847221
INC0000317,1,4,1,0.24103846665238732
INC0000317,2,4,1,0.2704728218471883
INC0000317,3,4,1,0.36952346539791076
INC0000317,4,4,1,0.9999999999430846
INC0000348,1,5,1,0.09945987156992664
INC0000348,2,5,1,0.1197096403779412
INC0000348,3,5,1,0.17583682548600227
INC0000348,4,5,1,0.998760165244554
INC0000348,5,5,1,0.9999999999913622
INC0000351,1,2,1,0.4018969782504859
INC0000351,2,2,1,0.630716094750031
INC0000385,1,8,1,0.3646754811283864
INC0000385,2,8,1,0.7386525710578848
INC0000385,3,8,1,0.999913612942411
INC0000385,4,8,1,0.9999881333407098
INC0000385,5,8,1,0.9999897079421822
INC0000385,6,8,1,0.9999983314252251
INC0000385,7,8,1,0.9999989358759583
INC0000385,8,8,1,0.9999997605678288
INC0000387,1,7,1,0.1465859821328557
INC0000387,2,7,1,0.2571264102782486
INC0000387,3,7,1,0.3764255768667046
INC0000387,4,7,1,0.5100837104704887
INC0000387,5,7,1,0.911759002686774
INC0000387,6,7,1,0.9957894206952947
INC0000387,7,7,1,0.9982497023219146
INC0000388,1,5,1,0.20362289049728266
INC0000388,2,5,1,0.8701167404398781
INC0000388,3,5,1,0.9149624747973968
INC0000388,4,5,1,0.9999262685053354
INC0000388,5,5,1,0.9998483806446846
INC0000396,1,11,1,0.08067961068910376
INC0000396,2,11,1,0.12404152538906378
INC0000396,3,11,1,0.6835557641084752
INC0000396,4,11,1,0.9259855179515231
INC0000396,5,11,1,0.9931750698193492
INC0000396,6,11,1,0.9977460677345795
INC0000396,7,11,1,0.9981454659700201
INC0000396,8,11,1,0.9978902131330195
INC0000403,1,18,1,0.2897733856687143
INC0000403,2,18,1,0.3229372080956984
INC0000403,3,18,1,0.4302861174276048
INC0000403,4,18,1,0.34092635865426985
INC0000403,5,18,1,0.4502384806584412
INC0000403,6,18,1,0.5039457408767463
INC0000403,7,18,1,0.9375323674983919
INC0000403,8,18,1,0.9512662003728389
INC0000425,1,1,0,0.8780007039088845
INC0000439,1,2,0,0.9078108489553286
INC0000439,2,2,0,0.9615479646605549
INC0000497,1,7,0,0.1648092692094097
INC0000497,2,7,0,0.15936088275337834
INC0000497,3,7,0,0.31111552303018286
INC0000497,4,7,0,0.5774299639792846
INC0000497,5,7,0,0.6044992548170779
INC0000497,6,7,0,0.8805481783538525
INC0000497,7,7,0,0.954243636195258
INC0000524,1,11,1,0.1369088715644808
INC0000524,2,11,1,0.17322119704552164
INC0000524,3,11,1,0.24966494076789753
INC0000524,4,11,1,0.9992800243987148
INC0000524,5,11,1,0.9992366128200438
INC0000524,6,11,1,0.9997496724363835
INC0000524,7,11,1,0.9998385324384922
INC0000524,8,11,1,0.9998206306438445
INC0000525,1,8,0,0.3473458918802823
INC0000525,2,8,0,0.7066290432956944
INC0000525,3,8,0,0.9616435482156851
INC0000525,4,8,0,0.9637901686939836
INC0000525,5,8,0,0.9861722774344204
INC0000525,6,8,0,0.9879096138500632
INC0000525,7,8,0,0.9857406645484831
INC0000525,8,8,0,0.9874511295586366
INC0000564,1,3,0,0.20777938210891045
INC0000564,2,3,0,0.8561406964487034
INC0000564,3,3,0,0.8941612163817809
INC0000568,1,4,1,0.8681931577261535
INC0000568,2,4,1,0.9242759326384463
INC0000568,3,4,1,0.9583190450455847
INC0000568,4,4,1,0.9557866831296269
INC0000571,1,4,0,0.013710152569641934
INC0000571,2,4,0,0.012018822869353497
INC0000571,3,4,0,0.01056983673766365
INC0000571,4,4,0,0.010038947240810066
INC0000606,1,8,1,0.09628372657879118
INC0000606,2,8,1,0.28737897669324153
INC0000606,3,8,1,0.7944002435966762
INC0000606,4,8,1,0.8959956116316655
INC0000606,5,8,1,0.9978483214044837
INC0000606,6,8,1,0.9974268708713911
INC0000606,7,8,1,0.9990896911343427
INC0000606,8,8,1,0.9993863668846888
INC0000614,1,7,0,0.07615334883287209
INC0000614,2,7,0,0.08018534488866774
INC0000614,3,7,0,0.14921927944031332
INC0000614,4,7,0,0.1309540872996407
INC0000614,5,7,0,0.14542786438777464
INC0000614,6,7,0,0.16300674513594085
INC0000614,7,7,0,0.15224514539512501
INC0000619,1,6,0,0.16649995331155568
INC0000619,2,6,0,0.16048056691341406
INC0000619,3,6,0,0.2031919116091458
INC0000619,4,6,0,0.18188903534224216
INC0000619,5,6,0,0.1975900511109804
INC0000619,6,6,0,0.18800911858170788
INC0000621,1,4,0,0.42810278127163787
INC0000621,2,4,0,0.2988149619625275
INC0000621,3,4,0,0.22137780636962653
INC0000621,4,4,0,0.6674857722720176
INC0000624,1,2,0,0.13488547003747692
INC0000624,2,2,0,0.17179728327288465
INC0000630,1,3,0,0.14659409808734425
INC0000630,2,3,0,0.12273761693344584
INC0000630,3,3,0,0.1568122787460054
INC0000638,1,2,1,0.1600074546982183
INC0000638,2,2,1,0.9657298011891882
INC0000651,1,6,1,0.16719016673091067
INC0000651,2,6,1,0.6383688903482002
INC0000651,3,6,1,0.8612350055533272
INC0000651,4,6,1,0.9069745364840378
INC0000651,5,6,1,0.9978628359120907
INC0000651,6,6,1,0.9993490448791118
INC0000666,1,2,0,0.25676502307116694
INC0000666,2,2,0,0.31287041388353
INC0000670,1,3,0,0.1870640187481903
INC0000670,2,3,0,0.5559446728306859
INC0000670,3,3,0,0.5276028793629924
INC0000692,1,1,0,0.09188301032111577
INC0000704,1,3,0,0.15319115353720103
INC0000704,2,3,0,0.29887404685174046
INC0000704,3,3,0,0.7676039016539794
INC0000734,1,4,0,0.4180225125104492
INC0000734,2,4,0,0.48819568817514164
INC0000734,3,4,0,0.8571348586760552
INC0000734,4,4,0,0.9140293264296226
INC0000741,1,7,1,0.3485278790170181
INC0000741,2,7,1,0.31889077068207816
INC0000741,3,7,1,0.34083360273028707
INC0000741,4,7,1,0.32072329068510647
INC0000741,5,7,1,0.39134579168334865
INC0000741,6,7,1,0.9997506688759159
INC0000741,7,7,1,0.999856473045719
INC0000745,1,2,0,0.04051044775695176
INC0000745,2,2,0,0.042507887039783844
INC0000763,1,2,0,0.2688822722032763
INC0000763,2,2,0,0.2491814345018229
INC0000771,1,6,1,0.707221549519558
INC0000771,2,6,1,0.09040237535800369
INC0000771,3,6,1,0.07651455013241094
INC0000771,4,6,1,0.08783680075357335
INC0000771,5,6,1,0.999955846579425
INC0000771,6,6,1,0.9999453886414655
INC0000778,1,5,0,0.051534750218707556
INC0000778,2,5,0,0.06279316774017016
INC0000778,3,5,0,0.0578469811734343
INC0000778,4,5,0,0.07694955601880948
INC0000778,5,5,0,0.7068277860795623
INC0000783,1,16,1,0.0889749545175628
INC0000783,2,16,1,0.34109516179761235
INC0000783,3,16,1,0.4527695624422095
INC0000783,4,16,1,0.9991360009381807
INC0000783,5,16,1,0.9998685330204762
INC0000783,6,16,1,0.999135794884514
INC0000783,7,16,1,0.9998211199368736
INC0000783,8,16,1,0.9996422388921571
INC0000792,1,2,0,0.15092040079481134
INC0000792,2,2,0,0.7419656749452725
INC0000795,1,2,0,0.27041259666802075
INC0000795,2,2,0,0.18933412412921458
INC0000801,1,2,0,0.033085019471901164
INC0000801,2,2,0,0.16941757275778946
INC0000820,1,24,1,0.13920235003075423
INC0000820,2,24,1,0.14227056201814514
INC0000820,3,24,1,0.16178015964397904
INC0000820,4,24,1,0.17578049570523066
INC0000820,5,24,1,0.5681647509445368
INC0000820,6,24,1,0.9981102562481123
INC0000820,7,24,1,0.9976374717440171
INC0000820,8,24,1,0.9974524746380751
INC0000822,1,4,0,0.16273894185055493
INC0000822,2,4,0,0.17950590646582779
INC0000822,3,4,0,0.15987709602171207
INC0000822,4,4,0,0.19464250985465392
INC0000841,1,1,0,0.09703590856096268
INC0000845,1,5,0,0.004357600352978744
INC0000845,2,5,0,0.017689853725370054
INC0000845,3,5,0,0.01997060909637501
INC0000845,4,5,0,0.05272595035278651
INC0000845,5,5,0,0.02766440606403341
INC0000849,1,2,1,0.7292887112734661
INC0000849,2,2,1,0.8785663682037101
INC0000879,1,3,0,0.24302273559550402
INC0000879,2,3,0,0.2633230619563324
INC0000879,3,3,0,0.2788254009845017
INC0000887,1,5,1,0.30669904387809466
INC0000887,2,5,1,0.9970716184251646
INC0000887,3,5,1,0.999117377666108
INC0000887,4,5,1,0.9989283041048715
INC0000887,5,5,1,0.9989495665859279
INC0000892,1,13,1,0.23511251336811173
INC0000892,2,13,1,0.22471277633517575
INC0000892,3,13,1,0.4161678068203912
INC0000892,4,13,1,0.9682234325272019
INC0000892,5,13,1,0.9615494642511874
INC0000892,6,13,1,0.9342049174888893
INC0000892,7,13,1,0.9594285091503406
INC0000892,8,13,1,0.9807422114893506
INC0000906,1,3,0,0.028623501397885855
INC0000906,2,3,0,0.16467923331808057
INC0000906,3,3,0,0.39102349044835205
INC0000908,1,3,0,0.49257470146875515
INC0000908,2,3,0,0.903490826176955
INC0000908,3,3,0,0.966942003587804
INC0000914,1,4,1,0.13423078049964804
INC0000914,2,4,1,0.10751558659622204
INC0000914,3,4,1,0.15317539161214105
INC0000914,4,4,1,0.9713201594527681
INC0000917,1,6,0,0.31376565111831917
INC0000917,2,6,0,0.363683273810192
INC0000917,3,6,0,0.2608863315975479
INC0000917,4,6,0,0.5015847150416014
INC0000917,5,6,0,0.8243348374536568
INC0000917,6,6,0,0.8113559792716147
INC0000920,1,7,1,0.4069185714946204
INC0000920,2,7,1,0.7840739037615311
INC0000920,3,7,1,0.7960453474127455
INC0000920,4,7,1,0.7567265122706182
INC0000920,5,7,1,0.8790900764768733
INC0000920,6,7,1,0.9990896020569711
INC0000920,7,7,1,0.998703894285367
INC0000930,1,2,0,0.12331819010282363
INC0000930,2,2,0,0.11958455323881945
INC0000981,1,12,1,0.1659755126304568
INC0000981,2,12,1,0.16070803899766767
INC0000981,3,12,1,0.8621592540765213
INC0000981,4,12,1,0.8698259940846419
INC0000981,5,12,1,0.9046014439957282
INC0000981,6,12,1,0.9964208115490989
INC0000981,7,12,1,0.9942990867038426
INC0000981,8,12,1,0.9979948422797889
INC0000990,1,26,1,0.19747546660758256
INC0000990,2,26,1,0.19171033478486585
INC0000990,3,26,1,0.2964321468818687
INC0000990,4,26,1,0.828934722374949
INC0000990,5,26,1,0.8156318936418563
INC0000990,6,26,1,0.8180996685144452
INC0000990,7,26,1,0.8776242617032026
INC0000990,8,26,1,0.8688228153901864
INC0001008,1,1,0,0.16423031444825673
INC0001010,1,10,0,0.19563393313107758
INC0001010,2,10,0,0.2160807417591892
INC0001010,3,10,0,0.13640998334123314
INC0001010,4,10,0,0.12011680724770646
INC0001010,5,10,0,0.13132108317104868
INC0001010,6,10,0,0.1213902705732427
INC0001010,7,10,0,0.14405732471957003
INC0001010,8,10,0,0.10079000922637331
INC0001014,1,13,1,0.20133505351297043
INC0001014,2,13,1,0.3037703804001471
INC0001014,3,13,1,0.8298063486581082
INC0001014,4,13,1,0.876339958568479
INC0001014,5,13,1,0.9880027355581746
INC0001014,6,13,1,0.9978563275718664
INC0001014,7,13,1,0.9982315305469547
INC0001014,8,13,1,0.9999850847645364
INC0001018,1,5,0,0.2580396397729627
INC0001018,2,5,0,0.32052820853808295
INC0001018,3,5,0,0.349733581359024
INC0001018,4,5,0,0.4340722610446152
INC0001018,5,5,0,0.4471153067542355
INC0001020,1,2,0,0.14387762718174987
INC0001020,2,2,0,0.16895223128810488
INC0001053,1,7,1,0.24151299705959137
INC0001053,2,7,1,0.3582888556294018
INC0001053,3,7,1,0.31684832407415714
INC0001053,4,7,1,0.3646876368466207
INC0001053,5,7,1,0.5003387449127479
INC0001053,6,7,1,0.9989735769270508
INC0001053,7,7,1,0.9992645268485612
INC0001083,1,3,0,0.18852529264652443
INC0001083,2,3,0,0.18767474216461158
INC0001083,3,3,0,0.2730042145094376
INC0001092,1,3,1,0.41268922319727563
INC0001092,2,3,1,0.99999970122932
INC0001092,3,3,1,0.9999999741373626
INC0001108,1,9,1,0.3259891068071231
INC0001108,2,9,1,0.8467508691158557
INC0001108,3,9,1,0.909241311733518
INC0001108,4,9,1,0.9385716269656135
INC0001108,5,9,1,0.9676299447395659
INC0001108,6,9,1,0.9981088641503496
INC0001108,7,9,1,0.9994438705838125
INC0001108,8,9,1,0.9994062150861895
INC0001112,1,3,1,0.9819006656336643
INC0001112,2,3,1,0.9996572854123296
INC0001112,3,3,1,0.9999995423925849
INC0001117,1,1,1,0.2643161158725615
INC0001133,1,2,0,0.45251993141625735
INC0001133,2,2,0,0.04733940639320207
INC0001154,1,13,1,0.25131451118030657
INC0001154,2,13,1,0.41687576987962505
INC0001154,3,13,1,0.7828411736359687
INC0001154,4,13,1,0.7455533486062187
INC0001154,5,13,1,0.8927415807681192
INC0001154,6,13,1,0.9159518184941375
INC0001154,7,13,1,0.9974309713155266
INC0001154,8,13,1,0.9972474813097385
INC0001173,1,3,0,0.26126349358751644
INC0001173,2,3,0,0.25056172301492036
INC0001173,3,3,0,0.37565358870413107
INC0001186,1,5,1,0.7544181901406543
INC0001186,2,5,1,0.9823498457425325
INC0001186,3,5,1,0.9853013237016448
INC0001186,4,5,1,0.9904808743790989
INC0001186,5,5,1,0.9904262313751427
INC0001199,1,6,1,0.4378652586632445
INC0001199,2,6,1,0.43351144918483314
INC0001199,3,6,1,0.734827786953353
INC0001199,4,6,1,0.7715588162871133
INC0001199,5,6,1,0.9922199267290274
INC0001199,6,6,1,0.9922294733673998
INC0001239,1,5,1,0.6112440482698949
INC0001239,2,5,1,0.9999730663107772
INC0001239,3,5,1,0.9999979411224585
INC0001239,4,5,1,0.9999986708573652
INC0001239,5,5,1,0.9999993008592835
INC0001261,1,4,1,0.2330241953539404
INC0001261,2,4,1,0.5488351161504107
INC0001261,3,4,1,0.9998417546032861
INC0001261,4,4,1,0.9999045641980598
INC0001270,1,18,1,0.6198254918794702
INC0001270,2,18,1,0.6561676273652185
INC0001270,3,18,1,0.6348876693495441
INC0001270,4,18,1,0.6132294669316106
INC0001270,5,18,1,0.603707488419858
INC0001270,6,18,1,0.5815157064794085
INC0001270,7,18,1,0.6285923091626392
INC0001270,8,18,1,0.5423146272619106
INC0001278,1,4,1,0.5025551050685726
INC0001278,2,4,1,0.6463114128981609
INC0001278,3,4,1,0.5110260734310675
INC0001278,4,4,1,0.3880809799948838
INC0001295,1,1,0,0.4000412433428128
INC0001313,1,3,1,0.9324050609217762
INC0001313,2,3,1,0.9996865256283333
INC0001313,3,3,1,0.9997813182574785
INC0001318,1,4,0,0.31856776379197527
INC0001318,2,4,0,0.3178300164419281
INC0001318,3,4,0,0.31768779239860395
INC0001318,4,4,0,0.2114345810230255
INC0001319,1,16,1,0.10174624544739375
INC0001319,2,16,1,0.6969166514022402
INC0001319,3,16,1,0.9971033656196193
INC0001319,4,16,1,0.9858987981436225
INC0001319,5,16,1,0.9867510341323689
INC0001319,6,16,1,0.9964568775995858
INC0001319,7,16,1,0.9973833622566072
INC0001319,8,16,1,0.9960128688164029
INC0001333,1,1,0,0.4934014812403287
INC0001336,1,6,0,0.2559943055510157
INC0001336,2,6,0,0.24873150864713506
INC0001336,3,6,0,0.16618386753432574
INC0001336,4,6,0,0.20565280876901304
INC0001336,5,6,0,0.20268107176329161
INC0001336,6,6,0,0.18844205163264194
INC0001359,1,2,0,0.4665793874333528
INC0001359,2,2,0,0.33247141306593264
INC0001360,1,2,0,0.29832543395299743
INC0001360,2,2,0,0.2905656629611482
INC0001368,1,2,0,0.6409573759631605
INC0001368,2,2,0,0.6372609423731801
INC0001406,1,4,1,0.569712112941105
INC0001406,2,4,1,0.9970729442584394
INC0001406,3,4,1,0.9997647418960272
INC0001406,4,4,1,0.9999995330722857
INC0001407,1,1,0,0.35491524399258606
INC0001433,1,2,1,0.006654763345886572
INC0001433,2,2,1,0.016790475222838698
INC0001445,1,8,1,0.839402311582108
INC0001445,2,8,1,0.9371034993010208
INC0001445,3,8,1,0.9269914070995797
INC0001445,4,8,1,0.9207809816297985
INC0001445,5,8,1,0.8816487370416513
INC0001445,6,8,1,0.9783185227418766
INC0001445,7,8,1,0.983254655084622
INC0001445,8,8,1,0.9803926476237288
INC0001474,1,5,0,0.6278769647560412
INC0001474,2,5,0,0.5219453099405581
INC0001474,3,5,0,0.6135856850848301
INC0001474,4,5,0,0.8400219270044081
INC0001474,5,5,0,0.8591440849506534
INC0001477,1,7,0,0.4191110881825908
INC0001477,2,7,0,0.38691827013867647
INC0001477,3,7,0,0.4117814760724896
INC0001477,4,7,0,0.41405438621513163
INC0001477,5,7,0,0.4574719945981996
INC0001477,6,7,0,0.41421424511638255
INC0001477,7,7,0,0.6072204581506089
INC0001492,1,3,0,0.4538296724936636
INC0001492,2,3,0,0.9052653363392825
INC0001492,3,3,0,0.9280827531600906
INC0001517,1,11,1,0.404174804365994
INC0001517,2,11,1,0.40263102334021666
INC0001517,3,11,1,0.520110256330158
INC0001517,4,11,1,0.6243486597641603
INC0001517,5,11,1,0.9023244598659312
INC0001517,6,11,1,0.8610042084574293
INC0001517,7,11,1,0.8934980132374009
INC0001517,8,11,1,0.992278973935099
INC0001529,1,4,1,0.6735944511410991
INC0001529,2,4,1,0.9848100857769377
INC0001529,3,4,1,0.9999974433928319
INC0001529,4,4,1,0.9996119489641302
INC0001534,1,1,0,0.4033123968446886
INC0001561,1,6,1,0.23764680215830472
INC0001561,2,6,1,0.2801413984509854
INC0001561,3,6,1,0.3116308533035765
INC0001561,4,6,1,0.642597504416754
INC0001561,5,6,1,0.9951085019006293
INC0001561,6,6,1,0.9944733165211551
INC0001594,1,2,0,0.024865665615332263
INC0001594,2,2,0,0.04067107250879614
INC0001596,1,2,1,0.799065986226663
INC0001596,2,2,1,0.9944164424907441
INC0001599,1,2,0,0.52143837253567
INC0001599,2,2,0,0.5169581239646375
INC0001616,1,1,0,0.5498482243912483
INC0001617,1,2,0,0.3016285712605331
INC0001617,2,2,0,0.20686153646118968
INC0001630,1,8,1,0.2498432976757913
INC0001630,2,8,1,0.24288506161927492
INC0001630,3,8,1,0.30268839348509113
INC0001630,4,8,1,0.6530112233416038
INC0001630,5,8,1,0.4412937353129281
INC0001630,6,8,1,0.8381241936851487
INC0001630,7,8,1,0.970402145810177
INC0001630,8,8,1,0.9663967683446221
INC0001649,1,14,1,0.9961669414492693
INC0001649,2,14,1,0.99758241992784
INC0001649,3,14,1,0.9971403455115418
INC0001649,4,14,1,0.9999989972455195
INC0001649,5,14,1,0.9999993089719751
INC0001649,6,14,1,0.9999993552571493
INC0001649,7,14,1,0.9999995785874194
INC0001649,8,14,1,0.9999996661351536
INC0001651,1,2,0,0.44884037268723187
INC0001651,2,2,0,0.8641565394365792
INC0001655,1,1,0,0.24912792328990402
INC0001662,1,6,1,0.7947129550535644
INC0001662,2,6,1,0.9970949360844604
INC0001662,3,6,1,0.9948458726634889
INC0001662,4,6,1,0.9971265910461664
INC0001662,5,6,1,0.9980270142957124
INC0001662,6,6,1,0.9982965127732453
INC0001703,1,6,1,0.4974273396553686
INC0001703,2,6,1,0.9726951057414863
INC0001703,3,6,1,0.9750972280311309
INC0001703,4,6,1,0.9908800066868436
INC0001703,5,6,1,0.9884527475094842
INC0001703,6,6,1,0.997134434720569
INC0001713,1,5,1,0.832721276280939
INC0001713,2,5,1,0.9999771230891509
INC0001713,3,5,1,0.9999927074633275
INC0001713,4,5,1,0.9999983928013694
INC0001713,5,5,1,0.9999990211089252
INC0001714,1,1,0,0.07222802904771385
INC0001737,1,9,1,0.3772520230949906
INC0001737,2,9,1,0.6483326901117658
INC0001737,3,9,1,0.6445916684700648
INC0001737,4,9,1,0.758016684721229
INC0001737,5,9,1,0.8075104826800639
INC0001737,6,9,1,0.9824298239764279
INC0001737,7,9,1,0.9875506680631009
INC0001737,8,9,1,0.9866030627345458
INC0001753,1,10,1,0.248168703048209
INC0001753,2,10,1,0.3611146306652705
INC0001753,3,10,1,0.9266084890003953
INC0001753,4,10,1,0.9161327756490282
INC0001753,5,10,1,0.9082040924291647
INC0001753,6,10,1,0.9446459838925512
INC0001753,7,10,1,0.9174070521167486
INC0001753,8,10,1,0.9370916436467165
INC0001759,1,3,1,0.24700375718285128
INC0001759,2,3,1,0.5137909360202096
INC0001759,3,3,1,0.9923883299099376
INC0001768,1,6,1,0.38514344286126256
INC0001768,2,6,1,0.3765323945410964
INC0001768,3,6,1,0.5789414209150516
INC0001768,4,6,1,0.6225474422926621
INC0001768,5,6,1,0.5806591209577687
INC0001768,6,6,1,0.9042102962313328
INC0001769,1,9,1,0.1918238353731296
INC0001769,2,9,1,0.5497759756055198
INC0001769,3,9,1,0.6041648249686665
INC0001769,4,9,1,0.974936359416989
INC0001769,5,9,1,0.9717641723493463
INC0001769,6,9,1,0.9986037546090408
INC0001769,7,9,1,0.9972813696181676
INC0001769,8,9,1,0.996226808090914
INC0001797,1,3,1,0.9856027328818064
INC0001797,2,3,1,0.9916406428679894
INC0001797,3,3,1,0.9973110099203782
INC0001803,1,15,1,0.7803680372344483
INC0001803,2,15,1,0.9816970935934801
INC0001803,3,15,1,0.9944608479700011
INC0001803,4,15,1,0.9928537034048681
INC0001803,5,15,1,0.9967228110065096
INC0001803,6,15,1,0.924457681209525
INC0001803,7,15,1,0.8798859995542048
INC0001803,8,15,1,0.17116380755284666
INC0001816,1,7,1,0.13053871234327016
INC0001816,2,7,1,0.271890846765014
INC0001816,3,7,1,0.27190661384257053
INC0001816,4,7,1,0.4132726101821255
INC0001816,5,7,1,0.9990753002983043
INC0001816,6,7,1,0.9967448043960583
INC0001816,7,7,1,0.9974097972177106
INC0001822,1,4,1,0.5283278448937612
INC0001822,2,4,1,0.9990988631607977
INC0001822,3,4,1,0.9996916690293696
INC0001822,4,4,1,0.9999257029158789
INC0001828,1,8,1,0.4342014117039723
INC0001828,2,8,1,0.5586392586167218
INC0001828,3,8,1,0.5921430106992199
INC0001828,4,8,1,0.6840607045457222
INC0001828,5,8,1,0.9958326491719318
INC0001828,6,8,1,0.9968260073967738
INC0001828,7,8,1,0.9901551485510062
INC0001828,8,8,1,0.9914320887150099
INC0001835,1,2,1,0.6642797537860894
INC0001835,2,2,1,0.658303612905296
INC0001860,1,13,1,0.16043127517071104
INC0001860,2,13,1,0.24450738804005198
INC0001860,3,13,1,0.8664213622381176
INC0001860,4,13,1,0.9985173612104447
INC0001860,5,13,1,0.9992665140188512
INC0001860,6,13,1,0.9996710631416609
INC0001860,7,13,1,0.9997151851571255
INC0001860,8,13,1,0.9999979464496365
INC0001871,1,3,1,0.5832277472378226
INC0001871,2,3,1,0.46781583463622983
INC0001871,3,3,1,0.9999941261386815
INC0001900,1,7,0,0.40493633569078874
INC0001900,2,7,0,0.3963560217876679
INC0001900,3,7,0,0.3366463329980712
INC0001900,4,7,0,0.38449632120300076
INC0001900,5,7,0,0.3778881909512689
INC0001900,6,7,0,0.3579548385824316
INC0001900,7,7,0,0.391162811157536
INC0001914,1,2,0,0.330424026209595
INC0001914,2,2,0,0.37010962205413556
INC0001918,1,2,1,0.09328862778244794
INC0001918,2,2,1,0.9585564154954223
INC0001921,1,5,1,0.49308068272656114
INC0001921,2,5,1,0.550694790881165
INC0001921,3,5,1,0.913276822419895
INC0001921,4,5,1,0.9421617689001102
INC0001921,5,5,1,0.9906016889888497
INC0001922,1,21,1,0.5836562778602655
INC0001922,2,21,1,0.7178987121906394
INC0001922,3,21,1,0.6464933851302993
INC0001922,4,21,1,0.8171428452689942
INC0001922,5,21,1,0.9801300746608137
INC0001922,6,21,1,0.9809158867533673
INC0001922,7,21,1,0.9792565763888881
INC0001922,8,21,1,0.979050949650949
INC0001945,1,7,1,0.5050708047214388
INC0001945,2,7,1,0.4972478768463008
INC0001945,3,7,1,0.44964128447381746
INC0001945,4,7,1,0.928281473544771
INC0001945,5,7,1,0.9444213975856268
INC0001945,6,7,1,0.9951109121361685
INC0001945,7,7,1,0.9973706792620157
INC0001949,1,2,0,0.6837474380604478
INC0001949,2,2,0,0.6557720070061254
INC0001957,1,2,0,0.3774779754120534
INC0001957,2,2,0,0.35296363887820353
INC0001967,1,4,1,0.7248292708718
INC0001967,2,4,1,0.6981531756638445
INC0001967,3,4,1,0.9998770003407174
INC0001967,4,4,1,0.9999263740856552
INC0001999,1,5,0,0.4887595628489498
INC0001999,2,5,0,0.49180162835675295
INC0001999,3,5,0,0.5736978583548634
INC0001999,4,5,0,0.6594737953043092
INC0001999,5,5,0,0.6392815448945945
INC0002035,1,3,0,0.47891121832139166
INC0002035,2,3,0,0.5184433553881899
INC0002035,3,3,0,0.6644781811206716
INC0002061,1,1,0,0.35154524272447396
INC0002064,1,7,1,0.7650509669404479
INC0002064,2,7,1,0.8487844789140102
INC0002064,3,7,1,0.8804130160455584
INC0002064,4,7,1,0.8941122429911305
INC0002064,5,7,1,0.9186893794495278
INC0002064,6,7,1,0.9544478256169368
INC0002064,7,7,1,0.9641337453097018
INC0002079,1,2,0,0.2665145831697846
INC0002079,2,2,0,0.2994538263481802
INC0002093,1,2,0,0.7142112555046731
INC0002093,2,2,0,0.7600290770993637
INC0002095,1,2,0,0.32317028958115357
INC0002095,2,2,0,0.3608126117723958
INC0002122,1,2,1,0.7469303541144413
INC0002122,2,2,1,0.9332385313822056
INC0002127,1,5,1,0.09234355244836746
INC0002127,2,5,1,0.08944287985269414
INC0002127,3,5,1,0.13756773683822282
INC0002127,4,5,1,0.11736417014836087
INC0002127,5,5,1,0.10776117223081437
INC0002141,1,4,1,0.5042467890046487
INC0002141,2,4,1,0.48173528500817986
INC0002141,3,4,1,0.4807908303438296
INC0002141,4,4,1,0.48455497858836394
INC0002164,1,8,1,0.669904550334909
INC0002164,2,8,1,0.6765141630090858
INC0002164,3,8,1,0.775585946352866
INC0002164,4,8,1,0.9786417177292406
INC0002164,5,8,1,0.9716386698269139
INC0002164,6,8,1,0.9886610934447513
INC0002164,7,8,1,0.9980159393163053
INC0002164,8,8,1,0.9999084424099738
INC0002181,1,11,1,0.8781537733456273
INC0002181,2,11,1,0.8749720060575488
INC0002181,3,11,1,0.9742451784969657
INC0002181,4,11,1,0.999673403528373
INC0002181,5,11,1,0.9996418665295524
INC0002181,6,11,1,0.9997682640269817
INC0002181,7,11,1,0.9998244190645239
INC0002181,8,11,1,0.9997924569662142
INC0002204,1,1,0,0.48196738423102287
INC0002227,1,11,1,0.6402515366711301
INC0002227,2,11,1,0.6748986378721243
INC0002227,3,11,1,0.4653449408871621
INC0002227,4,11,1,0.5071259488293276
INC0002227,5,11,1,0.5155858103871319
INC0002227,6,11,1,0.6099061260953239
INC0002227,7,11,1,0.9910385820762487
INC0002227,8,11,1,0.9920445844043216
INC0002251,1,3,0,0.1633063389867805
INC0002251,2,3,0,0.11802767213185307
INC0002251,3,3,0,0.10035481508463868
INC0002319,1,4,1,0.6728093072144861
INC0002319,2,4,1,0.665191842912624
INC0002319,3,4,1,0.9744905101609832
INC0002319,4,4,1,0.9735726393278417
INC0002339,1,5,1,0.5570672207893294
INC0002339,2,5,1,0.88898562538389
INC0002339,3,5,1,0.999944765925656
INC0002339,4,5,1,0.9999868779949376
INC0002339,5,5,1,0.9999881952906243
INC0002343,1,1,0,0.6803745358698446
INC0002347,1,2,0,0.02487984255893472
INC0002347,2,2,0,0.028973419315572475
INC0002349,1,2,0,0.6780469164665784
INC0002349,2,2,0,0.6774614305536055
INC0002376,1,11,1,0.5326284702190868
INC0002376,2,11,1,0.6320848361441825
INC0002376,3,11,1,0.613648310054992
INC0002376,4,11,1,0.7261822879843977
INC0002376,5,11,1,0.9359101794286723
INC0002376,6,11,1,0.9379597139586523
INC0002376,7,11,1,0.9753634325756648
INC0002376,8,11,1,0.9892930013223825
INC0002378,1,15,1,0.7379273691374888
INC0002378,2,15,1,0.7350878253914607
INC0002378,3,15,1,0.8169688582528193
INC0002378,4,15,1,0.9595571356888417
INC0002378,5,15,1,0.992088883150339
INC0002378,6,15,1,0.9947829619392928
INC0002378,7,15,1,0.9985068071520282
INC0002378,8,15,1,0.9982020641965876
INC0002379,1,14,1,0.8639740714226968
INC0002379,2,14,1,0.8703513233544776
INC0002379,3,14,1,0.8476259060563863
INC0002379,4,14,1,0.8619163038827059
INC0002379,5,14,1,0.9531566273635279
INC0002379,6,14,1,0.9545892421805556
INC0002379,7,14,1,0.954538824579845
INC0002379,8,14,1,0.9989132582757536
INC0002391,1,1,0,0.2167631181675615
INC0002406,1,4,1,0.6792534650527663
INC0002406,2,4,1,0.6721433207937645
INC0002406,3,4,1,0.8839240375351112
INC0002406,4,4,1,0.9999812048742343
INC0002409,1,9,1,0.965983893411383
INC0002409,2,9,1,0.9999756539364704
INC0002409,3,9,1,0.9999945055490695
INC0002409,4,9,1,0.9999962564645941
INC0002409,5,9,1,0.9999968790325993
INC0002409,6,9,1,0.9999970894617185
INC0002409,7,9,1,0.999999054766241
INC0002409,8,9,1,0.9999995592787108
INC0002412,1,4,0,0.6172831622435542
INC0002412,2,4,0,0.4979159991662124
INC0002412,3,4,0,0.45082029277155744
INC0002412,4,4,0,0.47576608710515444
INC0002415,1,3,1,0.6511982184824827
INC0002415,2,3,1,0.4370204529522402
INC0002415,3,3,1,0.9742712450449481
INC0002426,1,7,1,0.840950108764895
INC0002426,2,7,1,0.989211587995758
INC0002426,3,7,1,0.9971649997018712
INC0002426,4,7,1,0.9971462124782455
INC0002426,5,7,1,0.9973837824516425
INC0002426,6,7,1,0.9969851666431752
INC0002426,7,7,1,0.9999999990199324
INC0002428,1,10,1,0.8797375162785971
INC0002428,2,10,1,0.8878309004845699
INC0002428,3,10,1,0.9453212960395041
INC0002428,4,10,1,0.9494845158197089
INC0002428,5,10,1,0.9838641364433146
INC0002428,6,10,1,0.9947277712371196
INC0002428,7,10,1,0.9958326094963375
INC0002428,8,10,1,0.9959323095836237
INC0002446,1,1,0,0.38687373342096076
INC0002452,1,7,1,0.533223830240466
INC0002452,2,7,1,0.5470121197559507
INC0002452,3,7,1,0.6611246524755353
INC0002452,4,7,1,0.9570825587294248
INC0002452,5,7,1,0.9852776816949521
INC0002452,6,7,1,0.9708546155642772
INC0002452,7,7,1,0.976471808474711
INC0002457,1,5,1,0.700168628183665
INC0002457,2,5,1,0.8043904572780324
INC0002457,3,5,1,0.9709171697114581
INC0002457,4,5,1,0.9807781981599087
INC0002457,5,5,1,0.9960478158719167
INC0002463,1,7,1,0.5168178467129199
INC0002463,2,7,1,0.5386150263727321
INC0002463,3,7,1,0.5664851339472761
INC0002463,4,7,1,0.5960067343924338
INC0002463,5,7,1,0.6605913913334654
INC0002463,6,7,1,0.8352465501064834
INC0002463,7,7,1,0.8663235861108605
INC0002468,1,6,1,0.8860039466855639
INC0002468,2,6,1,0.9871802210790532
INC0002468,3,6,1,0.9971219210892733
INC0002468,4,6,1,0.9971544462108141
INC0002468,5,6,1,0.9979668498075541
INC0002468,6,6,1,0.9998466931871738
INC0002492,1,4,1,0.7845327274648091
INC0002492,2,4,1,0.959428908972926
INC0002492,3,4,1,0.9521669611849919
INC0002492,4,4,1,0.9903752344306795
INC0002515,1,1,0,0.07483323994376484
INC0002521,1,1,0,0.4032942604279325
INC0002546,1,6,1,0.9096255582684802
INC0002546,2,6,1,0.9220263333503399
INC0002546,3,6,1,0.9709194574681431
INC0002546,4,6,1,0.9715265849190305
INC0002546,5,6,1,0.9785000246160417
INC0002546,6,6,1,0.9986150290128593
INC0002551,1,1,1,0.7649412865770479
INC0002554,1,1,1,0.4685556403716716
INC0002557,1,7,1,0.9779119309998693
INC0002557,2,7,1,0.9770505271408567
INC0002557,3,7,1,0.9957170731514939
INC0002557,4,7,1,0.9952425044183426
INC0002557,5,7,1,0.9948453117884357
INC0002557,6,7,1,0.9942560995473686
INC0002557,7,7,1,0.9936048093893434
INC0002591,1,4,1,0.34978571793322394
INC0002591,2,4,1,0.3860795463120971
INC0002591,3,4,1,0.36427871715527893
INC0002591,4,4,1,0.3665113804313972
INC0002602,1,3,1,0.7304460496973508
INC0002602,2,3,1,0.7032215445072169
INC0002602,3,3,1,0.9291554957266306
INC0002603,1,9,1,0.9177504873032687
INC0002603,2,9,1,0.2860132566944782
INC0002603,3,9,1,0.3441366646155888
INC0002603,4,9,1,0.7130845341045671
INC0002603,5,9,1,0.466074459826595
INC0002603,6,9,1,0.4487166854414513
INC0002603,7,9,1,0.405508529917488
INC0002603,8,9,1,0.5007787685502028
INC0002613,1,5,1,0.8001024367839237
INC0002613,2,5,1,0.9601668381907128
INC0002613,3,5,1,0.9646294969959679
INC0002613,4,5,1,0.9743683676505871
INC0002613,5,5,1,0.988793205873764
INC0002615,1,1,1,0.5276479440169674
INC0002617,1,2,1,0.9359806092003772
INC0002617,2,2,1,0.9639002794729665
INC0002619,1,8,1,0.8709465421463409
INC0002619,2,8,1,0.9774942579415576
INC0002619,3,8,1,0.9892432980106542
INC0002619,4,8,1,0.9859904874519868
INC0002619,5,8,1,0.9922863143308156
INC0002619,6,8,1,0.9960196923512546
INC0002619,7,8,1,0.9945782404076042
INC0002619,8,8,1,0.9966510836386699
INC0002643,1,5,1,0.8762713690811799
INC0002643,2,5,1,0.9719324339011697
INC0002643,3,5,1,0.9603394208423308
INC0002643,4,5,1,0.9929935364157815
INC0002643,5,5,1,0.9926429523343253
INC0002648,1,2,1,0.9506153066589526
INC0002648,2,2,1,0.9765166321478801
INC0002670,1,10,1,0.7202884025477186
INC0002670,2,10,1,0.9859227446277111
INC0002670,3,10,1,0.9928755235417219
INC0002670,4,10,1,0.999709468554683
INC0002670,5,10,1,0.9995772557271392
INC0002670,6,10,1,0.9997955192703477
INC0002670,7,10,1,0.9998930186528218
INC0002670,8,10,1,0.9999181722949297
INC0002673,1,6,1,0.7505306228514607
INC0002673,2,6,1,0.9697673783517567
INC0002673,3,6,1,0.987650165606028
INC0002673,4,6,1,0.9839744818025036
INC0002673,5,6,1,0.9823877808173004
INC0002673,6,6,1,0.9819096641166581
INC0002675,1,6,1,0.8255817741129162
INC0002675,2,6,1,0.9939565297265365
INC0002675,3,6,1,0.9966383959981283
INC0002675,4,6,1,0.9963889441291944
INC0002675,5,6,1,0.998010365367978
INC0002675,6,6,1,0.997899514737317
INC0002696,1,1,1,0.7238468717051155
INC0002717,1,6,1,0.6499195427780556
INC0002717,2,6,1,0.6188744188714052
INC0002717,3,6,1,0.6426266333629541
INC0002717,4,6,1,0.7172315347783765
INC0002717,5,6,1,0.8767309346861825
INC0002717,6,6,1,0.8828283912078627
INC0002743,1,6,1,0.9413563897112859
INC0002743,2,6,1,0.9397720830098202
INC0002743,3,6,1,0.9620768283812405
INC0002743,4,6,1,0.9904765638942457
INC0002743,5,6,1,0.9895704896189779
INC0002743,6,6,1,0.9887614623746676
INC0002749,1,5,1,0.9281668333957355
INC0002749,2,5,1,0.9751933253211481
INC0002749,3,5,1,0.9999886982175114
INC0002749,4,5,1,0.9999994595514584
INC0002749,5,5,1,0.9999997008214256
INC0002753,1,6,1,0.927997180551628
INC0002753,2,6,1,0.884041167195616
INC0002753,3,6,1,0.926252864814179
INC0002753,4,6,1,0.9996991493718064
INC0002753,5,6,1,0.9997652134705335
INC0002753,6,6,1,0.9993781029912293
INC0002760,1,8,1,0.8998781772908672
INC0002760,2,8,1,0.9479803208345071
INC0002760,3,8,1,0.9601409952040787
INC0002760,4,8,1,0.9593746663221244
INC0002760,5,8,1,0.9706119655996807
INC0002760,6,8,1,0.9839373286572284
INC0002760,7,8,1,0.9887533602885028
INC0002760,8,8,1,0.9876290645152769
INC0002772,1,2,0,0.03653801800496971
INC0002772,2,2,0,0.04671519106169286
INC0002789,1,3,1,0.9948047027890236
INC0002789,2,3,1,0.9955445823174486
INC0002789,3,3,1,0.998775682320254
INC0002794,1,14,1,0.8880810995420657
INC0002794,2,14,1,0.8841655582058153
INC0002794,3,14,1,0.87652064656692
INC0002794,4,14,1,0.8707223403245505
INC0002794,5,14,1,0.9282475504752454
INC0002794,6,14,1,0.9433832095805802
INC0002794,7,14,1,0.9996449803702181
INC0002794,8,14,1,0.9993471237478507
INC0002810,1,10,0,0.05566908443450049
INC0002810,2,10,0,0.07959550347336804
INC0002810,3,10,0,0.16156568191764958
INC0002810,4,10,0,0.20870501220348894
INC0002810,5,10,0,0.1716939011844019
INC0002810,6,10,0,0.16235064147566375
INC0002810,7,10,0,0.19205993291685475
INC0002810,8,10,0,0.18004468023956835
INC0002825,1,2,1,0.5825279316244087
INC0002825,2,2,1,0.7230803879271578
INC0002842,1,3,0,0.427869796445162
INC0002842,2,3,0,0.4191306497948678
INC0002842,3,3,0,0.3966693827126256
INC0002851,1,6,1,0.869731823361979
INC0002851,2,6,1,0.8657300451967805
INC0002851,3,6,1,0.8535100175885952
INC0002851,4,6,1,0.9997424499561511
INC0002851,5,6,1,0.9999142995164524
INC0002851,6,6,1,0.9999378902413637
INC0002870,1,1,0,0.8859050710606169
INC0002871,1,1,0,0.8125254817928583
INC0002890,1,3,1,0.9982913432721371
INC0002890,2,3,1,0.9982390066100609
INC0002890,3,3,1,0.9985715260275957
INC0002940,1,2,1,0.8211338607989405
INC0002940,2,2,1,0.8168614489084591
INC0002964,1,6,1,0.904347761681412
INC0002964,2,6,1,0.9011417277922223
INC0002964,3,6,1,0.894828177001496
INC0002964,4,6,1,0.8784162462424802
INC0002964,5,6,1,0.8644113127196862
INC0002964,6,6,1,0.8757115499929882
INC0002971,1,6,1,0.6626434466123196
INC0002971,2,6,1,0.654431740893259
INC0002971,3,6,1,0.5742153017288509
INC0002971,4,6,1,0.4079335718597281
INC0002971,5,6,1,0.43949208393622163
INC0002971,6,6,1,0.4187357605024598
INC0002976,1,2,1,0.8020196587859753
INC0002976,2,2,1,0.639261522170871
INC0003018,1,3,1,0.9826835624054273
INC0003018,2,3,1,0.9805424903302731
INC0003018,3,3,1,0.9981572125627868
INC0003020,1,7,1,0.9646106218671635
INC0003020,2,7,1,0.9600876951433663
INC0003020,3,7,1,0.9960922509751272
INC0003020,4,7,1,0.9949224561676784
INC0003020,5,7,1,0.9963203551173084
INC0003020,6,7,1,0.9999979808436297
INC0003020,7,7,1,0.9999974811209967
INC0003027,1,8,1,0.9139933770790853
INC0003027,2,8,1,0.8671180662007557
INC0003027,3,8,1,0.9582471256265176
INC0003027,4,8,1,0.9730455145197008
INC0003027,5,8,1,0.9888312354135678
INC0003027,6,8,1,0.9823124351613355
INC0003027,7,8,1,0.9892869256871221
INC0003027,8,8,1,0.9997510380497147
INC0003046,1,1,1,0.7981757356857053
INC0003052,1,1,0,0.4560773579138867
INC0003065,1,13,1,0.9587685531127629
INC0003065,2,13,1,0.9686899461881584
INC0003065,3,13,1,0.9690285132190507
INC0003065,4,13,1,0.989435397372057
INC0003065,5,13,1,0.9919174664031095
INC0003065,6,13,1,0.9913128233876912
INC0003065,7,13,1,0.9906007031992052
INC0003065,8,13,1,0.9897923200374726
INC0003066,1,8,1,0.9659981423955102
INC0003066,2,8,1,0.9971798195419486
INC0003066,3,8,1,0.9964622299039356
INC0003066,4,8,1,0.9994808198303337
INC0003066,5,8,1,0.9996882849160869
INC0003066,6,8,1,0.9996876412320318
INC0003066,7,8,1,0.9997533096180325
INC0003066,8,8,1,0.9998659195990273
INC0003075,1,5,1,0.9674659617824602
INC0003075,2,5,1,0.9646180884947042
INC0003075,3,5,1,0.9748932808376941
INC0003075,4,5,1,0.9623893333675235
INC0003075,5,5,1,0.9873887848184139
INC0003076,1,4,1,0.9475959973234921
INC0003076,2,4,1,0.9457038611399102
INC0003076,3,4,1,0.9901936310651606
INC0003076,4,4,1,0.9934101131046562
INC0003077,1,2,1,0.9679700442477471
INC0003077,2,2,1,0.9973773235360629
INC0003088,1,1,1,0.9643500093598919
INC0003100,1,12,1,0.8300919111511509
INC0003100,2,12,1,0.933187729609276
INC0003100,3,12,1,0.9443859998451758
INC0003100,4,12,1,0.9441075574953366
INC0003100,5,12,1,0.9517541594177558
INC0003100,6,12,1,0.962248145056764
INC0003100,7,12,1,0.9887294166000941
INC0003100,8,12,1,0.9873459424097185
INC0003101,1,7,1,0.9732345168889012
INC0003101,2,7,1,0.9769726043033867
INC0003101,3,7,1,0.9903369341957564
INC0003101,4,7,1,0.9895514915574213
INC0003101,5,7,1,0.9969597110744772
INC0003101,6,7,1,0.995530967944724
INC0003101,7,7,1,0.9928250982965194
INC0003105,1,2,1,0.8341849810218231
INC0003105,2,2,1,0.9306058210768048
INC0003106,1,3,1,0.9620447948218505
INC0003106,2,3,1,0.9936433077428098
INC0003106,3,3,1,0.9904557989593907
INC0003110,1,5,1,0.9599424005662588
INC0003110,2,5,1,0.9887952681336751
INC0003110,3,5,1,0.9898254729764148
INC0003110,4,5,1,0.9945394349466629
INC0003110,5,5,1,0.997541674879598
INC0003111,1,4,1,0.9455189520942721
INC0003111,2,4,1,0.9645925207154863
INC0003111,3,4,1,0.9608731603820152
INC0003111,4,4,1,0.9056436302420685
INC0003137,1,7,1,0.9619523496510819
INC0003137,2,7,1,0.9968116224693422
INC0003137,3,7,1,0.9961090922520937
INC0003137,4,7,1,0.9994035271820889
INC0003137,5,7,1,0.9993077235560512
INC0003137,6,7,1,0.9992912591823168
INC0003137,7,7,1,0.9992620856620149
INC0003140,1,22,1,0.5977877275369381
INC0003140,2,22,1,0.694958090620403
INC0003140,3,22,1,0.6698790559145156
INC0003140,4,22,1,0.700335679128908
INC0003140,5,22,1,0.8601371732997027
INC0003140,6,22,1,0.8914811312620259
INC0003140,7,22,1,0.937013933629351
INC0003140,8,22,1,0.9824569943838118
INC0003141,1,7,1,0.9444166001819718
INC0003141,2,7,1,0.9443530447454969
INC0003141,3,7,1,0.9414681747150291
INC0003141,4,7,1,0.9294489405799233
INC0003141,5,7,1,0.9602674730606079
INC0003141,6,7,1,0.9470917785049634
INC0003141,7,7,1,0.9707831933541643
INC0003167,1,1,1,0.9814006603696303
INC0003179,1,10,1,0.9639891985247183
INC0003179,2,10,1,0.9711508767147168
INC0003179,3,10,1,0.990199343190025
INC0003179,4,10,1,0.9950747638233503
INC0003179,5,10,1,0.9963962233449127
INC0003179,6,10,1,0.9967883603502614
INC0003179,7,10,1,0.9973647800563158
INC0003179,8,10,1,0.9998843496470625
INC0003187,1,2,1,0.9763939662015614
INC0003187,2,2,1,0.9916158459763893
INC0003192,1,5,1,0.9585923802432037
INC0003192,2,5,1,0.9649578784152264
INC0003192,3,5,1,0.9938423965708438
INC0003192,4,5,1,0.9934254300067028
INC0003192,5,5,1,0.999998541135029
INC0003199,1,3,1,0.9339842530016946
INC0003199,2,3,1,0.9914930787440799
INC0003199,3,3,1,0.9942378281418396
INC0003247,1,2,1,0.9514205199497288
INC0003247,2,2,1,0.9854181658809372
INC0003314,1,3,1,0.9631256928669606
INC0003314,2,3,1,0.9719324114592846
INC0003314,3,3,1,0.9629457646244877
INC0003345,1,3,1,0.8631006942781545
INC0003345,2,3,1,0.9926868047415467
INC0003345,3,3,1,0.9963564973036041
INC0003359,1,7,1,0.9771427611164533
INC0003359,2,7,1,0.9980215420821016
INC0003359,3,7,1,0.9984537172649046
INC0003359,4,7,1,0.9997694568010292
INC0003359,5,7,1,0.9996147265149586
INC0003359,6,7,1,0.9997760872614146
INC0003359,7,7,1,0.99977267474372
INC0003360,1,5,1,0.9652659122586064
INC0003360,2,5,1,0.9640204745067069
INC0003360,3,5,1,0.963468232698686
INC0003360,4,5,1,0.9745389988472986
INC0003360,5,5,1,0.9840890944916957
INC0003378,1,2,1,0.9722691091277506
INC0003378,2,2,1,0.971267305816205
INC0003389,1,2,1,0.9405365990714606
INC0003389,2,2,1,0.9403856855625011
INC0003406,1,4,1,0.9885167249112634
INC0003406,2,4,1,0.9989506684745175
INC0003406,3,4,1,0.9997306241479148
INC0003406,4,4,1,0.9995332936101443
INC0003410,1,4,1,0.8919115164899456
INC0003410,2,4,1,0.9797836428699039
INC0003410,3,4,1,0.99106846443619
INC0003410,4,4,1,0.999906950148814
INC0003417,1,2,1,0.9407977973984966
INC0003417,2,2,1,0.9991198024331615
INC0003420,1,4,1,0.9408054716351109
INC0003420,2,4,1,0.9404695463779283
INC0003420,3,4,1,0.9997194754496093
INC0003420,4,4,1,0.9996938159866489
INC0003445,1,1,1,0.9138113913149868
INC0003448,1,2,1,0.9551220034663508
INC0003448,2,2,1,0.9256273604979575
INC0003453,1,8,1,0.9707351297159239
INC0003453,2,8,1,0.9668886902680094
INC0003453,3,8,1,0.9920035645972879
INC0003453,4,8,1,0.9968312325914594
INC0003453,5,8,1,0.9997993194282336
INC0003453,6,8,1,0.9997918024466916
INC0003453,7,8,1,0.9998534892244166
INC0003453,8,8,1,0.9997961274662012
INC0003479,1,6,1,0.9599769325879374
INC0003479,2,6,1,0.9585499948929768
INC0003479,3,6,1,0.982166102131698
INC0003479,4,6,1,0.990855306763904
INC0003479,5,6,1,0.993209553043329
INC0003479,6,6,1,0.9998599871185487
INC0003498,1,5,1,0.894636685807572
INC0003498,2,5,1,0.8499755940285778
INC0003498,3,5,1,0.9493704423932807
INC0003498,4,5,1,0.9998461464392256
INC0003498,5,5,1,0.9997936773682651
INC0003502,1,8,1,0.9164343763963079
INC0003502,2,8,1,0.9050999607756203
INC0003502,3,8,1,0.985747526937945
INC0003502,4,8,1,0.9877411365295812
INC0003502,5,8,1,0.9908203718352352
INC0003502,6,8,1,0.9995040035792176
INC0003502,7,8,1,0.9993995025133312
INC0003502,8,8,1,0.9996470949473396
INC0003516,1,10,1,0.8701788479254117
INC0003516,2,10,1,0.8535908482780762
INC0003516,3,10,1,0.8656514235009768
INC0003516,4,10,1,0.9625897316944504
INC0003516,5,10,1,0.9873680747089225
INC0003516,6,10,1,0.9543919324319041
INC0003516,7,10,1,0.9348782523207043
INC0003516,8,10,1,0.9500199572284523
INC0003517,1,3,1,0.9060557826998812
INC0003517,2,3,1,0.9120577604738593
INC0003517,3,3,1,0.9024191782675193
INC0003521,1,2,1,0.9470071785105407
INC0003521,2,2,1,0.9992416958790364
INC0003526,1,6,1,0.976725721980845
INC0003526,2,6,1,0.9935366243690542
INC0003526,3,6,1,0.9920195323275025
INC0003526,4,6,1,0.9962679692420287
INC0003526,5,6,1,0.9966363237812229
INC0003526,6,6,1,0.9980551179265634
INC0003537,1,7,1,0.8689643060990536
INC0003537,2,7,1,0.9356338784207626
INC0003537,3,7,1,0.9304565061905331
INC0003537,4,7,1,0.9163467071323571
INC0003537,5,7,1,0.9838589603558693
INC0003537,6,7,1,0.9786579499424306
INC0003537,7,7,1,0.9972899003056058
INC0003547,1,3,1,0.9472424015957323
INC0003547,2,3,1,0.9995672121191034
INC0003547,3,3,1,0.9999671617677595
INC0003567,1,6,1,0.972846136418634
INC0003567,2,6,1,0.971609380445176
INC0003567,3,6,1,0.9962934463636264
INC0003567,4,6,1,0.999863176132096
INC0003567,5,6,1,0.999999300576335
INC0003567,6,6,1,0.9999999992236519
INC0003613,1,3,1,0.94818193965451
INC0003613,2,3,1,0.9995684788413063
INC0003613,3,3,1,0.9999952807288627
INC0003620,1,6,1,0.965130085635954
INC0003620,2,6,1,0.96995037713349
INC0003620,3,6,1,0.9508122374210333
INC0003620,4,6,1,0.9644497185389976
INC0003620,5,6,1,0.944151734807921
INC0003620,6,6,1,0.9389345943546225
INC0003634,1,4,1,0.9589150225342189
INC0003634,2,4,1,0.950559627621328
INC0003634,3,4,1,0.9876836987483015
INC0003634,4,4,1,0.9895792672112977
INC0003638,1,3,1,0.9320305238072752
INC0003638,2,3,1,0.989180586833108
INC0003638,3,3,1,0.992929570433338
INC0003655,1,2,1,0.9391450444883698
INC0003655,2,2,1,0.9938052098663901
INC0003658,1,23,1,0.920725474685802
INC0003658,2,23,1,0.9480431034154497
INC0003658,3,23,1,0.9855597215461915
INC0003658,4,23,1,0.9860376210490318
INC0003658,5,23,1,0.9853940911763431
INC0003658,6,23,1,0.9807679143608856
INC0003658,7,23,1,0.9897160073974729
INC0003658,8,23,1,0.9887727647144743
INC0003666,1,10,1,0.9715991028961681
INC0003666,2,10,1,0.9971158040047428
INC0003666,3,10,1,0.9980588497094296
INC0003666,4,10,1,0.9998566700104676
INC0003666,5,10,1,0.9999004860120266
INC0003666,6,10,1,0.9998757554974707
INC0003666,7,10,1,0.9998677942484422
INC0003666,8,10,1,0.9999876095690389
INC0003668,1,4,1,0.9805134133578066
INC0003668,2,4,1,0.9795414543097851
INC0003668,3,4,1,0.9827761515071853
INC0003668,4,4,1,0.9829138963835122
INC0003670,1,9,1,0.7806257341103207
INC0003670,2,9,1,0.8795900515734169
INC0003670,3,9,1,0.9296042839130715
INC0003670,4,9,1,0.9963690999332642
INC0003670,5,9,1,0.9961762100740618
INC0003670,6,9,1,0.9974214462010978
INC0003670,7,9,1,0.9947090451425237
INC0003670,8,9,1,0.9989723664240593
INC0003673,1,12,1,0.9659678717094747
INC0003673,2,12,1,0.9965271701084939
INC0003673,3,12,1,0.9969382212718522
INC0003673,4,12,1,0.997178533125621
INC0003673,5,12,1,0.9972750497092456
INC0003673,6,12,1,0.999387404524385
INC0003673,7,12,1,0.9995716401164944
INC0003673,8,12,1,0.9995682897377249
INC0003689,1,2,1,0.998055765408224
INC0003689,2,2,1,0.9966909825984083
INC0003693,1,5,1,0.9054019973192277
INC0003693,2,5,1,0.9538034923443183
INC0003693,3,5,1,0.9493167522487757
INC0003693,4,5,1,0.9387791530691275
INC0003693,5,5,1,0.9883032170366098
INC0003694,1,3,1,0.976564741365749
INC0003694,2,3,1,0.9757012177349547
INC0003694,3,3,1,0.9887862176206362
INC0003703,1,11,1,0.9679654041865186
INC0003703,2,11,1,0.9730286206673384
INC0003703,3,11,1,0.9699763335382592
INC0003703,4,11,1,0.9674124883000691
INC0003703,5,11,1,0.9934065942981863
INC0003703,6,11,1,0.9953939461036757
INC0003703,7,11,1,0.9960018239746387
INC0003703,8,11,1,0.9968012029773108
INC0003709,1,2,1,0.877418688302443
INC0003709,2,2,1,0.8727114686184466
INC0003721,1,6,1,0.8598471178983297
INC0003721,2,6,1,0.8594515020026523
INC0003721,3,6,1,0.9117649112002321
INC0003721,4,6,1,0.9578878752861192
INC0003721,5,6,1,0.966008272751462
INC0003721,6,6,1,0.9948304772185437
INC0003735,1,17,1,0.8698067140773811
INC0003735,2,17,1,0.8656149848065557
INC0003735,3,17,1,0.8537947439829949
INC0003735,4,17,1,0.9072533031645613
INC0003735,5,17,1,0.9722383475748912
INC0003735,6,17,1,0.9818241206290584
INC0003735,7,17,1,0.9867677529176654
INC0003735,8,17,1,0.9888188802517209
INC0003751,1,2,1,0.991986755121878
INC0003751,2,2,1,0.9967594765975069
INC0003765,1,1,1,0.9044660409870326
INC0003812,1,7,1,0.8976917548120966
INC0003812,2,7,1,0.9346602020295687
INC0003812,3,7,1,0.9445369899416294
INC0003812,4,7,1,0.9609523019169648
INC0003812,5,7,1,0.959945584495812
INC0003812,6,7,1,0.9977983489962752
INC0003812,7,7,1,0.9981633364138134
INC0003813,1,5,1,0.9404034641205895
INC0003813,2,5,1,0.9714722486169718
INC0003813,3,5,1,0.9724537349933349
INC0003813,4,5,1,0.9981919097128163
INC0003813,5,5,1,0.9986097008693284
INC0003836,1,4,1,0.9859280883761563
INC0003836,2,4,1,0.9868505999617251
INC0003836,3,4,1,0.9935312735007226
INC0003836,4,4,1,0.9923550601855639
INC0003842,1,5,1,0.986270916170364
INC0003842,2,5,1,0.9957423536406018
INC0003842,3,5,1,0.9956855399424261
INC0003842,4,5,1,0.992391270162416
INC0003842,5,5,1,0.999304134870348
INC0003848,1,1,1,0.9524793370546312
INC0003873,1,5,1,0.9211648918831062
INC0003873,2,5,1,0.918273828676988
INC0003873,3,5,1,0.9119900520231644
INC0003873,4,5,1,0.8955079791668665
INC0003873,5,5,1,0.9261455781151473
INC0003893,1,12,1,0.8429300630406789
INC0003893,2,12,1,0.9603096095692925
INC0003893,3,12,1,0.9494298700684308
INC0003893,4,12,1,0.9969959853603372
INC0003893,5,12,1,0.9969492069373816
INC0003893,6,12,1,0.9896248674794961
INC0003893,7,12,1,0.9940026955181182
INC0003893,8,12,1,0.9965567049748254
INC0003935,1,7,1,0.9764346862369911
INC0003935,2,7,1,0.9954646711024975
INC0003935,3,7,1,0.9968732215007338
INC0003935,4,7,1,0.9971750444499908
INC0003935,5,7,1,0.9978684744695381
INC0003935,6,7,1,0.9999632943528267
INC0003935,7,7,1,0.999986481486931
INC0003946,1,7,1,0.7904580539826002
INC0003946,2,7,1,0.8957126525205702
INC0003946,3,7,1,0.9135821236295525
INC0003946,4,7,1,0.9068014245104263
INC0003946,5,7,1,0.9153202383339097
INC0003946,6,7,1,0.9471769066804132
INC0003946,7,7,1,0.9953733379437262
INC0003947,1,7,1,0.9424080517898148
INC0003947,2,7,1,0.9560456369559704
INC0003947,3,7,1,0.985246693956491
INC0003947,4,7,1,0.9789328631855193
INC0003947,5,7,1,0.9974139505018289
INC0003947,6,7,1,0.9967364792290959
INC0003947,7,7,1,0.9971265344301129
INC0003951,1,3,1,0.9567521278813632
INC0003951,2,3,1,0.9892576307648917
INC0003951,3,3,1,0.9882176330882315
INC0003960,1,2,1,0.9868953641386955
INC0003960,2,2,1,0.9948158210466757
INC0003965,1,6,0,0.9325173576826583
INC0003965,2,6,0,0.9485058645881125
INC0003965,3,6,0,0.9542574444446603
INC0003965,4,6,0,0.9689280757182659
INC0003965,5,6,0,0.9651640410855777
INC0003965,6,6,0,0.9619655510539028
INC0003981,1,3,1,0.8145469089030551
INC0003981,2,3,1,0.8437027526562016
INC0003981,3,3,1,0.8154797055990258
INC0003986,1,16,1,0.9473048184274981
INC0003986,2,16,1,0.9860495919537274
INC0003986,3,16,1,0.9846827033188501
INC0003986,4,16,1,0.9982128936966252
INC0003986,5,16,1,0.998994162296438
INC0003986,6,16,1,0.9989502463145445
INC0003986,7,16,1,0.9991647312692403
INC0003986,8,16,1,0.9997631930433849
INC0003993,1,7,1,0.9144428433574937
INC0003993,2,7,1,0.9880070546946311
INC0003993,3,7,1,0.9892342652116769
INC0003993,4,7,1,0.9892771848665275
INC0003993,5,7,1,0.9891936120940055
INC0003993,6,7,1,0.991584388445443
INC0003993,7,7,1,0.9917910397807074
INC0004006,1,2,1,0.9569124564295521
INC0004006,2,2,1,0.9774708963277541
INC0004011,1,8,1,0.8905987771414788
INC0004011,2,8,1,0.9754879532373847
INC0004011,3,8,1,0.9826681764708936
INC0004011,4,8,1,0.9882631390772697
INC0004011,5,8,1,0.991156254697208
INC0004011,6,8,1,0.9982584635943116
INC0004011,7,8,1,0.9990313196611453
INC0004011,8,8,1,0.999829752179209
INC0004015,1,8,1,0.9492232222509449
INC0004015,2,8,1,0.9572041027517492
INC0004015,3,8,1,0.9854703309443259
INC0004015,4,8,1,0.9790327881307486
INC0004015,5,8,1,0.9869332444890531
INC0004015,6,8,1,0.9901491016833438
INC0004015,7,8,1,0.990916790020269
INC0004015,8,8,1,0.9951085046996447
INC0004027,1,8,1,0.9528603874089976
INC0004027,2,8,1,0.9870129955909873
INC0004027,3,8,1,0.9863093220463971
INC0004027,4,8,1,0.9980051682999209
INC0004027,5,8,1,0.9973741168662363
INC0004027,6,8,1,0.9977804028883311
INC0004027,7,8,1,0.998648172746574
INC0004027,8,8,1,0.9979243263844564
INC0004062,1,3,1,0.9053203605321664
INC0004062,2,3,1,0.9729006649049647
INC0004062,3,3,1,0.9525805486038225
INC0004082,1,4,1,0.9810339271186115
INC0004082,2,4,1,0.99458919507488
INC0004082,3,4,1,0.9920957838189176
INC0004082,4,4,1,0.9951300968242993
INC0004089,1,7,1,0.8701373275838641
INC0004089,2,7,1,0.9026816210515889
INC0004089,3,7,1,0.9231897339908794
INC0004089,4,7,1,0.946607153248357
INC0004089,5,7,1,0.9300897051281505
INC0004089,6,7,1,0.9160496799916468
INC0004089,7,7,1,0.9053516575069434
INC0004097,1,8,1,0.8914364321581619
INC0004097,2,8,1,0.9666206820423046
INC0004097,3,8,1,0.9518552011275244
INC0004097,4,8,1,0.9686379074220749
INC0004097,5,8,1,0.941136703140391
INC0004097,6,8,1,0.9671468386771508
INC0004097,7,8,1,0.9789733003372605
INC0004097,8,8,1,0.9995863423528543
INC0004110,1,4,1,0.9732915792276272
INC0004110,2,4,1,0.9883410779442181
INC0004110,3,4,1,0.991457534236738
INC0004110,4,4,1,0.9920497682149745
INC0004139,1,3,1,0.9080226107816273
INC0004139,2,3,1,0.9657527653692909
INC0004139,3,3,1,0.9710147660186497
INC0004146,1,3,1,0.7798858473114126
INC0004146,2,3,1,0.9780169647532643
INC0004146,3,3,1,0.9920627337628057
INC0004148,1,2,1,0.916418204865454
INC0004148,2,2,1,0.9890857748050418
INC0004156,1,8,1,0.9609760982248895
INC0004156,2,8,1,0.9877666198073191
INC0004156,3,8,1,0.9861573985583559
INC0004156,4,8,1,0.9847507909074927
INC0004156,5,8,1,0.9762272922046873
INC0004156,6,8,1,0.9740553569984285
INC0004156,7,8,1,0.9787504364844742
INC0004156,8,8,1,0.9990859234666016
INC0004164,1,7,1,0.9165735661688471
INC0004164,2,7,1,0.9338027770730785
INC0004164,3,7,1,0.9489952406168664
INC0004164,4,7,1,0.976108509298234
INC0004164,5,7,1,0.973732493029791
INC0004164,6,7,1,0.9803613276031038
INC0004164,7,7,1,0.9796606508832674
INC0004167,1,7,1,0.9590734004620384
INC0004167,2,7,1,0.98661394875902
INC0004167,3,7,1,0.9685248154328928
INC0004167,4,7,1,0.9763182446847536
INC0004167,5,7,1,0.9683527809151409
INC0004167,6,7,1,0.977324615818512
INC0004167,7,7,1,0.982323433287209
INC0004172,1,6,1,0.8687310216408715
INC0004172,2,6,1,0.952682822652056
INC0004172,3,6,1,0.9689764932117645
INC0004172,4,6,1,0.9845688859166748
INC0004172,5,6,1,0.9891469688903395
INC0004172,6,6,1,0.9991563788672565
INC0004176,1,3,1,0.8987965663733978
INC0004176,2,3,1,0.9317007158035762
INC0004176,3,3,1,0.9422873737582753
INC0004196,1,1,1,0.8795886158242127
INC0004202,1,6,1,0.9784633384627593
INC0004202,2,6,1,0.9890201655993275
INC0004202,3,6,1,0.9884453744010658
INC0004202,4,6,1,0.9917825153204434
INC0004202,5,6,1,0.988981770200057
INC0004202,6,6,1,0.9938848593793328
INC0004213,1,9,1,0.8254979973266103
INC0004213,2,9,1,0.8579767980194295
INC0004213,3,9,1,0.8758153017263755
INC0004213,4,9,1,0.866321358600068
INC0004213,5,9,1,0.8955807529841162
INC0004213,6,9,1,0.8292194918091012
INC0004213,7,9,1,0.8667202501823993
INC0004213,8,9,1,0.8437611218232982
INC0004215,1,6,1,0.9672216083863485
INC0004215,2,6,1,0.9941087124704934
INC0004215,3,6,1,0.9915054725405074
INC0004215,4,6,1,0.9968840880324954
INC0004215,5,6,1,0.997649938620569
INC0004215,6,6,1,0.9998955100649125
INC0004235,1,1,1,0.8573144195234799
INC0004243,1,5,1,0.906385032873279
INC0004243,2,5,1,0.8926493446855854
INC0004243,3,5,1,0.9387315505022187
INC0004243,4,5,1,0.9207960252214596
INC0004243,5,5,1,0.913475615619244
INC0004259,1,3,1,0.9702933657673126
INC0004259,2,3,1,0.9778050303441905
INC0004259,3,3,1,0.9867125774982834
INC0004271,1,2,1,0.7569461288848869
INC0004271,2,2,1,0.7789743340651523
INC0004295,1,16,1,0.9696528107226539
INC0004295,2,16,1,0.9686246436060958
INC0004295,3,16,1,0.9670290372903785
INC0004295,4,16,1,0.9694557517573432
INC0004295,5,16,1,0.999605448607343
INC0004295,6,16,1,0.9997368502006692
INC0004295,7,16,1,0.9995825812485648
INC0004295,8,16,1,0.9995602645664036
INC0004317,1,7,1,0.9096251359377738
INC0004317,2,7,1,0.907360698751582
INC0004317,3,7,1,0.9613922991769781
INC0004317,4,7,1,0.9470309242048535
INC0004317,5,7,1,0.9797232914686044
INC0004317,6,7,1,0.9902982467246423
INC0004317,7,7,1,0.9862695834540471
INC0004337,1,2,1,0.6140192868305202
INC0004337,2,2,1,0.607796627045104
INC0004341,1,9,1,0.8773319136082796
INC0004341,2,9,1,0.8821785857817454
INC0004341,3,9,1,0.9436932182518996
INC0004341,4,9,1,0.940338452014911
INC0004341,5,9,1,0.9215449958267585
INC0004341,6,9,1,0.956191392121629
INC0004341,7,9,1,0.9356061535329316
INC0004341,8,9,1,0.9943158967907852
INC0004347,1,2,1,0.9869550426618667
INC0004347,2,2,1,0.9998753175643529
INC0004368,1,8,1,0.9974342307354077
INC0004368,2,8,1,0.9962907403062834
INC0004368,3,8,1,0.9999494173353154
INC0004368,4,8,1,0.9997425164448736
INC0004368,5,8,1,0.9997675829535141
INC0004368,6,8,1,0.9995953320590554
INC0004368,7,8,1,0.9999678619459033
INC0004368,8,8,1,0.9999577449226984
INC0004421,1,7,1,0.9724162895658021
INC0004421,2,7,1,0.9883098390728682
INC0004421,3,7,1,0.9917018711958349
INC0004421,4,7,1,0.986396587741452
INC0004421,5,7,1,0.9886952396653119
INC0004421,6,7,1,0.9846497765066627
INC0004421,7,7,1,0.9930347449636759
INC0004433,1,4,1,0.9114931440543511
INC0004433,2,4,1,0.8599239540999299
INC0004433,3,4,1,0.9071675763705699
INC0004433,4,4,1,0.860947057030516
INC0004444,1,11,1,0.9781126565417397
INC0004444,2,11,1,0.9883417347800831
INC0004444,3,11,1,0.9876507919117848
INC0004444,4,11,1,0.9866268071308734
INC0004444,5,11,1,0.9853576106583499
INC0004444,6,11,1,0.984803319263846
INC0004444,7,11,1,0.9875294646006719
INC0004444,8,11,1,0.9988292690616646
INC0004448,1,2,1,0.9369221647002242
INC0004448,2,2,1,0.9455914794245162
INC0004469,1,9,1,0.9628133635397028
INC0004469,2,9,1,0.9630903576905829
INC0004469,3,9,1,0.966759927241251
INC0004469,4,9,1,0.9709045158764759
INC0004469,5,9,1,0.9667535286670382
INC0004469,6,9,1,0.9822041210435336
INC0004469,7,9,1,0.9864358987817154
INC0004469,8,9,1,0.9993163496701599
INC0004474,1,9,1,0.9753188154094521
INC0004474,2,9,1,0.9743960979582704
INC0004474,3,9,1,0.9857408893288448
INC0004474,4,9,1,0.9771861382188175
INC0004474,5,9,1,0.97812826139296
INC0004474,6,9,1,0.9837044637062689
INC0004474,7,9,1,0.9836670849397746
INC0004474,8,9,1,0.9824446227710271
INC0004483,1,3,1,0.9648037982788454
INC0004483,2,3,1,0.9832652369564284
INC0004483,3,3,1,0.9547044562795372
INC0004487,1,4,1,0.9375781548188994
INC0004487,2,4,1,0.9524157567990981
INC0004487,3,4,1,0.9604627259661226
INC0004487,4,4,1,0.9576298817881657
INC0004500,1,2,1,0.9136949159358184
INC0004500,2,2,1,0.9598932029771527
INC0004507,1,14,1,0.9747404443779903
INC0004507,2,14,1,0.955137023404078
INC0004507,3,14,1,0.9513868644276956
INC0004507,4,14,1,0.9533159367643103
INC0004507,5,14,1,0.9457111436419595
INC0004507,6,14,1,0.908812678771122
INC0004507,7,14,1,0.9285496047224437
INC0004507,8,14,1,0.9675687023994876
INC0004508,1,3,1,0.9875372704937119
INC0004508,2,3,1,0.9785909754242881
INC0004508,3,3,1,0.9954594230744043
INC0004588,1,6,1,0.9658495862703054
INC0004588,2,6,1,0.9912206336805622
INC0004588,3,6,1,0.9864188617129801
INC0004588,4,6,1,0.9936670138584656
INC0004588,5,6,1,0.9976492042734297
INC0004588,6,6,1,0.9997576095001787
INC0004601,1,4,1,0.8928840652430532
INC0004601,2,4,1,0.9336660230201285
INC0004601,3,4,1,0.9619245621590571
INC0004601,4,4,1,0.999742511768976
INC0004603,1,1,0,0.18670862325643814
INC0004617,1,7,1,0.8961270303722284
INC0004617,2,7,1,0.8930229687844109
INC0004617,3,7,1,0.8878253393950304
INC0004617,4,7,1,0.752786350918019
INC0004617,5,7,1,0.8090304033096248
INC0004617,6,7,1,0.8795680962485326
INC0004617,7,7,1,0.8662629495730905
INC0004618,1,6,1,0.9699356398129895
INC0004618,2,6,1,0.9931271283840878
INC0004618,3,6,1,0.9956540488342236
INC0004618,4,6,1,0.9970321931004152
INC0004618,5,6,1,0.9998364141156105
INC0004618,6,6,1,0.9999336539040522
INC0004622,1,7,1,0.9699599163162403
INC0004622,2,7,1,0.9879633753418742
INC0004622,3,7,1,0.981821980896642
INC0004622,4,7,1,0.9893748219748651
INC0004622,5,7,1,0.991980938202671
INC0004622,6,7,1,0.9996272168633786
INC0004622,7,7,1,0.9997739820333812
INC0004645,1,5,1,0.9679977677639965
INC0004645,2,5,1,0.9724339319283131
INC0004645,3,5,1,0.9697795588621835
INC0004645,4,5,1,0.972014575704072
INC0004645,5,5,1,0.9813371041032722
INC0004667,1,5,1,0.9740311810842752
INC0004667,2,5,1,0.9991331407962999
INC0004667,3,5,1,0.9995217875815877
INC0004667,4,5,1,0.9995882063173952
INC0004667,5,5,1,0.9998169097878071
INC0004690,1,2,1,0.9942536362355361
INC0004690,2,2,1,0.9976731592132938
INC0004708,1,6,1,0.8348685553396487
INC0004708,2,6,1,0.9042610006988472
INC0004708,3,6,1,0.9208097262006979
INC0004708,4,6,1,0.9449601675555656
INC0004708,5,6,1,0.9967700480025362
INC0004708,6,6,1,0.9980611442805946
INC0004739,1,10,1,0.9313278141971852
INC0004739,2,10,1,0.9773058338795471
INC0004739,3,10,1,0.9804928770972416
INC0004739,4,10,1,0.9797838700793696
INC0004739,5,10,1,0.9895163089480087
INC0004739,6,10,1,0.9957050686262755
INC0004739,7,10,1,0.9963682909076853
INC0004739,8,10,1,0.9992052302827592
INC0004751,1,5,1,0.966774248440986
INC0004751,2,5,1,0.9667350294048587
INC0004751,3,5,1,0.9497884820190988
INC0004751,4,5,1,0.9451594032707283
INC0004751,5,5,1,0.9400233111029825
INC0004752,1,2,1,0.9554419001395721
INC0004752,2,2,1,0.961564016159631
INC0004768,1,4,1,0.9758584197705013
INC0004768,2,4,1,0.9804011794119099
INC0004768,3,4,1,0.9887818351277502
INC0004768,4,4,1,0.9997065797562339
INC0004838,1,4,1,0.881997991837253
INC0004838,2,4,1,0.8774759085714671
INC0004838,3,4,1,0.8555674594579227
INC0004838,4,4,1,0.8658665317226971
INC0004844,1,2,1,0.9185781684649529
INC0004844,2,2,1,0.9996957825477257
INC0004846,1,7,1,0.9353340622416111
INC0004846,2,7,1,0.9548151158150079
INC0004846,3,7,1,0.9886929743336501
INC0004846,4,7,1,0.9741775702617091
INC0004846,5,7,1,0.9996384742767359
INC0004846,6,7,1,0.9999921554923266
INC0004846,7,7,1,0.999993331247471
INC0004857,1,2,1,0.9227104512943447
INC0004857,2,2,1,0.9200654896178815
INC0004860,1,3,1,0.9775630273247885
INC0004860,2,3,1,0.9910308054113046
INC0004860,3,3,1,0.9889133213441427
INC0004862,1,4,1,0.9211581930823539
INC0004862,2,4,1,0.9113367030885519
INC0004862,3,4,1,0.9787315656733376
INC0004862,4,4,1,0.9784145221658458
INC0004873,1,9,1,0.9570075131540854
INC0004873,2,9,1,0.9652933151442141
INC0004873,3,9,1,0.9799266638964321
INC0004873,4,9,1,0.9994556973094182
INC0004873,5,9,1,0.9997994739632239
INC0004873,6,9,1,0.9996701652989937
INC0004873,7,9,1,0.9998362057907584
INC0004873,8,9,1,0.9995998679091429
INC0004882,1,6,1,0.975741809394942
INC0004882,2,6,1,0.9556635102630423
INC0004882,3,6,1,0.9528920800565732
INC0004882,4,6,1,0.9589334856584475
INC0004882,5,6,1,0.9693467356512583
INC0004882,6,6,1,0.9287563569896035
INC0004886,1,4,1,0.9409177251214841
INC0004886,2,4,1,0.9714124124435192
INC0004886,3,4,1,0.9680212255389229
INC0004886,4,4,1,0.9354251798935153
INC0004940,1,14,1,0.9758552699061589
INC0004940,2,14,1,0.9921113491439151
INC0004940,3,14,1,0.9930931627560068
INC0004940,4,14,1,0.9914178141553563
INC0004940,5,14,1,0.9925538191375454
INC0004940,6,14,1,0.9923673808546042
INC0004940,7,14,1,0.9916253173311463
INC0004940,8,14,1,0.9887837053851817
INC0004952,1,3,1,0.9304279162546315
INC0004952,2,3,1,0.9352386445929495
INC0004952,3,3,1,0.9134103266615603
INC0004955,1,1,1,0.9967573879506642
INC0004956,1,13,1,0.9664914122426932
INC0004956,2,13,1,0.9893747737493711
INC0004956,3,13,1,0.9902560761784603
INC0004956,4,13,1,0.9894370895008467
INC0004956,5,13,1,0.9806313986291076
INC0004956,6,13,1,0.9675603737423599
INC0004956,7,13,1,0.9646918623284149
INC0004956,8,13,1,0.9631595579267596
INC0004959,1,2,1,0.9978569150473018
INC0004959,2,2,1,0.999999990759537
INC0004965,1,14,1,0.9478986741960205
INC0004965,2,14,1,0.9530029613177302
INC0004965,3,14,1,0.9612376830661238
INC0004965,4,14,1,0.9712572013512423
INC0004965,5,14,1,0.9999989084363421
INC0004965,6,14,1,0.9999987075040996
INC0004965,7,14,1,0.9999986911154809
INC0004965,8,14,1,0.9999988417050454
INC0004985,1,2,1,0.9418456581395235
INC0004985,2,2,1,0.9848788330815874
INC0004994,1,8,1,0.965449586124704
INC0004994,2,8,1,0.9635497284953077
INC0004994,3,8,1,0.9690545015266746
INC0004994,4,8,1,0.9799884899525126
INC0004994,5,8,1,0.9806140807058655
INC0004994,6,8,1,0.9865530378744995
INC0004994,7,8,1,0.9858884028973911
INC0004994,8,8,1,0.9811332662175011
INC0005034,1,8,1,0.9692869463726292
INC0005034,2,8,1,0.9866040133653986
INC0005034,3,8,1,0.9853377936853494
INC0005034,4,8,1,0.9895732990449295
INC0005034,5,8,1,0.9837673554710838
INC0005034,6,8,1,0.9877126990107173
INC0005034,7,8,1,0.9974391950928206
INC0005034,8,8,1,0.998369107849858
INC0005041,1,2,1,0.9910809500662221
INC0005041,2,2,1,0.9953463601041275
INC0005044,1,5,1,0.967134024023669
INC0005044,2,5,1,0.9890597562622747
INC0005044,3,5,1,0.9916924222782888
INC0005044,4,5,1,0.9927513784458372
INC0005044,5,5,1,0.9921777385874859
INC0005057,1,9,1,0.9777080689266584
INC0005057,2,9,1,0.9958703905357402
INC0005057,3,9,1,0.999998958207349
INC0005057,4,9,1,0.9999999111089214
INC0005057,5,9,1,0.9999999329395083
INC0005057,6,9,1,0.9999999573823259
INC0005057,7,9,1,0.9999999770259146
INC0005057,8,9,1,0.999999999774861
INC0005074,1,14,1,0.9917376975348342
INC0005074,2,14,1,0.991433017260064
INC0005074,3,14,1,0.9906147429095761
INC0005074,4,14,1,0.9671553926285272
INC0005074,5,14,1,0.9951013776370295
INC0005074,6,14,1,0.9663069705809175
INC0005074,7,14,1,0.9948449659849392
INC0005074,8,14,1,0.9626381756149948
INC0005082,1,3,0,0.9441290772381588
INC0005082,2,3,0,0.9652713454456029
INC0005082,3,3,0,0.9620422285803193
INC0005088,1,6,1,0.9713209047688109
INC0005088,2,6,1,0.974324575394187
INC0005088,3,6,1,0.9849885799431155
INC0005088,4,6,1,0.999942787387103
INC0005088,5,6,1,0.9999586020411224
INC0005088,6,6,1,0.9999591922192064
INC0005098,1,7,1,0.9118258671873988
INC0005098,2,7,1,0.8943391994875401
INC0005098,3,7,1,0.9287750617314819
INC0005098,4,7,1,0.952486127201244
INC0005098,5,7,1,0.9301627088658286
INC0005098,6,7,1,0.9962735083983837
INC0005098,7,7,1,0.9999999992606923
INC0005136,1,4,1,0.9311661109144503
INC0005136,2,4,1,0.996467919446393
INC0005136,3,4,1,0.9991657797767282
INC0005136,4,4,1,0.9999999999805489
INC0005150,1,11,1,0.8888920647038349
INC0005150,2,11,1,0.8850365556316118
INC0005150,3,11,1,0.8687930794830312
INC0005150,4,11,1,0.9468817959136228
INC0005150,5,11,1,0.8549399516223148
INC0005150,6,11,1,0.9712774107104967
INC0005150,7,11,1,0.9992030241368632
INC0005150,8,11,1,0.9990485805497676
INC0005181,1,4,1,0.8610828201269328
INC0005181,2,4,1,0.8772905778744324
INC0005181,3,4,1,0.9302322842426999
INC0005181,4,4,1,0.9705689922064663
INC0005192,1,3,1,0.9267969150951751
INC0005192,2,3,1,0.9495313410165928
INC0005192,3,3,1,0.9487503622151701
INC0005203,1,7,1,0.9448241390315445
INC0005203,2,7,1,0.9540972001085122
INC0005203,3,7,1,0.9618319453208598
INC0005203,4,7,1,0.980935427441593
INC0005203,5,7,1,0.9760123216836704
INC0005203,6,7,1,0.985353127614272
INC0005203,7,7,1,0.9883038523812444
INC0005206,1,4,1,0.8935051877457966
INC0005206,2,4,1,0.8785125164383781
INC0005206,3,4,1,0.9675696898231342
INC0005206,4,4,1,0.9987043783150203
INC0005217,1,9,1,0.9295074771189249
INC0005217,2,9,1,0.9466255429914576
INC0005217,3,9,1,0.9417700802495435
INC0005217,4,9,1,0.9580140998209759
INC0005217,5,9,1,0.9807405192111315
INC0005217,6,9,1,0.9770994668812311
INC0005217,7,9,1,0.9730786879923443
INC0005217,8,9,1,0.978473535988305
INC0005225,1,3,1,0.9532534415596876
INC0005225,2,3,1,0.9831623784939646
INC0005225,3,3,1,0.979830843678831
INC0005231,1,4,1,0.9753195035090502
INC0005231,2,4,1,0.9912784707829736
INC0005231,3,4,1,0.9833059599860661
INC0005231,4,4,1,0.9918861449357923
INC0005254,1,7,1,0.9729746937678915
INC0005254,2,7,1,0.9904068074020318
INC0005254,3,7,1,0.9907822679286852
INC0005254,4,7,1,0.9850051188227498
INC0005254,5,7,1,0.9999997271675478
INC0005254,6,7,1,0.9999997501492381
INC0005254,7,7,1,0.9999996114275693
INC0005260,1,2,1,0.8393202884689098
INC0005260,2,2,1,0.8195383123922257
INC0005271,1,7,1,0.8327853765818022
INC0005271,2,7,1,0.8266630570534986
INC0005271,3,7,1,0.8001012820287555
INC0005271,4,7,1,0.8137214653162147
INC0005271,5,7,1,0.9449133425178219
INC0005271,6,7,1,0.9732559629537338
INC0005271,7,7,1,0.9776988906593866
INC0005282,1,2,1,0.9276682649540869
INC0005282,2,2,1,0.9768106224496692
INC0005298,1,1,1,0.9960229536836753
INC0005313,1,4,1,0.9918651602348444
INC0005313,2,4,1,0.9906863360262179
INC0005313,3,4,1,0.9965253057585127
INC0005313,4,4,1,0.9985960283788017
INC0005316,1,2,1,0.7215443519273692
INC0005316,2,2,1,0.5406439022770335
INC0005349,1,2,1,0.9833997808047849
INC0005349,2,2,1,0.9742911279135955
INC0005353,1,1,1,0.87361516877438
INC0005356,1,3,1,0.9811279667445763
INC0005356,2,3,1,0.9696982798283135
INC0005356,3,3,1,0.9658748052554952
INC0005362,1,4,1,0.948357472805394
INC0005362,2,4,1,0.9645672880902174
INC0005362,3,4,1,0.9988631079952707
INC0005362,4,4,1,0.9996758600568052
INC0005363,1,5,1,0.9929649974937309
INC0005363,2,5,1,0.9963137490441751
INC0005363,3,5,1,0.9984925689294097
INC0005363,4,5,1,0.9994346634448742
INC0005363,5,5,1,0.9996059525285845
INC0005374,1,2,1,0.9907412928978299
INC0005374,2,2,1,0.9879636709023109
INC0005380,1,8,1,0.9529223116438851
INC0005380,2,8,1,0.9761572696914169
INC0005380,3,8,1,0.9751834687651832
INC0005380,4,8,1,0.9796619771368559
INC0005380,5,8,1,0.9845603638112993
INC0005380,6,8,1,0.9972598032907283
INC0005380,7,8,1,0.9996186590796592
INC0005380,8,8,1,0.999628299641795
INC0005398,1,8,1,0.8414324732033374
INC0005398,2,8,1,0.8218434427418381
INC0005398,3,8,1,0.9136242868871687
INC0005398,4,8,1,0.9200900099341978
INC0005398,5,8,1,0.9206028086193917
INC0005398,6,8,1,0.9363583739843259
INC0005398,7,8,1,0.9132633389406283
INC0005398,8,8,1,0.9993997138170609
INC0005421,1,12,1,0.646776317700731
INC0005421,2,12,1,0.775350355030787
INC0005421,3,12,1,0.8486540560999302
INC0005421,4,12,1,0.9991373421210378
INC0005421,5,12,1,0.9988056350032044
INC0005421,6,12,1,0.9991280372297944
INC0005421,7,12,1,0.999694898780808
INC0005421,8,12,1,0.9996836624124458
INC0005438,1,2,1,0.9939842752677935
INC0005438,2,2,1,0.9971949748506116
INC0005447,1,9,1,0.6881814300789066
INC0005447,2,9,1,0.7403997105388197
INC0005447,3,9,1,0.67687658889399
INC0005447,4,9,1,0.6718399825021862
INC0005447,5,9,1,0.9218416423640045
INC0005447,6,9,1,0.9776031489545024
INC0005447,7,9,1,0.9997981383643219
INC0005447,8,9,1,0.9997355908247957
INC0005457,1,7,1,0.965443785524744
INC0005457,2,7,1,0.9848562039567402
INC0005457,3,7,1,0.9670400260237392
INC0005457,4,7,1,0.9833028985416569
INC0005457,5,7,1,0.9953742907721801
INC0005457,6,7,1,0.9961071947281217
INC0005457,7,7,1,0.997201988645792
INC0005466,1,2,1,0.9721852240233201
INC0005466,2,2,1,0.9944601792165945
INC0005511,1,6,1,0.9363626115942176
INC0005511,2,6,1,0.9277025179107427
INC0005511,3,6,1,0.9329238649316801
INC0005511,4,6,1,0.9399130168207593
INC0005511,5,6,1,0.9346120534479354
INC0005511,6,6,1,0.9464749506742348
INC0005525,1,5,1,0.9315886564287711
INC0005525,2,5,1,0.9949845236434272
INC0005525,3,5,1,0.9976604888474674
INC0005525,4,5,1,0.9981383131369673
INC0005525,5,5,1,0.9984705761154219
INC0005558,1,8,1,0.8249320653087441
INC0005558,2,8,1,0.8959393488515355
INC0005558,3,8,1,0.8864869482181222
INC0005558,4,8,1,0.876220966493444
INC0005558,5,8,1,0.9318280018039856
INC0005558,6,8,1,0.9999163072017172
INC0005558,7,8,1,0.9998001498378152
INC0005558,8,8,1,0.9996990202096324
INC0005580,1,2,1,0.9361325244214018
INC0005580,2,2,1,0.9448857517933089
INC0005602,1,6,1,0.9866884669127367
INC0005602,2,6,1,0.9419240141634005
INC0005602,3,6,1,0.9412674495023929
INC0005602,4,6,1,0.9682452086266475
INC0005602,5,6,1,0.9684089173860859
INC0005602,6,6,1,0.9664917225221892
INC0005626,1,6,1,0.9888950625458115
INC0005626,2,6,1,0.9731076883269223
INC0005626,3,6,1,0.9914671759724025
INC0005626,4,6,1,0.9880140908915614
INC0005626,5,6,1,0.9956164065364157
INC0005626,6,6,1,0.9977100935797438
INC0005628,1,10,1,0.9631050686122604
INC0005628,2,10,1,0.9798308854060221
INC0005628,3,10,1,0.9769184935221308
INC0005628,4,10,1,0.9775060669471314
INC0005628,5,10,1,0.9772645055179903
INC0005628,6,10,1,0.9648233485000336
INC0005628,7,10,1,0.9711673057558907
INC0005628,8,10,1,0.9763121616648848
INC0005699,1,1,1,0.6061070659339358
INC0005700,1,3,0,0.4089769839007603
INC0005700,2,3,0,0.45732531282805583
INC0005700,3,3,0,0.4356037316139239
INC0005721,1,8,1,0.27911371870355645
INC0005721,2,8,1,0.28289796505967546
INC0005721,3,8,1,0.4907591698614521
INC0005721,4,8,1,0.5875529286941875
INC0005721,5,8,1,0.4936340898454536
INC0005721,6,8,1,0.6045690206768473
INC0005721,7,8,1,0.5863032435319432
INC0005721,8,8,1,0.552070998399352
INC0005746,1,7,1,0.09923603375208363
INC0005746,2,7,1,0.587488319326684
INC0005746,3,7,1,0.9959846387452719
INC0005746,4,7,1,0.99997201956902
INC0005746,5,7,1,0.9999856684959206
INC0005746,6,7,1,0.9999876430446438
INC0005746,7,7,1,0.9999914280183448
INC0005762,1,9,1,0.22658787231301494
INC0005762,2,9,1,0.9774658744433798
INC0005762,3,9,1,0.9873070558477994
INC0005762,4,9,1,0.9869755268606122
INC0005762,5,9,1,0.9856525949993795
INC0005762,6,9,1,0.9964911766165269
INC0005762,7,9,1,0.99830183120409
INC0005762,8,9,1,0.9990668477595035
INC0005790,1,5,1,0.3415354625340208
INC0005790,2,5,1,0.23935124981410513
INC0005790,3,5,1,0.2940816899385725
INC0005790,4,5,1,0.5115402334158057
INC0005790,5,5,1,0.660586267307421
INC0005802,1,8,1,0.7677814102588073
INC0005802,2,8,1,0.7503895932781988
INC0005802,3,8,1,0.9490258070277795
INC0005802,4,8,1,0.9226457738528852
INC0005802,5,8,1,0.8690931763075239
INC0005802,6,8,1,0.8613370777568767
INC0005802,7,8,1,0.9488814527567733
INC0005802,8,8,1,0.9430618701522189
INC0005809,1,3,1,0.664075012397759
INC0005809,2,3,1,0.652741611671453
INC0005809,3,3,1,0.8657654307486335
INC0005812,1,12,1,0.43618312969610623
INC0005812,2,12,1,0.3656190299116352
INC0005812,3,12,1,0.3032380475039016
INC0005812,4,12,1,0.41268680628614074
INC0005812,5,12,1,0.49570050671836347
INC0005812,6,12,1,0.40345218534915334
INC0005812,7,12,1,0.9357080784235479
INC0005812,8,12,1,0.9682931577467624
INC0005836,1,4,1,0.45268799389102027
INC0005836,2,4,1,0.6733315464312847
INC0005836,3,4,1,0.8966432028346422
INC0005836,4,4,1,0.9056218623159604
INC0005864,1,4,1,0.7780910049559017
INC0005864,2,4,1,0.7707804703677466
INC0005864,3,4,1,0.8823666994393994
INC0005864,4,4,1,0.9433107977761951
INC0005873,1,8,1,0.23481491746883737
INC0005873,2,8,1,0.2245366860629754
INC0005873,3,8,1,0.2091478459435868
INC0005873,4,8,1,0.194239365860178
INC0005873,5,8,1,0.5766053441307473
INC0005873,6,8,1,0.9359403336402609
INC0005873,7,8,1,0.9999984867602505
INC0005873,8,8,1,0.9999975270553522
INC0005884,1,4,1,0.5920886187937411
INC0005884,2,4,1,0.9967171529311798
INC0005884,3,4,1,0.9835144756517776
INC0005884,4,4,1,0.982038543603888
INC0005894,1,4,1,0.3656200234226897
INC0005894,2,4,1,0.33348564521830354
INC0005894,3,4,1,0.731922937833915
INC0005894,4,4,1,0.6593140261671157
INC0005918,1,10,1,0.6969942575228716
INC0005918,2,10,1,0.6748947389379575
INC0005918,3,10,1,0.6704648368839264
INC0005918,4,10,1,0.7479488069024878
INC0005918,5,10,1,0.9234606498631537
INC0005918,6,10,1,0.8793502496565774
INC0005918,7,10,1,0.9441403895087513
INC0005918,8,10,1,0.9329738820249598
INC0005926,1,2,1,0.4660078585367672
INC0005926,2,2,1,0.9657276228144652
INC0005943,1,10,1,0.5709169655068717
INC0005943,2,10,1,0.5568145023698234
INC0005943,3,10,1,0.6715793458151929
INC0005943,4,10,1,0.7315385362526542
INC0005943,5,10,1,0.8107812692681784
INC0005943,6,10,1,0.8914730868493663
INC0005943,7,10,1,0.9024578622034053
INC0005943,8,10,1,0.896849097270908
INC0005958,1,3,1,0.7280006953203497
INC0005958,2,3,1,0.7037545804470692
INC0005958,3,3,1,0.7241443352296143
INC0005972,1,7,0,0.02824937255090592
INC0005972,2,7,0,0.024749823499966017
INC0005972,3,7,0,0.042142167021756355
INC0005972,4,7,0,0.029040887264723883
INC0005972,5,7,0,0.026587091129610836
INC0005972,6,7,0,0.03321226285199343
INC0005972,7,7,0,0.04049086440345827
INC0005999,1,5,1,0.267918151247798
INC0005999,2,5,1,0.2611919869681852
INC0005999,3,5,1,0.44068754839510155
INC0005999,4,5,1,0.39941957739674583
INC0005999,5,5,1,0.6114552838391565
INC0006023,1,8,1,0.8471664838196289
INC0006023,2,8,1,0.9091517614152302
INC0006023,3,8,1,0.9129193727007969
INC0006023,4,8,1,0.9823274458228757
INC0006023,5,8,1,0.9854751263326835
INC0006023,6,8,1,0.9862845759275329
INC0006023,7,8,1,0.9950460818700586
INC0006023,8,8,1,0.9957310717169966
INC0006064,1,8,1,0.4213229678125531
INC0006064,2,8,1,0.3382044531363642
INC0006064,3,8,1,0.31540878230594
INC0006064,4,8,1,0.40282511379280483
INC0006064,5,8,1,0.3811441110070439
INC0006064,6,8,1,0.35303257973408353
INC0006064,7,8,1,0.40528779058656045
INC0006064,8,8,1,0.8630928183713807
INC0006074,1,1,1,0.22128412092837013
INC0006082,1,14,1,0.7127499890413309
INC0006082,2,14,1,0.7011242970457453
INC0006082,3,14,1,0.4776079086547878
INC0006082,4,14,1,0.6157045080939786
INC0006082,5,14,1,0.700337794006786
INC0006082,6,14,1,0.8512778052965918
INC0006082,7,14,1,0.942606000956971
INC0006082,8,14,1,0.9361726719701708
INC0006093,1,3,1,0.7770617221570344
INC0006093,2,3,1,0.7492346560486404
INC0006093,3,3,1,0.8666918077583914
INC0006100,1,2,1,0.5402186401049728
INC0006100,2,2,1,0.9144374574008102
INC0006117,1,2,1,0.8506602478355813
INC0006117,2,2,1,0.9452610982913823
INC0006125,1,7,1,0.745240230875153
INC0006125,2,7,1,0.7382562507126618
INC0006125,3,7,1,0.7158800722429793
INC0006125,4,7,1,0.7699471951204802
INC0006125,5,7,1,0.697953694151939
INC0006125,6,7,1,0.9470682706513159
INC0006125,7,7,1,0.9105711717571231
INC0006136,1,8,1,0.9418615525330574
INC0006136,2,8,1,0.921372679955651
INC0006136,3,8,1,0.8304778341219246
INC0006136,4,8,1,0.943126338816682
INC0006136,5,8,1,0.9465125461120031
INC0006136,6,8,1,0.9114305498433748
INC0006136,7,8,1,0.9469173069317979
INC0006136,8,8,1,0.9621819813580038
INC0006139,1,3,1,0.4502099763436048
INC0006139,2,3,1,0.41226825416959084
INC0006139,3,3,1,0.5647689447312841
INC0006140,1,7,1,0.3922354252656997
INC0006140,2,7,1,0.5504716138858057
INC0006140,3,7,1,0.538293156773641
INC0006140,4,7,1,0.4877982901555039
INC0006140,5,7,1,0.6265274525374263
INC0006140,6,7,1,0.7822923701042059
INC0006140,7,7,1,0.8822646542048613
INC0006141,1,3,1,0.35401132987350925
INC0006141,2,3,1,0.5327142695337557
INC0006141,3,3,1,0.6646134215494545
INC0006155,1,1,1,0.41167069379345506
INC0006172,1,12,1,0.31265895039714414
INC0006172,2,12,1,0.3034293249908316
INC0006172,3,12,1,0.2835449386206852
INC0006172,4,12,1,0.4132585213613858
INC0006172,5,12,1,0.38270262616088085
INC0006172,6,12,1,0.6355208138696369
INC0006172,7,12,1,0.6767442740643427
INC0006172,8,12,1,0.9719628937954706
INC0006175,1,6,1,0.5471861377762142
INC0006175,2,6,1,0.6957226419567439
INC0006175,3,6,1,0.659075298665787
INC0006175,4,6,1,0.7357247512395904
INC0006175,5,6,1,0.7921627117138169
INC0006175,6,6,1,0.819924166757785
INC0006178,1,9,1,0.4680796869025847
INC0006178,2,9,1,0.6521495417520407
INC0006178,3,9,1,0.8145353175610782
INC0006178,4,9,1,0.7484275649655613
INC0006178,5,9,1,0.67275925430251
INC0006178,6,9,1,0.7244400556619246
INC0006178,7,9,1,0.8334656675716852
INC0006178,8,9,1,0.6642490981773745
INC0006186,1,7,1,0.8211619344685425
INC0006186,2,7,1,0.8949073170633632
INC0006186,3,7,1,0.8832114130752474
INC0006186,4,7,1,0.9499585063631075
INC0006186,5,7,1,0.8722529405122484
INC0006186,6,7,1,0.8625220589809308
INC0006186,7,7,1,0.8488096221711751
INC0006193,1,1,1,0.17032717192331093
INC0006199,1,9,1,0.47398286633057307
INC0006199,2,9,1,0.6100619172058623
INC0006199,3,9,1,0.6678484054094036
INC0006199,4,9,1,0.7774207793285216
INC0006199,5,9,1,0.6892351939140144
INC0006199,6,9,1,0.7454091735846557
INC0006199,7,9,1,0.8544779521191269
INC0006199,8,9,1,0.9886826014095057
INC0006200,1,3,1,0.8727760824127005
INC0006200,2,3,1,0.9891715085946816
INC0006200,3,3,1,0.9933951805643968
INC0006215,1,4,1,0.5470416361015518
INC0006215,2,4,1,0.5268345446953053
INC0006215,3,4,1,0.8267060926700285
INC0006215,4,4,1,0.5976519959088727
INC0006220,1,5,1,0.8278203148259031
INC0006220,2,5,1,0.8369781346510954
INC0006220,3,5,1,0.9190317619709497
INC0006220,4,5,1,0.9065233800183579
INC0006220,5,5,1,0.9999999992418507
INC0006224,1,15,1,0.441375049121109
INC0006224,2,15,1,0.41377746025363643
INC0006224,3,15,1,0.661973642730552
INC0006224,4,15,1,0.7817628726223459
INC0006224,5,15,1,0.9666046710979075
INC0006224,6,15,1,0.9746409477792845
INC0006224,7,15,1,0.9661625241780512
INC0006224,8,15,1,0.9847126549165292
INC0006229,1,4,1,0.24551372589957632
INC0006229,2,4,1,0.2861434002210628
INC0006229,3,4,1,0.5013992443576455
INC0006229,4,4,1,0.4107123750507051
INC0006245,1,1,1,0.2842210627801191
INC0006257,1,4,1,0.18306068623574803
INC0006257,2,4,1,0.21917110996792652
INC0006257,3,4,1,0.39626832446071875
INC0006257,4,4,1,0.38066638995393315
INC0006273,1,1,1,0.5697361936575682
INC0006281,1,6,1,0.6347070561692966
INC0006281,2,6,1,0.7480714527365916
INC0006281,3,6,1,0.6662526300187948
INC0006281,4,6,1,0.8172950476486407
INC0006281,5,6,1,0.9630781774800323
INC0006281,6,6,1,0.9773937953895282
INC0006295,1,4,1,0.3773641281956792
INC0006295,2,4,1,0.371846966560207
INC0006295,3,4,1,0.3520699177032435
INC0006295,4,4,1,0.33183895414519393
INC0006349,1,2,1,0.41582286377683925
INC0006349,2,2,1,0.4463189036555789
INC0006381,1,1,0,0.006324433352150215
INC0006394,1,4,1,0.9080401337211556
INC0006394,2,4,1,0.9002982430779912
INC0006394,3,4,1,0.8943797112092005
INC0006394,4,4,1,0.8683699003172768
INC0006419,1,8,1,0.586559986481323
INC0006419,2,8,1,0.6805062100446783
INC0006419,3,8,1,0.7966625561865227
INC0006419,4,8,1,0.8507451806309548
INC0006419,5,8,1,0.9948157377368956
INC0006419,6,8,1,0.9949429621565593
INC0006419,7,8,1,0.9955566497192789
INC0006419,8,8,1,0.995010343501939
INC0006424,1,3,1,0.9091678989194747
INC0006424,2,3,1,0.6959669631774418
INC0006424,3,3,1,0.647820088972643
INC0006435,1,7,1,0.8497928637114013
INC0006435,2,7,1,0.8377077126417508
INC0006435,3,7,1,0.8466065276476131
INC0006435,4,7,1,0.9146977958978693
INC0006435,5,7,1,0.865514354319031
INC0006435,6,7,1,0.8998461581331924
INC0006435,7,7,1,0.8997064068499477
INC0006446,1,3,1,0.39895028017343986
INC0006446,2,3,1,0.31322215583583024
INC0006446,3,3,1,0.4734528795690408
INC0006450,1,5,1,0.7710777194683625
INC0006450,2,5,1,0.5832755624252363
INC0006450,3,5,1,0.4234827700661236
INC0006450,4,5,1,0.35247712792293945
INC0006450,5,5,1,0.32908431762664947
INC0006455,1,3,1,0.32156683919893725
INC0006455,2,3,1,0.24980676008822908
INC0006455,3,3,1,0.1478259420230492
INC0006467,1,3,1,0.842220251940524
INC0006467,2,3,1,0.8914547908612616
INC0006467,3,3,1,0.8523597343646575
INC0006494,1,3,1,0.8955727153488077
INC0006494,2,3,1,0.9795507170040636
INC0006494,3,3,1,0.9845364416623691
INC0006508,1,5,1,0.49823976391430436
INC0006508,2,5,1,0.4895833694693759
INC0006508,3,5,1,0.4649987337460121
INC0006508,4,5,1,0.4380331419349589
INC0006508,5,5,1,0.413101916156303
INC0006509,1,4,1,0.6853100325262086
INC0006509,2,4,1,0.9266130483491647
INC0006509,3,4,1,0.9436056165643875
INC0006509,4,4,1,0.9680317065919473
INC0006514,1,1,1,0.11684311886598932
INC0006520,1,7,1,0.8043771737117995
INC0006520,2,7,1,0.7919200341595445
INC0006520,3,7,1,0.7577480131925107
INC0006520,4,7,1,0.6701142554031908
INC0006520,5,7,1,0.6900293527242518
INC0006520,6,7,1,0.6372332988897336
INC0006520,7,7,1,0.6813584602603279
INC0006532,1,4,1,0.20663095607839396
INC0006532,2,4,1,0.17045508685087182
INC0006532,3,4,1,0.27311198822663885
INC0006532,4,4,1,0.24243257626756892
INC0006549,1,1,1,0.21971110152561882
INC0006550,1,6,1,0.774594591606551
INC0006550,2,6,1,0.855301891720027
INC0006550,3,6,1,0.8398210438660685
INC0006550,4,6,1,0.8190096851600602
INC0006550,5,6,1,0.7757607517440318
INC0006550,6,6,1,0.8093053148297527
INC0006555,1,3,1,0.6291598231743071
INC0006555,2,3,1,0.5048862012236055
INC0006555,3,3,1,0.6286869546235114
INC0006562,1,6,1,0.1314227317265127
INC0006562,2,6,1,0.20802669429769896
INC0006562,3,6,1,0.15576403220667936
INC0006562,4,6,1,0.26272181810920897
INC0006562,5,6,1,0.3217878354399893
INC0006562,6,6,1,0.3316244042076263
INC0006566,1,4,1,0.9010668021310294
INC0006566,2,4,1,0.8697866245846774
INC0006566,3,4,1,0.9868990063199252
INC0006566,4,4,1,0.987902542694027
INC0006569,1,2,1,0.6238693913601654
INC0006569,2,2,1,0.609640012925673
INC0006580,1,2,0,0.010155659720609554
INC0006580,2,2,0,0.005374917518274066
INC0006583,1,1,1,0.4918750736594827
INC0006584,1,6,1,0.5065457787612412
INC0006584,2,6,1,0.5320799847512591
INC0006584,3,6,1,0.5240044666636469
INC0006584,4,6,1,0.5048920334219554
INC0006584,5,6,1,0.4863464227466428
INC0006584,6,6,1,0.46699870365116314
INC0006585,1,9,1,0.49152104956352666
INC0006585,2,9,1,0.37421742447551354
INC0006585,3,9,1,0.4980386263998542
INC0006585,4,9,1,0.9772454577691406
INC0006585,5,9,1,0.9830821337816299
INC0006585,6,9,1,0.9821231265918372
INC0006585,7,9,1,0.9855394320058234
INC0006585,8,9,1,0.9844275919706696
INC0006588,1,4,1,0.35742954663166465
INC0006588,2,4,1,0.28973700248635537
INC0006588,3,4,1,0.25506550697897556
INC0006588,4,4,1,0.3661742686430366
INC0006603,1,2,1,0.46705632052901364
INC0006603,2,2,1,0.1881333276112332
INC0006609,1,5,1,0.8996249108408674
INC0006609,2,5,1,0.8228318387131138
INC0006609,3,5,1,0.7666185209999141
INC0006609,4,5,1,0.7050795201874456
INC0006609,5,5,1,0.8808862769430037
INC0006622,1,4,1,0.8750283965533019
INC0006622,2,4,1,0.9817330015441762
INC0006622,3,4,1,0.986033491250801
INC0006622,4,4,1,0.9972918288962359
INC0006629,1,2,1,0.17466902241498686
INC0006629,2,2,1,0.19593812805752997
INC0006651,1,1,1,0.09431214175530922
INC0006654,1,3,1,0.9845276162942042
INC0006654,2,3,1,0.9818196780187558
INC0006654,3,3,1,0.9835778884324708
INC0006661,1,10,1,0.46342562403992343
INC0006661,2,10,1,0.38865502561537457
INC0006661,3,10,1,0.5869927544927586
INC0006661,4,10,1,0.9897958416351854
INC0006661,5,10,1,0.9981287506091265
INC0006661,6,10,1,0.9980417890514969
INC0006661,7,10,1,0.9985375323121
INC0006661,8,10,1,0.9989215630594362
INC0006663,1,7,1,0.3792873701060852
INC0006663,2,7,1,0.34445662219472023
INC0006663,3,7,1,0.519590587999567
INC0006663,4,7,1,0.7384102300335035
INC0006663,5,7,1,0.953588020768248
INC0006663,6,7,1,0.9641837486451204
INC0006663,7,7,1,0.9602288472482071
INC0006708,1,1,1,0.455847168303763
INC0006736,1,6,1,0.6454580801807298
INC0006736,2,6,1,0.6256146383130344
INC0006736,3,6,1,0.8191155676808527
INC0006736,4,6,1,0.8619804722870326
INC0006736,5,6,1,0.87433390340825
INC0006736,6,6,1,0.9366557928893374
INC0006760,1,4,1,0.3145885742924609
INC0006760,2,4,1,0.4180054867830175
INC0006760,3,4,1,0.7300072549538298
INC0006760,4,4,1,0.9666650344019033
INC0006767,1,2,1,0.4495821810074959
INC0006767,2,2,1,0.3949926246457855
INC0006768,1,7,1,0.43163806723121323
INC0006768,2,7,1,0.3550215387897589
INC0006768,3,7,1,0.49459645599004165
INC0006768,4,7,1,0.46632403534984224
INC0006768,5,7,1,0.5183782535581659
INC0006768,6,7,1,0.49483310908730166
INC0006768,7,7,1,0.4722531254273356
INC0006782,1,2,1,0.5686245679271605
INC0006782,2,2,1,0.6372465330165963
INC0006787,1,2,1,0.6115035585573795
INC0006787,2,2,1,0.5511019120751256
INC0006788,1,3,1,0.5997173858165833
INC0006788,2,3,1,0.7396746388596752
INC0006788,3,3,1,0.6934894879210226
INC0006802,1,4,1,0.2404412190035926
INC0006802,2,4,1,0.37524971453098543
INC0006802,3,4,1,0.3259350610168214
INC0006802,4,4,1,0.3643303008009681
INC0006809,1,9,1,0.561620205349578
INC0006809,2,9,1,0.7085272360553954
INC0006809,3,9,1,0.6422814014044339
INC0006809,4,9,1,0.6645800822049625
INC0006809,5,9,1,0.72302827302727
INC0006809,6,9,1,0.7049143278317119
INC0006809,7,9,1,0.5995492817096132
INC0006809,8,9,1,0.833475604673288
INC0006820,1,3,1,0.016162071495696057
INC0006820,2,3,1,0.03420605692205209
INC0006820,3,3,1,0.9997693978685385
INC0006869,1,7,1,0.6755000853965677
INC0006869,2,7,1,0.8903888401037542
INC0006869,3,7,1,0.8122655116980102
INC0006869,4,7,1,0.8927164342633871
INC0006869,5,7,1,0.8289420380852811
INC0006869,6,7,1,0.7439960778498844
INC0006869,7,7,1,0.8183865248646077
INC0006872,1,5,1,0.543751864534446
INC0006872,2,5,1,0.5346783903952701
INC0006872,3,5,1,0.6637690777887922
INC0006872,4,5,1,0.6345109124014314
INC0006872,5,5,1,0.8271837195236336
INC0006893,1,2,1,0.8510401693350852
INC0006893,2,2,1,0.8837969302928663
INC0006909,1,4,1,0.21692062962129166
INC0006909,2,4,1,0.19377586913359626
INC0006909,3,4,1,0.33807176790111304
INC0006909,4,4,1,0.31639589676980895
INC0006941,1,2,1,0.2621164889690162
INC0006941,2,2,1,0.1769947813508135
INC0006942,1,1,1,0.7316037174479473
INC0006944,1,3,1,0.47825675887025376
INC0006944,2,3,1,0.46102986697157633
INC0006944,3,3,1,0.4966084288813339
INC0006951,1,4,1,0.34250787288172624
INC0006951,2,4,1,0.24712892998997446
INC0006951,3,4,1,0.35330884458330114
INC0006951,4,4,1,0.9999997075567146
INC0006962,1,2,1,0.2024030002302971
INC0006962,2,2,1,0.22789989254560541
INC0006968,1,5,1,0.16960096307700973
INC0006968,2,5,1,0.1982371721971765
INC0006968,3,5,1,0.19429923724292336
INC0006968,4,5,1,0.10141383219036564
INC0006968,5,5,1,0.0938636477034255
INC0006974,1,1,1,0.04743519663250078
INC0006983,1,7,1,0.2686733622558413
INC0006983,2,7,1,0.24873673378884503
INC0006983,3,7,1,0.41792204894909263
INC0006983,4,7,1,0.3913584700209988
INC0006983,5,7,1,0.3863768955150059
INC0006983,6,7,1,0.44180975263650685
INC0006983,7,7,1,0.7476653954089721
INC0006996,1,5,1,0.7428695837862295
INC0006996,2,5,1,0.9597322534666954
INC0006996,3,5,1,0.9667100957317946
INC0006996,4,5,1,0.9706954241794498
INC0006996,5,5,1,0.9779128434125248
INC0007016,1,6,1,0.4755764060586149
INC0007016,2,6,1,0.43679594146594614
INC0007016,3,6,1,0.8513394673024707
INC0007016,4,6,1,0.7969649962833844
INC0007016,5,6,1,0.9594405002594889
INC0007016,6,6,1,0.966704534858458
INC0007024,1,5,1,0.7747677894437214
INC0007024,2,5,1,0.9589540493878487
INC0007024,3,5,1,0.9684469144825453
INC0007024,4,5,1,0.9999755725040067
INC0007024,5,5,1,0.9999742521664566
INC0007037,1,7,1,0.07931947130187993
INC0007037,2,7,1,0.0695011208547774
INC0007037,3,7,1,0.07553328439645529
INC0007037,4,7,1,0.06936948549070371
INC0007037,5,7,1,0.06517568892851183
INC0007037,6,7,1,0.06246141513900927
INC0007037,7,7,1,0.07505993311051067
INC0007058,1,3,0,0.4225260414959637
INC0007058,2,3,0,0.645074207326102
INC0007058,3,3,0,0.6193976825102415
INC0007063,1,7,1,0.30946596851456143
INC0007063,2,7,1,0.5057361409202364
INC0007063,3,7,1,0.6532144831888741
INC0007063,4,7,1,0.7088961596534509
INC0007063,5,7,1,0.7393401292218893
INC0007063,6,7,1,0.7313231516820211
INC0007063,7,7,1,0.8184199414837622
INC0007076,1,1,1,0.046437524242795125
INC0007084,1,1,1,0.2883679098201163
INC0007086,1,1,1,0.22308402254603066
INC0007102,1,1,1,0.457391167844936
INC0007104,1,6,1,0.5842250878330307
INC0007104,2,6,1,0.5476455274264874
INC0007104,3,6,1,0.7309263125815062
INC0007104,4,6,1,0.8346242991631077
INC0007104,5,6,1,0.8690420480113425
INC0007104,6,6,1,0.8428219748671989
INC0007108,1,7,1,0.7884409302693298
INC0007108,2,7,1,0.8174972067022235
INC0007108,3,7,1,0.8258119795520568
INC0007108,4,7,1,0.94446799658556
INC0007108,5,7,1,0.86931292378194
INC0007108,6,7,1,0.8467767340023228
INC0007108,7,7,1,0.9721917347949102
INC0007114,1,6,1,0.2525834720069251
INC0007114,2,6,1,0.390698012050936
INC0007114,3,6,1,0.371267573164877
INC0007114,4,6,1,0.3954208943560128
INC0007114,5,6,1,0.47593270274854116
INC0007114,6,6,1,0.4515847604484744
INC0007128,1,1,1,0.2163066049791801
INC0007141,1,5,1,0.1320835571605663
INC0007141,2,5,1,0.11697956397247991
INC0007141,3,5,1,0.13388768214361785
INC0007141,4,5,1,0.22498116345841548
INC0007141,5,5,1,0.1539412065835839
INC0007155,1,8,1,0.21930021280537115
INC0007155,2,8,1,0.32435838026871217
INC0007155,3,8,1,0.3825943528466119
INC0007155,4,8,1,0.4937439576448595
INC0007155,5,8,1,0.48765621586547997
INC0007155,6,8,1,0.6081093191191215
INC0007155,7,8,1,0.7535088685780531
INC0007155,8,8,1,0.7939537301304311
INC0007162,1,2,1,0.1784708036587555
INC0007162,2,2,1,0.3563335403854049
INC0007165,1,4,1,0.515591596594883
INC0007165,2,4,1,0.5028770787264932
INC0007165,3,4,1,0.7577253575863795
INC0007165,4,4,1,0.9999999997433375
INC0007169,1,4,1,0.2271571861162557
INC0007169,2,4,1,0.22748088154407312
INC0007169,3,4,1,0.3244995044191753
INC0007169,4,4,1,0.27999362203200157
INC0007174,1,8,1,0.2585524656367244
INC0007174,2,8,1,0.2350334722855413
INC0007174,3,8,1,0.40953774977836005
INC0007174,4,8,1,0.6400148419438679
INC0007174,5,8,1,0.8668120489807369
INC0007174,6,8,1,0.7960739409467942
INC0007174,7,8,1,0.8322746140904274
INC0007174,8,8,1,0.7623134945682134
INC0007187,1,8,1,0.32641558493534234
INC0007187,2,8,1,0.3765052967841839
INC0007187,3,8,1,0.4900471948243805
INC0007187,4,8,1,0.9660419358822325
INC0007187,5,8,1,0.9754484518660086
INC0007187,6,8,1,0.9768872421340328
INC0007187,7,8,1,0.9755662447142331
INC0007187,8,8,1,0.9753729466814314
INC0007198,1,7,0,0.00603109362484715
INC0007198,2,7,0,0.011232695836026582
INC0007198,3,7,0,0.011147126456305242
INC0007198,4,7,0,0.016149857676426654
INC0007198,5,7,0,0.37441034146274416
INC0007198,6,7,0,0.4504176803658106
INC0007198,7,7,0,0.46594206972388696
INC0007208,1,10,1,0.44011249124098417
INC0007208,2,10,1,0.2595437197944866
INC0007208,3,10,1,0.3438215742063214
INC0007208,4,10,1,0.323970039311354
INC0007208,5,10,1,0.35341652596504114
INC0007208,6,10,1,0.4091505018001546
INC0007208,7,10,1,0.881395738214115
INC0007208,8,10,1,0.8557936481807074
INC0007224,1,14,1,0.4967999251553279
INC0007224,2,14,1,0.5381453028733993
INC0007224,3,14,1,0.6489977110637709
INC0007224,4,14,1,0.9828783416194601
INC0007224,5,14,1,0.9879971785187037
INC0007224,6,14,1,0.9884968094105071
INC0007224,7,14,1,0.9889620698773628
INC0007224,8,14,1,0.9954383450747069
INC0007228,1,5,1,0.33783321595266996
INC0007228,2,5,1,0.5504987673885527
INC0007228,3,5,1,0.565258615649911
INC0007228,4,5,1,0.6589181340948264
INC0007228,5,5,1,0.6471699963250525
INC0007253,1,4,1,0.1264957488655087
INC0007253,2,4,1,0.13394515555686756
INC0007253,3,4,1,0.1142844284218034
INC0007253,4,4,1,0.2471303421325385
INC0007300,1,8,1,0.42911089226423327
INC0007300,2,8,1,0.45116580743177837
INC0007300,3,8,1,0.7878040572101627
INC0007300,4,8,1,0.6133419449651709
INC0007300,5,8,1,0.6733285499454691
INC0007300,6,8,1,0.6588745955174653
INC0007300,7,8,1,0.7738862401448138
INC0007300,8,8,1,0.8933547759822792
INC0007328,1,3,1,0.42852999637487765
INC0007328,2,3,1,0.42091313010000586
INC0007328,3,3,1,0.5171697445361734
INC0007330,1,7,1,0.147182061315796
INC0007330,2,7,1,0.24618488225872037
INC0007330,3,7,1,0.23181435409356635
INC0007330,4,7,1,0.2239630646906757
INC0007330,5,7,1,0.2806979149545942
INC0007330,6,7,1,0.9293093098994575
INC0007330,7,7,1,0.9486071392862369
INC0007332,1,2,1,0.2567861350867376
INC0007332,2,2,1,0.46438906754215026
INC0007334,1,2,1,0.6366705899506423
INC0007334,2,2,1,0.9302697892760782
INC0007368,1,5,1,0.6797807997200579
INC0007368,2,5,1,0.8693268885595848
INC0007368,3,5,1,0.834603477169275
INC0007368,4,5,1,0.9090413222295749
INC0007368,5,5,1,0.9989552006910978
INC0007382,1,3,1,0.7206354451339306
INC0007382,2,3,1,0.8299679662828666
INC0007382,3,3,1,0.8229263409120335
INC0007400,1,5,1,0.24175860838946528
INC0007400,2,5,1,0.42531814124965145
INC0007400,3,5,1,0.7377779515549101
INC0007400,4,5,1,0.9470707774805825
INC0007400,5,5,1,0.9646055689968984
INC0007402,1,11,1,0.6174059822268714
INC0007402,2,11,1,0.7508578382406662
INC0007402,3,11,1,0.73737295265626
INC0007402,4,11,1,0.5806684238128507
INC0007402,5,11,1,0.5743727522949381
INC0007402,6,11,1,0.5280504609393385
INC0007402,7,11,1,0.7158037893977222
INC0007402,8,11,1,0.7458843707558498
INC0007414,1,6,1,0.3356685618545216
INC0007414,2,6,1,0.3385896785456318
INC0007414,3,6,1,0.5779707938631142
INC0007414,4,6,1,0.9999999397975362
INC0007414,5,6,1,0.9999999862087887
INC0007414,6,6,1,0.9999999876715763
INC0007421,1,3,1,0.30008114221755267
INC0007421,2,3,1,0.27987506154799396
INC0007421,3,3,1,0.36601210463932216
INC0007428,1,11,1,0.30700426083963683
INC0007428,2,11,1,0.70058435710833
INC0007428,3,11,1,0.7615019964917351
INC0007428,4,11,1,0.8992890118172429
INC0007428,5,11,1,0.9100045842389899
INC0007428,6,11,1,0.9287934828626956
INC0007428,7,11,1,0.918606766094579
INC0007428,8,11,1,0.9708516076012177
INC0007429,1,6,1,0.24747612080841921
INC0007429,2,6,1,0.43404303125039384
INC0007429,3,6,1,0.48486385210908184
INC0007429,4,6,1,0.5616159227025954
INC0007429,5,6,1,0.6780446449972357
INC0007429,6,6,1,0.8327141557419302
INC0007445,1,7,1,0.24840518494700842
INC0007445,2,7,1,0.43784186607117564
INC0007445,3,7,1,0.9992446719424544
INC0007445,4,7,1,0.9993585403000592
INC0007445,5,7,1,0.999508975879919
INC0007445,6,7,1,0.9995278487671239
INC0007445,7,7,1,0.9996878727654313
INC0007481,1,3,0,0.316465971031737
INC0007481,2,3,0,0.35554803783236216
INC0007481,3,3,0,0.3332120068475359
INC0007504,1,8,1,0.11355067131732029
INC0007504,2,8,1,0.10994451038821845
INC0007504,3,8,1,0.18562177807110722
INC0007504,4,8,1,0.47358344352016074
INC0007504,5,8,1,0.9297355689608258
INC0007504,6,8,1,0.946861626320056
INC0007504,7,8,1,0.9527296876069942
INC0007504,8,8,1,0.988478493133682
INC0007521,1,16,1,0.1863869497681736
INC0007521,2,16,1,0.17183616950790429
INC0007521,3,16,1,0.1873734521326551
INC0007521,4,16,1,0.3183292216538695
INC0007521,5,16,1,0.2983599194314921
INC0007521,6,16,1,0.38452490926299954
INC0007521,7,16,1,0.24122005129760854
INC0007521,8,16,1,0.8181976375741192
INC0007542,1,1,0,0.005563731254949606
INC0007561,1,5,1,0.43592571934081775
INC0007561,2,5,1,0.642122466359004
INC0007561,3,5,1,0.7348707583353206
INC0007561,4,5,1,0.8945529284674152
INC0007561,5,5,1,0.9055819483521903
INC0007562,1,5,0,0.27529028348141393
INC0007562,2,5,0,0.3467821219720833
INC0007562,3,5,0,0.3271967639615767
INC0007562,4,5,0,0.41351224082802385
INC0007562,5,5,0,0.4801223261336507
INC0007565,1,3,0,0.11885973542917143
INC0007565,2,3,0,0.10634014098318711
INC0007565,3,3,0,0.11734482403356175
INC0007566,1,3,1,0.21003673578599302
INC0007566,2,3,1,0.20404151332603135
INC0007566,3,3,1,0.8848957184847679
INC0007573,1,2,0,0.421505887642846
INC0007573,2,2,0,0.3971720309897768
INC0007582,1,1,0,0.47071774424658763
INC0007592,1,3,1,0.38951162153501123
INC0007592,2,3,1,0.3823091504455016
INC0007592,3,3,1,0.6940179636732066
INC0007598,1,6,1,0.5058058173776725
INC0007598,2,6,1,0.47275997115787927
INC0007598,3,6,1,0.6743704233946635
INC0007598,4,6,1,0.9226406239696486
INC0007598,5,6,1,0.9904440607478291
INC0007598,6,6,1,0.9906167587704583
INC0007621,1,1,0,0.047668883507157436
INC0007632,1,7,1,0.20672139579791224
INC0007632,2,7,1,0.43780316037715056
INC0007632,3,7,1,0.6382094424114187
INC0007632,4,7,1,0.7201188823846445
INC0007632,5,7,1,0.9098384286682626
INC0007632,6,7,1,0.9555976619676431
INC0007632,7,7,1,0.9343596745493593
INC0007643,1,4,1,0.7499850681434613
INC0007643,2,4,1,0.9999673345681501
INC0007643,3,4,1,0.9999949932512174
INC0007643,4,4,1,0.9999964476342172
INC0007663,1,3,0,0.5312495641349058
INC0007663,2,3,0,0.730597232806618
INC0007663,3,3,0,0.9027929846860865
INC0007664,1,5,0,0.6172952409886299
INC0007664,2,5,0,0.584802649162973
INC0007664,3,5,0,0.5953755717842076
INC0007664,4,5,0,0.7034791178699344
INC0007664,5,5,0,0.7186935145854628
INC0007673,1,2,1,0.6574860349568244
INC0007673,2,2,1,0.9367687268087503
INC0007681,1,1,0,0.2851800860617323
INC0007696,1,6,1,0.6726766792166151
INC0007696,2,6,1,0.5499057585911918
INC0007696,3,6,1,0.9907208226174478
INC0007696,4,6,1,0.9922010796869497
INC0007696,5,6,1,0.9981382008190487
INC0007696,6,6,1,0.9992404044769228
INC0007734,1,1,0,0.001978840435880586
INC0007748,1,1,0,0.26140772621921154
INC0007762,1,2,0,0.17132484052395935
INC0007762,2,2,0,0.2868491114527741
INC0007767,1,7,1,0.3297661040748885
INC0007767,2,7,1,0.2990558666095724
INC0007767,3,7,1,0.48102167236781973
INC0007767,4,7,1,0.725293440414226
INC0007767,5,7,1,0.947289214268101
INC0007767,6,7,1,0.932252834864487
INC0007767,7,7,1,0.9386442726523856
INC0007788,1,5,0,0.426907485199907
INC0007788,2,5,0,0.5856525725070839
INC0007788,3,5,0,0.6217186787280595
INC0007788,4,5,0,0.5809229940865983
INC0007788,5,5,0,0.5612768211807255
INC0007798,1,3,1,0.20415852181466776
INC0007798,2,3,1,0.38796419466561394
INC0007798,3,3,1,0.999999995665922
INC0007841,1,2,0,0.4987976330170597
INC0007841,2,2,0,0.4653032972204972
INC0007847,1,3,1,0.9605519965972342
INC0007847,2,3,1,0.9596997638598455
INC0007847,3,3,1,0.9746888597257914
INC0007853,1,5,1,0.7338006372814887
INC0007853,2,5,1,0.8490194226597001
INC0007853,3,5,1,0.9367027201265522
INC0007853,4,5,1,0.956577545800113
INC0007853,5,5,1,0.9835924059883836
INC0007859,1,6,0,0.30099767078620615
INC0007859,2,6,0,0.4815255992591921
INC0007859,3,6,0,0.37053947422201267
INC0007859,4,6,0,0.2097658583496348
INC0007859,5,6,0,0.6277120367820443
INC0007859,6,6,0,0.3829924116165558
INC0007860,1,7,1,0.3298789220261327
INC0007860,2,7,1,0.48294887036239864
INC0007860,3,7,1,0.5658073116358603
INC0007860,4,7,1,0.6797038226255019
INC0007860,5,7,1,0.6693561733223062
INC0007860,6,7,1,0.726804412448691
INC0007860,7,7,1,0.9240157795736923
INC0007868,1,1,0,0.0927494553271377
INC0007869,1,2,0,0.3232483662413927
INC0007869,2,2,0,0.4885566058082958
INC0007904,1,4,0,0.22352201466069105
INC0007904,2,4,0,0.22395117931588823
INC0007904,3,4,0,0.17774231296083895
INC0007904,4,4,0,0.11501542943850078
INC0007935,1,3,0,0.2504280202889539
INC0007935,2,3,0,0.2522461809317637
INC0007935,3,3,0,0.162461093828961
INC0007956,1,5,1,0.30346386799686165
INC0007956,2,5,1,0.28260510891054436
INC0007956,3,5,1,0.30130020728151924
INC0007956,4,5,1,0.4703345351173494
INC0007956,5,5,1,0.9846793399106052
INC0007975,1,7,1,0.383470494649835
INC0007975,2,7,1,0.5403540390019271
INC0007975,3,7,1,0.530515729627243
INC0007975,4,7,1,0.623585799739552
INC0007975,5,7,1,0.6287103988367335
INC0007975,6,7,1,0.6152220689323628
INC0007975,7,7,1,0.9432285743259595
INC0008014,1,8,0,0.564204725904649
INC0008014,2,8,0,0.5057093603577437
INC0008014,3,8,0,0.5040717807915996
INC0008014,4,8,0,0.48585886217064733
INC0008014,5,8,0,0.529377970836018
INC0008014,6,8,0,0.5075035999292298
INC0008014,7,8,0,0.5758379474130404
INC0008014,8,8,0,0.44567172893791335
INC0008039,1,10,1,0.3647704489390425
INC0008039,2,10,1,0.28711224133118957
INC0008039,3,10,1,0.6077921139625261
INC0008039,4,10,1,0.6360370192065941
INC0008039,5,10,1,0.6871920320054768
INC0008039,6,10,1,0.7339157753197931
INC0008039,7,10,1,0.688685614049084
INC0008039,8,10,1,0.8889410693876981
INC0008070,1,5,0,0.22506696628231732
INC0008070,2,5,0,0.3540528675229041
INC0008070,3,5,0,0.3845171138104611
INC0008070,4,5,0,0.3010403383829395
INC0008070,5,5,0,0.26500584634828284
INC0008106,1,3,0,0.32842884023403807
INC0008106,2,3,0,0.410949099659777
INC0008106,3,3,0,0.4496638499060178
INC0008119,1,8,1,0.10708941234508883
INC0008119,2,8,1,0.11777836716143976
INC0008119,3,8,1,0.10862499167543949
INC0008119,4,8,1,0.10544835139976465
INC0008119,5,8,1,0.09691585097206881
INC0008119,6,8,1,0.08387679187838327
INC0008119,7,8,1,0.165590549950329
INC0008119,8,8,1,0.40076829072825043
INC0008126,1,3,0,0.23195743095623153
INC0008126,2,3,0,0.4976862833614377
INC0008126,3,3,0,0.5699055306175459
INC0008133,1,1,0,0.14995544084570323
INC0008140,1,14,0,0.003269835697422728
INC0008140,2,14,0,0.003553396283899716
INC0008140,3,14,0,0.012181391739194388
INC0008140,4,14,0,0.012157518335930125
INC0008140,5,14,0,0.003983553437036577
INC0008140,6,14,0,0.0038138784363933313
INC0008140,7,14,0,0.004797321835949144
INC0008140,8,14,0,0.003605226425906993
INC0008141,1,1,0,0.04443117456078914
INC0008150,1,2,0,0.42825273746848463
INC0008150,2,2,0,0.4747305640099177
INC0008151,1,4,1,0.6802169276951544
INC0008151,2,4,1,0.9995413635696765
INC0008151,3,4,1,0.9999055422653911
INC0008151,4,4,1,0.9999996310400814
INC0008154,1,1,0,0.043954021206896864
INC0008164,1,1,0,0.04421980106517234
INC0008189,1,4,1,0.6641690881363181
INC0008189,2,4,1,0.8350461705959872
INC0008189,3,4,1,0.9067000831890406
INC0008189,4,4,1,0.8856967804565887
INC0008207,1,4,0,0.31247066838057325
INC0008207,2,4,0,0.2811150741013338
INC0008207,3,4,0,0.306869267962102
INC0008207,4,4,0,0.5223008997902011
INC0008224,1,1,1,0.4096913481462339
INC0008227,1,5,1,0.4238759666825347
INC0008227,2,5,1,0.5271915503233942
INC0008227,3,5,1,0.6166003856011872
INC0008227,4,5,1,0.9590722359801402
INC0008227,5,5,1,0.9879825023875016
INC0008232,1,13,1,0.3211351663249004
INC0008232,2,13,1,0.326696137801554
INC0008232,3,13,1,0.46942737159993814
INC0008232,4,13,1,0.5685975317264247
INC0008232,5,13,1,0.9771802936150383
INC0008232,6,13,1,0.9651604825735302
INC0008232,7,13,1,0.958852480131704
INC0008232,8,13,1,0.9897217455057251
INC0008236,1,8,1,0.7624922230617098
INC0008236,2,8,1,0.6589058007755031
INC0008236,3,8,1,0.6306090566451672
INC0008236,4,8,1,0.7529596271299004
INC0008236,5,8,1,0.9085625443745253
INC0008236,6,8,1,0.9253329586827697
INC0008236,7,8,1,0.9442497960952229
INC0008236,8,8,1,0.8640252473887401
INC0008238,1,3,0,0.2816686605138883
INC0008238,2,3,0,0.4264231327460147
INC0008238,3,3,0,0.7133897930023952
INC0008254,1,4,1,0.9879658070048323
INC0008254,2,4,1,0.9920455452453195
INC0008254,3,4,1,0.9999863713935864
INC0008254,4,4,1,0.9999882521736464
INC0008272,1,1,0,0.04784647763236169
INC0008312,1,2,0,0.0520414622487357
INC0008312,2,2,0,0.061467876057396405
INC0008313,1,10,1,0.2848821170603213
INC0008313,2,10,1,0.2880968557202996
INC0008313,3,10,1,0.39515890175917767
INC0008313,4,10,1,0.5657687644543792
INC0008313,5,10,1,0.6315715569862432
INC0008313,6,10,1,0.7895859160778014
INC0008313,7,10,1,0.7642389977592191
INC0008313,8,10,1,0.7669896959216292
INC0008323,1,5,1,0.656102321983574
INC0008323,2,5,1,0.8373728157040529
INC0008323,3,5,1,0.9666006337018371
INC0008323,4,5,1,0.9557271272533361
INC0008323,5,5,1,0.9669665380223675
INC0008325,1,13,1,0.346356885692945
INC0008325,2,13,1,0.5003961424828244
INC0008325,3,13,1,0.402641579179397
INC0008325,4,13,1,0.6067416667539475
INC0008325,5,13,1,0.8460270804515616
INC0008325,6,13,1,0.9558488574682144
INC0008325,7,13,1,0.9553524778872395
INC0008325,8,13,1,0.9825038718660454
INC0008327,1,2,0,0.37749969480859674
INC0008327,2,2,0,0.42265847808764917
INC0008355,1,3,1,0.37680179166068767
INC0008355,2,3,1,0.3368890834829204
INC0008355,3,3,1,0.4671593921615887
INC0008362,1,1,0,0.47874556203138063
INC0008370,1,4,1,0.2742149311787357
INC0008370,2,4,1,0.9573583500733688
INC0008370,3,4,1,0.9790044139594845
INC0008370,4,4,1,0.9865937271644681
INC0008373,1,2,0,0.2725174854664016
INC0008373,2,2,0,0.21019034103490297
INC0008382,1,1,0,0.39578088536952305
INC0008385,1,7,1,0.5716525074309174
INC0008385,2,7,1,0.7583726858818371
INC0008385,3,7,1,0.691495566348501
INC0008385,4,7,1,0.7356842238435012
INC0008385,5,7,1,0.8490955414708004
INC0008385,6,7,1,0.8648530747260849
INC0008385,7,7,1,0.7662504987943609
INC0008402,1,8,0,0.4002546648110271
INC0008402,2,8,0,0.4038367863769815
INC0008402,3,8,0,0.3061362278036518
INC0008402,4,8,0,0.29329736026929754
INC0008402,5,8,0,0.4617689760403057
INC0008402,6,8,0,0.4431237316917676
INC0008402,7,8,0,0.37199436903555294
INC0008402,8,8,0,0.5223995978057037
INC0008436,1,7,1,0.20823482910026386
INC0008436,2,7,1,0.3329002545144295
INC0008436,3,7,1,0.42133040577226577
INC0008436,4,7,1,0.41846816605388426
INC0008436,5,7,1,0.7720644595872365
INC0008436,6,7,1,0.7117705276379916
INC0008436,7,7,1,0.8388900765408618
INC0008437,1,8,1,0.6764106485655073
INC0008437,2,8,1,0.8352189212202722
INC0008437,3,8,1,0.7916820782841228
INC0008437,4,8,1,0.8035246780550708
INC0008437,5,8,1,0.8562473677975797
INC0008437,6,8,1,0.9769727469477346
INC0008437,7,8,1,0.9768870860982094
INC0008437,8,8,1,0.99197845941885
INC0008438,1,4,0,0.8376268969039721
INC0008438,2,4,0,0.909289165678307
INC0008438,3,4,0,0.959220848370611
INC0008438,4,4,0,0.9505007679580934
INC0008448,1,8,1,0.7884776451313829
INC0008448,2,8,1,0.7823227296673418
INC0008448,3,8,1,0.999999997722923
INC0008448,4,8,1,0.9999999991333954
INC0008448,5,8,1,0.9999999996119266
INC0008448,6,8,1,0.9999999994981392
INC0008448,7,8,1,0.9999999998800888
INC0008448,8,8,1,0.9999999999934615
INC0008454,1,2,0,0.34644581440158084
INC0008454,2,2,0,0.5037227327118977
INC0008456,1,3,0,0.24269840459279635
INC0008456,2,3,0,0.1662357452257363
INC0008456,3,3,0,0.1805544456939671
INC0008457,1,5,0,0.16927639980963233
INC0008457,2,5,0,0.2776007101364254
INC0008457,3,5,0,0.7046022177111677
INC0008457,4,5,0,0.7634962062096037
INC0008457,5,5,0,0.701381358700168
INC0008465,1,8,0,0.20067571072992357
INC0008465,2,8,0,0.14956439855194073
INC0008465,3,8,0,0.1378777667074058
INC0008465,4,8,0,0.1799258666641913
INC0008465,5,8,0,0.39278529844897436
INC0008465,6,8,0,0.3794761200432752
INC0008465,7,8,0,0.31459935941911116
INC0008465,8,8,0,0.4863587212037115
INC0008467,1,4,1,0.23358679320707104
INC0008467,2,4,1,0.2266587121047743
INC0008467,3,4,1,0.9880269025291432
INC0008467,4,4,1,0.9955767009011043
INC0008479,1,1,1,0.4138147089864262
INC0008485,1,18,0,0.3009922500784145
INC0008485,2,18,0,0.27724426988958667
INC0008485,3,18,0,0.4513127396911066
INC0008485,4,18,0,0.8183828385282665
INC0008485,5,18,0,0.8189688081644249
INC0008485,6,18,0,0.7974195577378681
INC0008485,7,18,0,0.7851480962452887
INC0008485,8,18,0,0.7805034676950938
INC0008512,1,1,0,0.22061380226348876
INC0008514,1,1,0,0.2520291556248834
INC0008518,1,1,0,0.22185252416107396
INC0008535,1,4,0,0.78154086460497
INC0008535,2,4,0,0.7776086901939412
INC0008535,3,4,0,0.8331227149920184
INC0008535,4,4,0,0.15496238512535662
INC0008543,1,10,1,0.5653212091524125
INC0008543,2,10,1,0.6954458724368239
INC0008543,3,10,1,0.7206156369276376
INC0008543,4,10,1,0.5304707535361817
INC0008543,5,10,1,0.5715703879621625
INC0008543,6,10,1,0.7649273762922497
INC0008543,7,10,1,0.8510865262938897
INC0008543,8,10,1,0.9729963327968413
INC0008545,1,3,1,0.2712416378622325
INC0008545,2,3,1,0.4614263310987557
INC0008545,3,3,1,0.7665487482233256
INC0008568,1,6,1,0.5535399860974178
INC0008568,2,6,1,0.7484632493032138
INC0008568,3,6,1,0.968153089734497
INC0008568,4,6,1,0.9865642653434257
INC0008568,5,6,1,0.9949412591595677
INC0008568,6,6,1,0.9964722754257118
INC0008585,1,3,1,0.5813164559444102
INC0008585,2,3,1,0.7246735055477012
INC0008585,3,3,1,0.9724727970140576
INC0008587,1,3,0,0.20515761653097161
INC0008587,2,3,0,0.3553234574742364
INC0008587,3,3,0,0.3569316413078074
INC0008588,1,18,1,0.6724296384002536
INC0008588,2,18,1,0.6637459215534987
INC0008588,3,18,1,0.7617864639520346
INC0008588,4,18,1,0.8934334041314663
INC0008588,5,18,1,0.988091428331252
INC0008588,6,18,1,0.978969479167264
INC0008588,7,18,1,0.976916029964024
INC0008588,8,18,1,0.9868691985829453
INC0008591,1,8,0,0.5095232717865729
INC0008591,2,8,0,0.1763197083911139
INC0008591,3,8,0,0.516828527136851
INC0008591,4,8,0,0.46896091872009776
INC0008591,5,8,0,0.5432763980286229
INC0008591,6,8,0,0.1739414877982551
INC0008591,7,8,0,0.3999499842041916
INC0008591,8,8,0,0.3582815250320873
INC0008598,1,4,1,0.8607131908179662
INC0008598,2,4,1,0.8774974236308912
INC0008598,3,4,1,0.8672411911972244
INC0008598,4,4,1,0.995406082277856
INC0008599,1,3,0,0.28720191140605633
INC0008599,2,3,0,0.4332726901897796
INC0008599,3,3,0,0.3871609715460786
INC0008610,1,8,1,0.5397789763756953
INC0008610,2,8,1,0.6890169372049496
INC0008610,3,8,1,0.8118513014164618
INC0008610,4,8,1,0.9920118745600701
INC0008610,5,8,1,0.9968214076967812
INC0008610,6,8,1,0.9839560522592
INC0008610,7,8,1,0.9985419604764659
INC0008610,8,8,1,0.9984778915861864
INC0008611,1,10,1,0.24708830980205745
INC0008611,2,10,1,0.5553622853870308
INC0008611,3,10,1,0.5320832836423816
INC0008611,4,10,1,0.69558107999896
INC0008611,5,10,1,0.672945737294381
INC0008611,6,10,1,0.6721801551421122
INC0008611,7,10,1,0.8300321724452523
INC0008611,8,10,1,0.8601324424369435
INC0008615,1,2,1,0.9637462485016121
INC0008615,2,2,1,0.9861626669368195
INC0008644,1,1,0,0.044445448844475384
INC0008648,1,10,1,0.3291203854985903
INC0008648,2,10,1,0.36247019984327244
INC0008648,3,10,1,0.47174489200207154
INC0008648,4,10,1,0.9970181107836478
INC0008648,5,10,1,0.9984380774020764
INC0008648,6,10,1,0.9977049832787821
INC0008648,7,10,1,0.9994956326189867
INC0008648,8,10,1,0.9997506904647075
INC0008649,1,4,1,0.44423797264426634
INC0008649,2,4,1,0.5250644839868003
INC0008649,3,4,1,0.5317898024960543
INC0008649,4,4,1,0.9512202086591035
INC0008656,1,5,1,0.5971599304461492
INC0008656,2,5,1,0.9926803966997055
INC0008656,3,5,1,0.997495338818106
INC0008656,4,5,1,0.9997803991803632
INC0008656,5,5,1,0.9997408965603989
INC0008695,1,4,1,0.6794190133770698
INC0008695,2,4,1,0.9664004174135814
INC0008695,3,4,1,0.9914457577243658
INC0008695,4,4,1,0.9908917620287185
INC0008707,1,8,1,0.16053813621488192
INC0008707,2,8,1,0.4876787994937697
INC0008707,3,8,1,0.8085224800319907
INC0008707,4,8,1,0.8221079778992005
INC0008707,5,8,1,0.8179060499956746
INC0008707,6,8,1,0.7517181024355161
INC0008707,7,8,1,0.8375679552506415
INC0008707,8,8,1,0.9846629626271205
INC0008741,1,2,1,0.7834006998981732
INC0008741,2,2,1,0.7472137204625721
INC0008743,1,5,1,0.13818831612673438
INC0008743,2,5,1,0.24811015775956705
INC0008743,3,5,1,0.8431873021476362
INC0008743,4,5,1,0.8992869904446253
INC0008743,5,5,1,0.9322773868875571
INC0008752,1,7,1,0.3093462206308212
INC0008752,2,7,1,0.30113076941226163
INC0008752,3,7,1,0.2818974035363118
INC0008752,4,7,1,0.2846959033941077
INC0008752,5,7,1,0.6718583275237348
INC0008752,6,7,1,0.9999999938702362
INC0008752,7,7,1,0.999999991785388
INC0008753,1,4,0,0.24273793184433395
INC0008753,2,4,0,0.40243744435971385
INC0008753,3,4,0,0.4060306840861292
INC0008753,4,4,0,0.3628435689160468
INC0008782,1,2,1,0.20820704186493888
INC0008782,2,2,1,0.556664404205036
INC0008795,1,9,1,0.5309081719502576
INC0008795,2,9,1,0.5237279175523024
INC0008795,3,9,1,0.17759182882746075
INC0008795,4,9,1,0.3725174244466257
INC0008795,5,9,1,0.44846367316687513
INC0008795,6,9,1,0.9384531441287586
INC0008795,7,9,1,0.9284908169789896
INC0008795,8,9,1,0.8838668019458317
INC0008818,1,5,1,0.3737750227214813
INC0008818,2,5,1,0.271128283715515
INC0008818,3,5,1,0.3864003083490832
INC0008818,4,5,1,0.709734564174611
INC0008818,5,5,1,0.9999644389461715
INC0008863,1,3,0,0.24930305820151838
INC0008863,2,3,0,0.5645128697355319
INC0008863,3,3,0,0.6894833906121821
INC0008887,1,4,1,0.5647623499276431
INC0008887,2,4,1,0.5514596945377742
INC0008887,3,4,1,0.6904474051853356
INC0008887,4,4,1,0.9315535011663697
INC0008897,1,4,1,0.2548761250307596
INC0008897,2,4,1,0.38752367445831853
INC0008897,3,4,1,0.5498308074716617
INC0008897,4,4,1,0.9265644331779429
INC0008900,1,4,0,0.25264224133933677
INC0008900,2,4,0,0.4885314276549639
INC0008900,3,4,0,0.5016685636495911
INC0008900,4,4,0,0.49861315220120284
INC0008925,1,5,1,0.7125134985504674
INC0008925,2,5,1,0.9298324515769565
INC0008925,3,5,1,0.9278540663592928
INC0008925,4,5,1,0.96117184647915
INC0008925,5,5,1,0.9994430856528933
INC0008926,1,2,0,0.2581061309808917
INC0008926,2,2,0,0.22134292051981114
INC0008963,1,6,1,0.19611463393206616
INC0008963,2,6,1,0.29568380011315826
INC0008963,3,6,1,0.8923208711511683
INC0008963,4,6,1,0.9502144116498668
INC0008963,5,6,1,0.948600876854671
INC0008963,6,6,1,0.9619875031020158
INC0008986,1,3,0,0.2988253516771509
INC0008986,2,3,0,0.44644728351088625
INC0008986,3,3,0,0.29028666047417856
INC0008990,1,3,0,0.2278098709805952
INC0008990,2,3,0,0.28994693219089207
INC0008990,3,3,0,0.3433755225020986
INC0009037,1,4,0,0.2669256201215217
INC0009037,2,4,0,0.20369804156570276
INC0009037,3,4,0,0.283028447624326
INC0009037,4,4,0,0.25067781999049
INC0009070,1,12,0,0.38788216502901507
INC0009070,2,12,0,0.42415311086281887
INC0009070,3,12,0,0.566815604093773
INC0009070,4,12,0,0.5491396355292448
INC0009070,5,12,0,0.3807329420368071
INC0009070,6,12,0,0.37433592516783987
INC0009070,7,12,0,0.4088405448356419
INC0009070,8,12,0,0.39635295626708056
INC0009071,1,2,0,0.6208124215511878
INC0009071,2,2,0,0.5187910064113408
INC0009089,1,8,1,0.22047448006885828
INC0009089,2,8,1,0.17114694933627378
INC0009089,3,8,1,0.17646904745226152
INC0009089,4,8,1,0.27343928686696956
INC0009089,5,8,1,0.9608903237045396
INC0009089,6,8,1,0.9680353538667267
INC0009089,7,8,1,0.9989970130673521
INC0009089,8,8,1,0.9992284846865517
INC0009112,1,1,0,0.0624511798458911
INC0009146,1,6,1,0.28416507833131716
INC0009146,2,6,1,0.28645511927941814
INC0009146,3,6,1,0.3437722402782695
INC0009146,4,6,1,0.4308537675198009
INC0009146,5,6,1,0.9892076990777274
INC0009146,6,6,1,0.9885197406016026
INC0009147,1,4,1,0.9807522431740086
INC0009147,2,4,1,0.9899357975911822
INC0009147,3,4,1,0.9850374731761392
INC0009147,4,4,1,0.9742777710986545
INC0009154,1,2,0,0.35083025790777905
INC0009154,2,2,0,0.36777656850169443
INC0009159,1,3,0,0.5070436686817945
INC0009159,2,3,0,0.5051551670441183
INC0009159,3,3,0,0.36961174014790815
INC0009169,1,1,0,0.09493109879142862
INC0009172,1,5,1,0.46688986722656184
INC0009172,2,5,1,0.4533751188413835
INC0009172,3,5,1,0.5732784676248577
INC0009172,4,5,1,0.42963163814020433
INC0009172,5,5,1,0.5401971658064066
INC0009194,1,1,0,0.1448633263694675
INC0009199,1,5,0,0.3676109325438466
INC0009199,2,5,0,0.3591628977982362
INC0009199,3,5,0,0.4423222507599668
INC0009199,4,5,0,0.4946014045743808
INC0009199,5,5,0,0.5430553874593608
INC0009214,1,1,0,0.3730919250021731
INC0009225,1,6,0,0.22983473221326764
INC0009225,2,6,0,0.3111598684053234
INC0009225,3,6,0,0.18471748139077318
INC0009225,4,6,0,0.1604258856394955
INC0009225,5,6,0,0.5036686837922922
INC0009225,6,6,0,0.38875904844210424
INC0009245,1,3,1,0.5622853798768521
INC0009245,2,3,1,0.6609786379794845
INC0009245,3,3,1,0.9545921318194391
INC0009255,1,1,0,0.41739288487488213
INC0009264,1,1,0,0.1592750932217101
INC0009276,1,1,0,0.08421687577598524
INC0009292,1,6,0,0.33648375894931326
INC0009292,2,6,0,0.4902333800069679
INC0009292,3,6,0,0.43150120363945615
INC0009292,4,6,0,0.6294608888843256
INC0009292,5,6,0,0.6920827294661456
INC0009292,6,6,0,0.7253862426413626
INC0009294,1,1,0,0.06169207662975274
INC0009299,1,1,0,0.24191272534743113
INC0009301,1,11,0,0.2334040089607796
INC0009301,2,11,0,0.18691391840346058
INC0009301,3,11,0,0.23730756311441487
INC0009301,4,11,0,0.1099809946814322
INC0009301,5,11,0,0.10661624948208755
INC0009301,6,11,0,0.0904496716314695
INC0009301,7,11,0,0.10277065140888877
INC0009301,8,11,0,0.12028630904318034
INC0009316,1,1,0,0.08493369730383701
INC0009319,1,3,0,0.7397276296176447
INC0009319,2,3,0,0.7013196730552359
INC0009319,3,3,0,0.8604812183282907
INC0009327,1,4,0,0.2758905450147893
INC0009327,2,4,0,0.29936298087151564
INC0009327,3,4,0,0.2807221545420613
INC0009327,4,4,0,0.24951533970754078
INC0009329,1,2,0,0.6714037864083094
INC0009329,2,2,0,0.6539417290979431
INC0009337,1,3,1,0.6136586312472522
INC0009337,2,3,1,0.5903167186718822
INC0009337,3,3,1,0.7749351321084028
INC0009356,1,5,0,0.40897068122908725
INC0009356,2,5,0,0.550968878127108
INC0009356,3,5,0,0.6737122274801187
INC0009356,4,5,0,0.8322192999334141
INC0009356,5,5,0,0.8703792092092332
INC0009360,1,3,1,0.33203689277637954
INC0009360,2,3,1,0.9129772680418069
INC0009360,3,3,1,0.9795372771743125
INC0009367,1,1,0,0.1773923646812757
INC0009370,1,6,1,0.37164922280192114
INC0009370,2,6,1,0.2939014328021209
INC0009370,3,6,1,0.3768506543850342
INC0009370,4,6,1,0.442432279816223
INC0009370,5,6,1,0.46027107769586484
INC0009370,6,6,1,0.5157311612645812
INC0009378,1,6,1,0.5156068841862442
INC0009378,2,6,1,0.33220186772628074
INC0009378,3,6,1,0.30793252866148335
INC0009378,4,6,1,0.4616319429187067
INC0009378,5,6,1,0.5342247961472085
INC0009378,6,6,1,0.8184324548707218
INC0009382,1,3,0,0.5515801860599421
INC0009382,2,3,0,0.31845418534589603
INC0009382,3,3,0,0.26530423576648055
INC0009397,1,1,0,0.3740824112847061
INC0009414,1,5,0,0.4796064762679858
INC0009414,2,5,0,0.6031713361632833
INC0009414,3,5,0,0.5861186695908895
INC0009414,4,5,0,0.673877540205787
INC0009414,5,5,0,0.9085570151465839
INC0009418,1,3,0,0.7713326474290852
INC0009418,2,3,0,0.5672790018687504
INC0009418,3,3,0,0.62403706786217
INC0009437,1,2,0,0.43373530175545594
INC0009437,2,2,0,0.309108465288689
INC0009446,1,2,1,0.4208104943390902
INC0009446,2,2,1,0.9811350448991857
INC0009451,1,3,0,0.2779902779823966
INC0009451,2,3,0,0.28383706687917515
INC0009451,3,3,0,0.2585799212247111
INC0009502,1,6,0,0.20496527038963533
INC0009502,2,6,0,0.23689150488710808
INC0009502,3,6,0,0.22048934623777725
INC0009502,4,6,0,0.1990294927526959
INC0009502,5,6,0,0.24629819616283247
INC0009502,6,6,0,0.2781622766595734
INC0009503,1,3,1,0.2847884162105628
INC0009503,2,3,1,0.4522741553089443
INC0009503,3,3,1,0.9478773468224944
INC0009531,1,3,0,0.289756990476521
INC0009531,2,3,0,0.17925536304398984
INC0009531,3,3,0,0.1665639164845488
INC0009532,1,20,1,0.4271987473443755
INC0009532,2,20,1,0.5782313153631247
INC0009532,3,20,1,0.5553961426542818
INC0009532,4,20,1,0.6101011050851777
INC0009532,5,20,1,0.7274882919637673
INC0009532,6,20,1,0.7549945716788953
INC0009532,7,20,1,0.6340702902151001
INC0009532,8,20,1,0.9805047994270819
INC0009586,1,3,1,0.34597232103194675
INC0009586,2,3,1,0.31137380398581577
INC0009586,3,3,1,0.625875895875582
INC0009613,1,2,1,0.32611288399875993
INC0009613,2,2,1,0.3429545490823138
INC0009652,1,6,0,0.25479727702962973
INC0009652,2,6,0,0.29748578912695506
INC0009652,3,6,0,0.3511780225634081
INC0009652,4,6,0,0.3893123629527059
INC0009652,5,6,0,0.46764949844306997
INC0009652,6,6,0,0.5956658090248599
INC0009690,1,3,0,0.7748302854790828
INC0009690,2,3,0,0.5817281250779247
INC0009690,3,3,0,0.6258923883423232
INC0009695,1,2,0,0.3490911016614443
INC0009695,2,2,0,0.44183538984925474
INC0009704,1,7,0,0.45539842037090894
INC0009704,2,7,0,0.44596083624747324
INC0009704,3,7,0,0.5689871655588855
INC0009704,4,7,0,0.590191249658598
INC0009704,5,7,0,0.5796580718581043
INC0009704,6,7,0,0.5464888477947571
INC0009704,7,7,0,0.26669411012476035
INC0009719,1,1,0,0.09540925189299267
INC0009746,1,1,0,0.21336512659181134
INC0009772,1,3,0,0.3099846795295704
INC0009772,2,3,0,0.282034588111628
INC0009772,3,3,0,0.34147414176849783
INC0009787,1,3,1,0.1370154860793054
INC0009787,2,3,1,0.19394973450076244
INC0009787,3,3,1,0.37061685434588404
INC0009818,1,3,0,0.4184789641003817
INC0009818,2,3,0,0.26567296068805146
INC0009818,3,3,0,0.2939006344097193
INC0009830,1,8,1,0.4852042515458303
INC0009830,2,8,1,0.5265165517931215
INC0009830,3,8,1,0.5139434686710309
INC0009830,4,8,1,0.5851743428617339
INC0009830,5,8,1,0.336692690510407
INC0009830,6,8,1,0.6163650598756896
INC0009830,7,8,1,0.9770722718219107
INC0009830,8,8,1,0.9797497076809191
INC0009857,1,3,0,0.5640163585276284
INC0009857,2,3,0,0.5464534307358667
INC0009857,3,3,0,0.7331098210124896
INC0009866,1,1,0,0.18581372474850855
INC0009870,1,3,0,0.6640382414851815
INC0009870,2,3,0,0.6757270895756861
INC0009870,3,3,0,0.39494997875604193
INC0009877,1,6,1,0.42788274910476226
INC0009877,2,6,1,0.3235600687544308
INC0009877,3,6,1,0.25787731500540423
INC0009877,4,6,1,0.55309406129871
INC0009877,5,6,1,0.3428884962968513
INC0009877,6,6,1,0.34377927151718857
INC0009888,1,1,0,0.04846417356096702
INC0009896,1,2,0,0.4923704072026274
INC0009896,2,2,0,0.6292744349735909
INC0009909,1,1,1,0.6962875548146046
INC0009926,1,7,0,0.5401978039307249
INC0009926,2,7,0,0.5051346911113652
INC0009926,3,7,0,0.3249542179882434
INC0009926,4,7,0,0.34902822781144827
INC0009926,5,7,0,0.3275884834134189
INC0009926,6,7,0,0.3078619672741975
INC0009926,7,7,0,0.2927406404705253
INC0009938,1,4,0,0.12414461754581863
INC0009938,2,4,0,0.088943373000129
INC0009938,3,4,0,0.08592602211695784
INC0009938,4,4,0,0.07215058502353922
INC0009940,1,13,1,0.1724883197756249
INC0009940,2,13,1,0.32212801658277673
INC0009940,3,13,1,0.4340178754115651
INC0009940,4,13,1,0.8921239006044789
INC0009940,5,13,1,0.8963524998830654
INC0009940,6,13,1,0.9411705698734976
INC0009940,7,13,1,0.9653596518129539
INC0009940,8,13,1,0.9674800687211514
INC0009955,1,1,0,0.18051401862195082
INC0009957,1,2,0,0.051532481911460384
INC0009957,2,2,0,0.10225453163783546
INC0009960,1,16,1,0.6818818859917983
INC0009960,2,16,1,0.6510097950634048
INC0009960,3,16,1,0.7827062827043404
INC0009960,4,16,1,0.8379213154579774
INC0009960,5,16,1,0.8373616058273978
INC0009960,6,16,1,0.9961418905462651
INC0009960,7,16,1,0.9995834888278942
INC0009960,8,16,1,0.9992676851697048
INC0009968,1,4,0,0.29289053797952486
INC0009968,2,4,0,0.44006832145045643
INC0009968,3,4,0,0.3937358377404037
INC0009968,4,4,0,0.441811287989297
INC0009971,1,1,0,0.04983061030931443
INC0010026,1,1,0,0.13732539080187384
INC0010040,1,5,1,0.243569787336707
INC0010040,2,5,1,0.3623861877238865
INC0010040,3,5,1,0.581823250343848
INC0010040,4,5,1,0.9523470115515091
INC0010040,5,5,1,0.9626445791680039
INC0010068,1,2,0,0.36875097789553096
INC0010068,2,2,0,0.4134734488570041
INC0010073,1,3,1,0.6429185288597523
INC0010073,2,3,1,0.9901944696432816
INC0010073,3,3,1,0.9999848256211809
INC0010101,1,9,1,0.31260238135509066
INC0010101,2,9,1,0.4951709583918443
INC0010101,3,9,1,0.5253913305091351
INC0010101,4,9,1,0.3560510181275903
INC0010101,5,9,1,0.5226468568318687
INC0010101,6,9,1,0.5259289142719187
INC0010101,7,9,1,0.8821487321986402
INC0010101,8,9,1,0.8885613691208389
INC0010111,1,2,0,0.18433420461308755
INC0010111,2,2,0,0.40165608579389267
INC0010115,1,2,1,0.5169250615820613
INC0010115,2,2,1,0.992746663231853
INC0010140,1,2,0,0.15032907227033682
INC0010140,2,2,0,0.19442333130847939
INC0010160,1,2,0,0.2798810213192265
INC0010160,2,2,0,0.39168885711531803
INC0010175,1,6,0,0.7457249877949298
INC0010175,2,6,0,0.6591356118090774
INC0010175,3,6,0,0.6276991362371405
INC0010175,4,6,0,0.6417865453238734
INC0010175,5,6,0,0.34816322410914
INC0010175,6,6,0,0.4840021593458986
INC0010180,1,4,0,0.29331208751773813
INC0010180,2,4,0,0.32848267606522674
INC0010180,3,4,0,0.5008153335655722
INC0010180,4,4,0,0.5744792053723649
INC0010208,1,13,0,0.2656621165091135
INC0010208,2,13,0,0.43015616842894966
INC0010208,3,13,0,0.5867483603083095
INC0010208,4,13,0,0.5184075551384705
INC0010208,5,13,0,0.9936578163829959
INC0010208,6,13,0,0.9945133701618628
INC0010208,7,13,0,0.9936986184957914
INC0010208,8,13,0,0.9975992475922837
INC0010240,1,1,0,0.2632280524426368
INC0010241,1,4,1,0.1943550105459934
INC0010241,2,4,1,0.19975471652243385
INC0010241,3,4,1,0.23062629224769585
INC0010241,4,4,1,0.29888173295754006
INC0010250,1,3,0,0.18813216034977331
INC0010250,2,3,0,0.213079088270093
INC0010250,3,3,0,0.1978981072517268
INC0010253,1,2,0,0.2249657945513778
INC0010253,2,2,0,0.1658205880776894
INC0010269,1,3,0,0.09912606380755846
INC0010269,2,3,0,0.1939754030730875
INC0010269,3,3,0,0.19438796724952967
INC0010281,1,2,0,0.31430892271614513
INC0010281,2,2,0,0.4018568314402422
INC0010298,1,2,0,0.48296993320222575
INC0010298,2,2,0,0.6666714771352128
INC0010316,1,3,1,0.8559562131441525
INC0010316,2,3,1,0.9983268545934336
INC0010316,3,3,1,0.9993633832446955
INC0010330,1,9,1,0.2663259237308038
INC0010330,2,9,1,0.24021176892504326
INC0010330,3,9,1,0.2563592988357427
INC0010330,4,9,1,0.4481853552551029
INC0010330,5,9,1,0.7479897949163757
INC0010330,6,9,1,0.7323542360279979
INC0010330,7,9,1,0.9999999870883844
INC0010330,8,9,1,0.9999999475473488
INC0010353,1,7,0,0.0060815648166925385
INC0010353,2,7,0,0.01147672219795828
INC0010353,3,7,0,0.02267591528628632
INC0010353,4,7,0,0.020941921196441688
INC0010353,5,7,0,0.988698912619787
INC0010353,6,7,0,0.9922382104838915
INC0010353,7,7,0,0.9933114945202131
INC0010355,1,8,1,0.20979264040803153
INC0010355,2,8,1,0.18820515592920803
INC0010355,3,8,1,0.22889090321862807
INC0010355,4,8,1,0.21308595497500524
INC0010355,5,8,1,0.27230319659430285
INC0010355,6,8,1,0.25374474018370324
INC0010355,7,8,1,0.7289462562076846
INC0010355,8,8,1,0.7005096550858927
INC0010362,1,7,1,0.17893415790952796
INC0010362,2,7,1,0.2367747846733269
INC0010362,3,7,1,0.224167513242539
INC0010362,4,7,1,0.21694436283387306
INC0010362,5,7,1,0.3929979263455506
INC0010362,6,7,1,0.9067933561380342
INC0010362,7,7,1,0.9083994715728373
INC0010411,1,11,1,0.341283351651375
INC0010411,2,11,1,0.5318540053079966
INC0010411,3,11,1,0.9848755865914846
INC0010411,4,11,1,0.9883596864756299
INC0010411,5,11,1,0.9957519864850857
INC0010411,6,11,1,0.9956393353452623
INC0010411,7,11,1,0.9989793156061691
INC0010411,8,11,1,0.9984637368243496
INC0010420,1,1,0,0.16790632934170233
INC0010423,1,11,1,0.5868365943050817
INC0010423,2,11,1,0.7317886522179697
INC0010423,3,11,1,0.8463278422588338
INC0010423,4,11,1,0.9748202509152878
INC0010423,5,11,1,0.9915169776855197
INC0010423,6,11,1,0.9911068788465797
INC0010423,7,11,1,0.9906498129192984
INC0010423,8,11,1,0.9878871364787367
INC0010455,1,3,0,0.06925115232861127
INC0010455,2,3,0,0.08015122064744344
INC0010455,3,3,0,0.07296324626696463
INC0010472,1,1,1,0.33326680738598063
INC0010489,1,3,0,0.11458056408199119
INC0010489,2,3,0,0.12509952469738087
INC0010489,3,3,0,0.1352271096679115
INC0010507,1,12,1,0.3373102704190045
INC0010507,2,12,1,0.37046414186709814
INC0010507,3,12,1,0.26478148931703077
INC0010507,4,12,1,0.3714312934095934
INC0010507,5,12,1,0.4095310707853843
INC0010507,6,12,1,0.9301900898573352
INC0010507,7,12,1,0.8864751287632509
INC0010507,8,12,1,0.9013941559215967
INC0010535,1,4,1,0.34345494752722466
INC0010535,2,4,1,0.617520324083054
INC0010535,3,4,1,0.9445652272154882
INC0010535,4,4,1,0.9999840464619411
INC0010565,1,13,1,0.1734133009784124
INC0010565,2,13,1,0.19827836791897077
INC0010565,3,13,1,0.19116859195295566
INC0010565,4,13,1,0.37766948797104527
INC0010565,5,13,1,0.4433569036278658
INC0010565,6,13,1,0.4956042719667776
INC0010565,7,13,1,0.7137009744017294
INC0010565,8,13,1,0.6993029453954318
INC0010582,1,1,0,0.674127370714605
INC0010583,1,1,0,0.3191203961868342
INC0010595,1,1,0,0.3130422277540023
INC0010607,1,2,1,0.35371264286738024
INC0010607,2,2,1,0.886022180462717
INC0010631,1,6,1,0.5359512516680758
INC0010631,2,6,1,0.5215223231537425
INC0010631,3,6,1,0.468347361564865
INC0010631,4,6,1,0.578294505819317
INC0010631,5,6,1,0.9703482142994689
INC0010631,6,6,1,0.9690583627191088
INC0010638,1,17,1,0.41516914265811444
INC0010638,2,17,1,0.5678691114387605
INC0010638,3,17,1,0.9372587008113926
INC0010638,4,17,1,0.9590696895703804
INC0010638,5,17,1,0.9802388922862182
INC0010638,6,17,1,0.9966474337259991
INC0010638,7,17,1,0.9941197925994278
INC0010638,8,17,1,0.9930556585096455
INC0010659,1,1,0,0.20644714924796595
INC0010662,1,2,0,0.3216945480118711
INC0010662,2,2,0,0.29239261205682493
INC0010673,1,5,0,0.2436024718667541
INC0010673,2,5,0,0.27175221032582253
INC0010673,3,5,0,0.272698055091923
INC0010673,4,5,0,0.2583331839433192
INC0010673,5,5,0,0.2411806414710416
INC0010676,1,18,1,0.4928197223243993
INC0010676,2,18,1,0.6468324327513241
INC0010676,3,18,1,0.7480859521130471
INC0010676,4,18,1,0.9889890594770258
INC0010676,5,18,1,0.9911530588208219
INC0010676,6,18,1,0.9989801823497444
INC0010676,7,18,1,0.9988232060111464
INC0010676,8,18,1,0.9988243823014363
INC0010699,1,4,1,0.5869687265642418
INC0010699,2,4,1,0.9763908893170699
INC0010699,3,4,1,0.98403186329871
INC0010699,4,4,1,0.9975381087944403
INC0010704,1,14,1,0.3254732250601686
INC0010704,2,14,1,0.3349421245688485
INC0010704,3,14,1,0.415871091276225
INC0010704,4,14,1,0.5765284222659023
INC0010704,5,14,1,0.9940224536526712
INC0010704,6,14,1,0.998552737934821
INC0010704,7,14,1,0.9969744387209687
INC0010704,8,14,1,0.9965651838717271
INC0010717,1,2,0,0.24836432558759527
INC0010717,2,2,0,0.43247506038184497
INC0010733,1,1,0,0.12278295723488916
INC0010737,1,2,0,0.3875656969948704
INC0010737,2,2,0,0.3635393040110051
INC0010782,1,3,1,0.2902684124200831
INC0010782,2,3,1,0.5660173393258054
INC0010782,3,3,1,0.9919542654261115
INC0010786,1,6,1,0.32003604746622016
INC0010786,2,6,1,0.33338682762020005
INC0010786,3,6,1,0.19921936675379034
INC0010786,4,6,1,0.4568577142334781
INC0010786,5,6,1,0.9764780561194831
INC0010786,6,6,1,0.9971501490923986
INC0010801,1,2,0,0.16658303779874103
INC0010801,2,2,0,0.18933888772802976
INC0010809,1,2,0,0.3330259374178735
INC0010809,2,2,0,0.4864960266017631
INC0010823,1,6,0,0.23314471743441745
INC0010823,2,6,0,0.36613322400372506
INC0010823,3,6,0,0.3875753820442737
INC0010823,4,6,0,0.1885194888473267
INC0010823,5,6,0,0.20495627182523368
INC0010823,6,6,0,0.18976864846258237
INC0010825,1,5,0,0.20149903346758374
INC0010825,2,5,0,0.2286162674587734
INC0010825,3,5,0,0.21397869941082728
INC0010825,4,5,0,0.277868397570025
INC0010825,5,5,0,0.19899178628386766
INC0010852,1,5,1,0.20197305126855641
INC0010852,2,5,1,0.22479379952544062
INC0010852,3,5,1,0.21019127113222447
INC0010852,4,5,1,0.2783301084471946
INC0010852,5,5,1,0.23370165412260333
INC0010898,1,7,1,0.7408492924521076
INC0010898,2,7,1,0.9942875680938108
INC0010898,3,7,1,0.9986097228527221
INC0010898,4,7,1,0.999021602120725
INC0010898,5,7,1,0.9993882349321375
INC0010898,6,7,1,0.9998568239189967
INC0010898,7,7,1,0.9998498259356601
INC0010899,1,1,0,0.040355342472287836
INC0010941,1,2,0,0.2769375294146526
INC0010941,2,2,0,0.4855990856768744
INC0010946,1,5,1,0.8008574887867078
INC0010946,2,5,1,0.9084220053170909
INC0010946,3,5,1,0.9675710019260473
INC0010946,4,5,1,0.9820595856986937
INC0010946,5,5,1,0.9735184186873324
INC0010972,1,4,1,0.25008068067863926
INC0010972,2,4,1,0.41825622865125556
INC0010972,3,4,1,0.3665119704585145
INC0010972,4,4,1,0.9533506858954093
INC0010982,1,3,0,0.2229108909022892
INC0010982,2,3,0,0.49435161028911895
INC0010982,3,3,0,0.5032376552636538
INC0010984,1,3,1,0.19073746197911334
INC0010984,2,3,1,0.31183799375397975
INC0010984,3,3,1,0.7758148851424271
INC0010990,1,2,0,0.4101227576522184
INC0010990,2,2,0,0.2894269724639578
INC0011005,1,1,0,0.04221588445774538
INC0011034,1,2,0,0.35728293219435714
INC0011034,2,2,0,0.36924838362511003
INC0011038,1,1,0,0.14894341283499082
INC0011045,1,2,1,0.3545716253538077
INC0011045,2,2,1,0.392563909962995
INC0011064,1,3,0,0.20832964869094509
INC0011064,2,3,0,0.18546591070610624
INC0011064,3,3,0,0.23743353158954214
INC0011090,1,4,0,0.20556366642457155
INC0011090,2,4,0,0.18702852225954206
INC0011090,3,4,0,0.20386646208766734
INC0011090,4,4,0,0.18986490636689635
INC0011091,1,5,0,0.44188055695656564
INC0011091,2,5,0,0.48131721199840094
INC0011091,3,5,0,0.5492418700685223
INC0011091,4,5,0,0.4343293704628636
INC0011091,5,5,0,0.4197565366655072
INC0011100,1,2,1,0.4758432490437021
INC0011100,2,2,1,0.6763456125366692
INC0011129,1,10,1,0.5467171204364648
INC0011129,2,10,1,0.7394094370012224
INC0011129,3,10,1,0.8878014730788626
INC0011129,4,10,1,0.882071604146732
INC0011129,5,10,1,0.9274030640175395
INC0011129,6,10,1,0.979606718154526
INC0011129,7,10,1,0.9949964559108034
INC0011129,8,10,1,0.9949933476362056
INC0011147,1,5,1,0.39935200535401566
INC0011147,2,5,1,0.5315950926492091
INC0011147,3,5,1,0.6986794896643951
INC0011147,4,5,1,0.8416417593182051
INC0011147,5,5,1,0.9349203253981684
INC0011189,1,11,1,0.5246803773007275
INC0011189,2,11,1,0.49409470076705886
INC0011189,3,11,1,0.7037409315650658
INC0011189,4,11,1,0.8373104459573427
INC0011189,5,11,1,0.8240415165049962
INC0011189,6,11,1,0.7666703202690098
INC0011189,7,11,1,0.9031386454455811
INC0011189,8,11,1,0.9505221355340205
INC0011193,1,3,0,0.1769172183781908
INC0011193,2,3,0,0.5261549010031531
INC0011193,3,3,0,0.6265118475130681
INC0011197,1,2,0,0.3353501182620293
INC0011197,2,2,0,0.663493043581645
INC0011218,1,5,1,0.35822823535632403
INC0011218,2,5,1,0.5090370023837898
INC0011218,3,5,1,0.9840362308394586
INC0011218,4,5,1,0.9900441737347212
INC0011218,5,5,1,0.9968852065851621
INC0011222,1,3,0,0.25487648447976446
INC0011222,2,3,0,0.39182876707001624
INC0011222,3,3,0,0.8038837072969973
INC0011242,1,7,0,0.15505005887322154
INC0011242,2,7,0,0.23522849942604374
INC0011242,3,7,0,0.2746871027569155
INC0011242,4,7,0,0.2113238407473921
INC0011242,5,7,0,0.22039398802462462
INC0011242,6,7,0,0.3026459662672319
INC0011242,7,7,0,0.27997980890191937
INC0011249,1,2,0,0.819313619905738
INC0011249,2,2,0,0.9428824639041511
INC0011268,1,7,1,0.2665278701236538
INC0011268,2,7,1,0.4124327610804559
INC0011268,3,7,1,0.8539595151289112
INC0011268,4,7,1,0.8493590077796133
INC0011268,5,7,1,0.8537455178873758
INC0011268,6,7,1,0.930572906560348
INC0011268,7,7,1,0.999999984000814
INC0011269,1,3,0,0.3715149678598785
INC0011269,2,3,0,0.36394803220585326
INC0011269,3,3,0,0.3916416108930778
INC0011280,1,3,1,0.4270505279586559
INC0011280,2,3,1,0.6081158808295128
INC0011280,3,3,1,0.9954428579725817
INC0011284,1,6,1,0.5189585959909343
INC0011284,2,6,1,0.5104758379991903
INC0011284,3,6,1,0.5015312731107983
INC0011284,4,6,1,0.9929688333116592
INC0011284,5,6,1,0.9986527561134544
INC0011284,6,6,1,0.9988176993019172
INC0011320,1,4,1,0.2613822840811207
INC0011320,2,4,1,0.1748103890441972
INC0011320,3,4,1,0.8886131714720217
INC0011320,4,4,1,0.906908011970332
INC0011321,1,3,1,0.4574853512141064
INC0011321,2,3,1,0.4612823199736993
INC0011321,3,3,1,0.5573890010397103
INC0011354,1,2,0,0.07229431785992922
INC0011354,2,2,0,0.04396798232354676
INC0011375,1,2,0,0.20837884659779346
INC0011375,2,2,0,0.23038061158871279
INC0011381,1,5,1,0.20213650690360435
INC0011381,2,5,1,0.40896359699541646
INC0011381,3,5,1,0.4516529230200136
INC0011381,4,5,1,0.488274460441239
INC0011381,5,5,1,0.5660257105344357
INC0011435,1,2,0,0.030938006179963933
INC0011435,2,2,0,0.03560068608623573
INC0011436,1,5,1,0.07019391349211658
INC0011436,2,5,1,0.07074363616493282
INC0011436,3,5,1,0.10965993270872466
INC0011436,4,5,1,0.9618088131471921
INC0011436,5,5,1,0.9574015306391873
INC0011441,1,1,0,0.030960534287289284
INC0011457,1,4,0,0.10934748310761146
INC0011457,2,4,0,0.10409882242013407
INC0011457,3,4,0,0.09579017789579325
INC0011457,4,4,0,0.08801363746799316
INC0011472,1,1,0,0.034206426283480605
INC0011486,1,1,0,0.035430509302685355
INC0011491,1,3,0,0.33018316364487343
INC0011491,2,3,0,0.32099839219882503
INC0011491,3,3,0,0.38203057288571995
INC0011536,1,1,0,0.3578090247485295
INC0011550,1,3,1,0.19514429201278505
INC0011550,2,3,1,0.4643921263885307
INC0011550,3,3,1,0.36730008886561344
INC0011559,1,1,0,0.03224091290171121
INC0011584,1,1,0,0.33025092483659285
INC0011599,1,1,0,0.0646203216562527
INC0011616,1,2,0,0.0725849393369358
INC0011616,2,2,0,0.04495888746558886
INC0011617,1,1,0,0.041285288927678014
INC0011619,1,3,0,0.5016002804995255
INC0011619,2,3,0,0.46979555515464744
INC0011619,3,3,0,0.6512354528252138
INC0011643,1,5,0,0.4246739150504919
INC0011643,2,5,0,0.38292021661569453
INC0011643,3,5,0,0.4049248721962812
INC0011643,4,5,0,0.3579499158485609
INC0011643,5,5,0,0.3342536851726662
INC0011651,1,2,0,0.059680167370444744
INC0011651,2,2,0,0.06788320069179513
INC0011654,1,5,0,0.570571483000386
INC0011654,2,5,0,0.715883946569692
INC0011654,3,5,0,0.6493434736711707
INC0011654,4,5,0,0.6287083369742561
INC0011654,5,5,0,0.7792697939727371
INC0011667,1,2,0,0.15784880561889586
INC0011667,2,2,0,0.17511135045795592
INC0011688,1,8,1,0.10544535967193779
INC0011688,2,8,1,0.18793350061224742
INC0011688,3,8,1,0.5296563897183578
INC0011688,4,8,1,0.6253955201851452
INC0011688,5,8,1,0.918579191037959
INC0011688,6,8,1,0.9102041216014832
INC0011688,7,8,1,0.9190933528099329
INC0011688,8,8,1,0.9128373653442668
INC0011714,1,2,0,0.2808042682184505
INC0011714,2,2,0,0.7338156593704122
INC0011725,1,3,1,0.48832872627159585
INC0011725,2,3,1,0.41551971824005807
INC0011725,3,3,1,0.744568167579728
INC0011730,1,9,1,0.17932477179084896
INC0011730,2,9,1,0.2617432537257512
INC0011730,3,9,1,0.7809935854585782
INC0011730,4,9,1,0.9589086531143637
INC0011730,5,9,1,0.9566712320645575
INC0011730,6,9,1,0.9642325678271084
INC0011730,7,9,1,0.9675275732260059
INC0011730,8,9,1,0.9817355851536653
INC0011731,1,7,1,0.39216239638485006
INC0011731,2,7,1,0.5903654584083855
INC0011731,3,7,1,0.9990143754421787
INC0011731,4,7,1,0.9986999292166351
INC0011731,5,7,1,0.9994605229995819
INC0011731,6,7,1,0.9996148050115196
INC0011731,7,7,1,0.9993789465503472
INC0011732,1,2,0,0.048596269942357995
INC0011732,2,2,0,0.05298340190113389
INC0011733,1,3,0,0.3712070900384949
INC0011733,2,3,0,0.3342057179448331
INC0011733,3,3,0,0.18070980298187922
INC0011740,1,2,0,0.18651074931897355
INC0011740,2,2,0,0.12022794704709476
INC0011753,1,3,0,0.27508395202919
INC0011753,2,3,0,0.21967274788487756
INC0011753,3,3,0,0.23970926260443923
INC0011756,1,3,1,0.11653621940933212
INC0011756,2,3,1,0.20018373284210095
INC0011756,3,3,1,0.7841133957570077
INC0011795,1,4,1,0.4764034438659086
INC0011795,2,4,1,0.5819094952745891
INC0011795,3,4,1,0.7108352689514699
INC0011795,4,4,1,0.9613717524353338
INC0011801,1,1,0,0.2814990591152552
INC0011802,1,1,0,0.1893688278827566
INC0011823,1,4,1,0.39706194852154736
INC0011823,2,4,1,0.4289542466140931
INC0011823,3,4,1,0.9457401510399771
INC0011823,4,4,1,0.9408143166558164
INC0011829,1,10,1,0.11676334936802465
INC0011829,2,10,1,0.1888517887630004
INC0011829,3,10,1,0.3297304044754311
INC0011829,4,10,1,0.4261078131414608
INC0011829,5,10,1,0.45337133839583277
INC0011829,6,10,1,0.9552000924816044
INC0011829,7,10,1,0.9620032397419522
INC0011829,8,10,1,0.9925800927333104
INC0011836,1,1,1,0.255577637791623
INC0011854,1,7,1,0.2501152481641394
INC0011854,2,7,1,0.4488339635055657
INC0011854,3,7,1,0.5896527664690164
INC0011854,4,7,1,0.4887291818327178
INC0011854,5,7,1,0.4701290927409644
INC0011854,6,7,1,0.439593695789323
INC0011854,7,7,1,0.9723500423587517
INC0011857,1,3,0,0.08309805292153073
INC0011857,2,3,0,0.10932897225868185
INC0011857,3,3,0,0.27995216483329843
INC0011858,1,9,0,0.21270231098663528
INC0011858,2,9,0,0.206608254993622
INC0011858,3,9,0,0.23557802686507517
INC0011858,4,9,0,0.2723646136673845
INC0011858,5,9,0,0.3105702586577327
INC0011858,6,9,0,0.27084592672750496
INC0011858,7,9,0,0.3198280998491957
INC0011858,8,9,0,0.25982677725802994
INC0011868,1,9,1,0.3129477967291611
INC0011868,2,9,1,0.5246820335275074
INC0011868,3,9,1,0.9999868014335676
INC0011868,4,9,1,0.9999813200461157
INC0011868,5,9,1,0.9999844705590077
INC0011868,6,9,1,0.9999909898198164
INC0011868,7,9,1,0.9999893500554266
INC0011868,8,9,1,0.999992449911005
INC0011873,1,1,0,0.21334602045711681
INC0011880,1,3,0,0.055233189990928876
INC0011880,2,3,0,0.06317690351524423
INC0011880,3,3,0,0.057238282582246204
INC0011887,1,2,0,0.0822163807542618
INC0011887,2,2,0,0.08731569630940982
INC0011890,1,2,0,0.20418402562026008
INC0011890,2,2,0,0.29020870656795134
INC0011895,1,1,0,0.153478169867355
INC0011919,1,1,0,0.15364828063006802
INC0011948,1,7,1,0.1366247985954371
INC0011948,2,7,1,0.21218752402934513
INC0011948,3,7,1,0.5970534438502714
INC0011948,4,7,1,0.9573799375033131
INC0011948,5,7,1,0.9656008035719178
INC0011948,6,7,1,0.9691201636369744
INC0011948,7,7,1,0.9759865564250766
INC0011970,1,1,0,0.22544386900870134
INC0011989,1,2,1,0.37545488587831877
INC0011989,2,2,1,0.7397325846677856
INC0011994,1,2,0,0.1269099405957499
INC0011994,2,2,0,0.19915988495989284
INC0012045,1,3,0,0.35435685244770004
INC0012045,2,3,0,0.3866325369159942
INC0012045,3,3,0,0.5037177208933059
INC0012053,1,2,0,0.10727593885198135
INC0012053,2,2,0,0.10176356016329151
INC0012062,1,9,0,0.22279400502272773
INC0012062,2,9,0,0.25543207122405986
INC0012062,3,9,0,0.529944276821658
INC0012062,4,9,0,0.5141579628627249
INC0012062,5,9,0,0.4949491879498416
INC0012062,6,9,0,0.6425400439922363
INC0012062,7,9,0,0.28750051932467313
INC0012062,8,9,0,0.38994359861362377
INC0012084,1,1,0,0.1931417437928985
INC0012092,1,4,0,0.1274346926755385
INC0012092,2,4,0,0.16679095081672685
INC0012092,3,4,0,0.18470772087120793
INC0012092,4,4,0,0.1711114931231719
INC0012098,1,3,1,0.33404960676510725
INC0012098,2,3,1,0.852897752364816
INC0012098,3,3,1,0.913291165492973
INC0012175,1,1,0,0.16686337175355734
INC0012209,1,10,1,0.2918653340384757
INC0012209,2,10,1,0.261169133690944
INC0012209,3,10,1,0.2993946064369226
INC0012209,4,10,1,0.30950811914890963
INC0012209,5,10,1,0.3218421376137918
INC0012209,6,10,1,0.22705276080792733
INC0012209,7,10,1,0.2421496771739477
INC0012209,8,10,1,0.35828917861497583
INC0012294,1,4,0,0.17170919429337056
INC0012294,2,4,0,0.19709948224748497
INC0012294,3,4,0,0.19382323757143882
INC0012294,4,4,0,0.38752126837791184
INC0012300,1,3,0,0.1696624003912655
INC0012300,2,3,0,0.25784339204322637
INC0012300,3,3,0,0.28681102868334496
INC0012311,1,7,0,0.5384938257234677
INC0012311,2,7,0,0.45594860609086174
INC0012311,3,7,0,0.7307765489296545
INC0012311,4,7,0,0.5994312517936095
INC0012311,5,7,0,0.5804483421537387
INC0012311,6,7,0,0.6843383163671866
INC0012311,7,7,0,0.7797353165197608
INC0012313,1,1,0,0.1542266512335194
INC0012326,1,1,0,0.28787520971791297
INC0012333,1,7,1,0.4654127967934774
INC0012333,2,7,1,0.2211686363919922
INC0012333,3,7,1,0.20611281437748027
INC0012333,4,7,1,0.50834834814702
INC0012333,5,7,1,0.41034938570671065
INC0012333,6,7,1,0.9717701225904414
INC0012333,7,7,1,0.9940767011649614
INC0012411,1,4,0,0.2797790255293325
INC0012411,2,4,0,0.37324109053043586
INC0012411,3,4,0,0.255109099037333
INC0012411,4,4,0,0.27454273919993694
INC0012433,1,6,0,0.11210310812814307
INC0012433,2,6,0,0.14744765789271058
INC0012433,3,6,0,0.13990271723847036
INC0012433,4,6,0,0.08262329664092759
INC0012433,5,6,0,0.1961072000477501
INC0012433,6,6,0,0.19983399570835111
INC0012462,1,7,0,0.2322304934173111
INC0012462,2,7,0,0.36464550663607814
INC0012462,3,7,0,0.37617360514788606
INC0012462,4,7,0,0.36308788514515566
INC0012462,5,7,0,0.2984366400096176
INC0012462,6,7,0,0.3802146190846533
INC0012462,7,7,0,0.4312684266626543
INC0012471,1,3,1,0.4078047026166844
INC0012471,2,3,1,0.2583924613611835
INC0012471,3,3,1,0.9951966654620522
INC0012472,1,2,0,0.03242061810330635
INC0012472,2,2,0,0.0374093810205326
INC0012479,1,2,1,0.13301825336585846
INC0012479,2,2,1,0.8876914859150977
INC0012517,1,3,0,0.039639690896708234
INC0012517,2,3,0,0.0460887207120904
INC0012517,3,3,0,0.04216756889458695
INC0012538,1,8,1,0.22626097928886482
INC0012538,2,8,1,0.20363210842138774
INC0012538,3,8,1,0.10131970647411866
INC0012538,4,8,1,0.09228066705290412
INC0012538,5,8,1,0.08536009713495739
INC0012538,6,8,1,0.10510827016887456
INC0012538,7,8,1,0.0755766007773217
INC0012538,8,8,1,0.9486966289282097
INC0012551,1,4,1,0.109594751804792
INC0012551,2,4,1,0.09716367525244461
INC0012551,3,4,1,0.17008190687298927
INC0012551,4,4,1,0.11842868400527284
INC0012561,1,2,0,0.17128266989994462
INC0012561,2,2,0,0.09894912772777176
INC0012566,1,3,0,0.21143673004301233
INC0012566,2,3,0,0.23933077577390363
INC0012566,3,3,0,0.24929651474955933
INC0012585,1,3,0,0.3570929453751984
INC0012585,2,3,0,0.23277932403881274
INC0012585,3,3,0,0.2641209639128569
INC0012610,1,7,1,0.28838739811151065
INC0012610,2,7,1,0.2809511425942404
INC0012610,3,7,1,0.26237241488704505
INC0012610,4,7,1,0.9464046849651037
INC0012610,5,7,1,0.8162475256117201
INC0012610,6,7,1,0.8596803257281921
INC0012610,7,7,1,0.8948723046199591
INC0012615,1,2,1,0.2605027616492837
INC0012615,2,2,1,0.9133689755370972
INC0012625,1,9,0,0.32474292747102756
INC0012625,2,9,0,0.35974714046621376
INC0012625,3,9,0,0.21271626697424617
INC0012625,4,9,0,0.1980176114019578
INC0012625,5,9,0,0.18372374064676206
INC0012625,6,9,0,0.20456769603488442
INC0012625,7,9,0,0.405784964669993
INC0012625,8,9,0,0.4432843953871485
INC0012631,1,1,0,0.06984327685909279
INC0012659,1,2,0,0.406625144321186
INC0012659,2,2,0,0.5237505392682291
INC0012666,1,5,1,0.08333912142774685
INC0012666,2,5,1,0.18054907343285995
INC0012666,3,5,1,0.12264048891213578
INC0012666,4,5,1,0.16172086603168653
INC0012666,5,5,1,0.2104034127655672
INC0012668,1,2,0,0.04622573528761075
INC0012668,2,2,0,0.04065647576159342
INC0012672,1,1,1,0.5319758799213075
INC0012704,1,6,0,0.4744325775714143
INC0012704,2,6,0,0.4760977312477967
INC0012704,3,6,0,0.533207082517548
INC0012704,4,6,0,0.4626488193074537
INC0012704,5,6,0,0.6525693760908811
INC0012704,6,6,0,0.7753455081694559
INC0012723,1,2,0,0.16254024611832377
INC0012723,2,2,0,0.10461461933422711
INC0012781,1,3,0,0.016388580181588803
INC0012781,2,3,0,0.019635505854160466
INC0012781,3,3,0,0.019372345775572637
INC0012789,1,6,0,0.09430224299947684
INC0012789,2,6,0,0.059297218198931814
INC0012789,3,6,0,0.06736582521142179
INC0012789,4,6,0,0.06308580788658166
INC0012789,5,6,0,0.0833976137431687
INC0012789,6,6,0,0.07307031786109076
INC0012809,1,6,0,0.3531552385658681
INC0012809,2,6,0,0.22427877246684472
INC0012809,3,6,0,0.20672873907057188
INC0012809,4,6,0,0.19189487634495642
INC0012809,5,6,0,0.19527793167445193
INC0012809,6,6,0,0.23403561122672245
INC0012877,1,3,0,0.11488410888528473
INC0012877,2,3,0,0.15184407982376866
INC0012877,3,3,0,0.098823455602441
INC0012884,1,7,1,0.1445523792396607
INC0012884,2,7,1,0.3496181435591234
INC0012884,3,7,1,0.4041712376016811
INC0012884,4,7,1,0.9566790653987542
INC0012884,5,7,1,0.9663191309446094
INC0012884,6,7,1,0.9964360071046768
INC0012884,7,7,1,0.9966981865809484
INC0012891,1,6,1,0.09893491830009252
INC0012891,2,6,1,0.2540357119825364
INC0012891,3,6,1,0.5185972065895168
INC0012891,4,6,1,0.9498581401606505
INC0012891,5,6,1,0.8678572266855613
INC0012891,6,6,1,0.8758587131601393
INC0012895,1,29,1,0.19961060591219215
INC0012895,2,29,1,0.4849609860202845
INC0012895,3,29,1,0.30569791947673275
INC0012895,4,29,1,0.2641751017853753
INC0012895,5,29,1,0.18091688975634027
INC0012895,6,29,1,0.18678848966598124
INC0012895,7,29,1,0.15914132020473376
INC0012895,8,29,1,0.17608729954167202
INC0012900,1,2,1,0.8969815272103622
INC0012900,2,2,1,0.8360896430605004
INC0012904,1,2,0,0.029358233083907274
INC0012904,2,2,0,0.03403586866230702
INC0012912,1,4,0,0.2717160208330167
INC0012912,2,4,0,0.15623858351602
INC0012912,3,4,0,0.13616791078129825
INC0012912,4,4,0,0.1485564994982423
INC0012967,1,13,1,0.14914233084633094
INC0012967,2,13,1,0.21898795203835114
INC0012967,3,13,1,0.22689845098962874
INC0012967,4,13,1,0.1864353824911583
INC0012967,5,13,1,0.17358247954318384
INC0012967,6,13,1,0.1719764834010444
INC0012967,7,13,1,0.25802860793223875
INC0012967,8,13,1,0.27319382037155027
INC0012973,1,12,1,0.21023042855205767
INC0012973,2,12,1,0.37993909196172293
INC0012973,3,12,1,0.9352887417063505
INC0012973,4,12,1,0.9786016525395368
INC0012973,5,12,1,0.9702154474965566
INC0012973,6,12,1,0.987241197529121
INC0012973,7,12,1,0.9884549650021186
INC0012973,8,12,1,0.9850358076411595
INC0012979,1,8,0,0.0699548983479768
INC0012979,2,8,0,0.06776880542791551
INC0012979,3,8,0,0.10569887891808706
INC0012979,4,8,0,0.09296192232978549
INC0012979,5,8,0,0.08782951463740694
INC0012979,6,8,0,0.05716224770811124
INC0012979,7,8,0,0.06947651261473439
INC0012979,8,8,0,0.0869232814563608
INC0012980,1,14,1,0.1519674886459876
INC0012980,2,14,1,0.14720281954151185
INC0012980,3,14,1,0.14716264700850482
INC0012980,4,14,1,0.23380219420780485
INC0012980,5,14,1,0.23633661688596871
INC0012980,6,14,1,0.1868943920686226
INC0012980,7,14,1,0.16984692784655217
INC0012980,8,14,1,0.6063818297534312
INC0013004,1,4,0,0.28275215747438653
INC0013004,2,4,0,0.1364987017862287
INC0013004,3,4,0,0.12658226210914977
INC0013004,4,4,0,0.10308292306547566
INC0013029,1,2,0,0.07442789766915685
INC0013029,2,2,0,0.08621695966629793
INC0013049,1,2,0,0.6271537646209424
INC0013049,2,2,0,0.31661923216233206
INC0013060,1,1,0,0.18215228765333433
INC0013112,1,7,1,0.1859460904804195
INC0013112,2,7,1,0.31993680606948094
INC0013112,3,7,1,0.3847016423551257
INC0013112,4,7,1,0.9136982835786632
INC0013112,5,7,1,0.9784700089768971
INC0013112,6,7,1,0.985562801500557
INC0013112,7,7,1,0.9946925153187806
INC0013127,1,2,0,0.07407799899252224
INC0013127,2,2,0,0.08525685551239552
INC0013169,1,3,1,0.9135673119728392
INC0013169,2,3,1,0.9724985119949784
INC0013169,3,3,1,0.9851612057492595
INC0013197,1,2,1,0.09571007764263254
INC0013197,2,2,1,0.2432901951725093
INC0013217,1,2,0,0.07696718116127217
INC0013217,2,2,0,0.04778459214748306
INC0013234,1,2,0,0.07595954691310222
INC0013234,2,2,0,0.07606839360601113
INC0013235,1,2,1,0.12400586835937091
INC0013235,2,2,1,0.8233007202651197
INC0013245,1,2,0,0.3675612869120191
INC0013245,2,2,0,0.2923132551579735
INC0013251,1,7,1,0.1796185899935171
INC0013251,2,7,1,0.23901868995181455
INC0013251,3,7,1,0.3476195161993022
INC0013251,4,7,1,0.4907315173736507
INC0013251,5,7,1,0.7784332336158344
INC0013251,6,7,1,0.7790279072925684
INC0013251,7,7,1,0.8153022432046815
INC0013262,1,4,0,0.07944409572063421
INC0013262,2,4,0,0.07886786069135653
INC0013262,3,4,0,0.0730474743736258
INC0013262,4,4,0,0.1260213864111945
INC0013263,1,3,1,0.14194824567038422
INC0013263,2,3,1,0.2568508746945334
INC0013263,3,3,1,0.21826699471427694
INC0013317,1,7,1,0.11398531339157526
INC0013317,2,7,1,0.19035730201064055
INC0013317,3,7,1,0.1766212358685256
INC0013317,4,7,1,0.13507321621392046
INC0013317,5,7,1,0.1871208489667899
INC0013317,6,7,1,0.2701810716627368
INC0013317,7,7,1,0.746559093181827
INC0013325,1,3,0,0.09488189384163978
INC0013325,2,3,0,0.09079696669436385
INC0013325,3,3,0,0.05422016499194839
INC0013331,1,14,1,0.15200092611330643
INC0013331,2,14,1,0.14712018661463844
INC0013331,3,14,1,0.15997466155113538
INC0013331,4,14,1,0.07312869187269119
INC0013331,5,14,1,0.47125383002603854
INC0013331,6,14,1,0.4883930871408959
INC0013331,7,14,1,0.45417234047601124
INC0013331,8,14,1,0.6506740333370588
INC0013342,1,9,1,0.2279244863090547
INC0013342,2,9,1,0.2270879383462052
INC0013342,3,9,1,0.2807405839053303
INC0013342,4,9,1,0.5544345034382796
INC0013342,5,9,1,0.3032782064697176
INC0013342,6,9,1,0.5787483983559355
INC0013342,7,9,1,0.6270521584238893
INC0013342,8,9,1,0.556538520923411
INC0013374,1,6,0,0.21771421206428604
INC0013374,2,6,0,0.15367370525251295
INC0013374,3,6,0,0.14536058237592217
INC0013374,4,6,0,0.12433753529721032
INC0013374,5,6,0,0.13609076893790492
INC0013374,6,6,0,0.16560019507343468
INC0013385,1,4,1,0.11208583861729535
INC0013385,2,4,1,0.1843632152203903
INC0013385,3,4,1,0.17338815458635168
INC0013385,4,4,1,0.23271581443820513
INC0013394,1,7,1,0.205345729715942
INC0013394,2,7,1,0.23342288661452384
INC0013394,3,7,1,0.2882532218733958
INC0013394,4,7,1,0.24635733805371335
INC0013394,5,7,1,0.271362042171181
INC0013394,6,7,1,0.2528995396560903
INC0013394,7,7,1,0.37833570428989316
INC0013404,1,4,0,0.24581646534139578
INC0013404,2,4,0,0.11605841573268545
INC0013404,3,4,0,0.09775516017953467
INC0013404,4,4,0,0.3014785210630209
INC0013410,1,8,1,0.14834727209303478
INC0013410,2,8,1,0.1332998156469923
INC0013410,3,8,1,0.17486244135550857
INC0013410,4,8,1,0.2616337910821958
INC0013410,5,8,1,0.23801043656282891
INC0013410,6,8,1,0.25092590876344567
INC0013410,7,8,1,0.572738298547362
INC0013410,8,8,1,0.5433880510080776
INC0013450,1,2,0,0.1431886939043527
INC0013450,2,2,0,0.16589391323194577
INC0013459,1,1,0,0.01752069553244168
INC0013478,1,2,1,0.2094807787380127
INC0013478,2,2,1,0.23343915213666097
INC0013495,1,5,0,0.08405369216069461
INC0013495,2,5,0,0.15052662244267187
INC0013495,3,5,0,0.13844689494696613
INC0013495,4,5,0,0.184950106415871
INC0013495,5,5,0,0.13249998847153133
INC0013499,1,9,1,0.34048599025711207
INC0013499,2,9,1,0.4933717820433942
INC0013499,3,9,1,0.470164775954224
INC0013499,4,9,1,0.5821055428920923
INC0013499,5,9,1,0.6527164905097933
INC0013499,6,9,1,0.991787639217204
INC0013499,7,9,1,0.9977794796517092
INC0013499,8,9,1,0.9938212179717691
INC0013526,1,1,0,0.07975664301095613
INC0013542,1,6,1,0.12283755025459975
INC0013542,2,6,1,0.2562244823419238
INC0013542,3,6,1,0.3004194440657301
INC0013542,4,6,1,0.38052558196278835
INC0013542,5,6,1,0.9726683170094482
INC0013542,6,6,1,0.9925340884893701
INC0013550,1,2,0,0.1603950661123394
INC0013550,2,2,0,0.2905169684992548
INC0013551,1,3,0,0.6000938337635997
INC0013551,2,3,0,0.638964821247722
INC0013551,3,3,0,0.6175400399851385
INC0013576,1,5,1,0.11411769475745517
INC0013576,2,5,1,0.11316059052375105
INC0013576,3,5,1,0.1876903319486456
INC0013576,4,5,1,0.21817573799119086
INC0013576,5,5,1,0.2740196209942851
INC0013583,1,2,0,0.055810750143989805
INC0013583,2,2,0,0.03423199976026932
INC0013586,1,12,1,0.5018224267538126
INC0013586,2,12,1,0.4068060320582724
INC0013586,3,12,1,0.3504216049338991
INC0013586,4,12,1,0.3211199834493679
INC0013586,5,12,1,0.3721236106509481
INC0013586,6,12,1,0.2210996482480405
INC0013586,7,12,1,0.11662615951094066
INC0013586,8,12,1,0.23262267376465842
INC0013593,1,5,0,0.2820521192181206
INC0013593,2,5,0,0.2562809443601667
INC0013593,3,5,0,0.2761845222422214
INC0013593,4,5,0,0.26786994717160106
INC0013593,5,5,0,0.2661558545851172
INC0013600,1,3,1,0.1277404809022375
INC0013600,2,3,1,0.2293349107748581
INC0013600,3,3,1,0.7083244236566667
INC0013610,1,3,1,0.3710652143622521
INC0013610,2,3,1,0.47141129170864954
INC0013610,3,3,1,0.9999985893816098
INC0013628,1,1,0,0.10448112732928162
INC0013631,1,4,0,0.08223783261780326
INC0013631,2,4,0,0.0959598140838961
INC0013631,3,4,0,0.0883223257589708
INC0013631,4,4,0,0.08104167289812901
INC0013648,1,1,0,0.06702445920672005
INC0013656,1,2,0,0.10561086119130758
INC0013656,2,2,0,0.10486293283766858
INC0013667,1,1,0,0.06961278272195542
INC0013673,1,4,0,0.4683976478677769
INC0013673,2,4,0,0.3404501311905848
INC0013673,3,4,0,0.3198663208039428
INC0013673,4,4,0,0.3001288672937504
INC0013677,1,3,1,0.8555097523653389
INC0013677,2,3,1,0.736425256776925
INC0013677,3,3,1,0.9999072974440064
INC0013685,1,3,1,0.8559476204931118
INC0013685,2,3,1,0.7379904034467036
INC0013685,3,3,1,0.9992987293157027
INC0013693,1,17,1,0.1295132739657717
INC0013693,2,17,1,0.1072885103870898
INC0013693,3,17,1,0.09645484936013961
INC0013693,4,17,1,0.10196680049439495
INC0013693,5,17,1,0.3295904561249095
INC0013693,6,17,1,0.5710789758265844
INC0013693,7,17,1,0.5422573823601657
INC0013693,8,17,1,0.5227170231195949
INC0013765,1,1,0,0.19227484680194562
INC0013773,1,2,0,0.27119773649851037
INC0013773,2,2,0,0.13553846778214396
INC0013784,1,5,0,0.16295011819622848
INC0013784,2,5,0,0.15791336772694162
INC0013784,3,5,0,0.13723745265943918
INC0013784,4,5,0,0.12655978892003797
INC0013784,5,5,0,0.1296576236604846
INC0013798,1,4,0,0.1712065788520694
INC0013798,2,4,0,0.18299534762395706
INC0013798,3,4,0,0.08322265319287496
INC0013798,4,4,0,0.3452128175546706
INC0013813,1,6,1,0.1674665784213883
INC0013813,2,6,1,0.27624039457317695
INC0013813,3,6,1,0.27262626341201635
INC0013813,4,6,1,0.7508511294788968
INC0013813,5,6,1,0.908795351138911
INC0013813,6,6,1,0.9616252769458488
INC0013817,1,9,1,0.17814286113863012
INC0013817,2,9,1,0.4640055811997455
INC0013817,3,9,1,0.6011824210922875
INC0013817,4,9,1,0.7684085122902955
INC0013817,5,9,1,0.6442736389241153
INC0013817,6,9,1,0.7073974992609529
INC0013817,7,9,1,0.7619591866538611
INC0013817,8,9,1,0.9034197740795192
INC0013823,1,2,0,0.11565697987210581
INC0013823,2,2,0,0.11644836625515007
INC0013826,1,2,0,0.028882005466572182
INC0013826,2,2,0,0.03368631933311823
INC0013847,1,3,0,0.1853819541924263
INC0013847,2,3,0,0.1697028741361987
INC0013847,3,3,0,0.1591826498714614
INC0013866,1,2,0,0.07579896433862952
INC0013866,2,2,0,0.0937863358269576
INC0013872,1,3,0,0.1671822591318272
INC0013872,2,3,0,0.41901029128805833
INC0013872,3,3,0,0.3668135870593159
INC0013880,1,1,0,0.015538142709020155
INC0013886,1,1,0,0.051495142480321665
INC0013893,1,2,1,0.45241782568288536
INC0013893,2,2,1,0.87346023219618
INC0013910,1,3,0,0.09410076738850691
INC0013910,2,3,0,0.12916957705708326
INC0013910,3,3,0,0.12006387721015943
INC0013922,1,3,0,0.09381812193696204
INC0013922,2,3,0,0.2609077433741406
INC0013922,3,3,0,0.4824661131594639
INC0013932,1,4,1,0.8689777635530783
INC0013932,2,4,1,0.8587538822122393
INC0013932,3,4,1,0.8434765397264419
INC0013932,4,4,1,0.8566127369110607
INC0013944,1,4,0,0.07541426432854405
INC0013944,2,4,0,0.047307214795169694
INC0013944,3,4,0,0.24876010543942548
INC0013944,4,4,0,0.23878154401567553
INC0013948,1,5,0,0.23575682638638287
INC0013948,2,5,0,0.22064659061507957
INC0013948,3,5,0,0.1988011629352571
INC0013948,4,5,0,0.2241775651536373
INC0013948,5,5,0,0.2086468922875009
INC0013975,1,5,0,0.10773900294376627
INC0013975,2,5,0,0.09550071520106759
INC0013975,3,5,0,0.08501983048744906
INC0013975,4,5,0,0.3125331862868949
INC0013975,5,5,0,0.2765182156340939
INC0013982,1,2,0,0.293219516746488
INC0013982,2,2,0,0.3082279074358161
INC0014005,1,7,0,0.07984860886615538
INC0014005,2,7,0,0.04841450062287201
INC0014005,3,7,0,0.1217567285906186
INC0014005,4,7,0,0.19236548022924668
INC0014005,5,7,0,0.44580698375923816
INC0014005,6,7,0,0.4230883773813623
INC0014005,7,7,0,0.40162423967646427
INC0014007,1,6,1,0.2219738629930791
INC0014007,2,6,1,0.8565594949889901
INC0014007,3,6,1,0.921399948452674
INC0014007,4,6,1,0.9339530241987494
INC0014007,5,6,1,0.948403957570157
INC0014007,6,6,1,0.9808342682480727
INC0014018,1,2,1,0.5914719910806627
INC0014018,2,2,1,0.6289480789220983
INC0014048,1,4,0,0.20558585099399804
INC0014048,2,4,0,0.18878389203240217
INC0014048,3,4,0,0.24473682771418978
INC0014048,4,4,0,0.22832754084785173
INC0014082,1,1,0,0.13244949322417107
INC0014085,1,4,0,0.1627190941343824
INC0014085,2,4,0,0.33730082937544353
INC0014085,3,4,0,0.6831801212957547
INC0014085,4,4,0,0.7670925554171859
INC0014089,1,1,0,0.09291603358986655
INC0014098,1,2,0,0.12712592733558573
INC0014098,2,2,0,0.15010012467777847
INC0014104,1,10,1,0.18654312136915838
INC0014104,2,10,1,0.3672580554135274
INC0014104,3,10,1,0.7666280288111754
INC0014104,4,10,1,0.8188441453338422
INC0014104,5,10,1,0.6177405086771292
INC0014104,6,10,1,0.7598861996390666
INC0014104,7,10,1,0.8096802618434447
INC0014104,8,10,1,0.8590928065919823
INC0014112,1,7,1,0.08626498819388044
INC0014112,2,7,1,0.13272054636563282
INC0014112,3,7,1,0.12451149541953858
INC0014112,4,7,1,0.4510237862069946
INC0014112,5,7,1,0.8139767740792837
INC0014112,6,7,1,0.8725677029249274
INC0014112,7,7,1,0.8455496990533733
INC0014124,1,2,0,0.20345498385610902
INC0014124,2,2,0,0.17913295419175418
INC0014134,1,3,1,0.30874201147062436
INC0014134,2,3,1,0.4014198526566191
INC0014134,3,3,1,0.9998975656143286
INC0014175,1,1,0,0.07331830214338371
INC0014176,1,1,0,0.08035565846200801
INC0014191,1,9,1,0.43147810865323655
INC0014191,2,9,1,0.42314180950647184
INC0014191,3,9,1,0.41479037499857824
INC0014191,4,9,1,0.6877826243170259
INC0014191,5,9,1,0.7753110671931104
INC0014191,6,9,1,0.9999885627549632
INC0014191,7,9,1,0.9999877045209609
INC0014191,8,9,1,0.9999905265553434
INC0014201,1,4,0,0.20914409520921945
INC0014201,2,4,0,0.23607472730546805
INC0014201,3,4,0,0.2206478840790448
INC0014201,4,4,0,0.20097653043154468
INC0014204,1,3,0,0.10780565893574985
INC0014204,2,3,0,0.2473971889587549
INC0014204,3,3,0,0.5164761622107314
INC0014230,1,3,1,0.5863184173987498
INC0014230,2,3,1,0.6797603755304126
INC0014230,3,3,1,0.9999620674663923
INC0014231,1,1,0,0.13562472077529306
INC0014237,1,6,0,0.3066975680311768
INC0014237,2,6,0,0.45825001333612825
INC0014237,3,6,0,0.6340717056518429
INC0014237,4,6,0,0.8545229208439212
INC0014237,5,6,0,0.8923256246307638
INC0014237,6,6,0,0.8940666425078418
INC0014270,1,3,0,0.12669968752833885
INC0014270,2,3,0,0.12251399520557103
INC0014270,3,3,0,0.11312455648508726
INC0014275,1,1,0,0.040646361975257526
INC0014286,1,4,0,0.19820551146097684
INC0014286,2,4,0,0.1777379814056885
INC0014286,3,4,0,0.4076019799818958
INC0014286,4,4,0,0.392388180378931
INC0014309,1,2,0,0.32799006703648786
INC0014309,2,2,0,0.4808124150558017
INC0014318,1,1,0,0.29883570365591944
INC0014320,1,5,0,0.2935102745075507
INC0014320,2,5,0,0.28598532012454436
INC0014320,3,5,0,0.21008321107968533
INC0014320,4,5,0,0.4077591166167529
INC0014320,5,5,0,0.45128354260997156
INC0014338,1,1,0,0.3104238828103257
INC0014344,1,2,0,0.03360704280846701
INC0014344,2,2,0,0.020515191978141934
INC0014345,1,1,0,0.13167874918819947
INC0014346,1,2,0,0.2931867613756981
INC0014346,2,2,0,0.4403699134012811
INC0014357,1,2,0,0.2838242754636151
INC0014357,2,2,0,0.4288826696274065
INC0014364,1,1,0,0.0025930894168301874
INC0014366,1,1,0,0.021327289079955212
INC0014374,1,1,0,0.04231430447701684
INC0014375,1,1,0,0.02231936158091441
INC0014376,1,2,0,0.02242391961162177
INC0014376,2,2,0,0.02775910925559456
INC0014377,1,2,0,0.013121334939250865
INC0014377,2,2,0,0.03195928704911571
INC0014378,1,1,0,0.0012275339571812005
INC0014386,1,1,0,0.024909020728045166
INC0014393,1,1,0,0.026744985329177958
INC0014413,1,1,0,0.18660915652361526
INC0014418,1,8,0,0.5387927738656363
INC0014418,2,8,0,0.47059037261372383
INC0014418,3,8,0,0.4267144978460668
INC0014418,4,8,0,0.5651475621036213
INC0014418,5,8,0,0.7528640031522443
INC0014418,6,8,0,0.7435728077871971
INC0014418,7,8,0,0.710457629817924
INC0014418,8,8,0,0.773451454781005
INC0014423,1,5,0,0.26366085927273253
INC0014423,2,5,0,0.32911939036713667
INC0014423,3,5,0,0.5089858796867948
INC0014423,4,5,0,0.4365798135961319
INC0014423,5,5,0,0.40235645354316246
INC0014425,1,3,0,0.2692310145924501
INC0014425,2,3,0,0.1899633721999343
INC0014425,3,3,0,0.21608972117323447
INC0014426,1,7,0,0.03661968102781416
INC0014426,2,7,0,0.08209715839706547
INC0014426,3,7,0,0.16319797562526112
INC0014426,4,7,0,0.15495846287284637
INC0014426,5,7,0,0.12536303386074543
INC0014426,6,7,0,0.19419426012404822
INC0014426,7,7,0,0.2170140915917998
INC0014429,1,3,0,0.44959599954585305
INC0014429,2,3,0,0.31932924273226676
INC0014429,3,3,0,0.4613140843486922
INC0014446,1,11,0,0.5993748092307409
INC0014446,2,11,0,0.7737682507995198
INC0014446,3,11,0,0.8010097746870748
INC0014446,4,11,0,0.6960279191356502
INC0014446,5,11,0,0.5910557276364707
INC0014446,6,11,0,0.7399254223366765
INC0014446,7,11,0,0.7542817168271625
INC0014446,8,11,0,0.5364711882556198
INC0014454,1,1,0,0.17039515115205334
INC0014463,1,2,0,0.034175498693033685
INC0014463,2,2,0,0.03905746772095538
INC0014479,1,3,0,0.46669585257954316
INC0014479,2,3,0,0.23323540729388617
INC0014479,3,3,0,0.34558022411804856
INC0014503,1,1,0,0.09529601958596588
INC0014509,1,2,1,0.6165978388050439
INC0014509,2,2,1,0.99500209734321
INC0014517,1,1,0,0.34285560873467935
INC0014543,1,1,0,0.002433325797938347
INC0014545,1,4,1,0.21741994600883072
INC0014545,2,4,1,0.2232657080249429
INC0014545,3,4,1,0.8984109154903875
INC0014545,4,4,1,0.911069859077161
INC0014558,1,5,0,0.3176703828701801
INC0014558,2,5,0,0.3035119502153365
INC0014558,3,5,0,0.20069334012866338
INC0014558,4,5,0,0.21453950339020508
INC0014558,5,5,0,0.20017346042973141
INC0014560,1,12,1,0.674158576862351
INC0014560,2,12,1,0.6301183262338754
INC0014560,3,12,1,0.6196310471035344
INC0014560,4,12,1,0.6973035618593888
INC0014560,5,12,1,0.5868797737638627
INC0014560,6,12,1,0.9994978345045833
INC0014560,7,12,1,0.9998721070890273
INC0014560,8,12,1,0.999899115570141
INC0014564,1,3,1,0.07122842814342986
INC0014564,2,3,1,0.11622262907238315
INC0014564,3,3,1,0.5668377209939652
INC0014581,1,1,0,0.07912632219606343
INC0014589,1,4,0,0.3801703305448479
INC0014589,2,4,0,0.3321513323831396
INC0014589,3,4,0,0.5006626962086687
INC0014589,4,4,0,0.5604622217161624
INC0014590,1,2,0,0.3400572286367586
INC0014590,2,2,0,0.5012768307717319
INC0014599,1,4,0,0.30867036070354625
INC0014599,2,4,0,0.28079055173841894
INC0014599,3,4,0,0.30133049290932196
INC0014599,4,4,0,0.2480076781264455
INC0014602,1,1,0,0.3616733258497808
INC0014646,1,1,0,0.4424750578700075
INC0014656,1,9,0,0.30849962642704626
INC0014656,2,9,0,0.2650202408637943
INC0014656,3,9,0,0.36337504054453995
INC0014656,4,9,0,0.3353228451688753
INC0014656,5,9,0,0.18419605017671864
INC0014656,6,9,0,0.10184373713516301
INC0014656,7,9,0,0.11793468878270412
INC0014656,8,9,0,0.12052881017392347
INC0014658,1,4,0,0.2545108509637129
INC0014658,2,4,0,0.1615467159817587
INC0014658,3,4,0,0.09916870140677067
INC0014658,4,4,0,0.09730774610513757
INC0014665,1,4,1,0.4593186924403925
INC0014665,2,4,1,0.6980142879970749
INC0014665,3,4,1,0.7394487201487184
INC0014665,4,4,1,0.9322820422150909
INC0014698,1,1,0,0.08828240626993603
INC0014701,1,2,0,0.23167213800230857
INC0014701,2,2,0,0.3746818250130664
INC0014711,1,11,1,0.18601633441337154
INC0014711,2,11,1,0.29263843582576693
INC0014711,3,11,1,0.23790595244185622
INC0014711,4,11,1,0.36773164830338523
INC0014711,5,11,1,0.35500188750005734
INC0014711,6,11,1,0.34787666018427155
INC0014711,7,11,1,0.3744219031498055
INC0014711,8,11,1,0.2755092946245119
INC0014731,1,1,0,0.16264357414943653
INC0014736,1,3,0,0.35630797584752094
INC0014736,2,3,0,0.3165086340060519
INC0014736,3,3,0,0.18986066391776746
INC0014746,1,2,0,0.24846562221344218
INC0014746,2,2,0,0.38150699009904854
INC0014762,1,3,0,0.26109347438855374
INC0014762,2,3,0,0.3980903449903093
INC0014762,3,3,0,0.39615818924463775
INC0014778,1,8,0,0.43253927850025864
INC0014778,2,8,0,0.30837848085544994
INC0014778,3,8,0,0.376962321972065
INC0014778,4,8,0,0.5758612152242458
INC0014778,5,8,0,0.6168761377114794
INC0014778,6,8,0,0.5721967039107181
INC0014778,7,8,0,0.5984124671487016
INC0014778,8,8,0,0.6410166966761227
INC0014779,1,16,1,0.35680718524419713
INC0014779,2,16,1,0.5381290576583158
INC0014779,3,16,1,0.47707309004044574
INC0014779,4,16,1,0.9865199090225889
INC0014779,5,16,1,0.9892473176622414
INC0014779,6,16,1,0.991013206819647
INC0014779,7,16,1,0.984881416909367
INC0014779,8,16,1,0.9879488359162988
INC0014786,1,1,0,0.06689145264050006
INC0014796,1,7,0,0.22745542219446743
INC0014796,2,7,0,0.24949850203104076
INC0014796,3,7,0,0.22841122646453113
INC0014796,4,7,0,0.2909554794116102
INC0014796,5,7,0,0.27154017532025587
INC0014796,6,7,0,0.1059607431809507
INC0014796,7,7,0,0.1103231896281902
INC0014797,1,1,0,0.11157161094089507
INC0014839,1,2,0,0.29034024650926255
INC0014839,2,2,0,0.250184217178239
INC0014843,1,2,1,0.5167178413205133
INC0014843,2,2,1,0.5107878142702098
INC0014846,1,6,1,0.6159127826880844
INC0014846,2,6,1,0.4878972009010918
INC0014846,3,6,1,0.4645599477474456
INC0014846,4,6,1,0.751744297292212
INC0014846,5,6,1,0.9672488256214513
INC0014846,6,6,1,0.9719328265049015
INC0014849,1,6,0,0.28585696471841593
INC0014849,2,6,0,0.303903489920961
INC0014849,3,6,0,0.4387077856635678
INC0014849,4,6,0,0.5946038824117016
INC0014849,5,6,0,0.6593782237166241
INC0014849,6,6,0,0.5937679968902003
INC0014865,1,1,0,0.2522286114308058
INC0014875,1,2,0,0.2878310875692619
INC0014875,2,2,0,0.27194380997532763
INC0014877,1,2,0,0.2594094185130961
INC0014877,2,2,0,0.20074225054430053
INC0014895,1,1,0,0.17085922732579262
INC0014901,1,8,0,0.4371618209461582
INC0014901,2,8,0,0.39157716698163547
INC0014901,3,8,0,0.4153216292074179
INC0014901,4,8,0,0.3928723508939577
INC0014901,5,8,0,0.2988751985873756
INC0014901,6,8,0,0.4424258253290945
INC0014901,7,8,0,0.5101387965219881
INC0014901,8,8,0,0.4534177697116881
INC0014909,1,1,0,0.30667229163945264
INC0014912,1,4,0,0.19256320348078468
INC0014912,2,4,0,0.2238055551983974
INC0014912,3,4,0,0.24313362237606218
INC0014912,4,4,0,0.25613038872862626
INC0014915,1,9,0,0.14413208936651858
INC0014915,2,9,0,0.2240166865955565
INC0014915,3,9,0,0.3777540372826624
INC0014915,4,9,0,0.41854863489596383
INC0014915,5,9,0,0.4905807506537069
INC0014915,6,9,0,0.4364848188589825
INC0014915,7,9,0,0.49337690358075204
INC0014915,8,9,0,0.478323846031154
INC0014927,1,4,0,0.5077040231984656
INC0014927,2,4,0,0.48974622975015647
INC0014927,3,4,0,0.6094039335009811
INC0014927,4,4,0,0.8810080587121286
INC0014937,1,2,0,0.19265241296312438
INC0014937,2,2,0,0.22249744500987859
INC0014947,1,1,0,0.23435402763531304
INC0014951,1,2,0,0.406449431429189
INC0014951,2,2,0,0.5650882693323087
INC0014952,1,3,0,0.27512960152941546
INC0014952,2,3,0,0.2625187252384282
INC0014952,3,3,0,0.1695310323447955
INC0014964,1,5,0,0.21027728875473645
INC0014964,2,5,0,0.1858925666371649
INC0014964,3,5,0,0.3308114132542817
INC0014964,4,5,0,0.35117708684953597
INC0014964,5,5,0,0.3586221858292545
INC0014974,1,2,1,0.6053221663308275
INC0014974,2,2,1,0.5791168360178854
INC0014986,1,2,0,0.3597146280961522
INC0014986,2,2,0,0.5445643358584994
INC0014991,1,1,0,0.08378942513562868
INC0014992,1,1,0,0.1106291979407511
INC0014998,1,5,0,0.4731940920966894
INC0014998,2,5,0,0.6594669418944631
INC0014998,3,5,0,0.42351973726078496
INC0014998,4,5,0,0.6633480099479008
INC0014998,5,5,0,0.6250653439605551
INC0015001,1,3,0,0.10666040776929363
INC0015001,2,3,0,0.12253849918271746
INC0015001,3,3,0,0.11170030093417763
INC0015004,1,4,0,0.6331367018250443
INC0015004,2,4,0,0.7881722541687926
INC0015004,3,4,0,0.7698172136297212
INC0015004,4,4,0,0.7517423806459531
INC0015005,1,3,1,0.6046297996723093
INC0015005,2,3,1,0.5721413211043423
INC0015005,3,3,1,0.8651110999261684
INC0015018,1,2,0,0.11389606156177683
INC0015018,2,2,0,0.12994212690079038
INC0015044,1,9,0,0.5166281376761102
INC0015044,2,9,0,0.3723596190394938
INC0015044,3,9,0,0.37408045513855276
INC0015044,4,9,0,0.5170423583959669
INC0015044,5,9,0,0.4781355934078563
INC0015044,6,9,0,0.6018382661436054
INC0015044,7,9,0,0.7168774181207983
INC0015044,8,9,0,0.8251845192146048
INC0015047,1,9,1,0.3484184155678331
INC0015047,2,9,1,0.26199814764705565
INC0015047,3,9,1,0.40766032498009563
INC0015047,4,9,1,0.5912168445297212
INC0015047,5,9,1,0.7219369445558462
INC0015047,6,9,1,0.6817216881912604
INC0015047,7,9,1,0.8303753676335948
INC0015047,8,9,1,0.8160498581856704
INC0015055,1,7,0,0.44870880392484414
INC0015055,2,7,0,0.6027153180862694
INC0015055,3,7,0,0.6398663734455623
INC0015055,4,7,0,0.3833448817210224
INC0015055,5,7,0,0.4396066798498244
INC0015055,6,7,0,0.4233865545407631
INC0015055,7,7,0,0.40309227610486414
INC0015061,1,1,0,0.11878607857700155
INC0015066,1,5,0,0.1343448792546989
INC0015066,2,5,0,0.22579749841422558
INC0015066,3,5,0,0.17129399666152645
INC0015066,4,5,0,0.1212919341201415
INC0015066,5,5,0,0.10356313015870655
INC0015068,1,8,0,0.21222942601039757
INC0015068,2,8,0,0.37781641189691845
INC0015068,3,8,0,0.611281992225205
INC0015068,4,8,0,0.6944255727575505
INC0015068,5,8,0,0.6588208648897851
INC0015068,6,8,0,0.5322031813322082
INC0015068,7,8,0,0.685879037305106
INC0015068,8,8,0,0.7321252397025816
INC0015092,1,1,0,0.22170175280003476
INC0015111,1,2,0,0.2481687407269271
INC0015111,2,2,0,0.3209679593173441
INC0015166,1,3,1,0.40873373323600826
INC0015166,2,3,1,0.7821564614565159
INC0015166,3,3,1,0.8152604729650172
INC0015189,1,1,0,0.15997118237902072
INC0015208,1,3,0,0.28954023843059123
INC0015208,2,3,0,0.28788939797620533
INC0015208,3,3,0,0.4827540067784827
INC0015216,1,1,0,0.21805657467276615
INC0015230,1,1,0,0.11085919838460266
INC0015244,1,3,1,0.23805709840271275
INC0015244,2,3,1,0.4973830670725437
INC0015244,3,3,1,0.7608895963152966
INC0015250,1,3,0,0.1290249609910429
INC0015250,2,3,0,0.12484751375062562
INC0015250,3,3,0,0.2324959319603915
INC0015252,1,3,1,0.2425063384250195
INC0015252,2,3,1,0.4994740672973027
INC0015252,3,3,1,0.7629360756962936
INC0015264,1,1,0,0.2369648538723783
INC0015267,1,2,0,0.09363912711614504
INC0015267,2,2,0,0.06735469757384467
INC0015271,1,1,0,0.09737410265990237
INC0015287,1,4,0,0.2129914437734822
INC0015287,2,4,0,0.20654260445563305
INC0015287,3,4,0,0.2546669981646704
INC0015287,4,4,0,0.3928821904180156
INC0015289,1,2,0,0.2508500752852357
INC0015289,2,2,0,0.48488589615413813
INC0015294,1,1,1,0.7506984655291322
INC0015296,1,1,0,0.6383869633753906
INC0015298,1,2,0,0.22081909635020613
INC0015298,2,2,0,0.4516936481053382
INC0015304,1,4,0,0.35221665174335054
INC0015304,2,4,0,0.32123597691120187
INC0015304,3,4,0,0.3959868649974587
INC0015304,4,4,0,0.3772609674723487
INC0015305,1,2,0,0.4947830416715164
INC0015305,2,2,0,0.7372366292138562
INC0015309,1,1,0,0.16327811841833884
INC0015310,1,3,1,0.07680579466431846
INC0015310,2,3,1,0.3847578533046712
INC0015310,3,3,1,0.36434467845387114
INC0015316,1,1,0,0.04819399435113099
INC0015332,1,1,0,0.18258717364361568
INC0015356,1,1,0,0.09046483322975567
INC0015363,1,3,0,0.268074411717781
INC0015363,2,3,0,0.2672413791176381
INC0015363,3,3,0,0.3032734731336829
INC0015368,1,2,0,0.17611181867482933
INC0015368,2,2,0,0.3218024230839928
INC0015391,1,3,0,0.2527436652486742
INC0015391,2,3,0,0.288746326419067
INC0015391,3,3,0,0.27142026147273995
INC0015396,1,1,0,0.16752462544052907
INC0015398,1,9,1,0.5339437623581047
INC0015398,2,9,1,0.5004458643325859
INC0015398,3,9,1,0.33324543591816647
INC0015398,4,9,1,0.32154443085478607
INC0015398,5,9,1,0.38720377422946184
INC0015398,6,9,1,0.36550242181783227
INC0015398,7,9,1,0.3448651793906325
INC0015398,8,9,1,0.3849932548705019
INC0015399,1,7,0,0.1769811403559249
INC0015399,2,7,0,0.3563358924646225
INC0015399,3,7,0,0.4690124951947728
INC0015399,4,7,0,0.4765224068685999
INC0015399,5,7,0,0.5138440144515144
INC0015399,6,7,0,0.41887703508009405
INC0015399,7,7,0,0.6747631358899077
INC0015406,1,4,0,0.2638304734546574
INC0015406,2,4,0,0.23864374391755389
INC0015406,3,4,0,0.5014006931506859
INC0015406,4,4,0,0.6425184111314801
INC0015416,1,4,0,0.25254619749894097
INC0015416,2,4,0,0.38914978555955226
INC0015416,3,4,0,0.36604655958978605
INC0015416,4,4,0,0.34373894132145777
INC0015418,1,2,0,0.17282241891659014
INC0015418,2,2,0,0.1544710683313272
INC0015427,1,4,1,0.25263037946324024
INC0015427,2,4,1,0.16186912959463196
INC0015427,3,4,1,0.29541283632431864
INC0015427,4,4,1,0.9927568290127426
INC0015436,1,3,0,0.11075273494727919
INC0015436,2,3,0,0.24015656407627978
INC0015436,3,3,0,0.20749479281784367
INC0015450,1,5,0,0.23444672505397565
INC0015450,2,5,0,0.2112226689833736
INC0015450,3,5,0,0.26019609016418405
INC0015450,4,5,0,0.26263891773923476
INC0015450,5,5,0,0.3901707530484588
INC0015455,1,1,0,0.009002506025263524
INC0015465,1,1,0,0.07773470780485228
INC0015479,1,4,0,0.34437440027310323
INC0015479,2,4,0,0.33630891006779823
INC0015479,3,4,0,0.3003169236865992
INC0015479,4,4,0,0.3278227472194553
INC0015483,1,6,0,0.3161301560497735
INC0015483,2,6,0,0.5590965756430519
INC0015483,3,6,0,0.6187719015993773
INC0015483,4,6,0,0.769708187700884
INC0015483,5,6,0,0.8334690428614768
INC0015483,6,6,0,0.8258760040438952
INC0015495,1,1,0,0.23861456991822722
INC0015496,1,1,0,0.07808882617103084
INC0015525,1,2,0,0.25469702872415523
INC0015525,2,2,0,0.28861169599074354
INC0015528,1,2,0,0.14552557820746198
INC0015528,2,2,0,0.1442499344305092
INC0015538,1,2,0,0.1995267045654306
INC0015538,2,2,0,0.19745427771681412
INC0015543,1,1,0,0.0723721952395922
INC0015545,1,4,1,0.296590724477632
INC0015545,2,4,1,0.6815044027827135
INC0015545,3,4,1,0.9072455170370265
INC0015545,4,4,1,0.9252197016216738
INC0015560,1,1,0,0.1975454872330715
INC0015589,1,1,0,0.06512277540468636
INC0015600,1,3,0,0.32375060028604924
INC0015600,2,3,0,0.31430187219033623
INC0015600,3,3,0,0.694311768631738
INC0015602,1,5,1,0.5807656079255252
INC0015602,2,5,1,0.5721150321556298
INC0015602,3,5,1,0.5495474144390796
INC0015602,4,5,1,0.8167087776575902
INC0015602,5,5,1,0.7814189588241176
INC0015608,1,1,0,0.05883514164761143
INC0015633,1,2,0,0.1783877251276626
INC0015633,2,2,0,0.295367898567148
INC0015635,1,1,0,0.15142649753936138
INC0015705,1,4,0,0.3128660199958355
INC0015705,2,4,0,0.24218544665182526
INC0015705,3,4,0,0.21930250375716542
INC0015705,4,4,0,0.3023586453921827
INC0015708,1,3,0,0.6164179232297574
INC0015708,2,3,0,0.6281293880761148
INC0015708,3,3,0,0.7683817094511478
INC0015711,1,1,0,0.14130183400153923
INC0015713,1,1,0,0.035205862557903034
INC0015728,1,2,0,0.21705903152544095
INC0015728,2,2,0,0.344707334541434
INC0015741,1,10,0,0.095527142904022
INC0015741,2,10,0,0.06009760536398712
INC0015741,3,10,0,0.0770254286418273
INC0015741,4,10,0,0.16475774386288491
INC0015741,5,10,0,0.15383252079484466
INC0015741,6,10,0,0.19475787633241437
INC0015741,7,10,0,0.24095127272388853
INC0015741,8,10,0,0.175943829973101
INC0015752,1,4,0,0.19906199933878085
INC0015752,2,4,0,0.19757591035692804
INC0015752,3,4,0,0.2520973028495854
INC0015752,4,4,0,0.29963228934409747
INC0015769,1,6,1,0.5793293052942052
INC0015769,2,6,1,0.9989730534162629
INC0015769,3,6,1,0.9949575383113209
INC0015769,4,6,1,0.9991397028834734
INC0015769,5,6,1,0.9981281694409673
INC0015769,6,6,1,0.9991987345403437
INC0015809,1,1,0,0.0380560298212361
INC0015815,1,5,1,0.6055167431225138
INC0015815,2,5,1,0.6999783991514058
INC0015815,3,5,1,0.6579695751197895
INC0015815,4,5,1,0.9187838768237224
INC0015815,5,5,1,0.999977000824095
INC0015818,1,9,0,0.5397148383884283
INC0015818,2,9,0,0.6231141073285386
INC0015818,3,9,0,0.6016145348579303
INC0015818,4,9,0,0.5795763324275657
INC0015818,5,9,0,0.5064689581720407
INC0015818,6,9,0,0.48336496253814915
INC0015818,7,9,0,0.5387987963220318
INC0015818,8,9,0,0.5871444370280082
INC0015833,1,1,0,0.03910856817577007
INC0015838,1,1,0,0.03908088541140801
INC0015864,1,8,1,0.3706037371777686
INC0015864,2,8,1,0.339816375866579
INC0015864,3,8,1,0.5412805280565492
INC0015864,4,8,1,0.44043081976554493
INC0015864,5,8,1,0.623464614392186
INC0015864,6,8,1,0.8778372783483884
INC0015864,7,8,1,0.9284380860242932
INC0015864,8,8,1,0.9290051275527447
INC0015886,1,1,0,0.04514627932395454
INC0015888,1,2,1,0.5822701223146873
INC0015888,2,2,1,0.5493138405581984
INC0015895,1,7,1,0.39690459499959796
INC0015895,2,7,1,0.6496032898820967
INC0015895,3,7,1,0.9554649760643513
INC0015895,4,7,1,0.9646031778784168
INC0015895,5,7,1,0.9758215232581502
INC0015895,6,7,1,0.9945698352990294
INC0015895,7,7,1,0.9960128182514916
INC0015906,1,1,1,0.7651696836874898
INC0015911,1,2,0,0.07400970505013185
INC0015911,2,2,0,0.08484007767121944
INC0015918,1,1,0,0.23230078664006584
INC0015931,1,9,1,0.5456579687534816
INC0015931,2,9,1,0.5122328854150301
INC0015931,3,9,1,0.4268898819508069
INC0015931,4,9,1,0.4192971801442805
INC0015931,5,9,1,0.42496945386872154
INC0015931,6,9,1,0.41162175555340613
INC0015931,7,9,1,0.4602772425764012
INC0015931,8,9,1,0.5664565936149061
INC0015936,1,3,0,0.33810316921996775
INC0015936,2,3,0,0.3296511361122258
INC0015936,3,3,0,0.44423962883099044
INC0015987,1,6,1,0.5851355936899294
INC0015987,2,6,1,0.5586291229465862
INC0015987,3,6,1,0.9989469150046432
INC0015987,4,6,1,0.9990303198902251
INC0015987,5,6,1,0.9991020334824577
INC0015987,6,6,1,0.9991140234911704
INC0015990,1,2,0,0.11591012837585768
INC0015990,2,2,0,0.1327694636665248
INC0015991,1,16,1,0.1523290754752274
INC0015991,2,16,1,0.31776041484003575
INC0015991,3,16,1,0.2651076809932425
INC0015991,4,16,1,0.19440338991118142
INC0015991,5,16,1,0.3158150802836214
INC0015991,6,16,1,0.37457864398750995
INC0015991,7,16,1,0.2734126643623709
INC0015991,8,16,1,0.400750885729312
INC0016008,1,1,0,0.17421525653926956
INC0016017,1,2,0,0.2558307919581737
INC0016017,2,2,0,0.24894035333243436
INC0016026,1,5,1,0.49644477301140333
INC0016026,2,5,1,0.48718509028312085
INC0016026,3,5,1,0.4639899843774026
INC0016026,4,5,1,0.9034285236308417
INC0016026,5,5,1,0.9790004965775183
INC0016027,1,9,1,0.6381631449988666
INC0016027,2,9,1,0.9825494462112908
INC0016027,3,9,1,0.9868786501072927
INC0016027,4,9,1,0.9920320229745746
INC0016027,5,9,1,0.992656722489995
INC0016027,6,9,1,0.9947796593891237
INC0016027,7,9,1,0.9945810777699674
INC0016027,8,9,1,0.9936899334808699
INC0016029,1,1,1,0.6305139968231812
INC0016036,1,2,0,0.21821007307456866
INC0016036,2,2,0,0.3462359372941852
INC0016038,1,2,0,0.18372324640277363
INC0016038,2,2,0,0.1781951403782709
INC0016067,1,27,1,0.47853935434384925
INC0016067,2,27,1,0.6634581538835616
INC0016067,3,27,1,0.7487537654168054
INC0016067,4,27,1,0.6315268059479473
INC0016067,5,27,1,0.44354907342343597
INC0016067,6,27,1,0.49913329394233064
INC0016067,7,27,1,0.4948604129028834
INC0016067,8,27,1,0.4556203646965619
INC0016072,1,12,1,0.23219047771439513
INC0016072,2,12,1,0.14853775975821004
INC0016072,3,12,1,0.1711802678608573
INC0016072,4,12,1,0.16445274487251813
INC0016072,5,12,1,0.14666063888077185
INC0016072,6,12,1,0.13093951697673892
INC0016072,7,12,1,0.23527362561049942
INC0016072,8,12,1,0.5006168610675492
INC0016076,1,3,0,0.09053871288092091
INC0016076,2,3,0,0.02981588063885801
INC0016076,3,3,0,0.027238319844924416
INC0016081,1,9,1,0.21084892808607206
INC0016081,2,9,1,0.33922957683291305
INC0016081,3,9,1,0.28008583334900533
INC0016081,4,9,1,0.2063096667349794
INC0016081,5,9,1,0.1778095788396602
INC0016081,6,9,1,0.7717106438920398
INC0016081,7,9,1,0.7430274983398513
INC0016081,8,9,1,0.7780429921838785
INC0016083,1,9,1,0.3618562557197273
INC0016083,2,9,1,0.3519359594563058
INC0016083,3,9,1,0.37500564940489917
INC0016083,4,9,1,0.28391907156700635
INC0016083,5,9,1,0.1725539836359441
INC0016083,6,9,1,0.8627934858040335
INC0016083,7,9,1,0.8329780994730842
INC0016083,8,9,1,0.8225194075071368
INC0016089,1,2,0,0.22518987781956387
INC0016089,2,2,0,0.2166406868866435
INC0016106,1,8,1,0.6733082129644161
INC0016106,2,8,1,0.5166262948901795
INC0016106,3,8,1,0.5093469833664253
INC0016106,4,8,1,0.7545921588052678
INC0016106,5,8,1,0.7529087429062445
INC0016106,6,8,1,0.8178351823165719
INC0016106,7,8,1,0.7909899521657857
INC0016106,8,8,1,0.9152211345657046
INC0016111,1,13,1,0.5013286720260122
INC0016111,2,13,1,0.627614423960519
INC0016111,3,13,1,0.7548058227202193
INC0016111,4,13,1,0.9668505233389286
INC0016111,5,13,1,0.9638277521288617
INC0016111,6,13,1,0.9535570724945064
INC0016111,7,13,1,0.9506442530082427
INC0016111,8,13,1,0.9716365507559604
INC0016122,1,2,1,0.45555586140951737
INC0016122,2,2,1,0.4275723713142032
INC0016133,1,10,1,0.3992852193331363
INC0016133,2,10,1,0.661407781251116
INC0016133,3,10,1,0.6834046653813378
INC0016133,4,10,1,0.8544331241559109
INC0016133,5,10,1,0.7711726444266505
INC0016133,6,10,1,0.8381000783991299
INC0016133,7,10,1,0.8652955391751579
INC0016133,8,10,1,0.8103055323274585
INC0016142,1,4,0,0.48931716743092774
INC0016142,2,4,0,0.6738188359257523
INC0016142,3,4,0,0.5600552643268008
INC0016142,4,4,0,0.6641892489638633
INC0016165,1,1,0,0.2948942344252523
INC0016168,1,1,0,0.6010649497128931
INC0016203,1,2,0,0.3219691191366744
INC0016203,2,2,0,0.28734513795908323
INC0016209,1,9,1,0.23211363016787545
INC0016209,2,9,1,0.36449364344571944
INC0016209,3,9,1,0.46336687815232275
INC0016209,4,9,1,0.5585902669530096
INC0016209,5,9,1,0.6110389235637501
INC0016209,6,9,1,0.5978029930803517
INC0016209,7,9,1,0.4339502421236111
INC0016209,8,9,1,0.8212584714392492
INC0016236,1,4,0,0.4023176292775092
INC0016236,2,4,0,0.3838732351382791
INC0016236,3,4,0,0.40668035466321917
INC0016236,4,4,0,0.6837203310868637
INC0016264,1,1,0,0.3185971199194065
INC0016265,1,4,0,0.8726063352126714
INC0016265,2,4,0,0.9457306418850864
INC0016265,3,4,0,0.9206581993802604
INC0016265,4,4,0,0.9124881125966372
INC0016267,1,1,0,0.11680085002268145
INC0016286,1,1,0,0.15645539746448756
INC0016290,1,2,0,0.06788413144252656
INC0016290,2,2,0,0.042091392666978485
INC0016296,1,2,0,0.07432210436498365
INC0016296,2,2,0,0.04545499282651771
INC0016323,1,2,0,0.1274540597673209
INC0016323,2,2,0,0.11249478612501139
INC0016336,1,2,0,0.13987518223554465
INC0016336,2,2,0,0.3595592037274902
INC0016342,1,4,1,0.12660418583538638
INC0016342,2,4,1,0.130714693638167
INC0016342,3,4,1,0.10413336983650949
INC0016342,4,4,1,0.1771702506485643
INC0016344,1,1,0,0.2313762527721126
INC0016346,1,1,0,0.058564752868783765
INC0016364,1,1,0,0.061788217777947074
INC0016370,1,1,0,0.0737741062210204
INC0016379,1,3,1,0.22920881145075783
INC0016379,2,3,1,0.575250874174155
INC0016379,3,3,1,0.5063433929999608
INC0016387,1,1,0,0.18881828215222324
INC0016390,1,4,1,0.39405878281601947
INC0016390,2,4,1,0.5083668263468343
INC0016390,3,4,1,0.5135782687266701
INC0016390,4,4,1,0.690653449497458
INC0016391,1,1,0,0.07132124342937805
INC0016392,1,2,0,0.3103880900267035
INC0016392,2,2,0,0.3453130389238276
INC0016417,1,5,1,0.16772089846053242
INC0016417,2,5,1,0.4329728758357515
INC0016417,3,5,1,0.7532128384779321
INC0016417,4,5,1,0.8347006390291709
INC0016417,5,5,1,0.9596100967542314
INC0016418,1,4,1,0.3537968694667235
INC0016418,2,4,1,0.5404059406014583
INC0016418,3,4,1,0.8507686394696665
INC0016418,4,4,1,0.8912715029565612
INC0016451,1,7,1,0.24476233237101513
INC0016451,2,7,1,0.22768689076592
INC0016451,3,7,1,0.5299581996531593
INC0016451,4,7,1,0.6724428003720985
INC0016451,5,7,1,0.6050929478244781
INC0016451,6,7,1,0.4959640197302016
INC0016451,7,7,1,0.5528691619766741
INC0016454,1,2,0,0.2673939205399244
INC0016454,2,2,0,0.2991067807821324
INC0016455,1,1,0,0.13876080559004172
INC0016462,1,2,0,0.3177659807147662
INC0016462,2,2,0,0.44468852892784744
INC0016463,1,2,0,0.372515038644895
INC0016463,2,2,0,0.3477589122237083
INC0016468,1,5,0,0.19055510130652759
INC0016468,2,5,0,0.19388270294831686
INC0016468,3,5,0,0.31820966338612583
INC0016468,4,5,0,0.4931853716801444
INC0016468,5,5,0,0.39889770387385454
INC0016470,1,3,0,0.34138098678793727
INC0016470,2,3,0,0.30210571814991394
INC0016470,3,3,0,0.3428886891807323
INC0016479,1,1,0,0.0594353294543591
INC0016482,1,1,0,0.3342357965013846
INC0016498,1,10,1,0.1868052506819309
INC0016498,2,10,1,0.20595911298389014
INC0016498,3,10,1,0.17650502749338604
INC0016498,4,10,1,0.19560229627462017
INC0016498,5,10,1,0.18125878337220575
INC0016498,6,10,1,0.1870828349973908
INC0016498,7,10,1,0.24293408092547122
INC0016498,8,10,1,0.6731247355790496
INC0016548,1,6,0,0.38528935238850137
INC0016548,2,6,0,0.4760052936091559
INC0016548,3,6,0,0.4573019754840857
INC0016548,4,6,0,0.36280030077661257
INC0016548,5,6,0,0.5835069621025151
INC0016548,6,6,0,0.5842842659253065
INC0016551,1,6,1,0.4834130044563218
INC0016551,2,6,1,0.6390429947046644
INC0016551,3,6,1,0.712290868707433
INC0016551,4,6,1,0.7839447629141425
INC0016551,5,6,1,0.7611802226422345
INC0016551,6,6,1,0.9159129341490627
INC0016563,1,2,0,0.339640248377155
INC0016563,2,2,0,0.3425299758186353
INC0016564,1,3,1,0.4509916537975342
INC0016564,2,3,1,0.3352042250472178
INC0016564,3,3,1,0.742016581525149
INC0016567,1,5,0,0.31027021265402205
INC0016567,2,5,0,0.30250956503008525
INC0016567,3,5,0,0.2658348743706161
INC0016567,4,5,0,0.30853866431331683
INC0016567,5,5,0,0.28909096121497335
INC0016574,1,2,1,0.8824245650442634
INC0016574,2,2,1,0.976101351044559
INC0016582,1,2,0,0.3242406177158839
INC0016582,2,2,0,0.22376386516075245
INC0016587,1,1,0,0.22562735521054453
INC0016590,1,2,0,0.4111413123810789
INC0016590,2,2,0,0.5698532627164844
INC0016600,1,5,1,0.33182177185044426
INC0016600,2,5,1,0.45758013769113765
INC0016600,3,5,1,0.9582999826279492
INC0016600,4,5,1,0.9690124114322428
INC0016600,5,5,1,0.9666188719319845
INC0016608,1,2,0,0.348107717278229
INC0016608,2,2,0,0.3644455137645725
INC0016633,1,2,0,0.12763327861475543
INC0016633,2,2,0,0.2284726508281107
INC0016649,1,1,0,0.3364971539426191
INC0016655,1,4,0,0.20291589243422767
INC0016655,2,4,0,0.23957855216620275
INC0016655,3,4,0,0.3894640493206049
INC0016655,4,4,0,0.4171820411213871
INC0016661,1,4,0,0.30604081411690065
INC0016661,2,4,0,0.3386948133463485
INC0016661,3,4,0,0.46920678997319964
INC0016661,4,4,0,0.43710064882032906
INC0016664,1,5,1,0.5441559221880766
INC0016664,2,5,1,0.720175273129418
INC0016664,3,5,1,0.5081936141899027
INC0016664,4,5,1,0.7095698728168918
INC0016664,5,5,1,0.6971005789606606
INC0016673,1,2,0,0.17538517655731303
INC0016673,2,2,0,0.19885601973575456
INC0016674,1,2,0,0.3117117890953158
INC0016674,2,2,0,0.209682639436756
INC0016683,1,5,0,0.31990705365230926
INC0016683,2,5,0,0.3233058709329516
INC0016683,3,5,0,0.22226942703358799
INC0016683,4,5,0,0.21275397671106178
INC0016683,5,5,0,0.27170001083933054
INC0016686,1,5,0,0.08525985860007275
INC0016686,2,5,0,0.21396142581467956
INC0016686,3,5,0,0.1914048544592497
INC0016686,4,5,0,0.2237173811830411
INC0016686,5,5,0,0.25676444841702234
INC0016711,1,6,0,0.4429197832410968
INC0016711,2,6,0,0.3957112108725778
INC0016711,3,6,0,0.21439762093527875
INC0016711,4,6,0,0.21937066325176788
INC0016711,5,6,0,0.18987831628203844
INC0016711,6,6,0,0.23277827320787328
INC0016739,1,8,0,0.307293229512438
INC0016739,2,8,0,0.6278224613130136
INC0016739,3,8,0,0.7620347175286752
INC0016739,4,8,0,0.6653458339344615
INC0016739,5,8,0,0.7802578021580912
INC0016739,6,8,0,0.7938124759790517
INC0016739,7,8,0,0.83815417563174
INC0016739,8,8,0,0.8042148413004254
INC0016764,1,4,1,0.12036772906482314
INC0016764,2,4,1,0.10920223859954387
INC0016764,3,4,1,0.3601967045562631
INC0016764,4,4,1,0.9997071738534368
INC0016766,1,2,0,0.09248068793451232
INC0016766,2,2,0,0.10590046212099549
INC0016776,1,7,1,0.6055549002209284
INC0016776,2,7,1,0.5730898400826142
INC0016776,3,7,1,0.8474469375484343
INC0016776,4,7,1,0.8692322617990211
INC0016776,5,7,1,0.9998025105878418
INC0016776,6,7,1,0.9997677450392668
INC0016776,7,7,1,0.9997225324250648
INC0016787,1,1,0,0.33751331839249465
INC0016797,1,2,0,0.3616091162992506
INC0016797,2,2,0,0.5880233894144519
INC0016804,1,3,0,0.2515772627203266
INC0016804,2,3,0,0.2372460016603257
INC0016804,3,3,0,0.275570321667147
INC0016809,1,3,0,0.15357630949127535
INC0016809,2,3,0,0.15914388943814342
INC0016809,3,3,0,0.23652910722985038
INC0016817,1,4,1,0.5169285877695594
INC0016817,2,4,1,0.47835251745952645
INC0016817,3,4,1,0.38120980837828056
INC0016817,4,4,1,0.9959616363215085
INC0016827,1,4,0,0.09525455402655769
INC0016827,2,4,0,0.08646192521328287
INC0016827,3,4,0,0.07271128757018477
INC0016827,4,4,0,0.09005306617914022
INC0016829,1,1,0,0.10567829472657994
INC0016832,1,1,0,0.23755519031848943
INC0016834,1,6,0,0.3328701110753441
INC0016834,2,6,0,0.30376493903918345
INC0016834,3,6,0,0.3264686908114911
INC0016834,4,6,0,0.3381210227045424
INC0016834,5,6,0,0.3262548475629636
INC0016834,6,6,0,0.30559741663926737
INC0016839,1,1,0,0.21037639083962603
INC0016853,1,4,0,0.20374539631023292
INC0016853,2,4,0,0.19801862035340395
INC0016853,3,4,0,0.3797057184808523
INC0016853,4,4,0,0.40817925254750353
INC0016906,1,1,0,0.16255564535218187
INC0016911,1,1,0,0.4004180438229652
INC0016914,1,4,0,0.23842758643580814
INC0016914,2,4,0,0.2141782713174563
INC0016914,3,4,0,0.11399139419867646
INC0016914,4,4,0,0.11378086921176428
INC0016947,1,4,1,0.16652569768231912
INC0016947,2,4,1,0.14872275613005007
INC0016947,3,4,1,0.9999488580596884
INC0016947,4,4,1,0.9998876368990044
INC0016953,1,1,0,0.09437577138257502
INC0016955,1,1,0,0.600506857073807
INC0016962,1,4,0,0.24618443625598893
INC0016962,2,4,0,0.22213503406498628
INC0016962,3,4,0,0.2404613481307736
INC0016962,4,4,0,0.22341727645248238
INC0016963,1,1,0,0.2285872150002758
INC0016964,1,1,0,0.0699439736855206
INC0016995,1,6,0,0.26543736135380575
INC0016995,2,6,0,0.1794967815964725
INC0016995,3,6,0,0.1517321624102292
INC0016995,4,6,0,0.16258329635687943
INC0016995,5,6,0,0.15089010513057038
INC0016995,6,6,0,0.1828840387361579
INC0016999,1,1,0,0.8267882317865555
INC0017005,1,5,0,0.3151386498024156
INC0017005,2,5,0,0.3255729736538337
INC0017005,3,5,0,0.24040379346244828
INC0017005,4,5,0,0.20813604862103136
INC0017005,5,5,0,0.23072402714666115
INC0017023,1,7,0,0.4503790802579932
INC0017023,2,7,0,0.412084989036212
INC0017023,3,7,0,0.39248649360474075
INC0017023,4,7,0,0.43048396500989655
INC0017023,5,7,0,0.5057142938886318
INC0017023,6,7,0,0.4019920758219279
INC0017023,7,7,0,0.4513942246663128
INC0017029,1,6,1,0.17905271194564384
INC0017029,2,6,1,0.15601674753331973
INC0017029,3,6,1,0.1662600441677157
INC0017029,4,6,1,0.21988388357368555
INC0017029,5,6,1,0.15953296440699447
INC0017029,6,6,1,0.3176576803704586
INC0017032,1,2,0,0.37703770118063157
INC0017032,2,2,0,0.2607645829801101
INC0017034,1,9,0,0.20311540684857443
INC0017034,2,9,0,0.18225611047348234
INC0017034,3,9,0,0.326273379806957
INC0017034,4,9,0,0.3278910607030837
INC0017034,5,9,0,0.3097542926428594
INC0017034,6,9,0,0.49689027193360197
INC0017034,7,9,0,0.4647550462885229
INC0017034,8,9,0,0.5106450864145423
INC0017055,1,5,0,0.5183770678395265
INC0017055,2,5,0,0.5070908166266122
INC0017055,3,5,0,0.2583997001582456
INC0017055,4,5,0,0.2405315452422441
INC0017055,5,5,0,0.29817338656930154
INC0017059,1,2,0,0.3032468171259605
INC0017059,2,2,0,0.30023981410971073
INC0017064,1,7,1,0.31693677412788673
INC0017064,2,7,1,0.22978025200549435
INC0017064,3,7,1,0.28365610243290246
INC0017064,4,7,1,0.2977897868887559
INC0017064,5,7,1,0.45880396611967705
INC0017064,6,7,1,0.778471981618746
INC0017064,7,7,1,0.8994494274975632
INC0017081,1,5,0,0.2954962122539433
INC0017081,2,5,0,0.2808279567311604
INC0017081,3,5,0,0.24396579630318327
INC0017081,4,5,0,0.2602040821024252
INC0017081,5,5,0,0.24298457318095473
INC0017082,1,12,1,0.30872525243020027
INC0017082,2,12,1,0.45512258990975646
INC0017082,3,12,1,0.7260087352587943
INC0017082,4,12,1,0.8017874263673654
INC0017082,5,12,1,0.7767637572665321
INC0017082,6,12,1,0.8230583275303148
INC0017082,7,12,1,0.815820896917777
INC0017082,8,12,1,0.8558123951012271
INC0017114,1,1,0,0.4175522469103975
INC0017118,1,1,0,0.10847623026082691
INC0017121,1,1,0,0.17230838588719982
INC0017164,1,3,0,0.13747317090639868
INC0017164,2,3,0,0.17874080127555533
INC0017164,3,3,0,0.16522775825222147
INC0017175,1,1,0,0.23615354173155934
INC0017176,1,10,0,0.5100558666396291
INC0017176,2,10,0,0.4712334619702876
INC0017176,3,10,0,0.4735129430180414
INC0017176,4,10,0,0.6463775113702993
INC0017176,5,10,0,0.5832582777847334
INC0017176,6,10,0,0.6562327831302873
INC0017176,7,10,0,0.4557830493194009
INC0017176,8,10,0,0.44064511608132995
INC0017184,1,5,1,0.267300029793958
INC0017184,2,5,1,0.5533894216028264
INC0017184,3,5,1,0.7177777621139559
INC0017184,4,5,1,0.8501974576305575
INC0017184,5,5,1,0.9999881608306042
INC0017197,1,6,0,0.4908757170543055
INC0017197,2,6,0,0.3843718123209853
INC0017197,3,6,0,0.3613338377151433
INC0017197,4,6,0,0.43513422459405604
INC0017197,5,6,0,0.4480570979886863
INC0017197,6,6,0,0.42774091138770176
INC0017204,1,9,0,0.11408868662024241
INC0017204,2,9,0,0.11007734642275972
INC0017204,3,9,0,0.27531426666571357
INC0017204,4,9,0,0.2874985308113126
INC0017204,5,9,0,0.2752110821976286
INC0017204,6,9,0,0.32783635565648983
INC0017204,7,9,0,0.2954228144262503
INC0017204,8,9,0,0.3194116068710825
INC0017206,1,5,0,0.5132415254128183
INC0017206,2,5,0,0.6127476383820046
INC0017206,3,5,0,0.7947468383817456
INC0017206,4,5,0,0.7304171974668582
INC0017206,5,5,0,0.689861748416752
INC0017209,1,1,0,0.5246404534110496
INC0017242,1,4,1,0.41667167046576803
INC0017242,2,4,1,0.4383282687615635
INC0017242,3,4,1,0.28541180646351816
INC0017242,4,4,1,0.5665092997008485
INC0017261,1,8,1,0.2544421784479827
INC0017261,2,8,1,0.12403813457692965
INC0017261,3,8,1,0.25967661052201896
INC0017261,4,8,1,0.30544433206520966
INC0017261,5,8,1,0.374489715900318
INC0017261,6,8,1,0.22799880555145965
INC0017261,7,8,1,0.4075827925964496
INC0017261,8,8,1,0.6115677652496492
INC0017276,1,1,0,0.20110841480891956
INC0017277,1,1,0,0.055311075899033786
INC0017280,1,1,0,0.3577576201607418
INC0017291,1,8,0,0.27893183732622895
INC0017291,2,8,0,0.270411363775149
INC0017291,3,8,0,0.1753949556906386
INC0017291,4,8,0,0.10259224887516655
INC0017291,5,8,0,0.10461495674690155
INC0017291,6,8,0,0.12863136494573554
INC0017291,7,8,0,0.05383951198187504
INC0017291,8,8,0,0.10013100929066084
INC0017293,1,2,0,0.22013150903334125
INC0017293,2,2,0,0.2444013425029139
INC0017312,1,1,0,0.25589341424933437
INC0017328,1,2,0,0.10019283550705975
INC0017328,2,2,0,0.06310494057360556
INC0017329,1,2,0,0.30282153234793924
INC0017329,2,2,0,0.42605000658655595
INC0017334,1,8,1,0.48371706748744814
INC0017334,2,8,1,0.5067939747026386
INC0017334,3,8,1,0.46409619990805245
INC0017334,4,8,1,0.598776695556489
INC0017334,5,8,1,0.789924172240698
INC0017334,6,8,1,0.8473501837097854
INC0017334,7,8,1,0.9558300670508543
INC0017334,8,8,1,0.9991700032876378
INC0017355,1,2,0,0.22001542581034694
INC0017355,2,2,0,0.14635400890189376
INC0017382,1,4,0,0.4029034243377892
INC0017382,2,4,0,0.36999783812405324
INC0017382,3,4,0,0.3612472047827784
INC0017382,4,4,0,0.3836648401653803
INC0017387,1,2,0,0.6033732563871839
INC0017387,2,2,0,0.5767780726826778
INC0017388,1,4,1,0.6549533869855959
INC0017388,2,4,1,0.907256557249424
INC0017388,3,4,1,0.8829576827657264
INC0017388,4,4,1,0.9988749589230327
INC0017403,1,3,0,0.37662784305054386
INC0017403,2,3,0,0.3083757143749289
INC0017403,3,3,0,0.4496374758324723
INC0017416,1,1,0,0.1471522145448894
INC0017417,1,4,0,0.4065795388641494
INC0017417,2,4,0,0.32166102258711277
INC0017417,3,4,0,0.3287973247402376
INC0017417,4,4,0,0.395918720935024
INC0017419,1,1,0,0.16978506932581303
INC0017420,1,3,1,0.4862621604864764
INC0017420,2,3,1,0.3164045575627554
INC0017420,3,3,1,0.9841554236446963
INC0017450,1,3,0,0.13435866217509934
INC0017450,2,3,0,0.2074080367036465
INC0017450,3,3,0,0.20677338979010834
INC0017464,1,5,0,0.49515972669229263
INC0017464,2,5,0,0.6182417413148201
INC0017464,3,5,0,0.5897073227282207
INC0017464,4,5,0,0.5072929087810645
INC0017464,5,5,0,0.8243479083973588
INC0017486,1,2,0,0.25973432868122065
INC0017486,2,2,0,0.21501992503479878
INC0017487,1,2,0,0.4560581350121032
INC0017487,2,2,0,0.4230115322506441
INC0017526,1,1,0,0.06049680153984801
INC0017542,1,3,0,0.3483621346378295
INC0017542,2,3,0,0.4630011896436966
INC0017542,3,3,0,0.427407190051581
INC0017543,1,2,0,0.22029341035322453
INC0017543,2,2,0,0.18989167983459054
INC0017548,1,7,1,0.40465294139288993
INC0017548,2,7,1,0.5018055546172894
INC0017548,3,7,1,0.6526774901447339
INC0017548,4,7,1,0.7487240534785078
INC0017548,5,7,1,0.7542766916797081
INC0017548,6,7,1,0.7543375262757586
INC0017548,7,7,1,0.9512440230094306
INC0017556,1,1,0,0.23949358058484949
INC0017562,1,1,0,0.05845103621102132
INC0017579,1,1,0,0.03754671554144495
INC0017590,1,3,0,0.04044569749729707
INC0017590,2,3,0,0.066328414728383
INC0017590,3,3,0,0.05781890294223625
INC0017600,1,4,1,0.02253058294494577
INC0017600,2,4,1,0.0727608611829227
INC0017600,3,4,1,0.05814534116702691
INC0017600,4,4,1,0.6063523170674706
INC0017606,1,2,0,0.2891762800710008
INC0017606,2,2,0,0.3711042867681421
INC0017613,1,3,0,0.3614663451683306
INC0017613,2,3,0,0.30486868032578557
INC0017613,3,3,0,0.32017622217752145
INC0017668,1,4,1,0.33075129146439763
INC0017668,2,4,1,0.623942128944385
INC0017668,3,4,1,0.6308752631302028
INC0017668,4,4,1,0.44739805841979535
INC0017681,1,3,0,0.5071081116945034
INC0017681,2,3,0,0.6131116300742235
INC0017681,3,3,0,0.5576046339578882
INC0017689,1,3,1,0.30800587435243865
INC0017689,2,3,1,0.18854581703600043
INC0017689,3,3,1,0.9316668135560439
INC0017692,1,2,0,0.10261319375391796
INC0017692,2,2,0,0.0914820490494596
INC0017708,1,4,0,0.061521199866879824
INC0017708,2,4,0,0.04555472608962761
INC0017708,3,4,0,0.0692894019152249
INC0017708,4,4,0,0.09868960140183691
INC0017725,1,3,0,0.4560106780571296
INC0017725,2,3,0,0.48888119444352696
INC0017725,3,3,0,0.6259645384142702
INC0017750,1,6,0,0.008031670549681725
INC0017750,2,6,0,0.014303943621462157
INC0017750,3,6,0,0.012594256162768078
INC0017750,4,6,0,0.018757704299649482
INC0017750,5,6,0,0.014874073057233868
INC0017750,6,6,0,0.009695877684905017
INC0017756,1,6,1,0.5950840842425965
INC0017756,2,6,1,0.5621796875908813
INC0017756,3,6,1,0.6418837389265061
INC0017756,4,6,1,0.7192793833942235
INC0017756,5,6,1,0.7484971960918461
INC0017756,6,6,1,0.8708797150191242
INC0017760,1,7,0,0.0032651654736377198
INC0017760,2,7,0,0.011384784864697099
INC0017760,3,7,0,0.017353894252178866
INC0017760,4,7,0,0.01206927588162357
INC0017760,5,7,0,0.030598375435444032
INC0017760,6,7,0,0.0383649321689561
INC0017760,7,7,0,0.09358413804652622
INC0017784,1,1,0,0.2462351538135103
INC0017794,1,3,0,0.26236649712007376
INC0017794,2,3,0,0.5751410931192622
INC0017794,3,3,0,0.3750204472534842
INC0017811,1,2,0,0.6965733721509465
INC0017811,2,2,0,0.6766250269144248
INC0017815,1,4,0,0.3247040597937728
INC0017815,2,4,0,0.15204895680993127
INC0017815,3,4,0,0.3193135512501695
INC0017815,4,4,0,0.2953746754119895
INC0017816,1,5,0,0.31436294276746385
INC0017816,2,5,0,0.30128546491994135
INC0017816,3,5,0,0.3247133387338998
INC0017816,4,5,0,0.29448893728049746
INC0017816,5,5,0,0.26679131372659304
INC0017828,1,6,0,0.47558088044073005
INC0017828,2,6,0,0.41116541483554286
INC0017828,3,6,0,0.4571908188983623
INC0017828,4,6,0,0.43848599211822653
INC0017828,5,6,0,0.510066258271199
INC0017828,6,6,0,0.4821800428178492
INC0017837,1,2,0,0.2491165941026548
INC0017837,2,2,0,0.27766738740651115
INC0017838,1,1,1,0.6444687758028951
INC0017864,1,15,1,0.07518142473162819
INC0017864,2,15,1,0.07178028395666192
INC0017864,3,15,1,0.11353889975564067
INC0017864,4,15,1,0.1311268614348422
INC0017864,5,15,1,0.08517590796087872
INC0017864,6,15,1,0.1611973712516058
INC0017864,7,15,1,0.13585639637883723
INC0017864,8,15,1,0.3232619419659277
INC0017877,1,2,0,0.0896611495884855
INC0017877,2,2,0,0.0859661618310272
INC0017918,1,1,0,0.08702531590785717
INC0017941,1,4,0,0.3241055832151031
INC0017941,2,4,0,0.250470927715505
INC0017941,3,4,0,0.372266416825433
INC0017941,4,4,0,0.6051135630055959
INC0017946,1,3,0,0.13088085478978534
INC0017946,2,3,0,0.2555378721289178
INC0017946,3,3,0,0.18987343940104012
INC0017947,1,6,0,0.31921238600119495
INC0017947,2,6,0,0.40078623921945733
INC0017947,3,6,0,0.5388313294862829
INC0017947,4,6,0,0.566050407313979
INC0017947,5,6,0,0.5467566176028114
INC0017947,6,6,0,0.6521466834022546
INC0017963,1,3,0,0.023014830093383464
INC0017963,2,3,0,0.04821316129882056
INC0017963,3,3,0,0.011192511129594563
INC0017986,1,1,0,0.17737623221480106
INC0017997,1,10,0,0.4972645399119055
INC0017997,2,10,0,0.48852704930593926
INC0017997,3,10,0,0.39339847652147875
INC0017997,4,10,0,0.34961539935899916
INC0017997,5,10,0,0.37349753178187595
INC0017997,6,10,0,0.43800036131636216
INC0017997,7,10,0,0.34127033121299954
INC0017997,8,10,0,0.32294825212798123
INC0018017,1,4,0,0.6199872140323108
INC0018017,2,4,0,0.5879005755452222
INC0018017,3,4,0,0.7321862668582768
INC0018017,4,4,0,0.7594095883882351
INC0018020,1,2,0,0.23852583027624266
INC0018020,2,2,0,0.2748893268947373
INC0018033,1,1,0,0.15100056152119434
INC0018034,1,4,0,0.17771268568403378
INC0018034,2,4,0,0.21864127840406253
INC0018034,3,4,0,0.2175032676054569
INC0018034,4,4,0,0.20901329531411242
INC0018051,1,3,0,0.22411219670142052
INC0018051,2,3,0,0.1396162266652269
INC0018051,3,3,0,0.16830358353936584
INC0018052,1,8,1,0.49158200754552844
INC0018052,2,8,1,0.4799893069693782
INC0018052,3,8,1,0.6404631153590464
INC0018052,4,8,1,0.6425835042703845
INC0018052,5,8,1,0.7628384098595162
INC0018052,6,8,1,0.9760715010124801
INC0018052,7,8,1,0.9830518002118273
INC0018052,8,8,1,0.9959577220122615
INC0018054,1,1,1,0.6090717124857593
INC0018072,1,2,0,0.035544502687599934
INC0018072,2,2,0,0.04093734978255175
INC0018094,1,2,0,0.18304391341654214
INC0018094,2,2,0,0.18583611844316142
INC0018096,1,6,1,0.721049369996763
INC0018096,2,6,1,0.9098890133030055
INC0018096,3,6,1,0.8915492177206107
INC0018096,4,6,1,0.9232230992660192
INC0018096,5,6,1,0.9443261386999274
INC0018096,6,6,1,0.9708224893400857
INC0018119,1,1,0,0.19283518922067866
INC0018124,1,2,0,0.20840234618604336
INC0018124,2,2,0,0.244882448677421
INC0018173,1,1,0,0.35101445784459223
INC0018180,1,9,0,0.4088393661505854
INC0018180,2,9,0,0.2444991342851715
INC0018180,3,9,0,0.3911104060526865
INC0018180,4,9,0,0.3672970101953553
INC0018180,5,9,0,0.5044872319172715
INC0018180,6,9,0,0.6461354591898149
INC0018180,7,9,0,0.602702521585854
INC0018180,8,9,0,0.5874393432468313
INC0018183,1,5,0,0.20003471417346458
INC0018183,2,5,0,0.20728689656857308
INC0018183,3,5,0,0.24870076621098275
INC0018183,4,5,0,0.23838801959534722
INC0018183,5,5,0,0.3294476834204272
INC0018193,1,2,0,0.28380774049045415
INC0018193,2,2,0,0.29748314668453524
INC0018201,1,1,0,0.2738942041436642
INC0018220,1,3,0,0.40208922981979106
INC0018220,2,3,0,0.43398101712372167
INC0018220,3,3,0,0.6265702446015822
INC0018227,1,1,0,0.18809397408183137
INC0018238,1,5,1,0.7873525511994162
INC0018238,2,5,1,0.7846827124912301
INC0018238,3,5,1,0.8555414547404363
INC0018238,4,5,1,0.9847569083895172
INC0018238,5,5,1,0.9829620192774707
INC0018239,1,2,0,0.5198596942836498
INC0018239,2,2,0,0.5107386046945439
INC0018243,1,2,0,0.2819456962974064
INC0018243,2,2,0,0.2753959796162968
INC0018246,1,1,0,0.09286950692502909
INC0018273,1,2,0,0.08406813425623202
INC0018273,2,2,0,0.052631202054115644
INC0018310,1,1,0,0.5780262002909349
INC0018314,1,8,0,0.22798447906563954
INC0018314,2,8,0,0.22226098914623943
INC0018314,3,8,0,0.219159291660228
INC0018314,4,8,0,0.2272407460933734
INC0018314,5,8,0,0.21314984547191176
INC0018314,6,8,0,0.1840547782135317
INC0018314,7,8,0,0.25659245222655847
INC0018314,8,8,0,0.29077371480577474
INC0018329,1,1,0,0.0944453647645449
INC0018337,1,5,1,0.4319193715306925
INC0018337,2,5,1,0.38074805555893776
INC0018337,3,5,1,0.7432528820396082
INC0018337,4,5,1,0.8107395918548552
INC0018337,5,5,1,0.9354513890579772
INC0018355,1,1,0,0.14827076242360698
INC0018360,1,2,0,0.38416090095874766
INC0018360,2,2,0,0.31714323589911747
INC0018363,1,1,0,0.39650367441213863
INC0018371,1,1,1,0.6174198167630641
INC0018381,1,4,1,0.2542079951115728
INC0018381,2,4,1,0.4235913292447519
INC0018381,3,4,1,0.3435962394945773
INC0018381,4,4,1,0.9749009067327031
INC0018399,1,1,0,0.29333705183842823
INC0018400,1,4,0,0.22965710490777821
INC0018400,2,4,0,0.15271269181523328
INC0018400,3,4,0,0.14974720066954764
INC0018400,4,4,0,0.1765421675372623
INC0018416,1,1,0,0.07442419277737805
INC0018420,1,1,0,0.1345491764418967
INC0018424,1,1,0,0.030462270904158442
INC0018426,1,2,0,0.24055785818584224
INC0018426,2,2,0,0.2655830219170785
INC0018429,1,1,0,0.1374219593969229
INC0018434,1,4,0,0.0903313425023718
INC0018434,2,4,0,0.12731566745779374
INC0018434,3,4,0,0.16917652023707674
INC0018434,4,4,0,0.1418917701124465
INC0018439,1,2,0,0.10778459679712214
INC0018439,2,2,0,0.06730396540949023
INC0018443,1,3,0,0.2099260049612984
INC0018443,2,3,0,0.13771866512650818
INC0018443,3,3,0,0.24147882666213105
INC0018450,1,6,1,0.13402393079371555
INC0018450,2,6,1,0.08830805694819105
INC0018450,3,6,1,0.6628413449918119
INC0018450,4,6,1,0.7372922042990573
INC0018450,5,6,1,0.7543243109318714
INC0018450,6,6,1,0.816604365413735
INC0018465,1,1,0,0.04600843313638118
INC0018473,1,1,0,0.03448186460251729
INC0018488,1,2,0,0.2950849365602905
INC0018488,2,2,0,0.16357258834920807
INC0018496,1,9,0,0.5362343129413807
INC0018496,2,9,0,0.5188150459394246
INC0018496,3,9,0,0.5471417484909281
INC0018496,4,9,0,0.47434155303553144
INC0018496,5,9,0,0.49610235681406933
INC0018496,6,9,0,0.5200970703987727
INC0018496,7,9,0,0.6828862895221711
INC0018496,8,9,0,0.6807866562403091
INC0018508,1,7,0,0.2868069077682588
INC0018508,2,7,0,0.24061228550949326
INC0018508,3,7,0,0.15299272617139692
INC0018508,4,7,0,0.14122801647526864
INC0018508,5,7,0,0.12189631509335523
INC0018508,6,7,0,0.1499681395828845
INC0018508,7,7,0,0.17732167687175163
INC0018511,1,2,0,0.24732401435944487
INC0018511,2,2,0,0.27749022604068846
INC0018515,1,1,0,0.2261784749132866
INC0018516,1,1,0,0.1927961463890397
INC0018523,1,1,0,0.16659108340940323
INC0018525,1,1,0,0.07493653318177433
INC0018530,1,1,0,0.05858410276971207
INC0018551,1,3,0,0.1901285138464309
INC0018551,2,3,0,0.34631192319110826
INC0018551,3,3,0,0.3179556452139996
INC0018554,1,3,1,0.5421371513378163
INC0018554,2,3,1,0.9269228212698214
INC0018554,3,3,1,0.9546251361162297
INC0018578,1,1,0,0.08596920159709776
INC0018582,1,5,0,0.27864301738757336
INC0018582,2,5,0,0.25191694570468554
INC0018582,3,5,0,0.19233953192926448
INC0018582,4,5,0,0.3552702446107627
INC0018582,5,5,0,0.33415285417147794
INC0018585,1,7,0,0.006817837461312178
INC0018585,2,7,0,0.005897290621753056
INC0018585,3,7,0,0.006517690823537068
INC0018585,4,7,0,0.007891268612023605
INC0018585,5,7,0,0.007192619176742542
INC0018585,6,7,0,0.009140654401374076
INC0018585,7,7,0,0.008228708527080894
INC0018591,1,1,0,0.3235134664483274
INC0018610,1,4,1,0.27469122398494056
INC0018610,2,4,1,0.34901253243522673
INC0018610,3,4,1,0.32257125233375106
INC0018610,4,4,1,0.45625520237175954
INC0018643,1,3,1,0.17751441413739913
INC0018643,2,3,1,0.26974089107839877
INC0018643,3,3,1,0.9351567318140483
INC0018655,1,1,0,0.062483142451708676
INC0018666,1,1,0,0.08900576826565576
INC0018669,1,1,0,0.1278208861279691
INC0018679,1,2,0,0.19493783775177995
INC0018679,2,2,0,0.22119579588124053
INC0018703,1,1,0,0.11765603272657932
INC0018712,1,1,0,0.21930089069210615
INC0018715,1,10,1,0.11536493146437045
INC0018715,2,10,1,0.1323468574665199
INC0018715,3,10,1,0.12067584049108633
INC0018715,4,10,1,0.1622907031266151
INC0018715,5,10,1,0.14547213038985854
INC0018715,6,10,1,0.17649866228854766
INC0018715,7,10,1,0.22306119637426888
INC0018715,8,10,1,0.20064881860946748
INC0018739,1,11,1,0.37669853007543647
INC0018739,2,11,1,0.4293149807923116
INC0018739,3,11,1,0.40637757817141357
INC0018739,4,11,1,0.39054158620050367
INC0018739,5,11,1,0.39128479254168963
INC0018739,6,11,1,0.4419085884862186
INC0018739,7,11,1,0.4954855339077824
INC0018739,8,11,1,0.8810536501036048
INC0018779,1,6,0,0.3134220556396245
INC0018779,2,6,0,0.2664056387488796
INC0018779,3,6,0,0.23110326553095892
INC0018779,4,6,0,0.24968532175832728
INC0018779,5,6,0,0.42554065021353954
INC0018779,6,6,0,0.5035152678336046
INC0018826,1,1,0,0.08017837120342357
INC0018831,1,1,0,0.12872257030635031
INC0018837,1,1,0,0.2969068180731113
INC0018845,1,1,0,0.2615552779999889
INC0018855,1,6,0,0.17202906689722175
INC0018855,2,6,0,0.15935563037936964
INC0018855,3,6,0,0.14757068012359095
INC0018855,4,6,0,0.23013162951657054
INC0018855,5,6,0,0.09473056381939109
INC0018855,6,6,0,0.12514736076009553
INC0018865,1,1,0,0.30104904075603345
INC0018921,1,1,0,0.06411311503210576
INC0018942,1,1,0,0.11835302386650971
INC0018955,1,9,0,0.0099897830542119
INC0018955,2,9,0,0.01878651669211618
INC0018955,3,9,0,0.022425973065816975
INC0018955,4,9,0,0.022728932855746935
INC0018955,5,9,0,0.02158878035858891
INC0018955,6,9,0,0.014788704057768763
INC0018955,7,9,0,0.02626335840260858
INC0018955,8,9,0,0.02864700872358477
INC0018971,1,2,0,0.1354408350451951
INC0018971,2,2,0,0.1341046047705205
INC0018973,1,1,0,0.1652309850324762
INC0018977,1,1,0,0.07127647994341232
INC0018984,1,1,0,0.2990567889137599
INC0018989,1,2,0,0.28600410390513775
INC0018989,2,2,0,0.25972900591951886
INC0019000,1,3,0,0.07239367970136124
INC0019000,2,3,0,0.06089994579569202
INC0019000,3,3,0,0.066737004330597
INC0019009,1,8,1,0.1719514902044678
INC0019009,2,8,1,0.16529013947595186
INC0019009,3,8,1,0.291251700972439
INC0019009,4,8,1,0.25846357813025655
INC0019009,5,8,1,0.2918783550614636
INC0019009,6,8,1,0.3408113534585728
INC0019009,7,8,1,0.46911150992284645
INC0019009,8,8,1,0.5295598999218512
INC0019010,1,4,0,0.16990300196673125
INC0019010,2,4,0,0.15780539278028852
INC0019010,3,4,0,0.23362395889992368
INC0019010,4,4,0,0.14599703135799455
INC0019014,1,3,0,0.0030224180591307322
INC0019014,2,3,0,0.10959347205733865
INC0019014,3,3,0,0.10072613546107541
INC0019020,1,10,0,0.005101360667055382
INC0019020,2,10,0,0.004957053558907041
INC0019020,3,10,0,0.0033164353514900445
INC0019020,4,10,0,0.0019525120378527778
INC0019020,5,10,0,0.002157902961947398
INC0019020,6,10,0,0.004786788079608764
INC0019020,7,10,0,0.004413220344230905
INC0019020,8,10,0,0.0026165950645125405
INC0019056,1,3,0,0.3702502821138553
INC0019056,2,3,0,0.33954017855352897
INC0019056,3,3,0,0.2623558841881032
INC0019057,1,3,0,0.09029571420497444
INC0019057,2,3,0,0.0566848334372279
INC0019057,3,3,0,0.046877643886706316
INC0019059,1,1,0,0.17608479345841468
INC0019061,1,1,0,0.20504799290189726
INC0019086,1,5,1,0.3156738713916774
INC0019086,2,5,1,0.287285658905957
INC0019086,3,5,1,0.39414769974107366
INC0019086,4,5,1,0.9779259221567598
INC0019086,5,5,1,0.9921922471566914
INC0019089,1,7,1,0.27608641403190193
INC0019089,2,7,1,0.27472114888049515
INC0019089,3,7,1,0.1786511431811428
INC0019089,4,7,1,0.27183789928559043
INC0019089,5,7,1,0.19427569142532025
INC0019089,6,7,1,0.17959130896963685
INC0019089,7,7,1,0.6703777198846066
INC0019090,1,3,0,0.21828557994131859
INC0019090,2,3,0,0.2513352293801765
INC0019090,3,3,0,0.2344215431386217
INC0019108,1,5,0,0.689441086037836
INC0019108,2,5,0,0.7151330447970007
INC0019108,3,5,0,0.7014526006540021
INC0019108,4,5,0,0.693123251864657
INC0019108,5,5,0,0.8266460499949703
INC0019110,1,3,0,0.24176381464087127
INC0019110,2,3,0,0.7879599238059856
INC0019110,3,3,0,0.3315668426119104
INC0019113,1,1,0,0.11476221885461367
INC0019128,1,8,0,0.26923511764566616
INC0019128,2,8,0,0.26231664574060876
INC0019128,3,8,0,0.2526073430624165
INC0019128,4,8,0,0.23960491558560418
INC0019128,5,8,0,0.2470938284958868
INC0019128,6,8,0,0.2782443959947317
INC0019128,7,8,0,0.29798400841591327
INC0019128,8,8,0,0.40450218936980503
INC0019168,1,1,0,0.20655014464263954
INC0019172,1,6,0,0.2577982643524348
INC0019172,2,6,0,0.23296495042719398
INC0019172,3,6,0,0.267318364577212
INC0019172,4,6,0,0.3445514634574918
INC0019172,5,6,0,0.4988667829019488
INC0019172,6,6,0,0.5711896134666391
INC0019173,1,3,0,0.34817105286137606
INC0019173,2,3,0,0.1433366339002685
INC0019173,3,3,0,0.08775078843923678
INC0019208,1,1,0,0.14366035860759963
INC0019222,1,2,0,0.15811741144390926
INC0019222,2,2,0,0.14366432626142103
INC0019225,1,6,0,0.3688099659524295
INC0019225,2,6,0,0.48452873673589575
INC0019225,3,6,0,0.37555894385532107
INC0019225,4,6,0,0.5188760503670697
INC0019225,5,6,0,0.4753188983575947
INC0019225,6,6,0,0.5002067915639667
INC0019227,1,1,0,0.055674434330177935
INC0019228,1,1,0,0.14706157502330597
INC0019263,1,9,1,0.5839709267067449
INC0019263,2,9,1,0.6609866459987287
INC0019263,3,9,1,0.9253889795952627
INC0019263,4,9,1,0.9312495392415179
INC0019263,5,9,1,0.8241436525648003
INC0019263,6,9,1,0.9013933689461995
INC0019263,7,9,1,0.9530494342389892
INC0019263,8,9,1,0.9494174702360009
INC0019264,1,2,1,0.2267484166525033
INC0019264,2,2,1,0.45219778825009416
INC0019271,1,3,0,0.1396232730273441
INC0019271,2,3,0,0.24605209902076458
INC0019271,3,3,0,0.28937854367905186
INC0019278,1,2,0,0.10895105137589635
INC0019278,2,2,0,0.1043089230433293
INC0019295,1,7,0,0.15415529939693054
INC0019295,2,7,0,0.18462711464146325
INC0019295,3,7,0,0.17101351871968337
INC0019295,4,7,0,0.16189542715958047
INC0019295,5,7,0,0.13761895110070252
INC0019295,6,7,0,0.19595006192652817
INC0019295,7,7,0,0.5538259407276495
INC0019300,1,1,0,0.07068881014734224
INC0019308,1,3,0,0.4184378444126909
INC0019308,2,3,0,0.7609021807856818
INC0019308,3,3,0,0.8832469025809327
INC0019323,1,1,0,0.08494655281325829
INC0019325,1,14,1,0.7414968708542549
INC0019325,2,14,1,0.7317617927420753
INC0019325,3,14,1,0.9373439412666676
INC0019325,4,14,1,0.9522301840357967
INC0019325,5,14,1,0.9177710695396886
INC0019325,6,14,1,0.9572063599150068
INC0019325,7,14,1,0.9666591862490456
INC0019325,8,14,1,0.9636652318780816
INC0019345,1,3,0,0.03893700567112661
INC0019345,2,3,0,0.0931303881139031
INC0019345,3,3,0,0.06412659021425217
INC0019348,1,5,0,0.4411981291635807
INC0019348,2,5,0,0.35048308904464465
INC0019348,3,5,0,0.3851220246625788
INC0019348,4,5,0,0.3455044525088647
INC0019348,5,5,0,0.4540175922109968
INC0019349,1,1,0,0.10900809001906674
INC0019355,1,3,0,0.2957545490024099
INC0019355,2,3,0,0.2684077766202004
INC0019355,3,3,0,0.28853570124148836
INC0019357,1,4,0,0.5443835945765484
INC0019357,2,4,0,0.5835978481501282
INC0019357,3,4,0,0.7789162681780748
INC0019357,4,4,0,0.793515633114586
INC0019371,1,3,0,0.186891331534079
INC0019371,2,3,0,0.2893591802316053
INC0019371,3,3,0,0.2884858143207297
INC0019380,1,10,0,0.3247074875489704
INC0019380,2,10,0,0.31623183331131055
INC0019380,3,10,0,0.3048310914895336
INC0019380,4,10,0,0.3247469478954556
INC0019380,5,10,0,0.2812914877054179
INC0019380,6,10,0,0.3306580128447585
INC0019380,7,10,0,0.37617755898704386
INC0019380,8,10,0,0.33123680926269217
INC0019389,1,1,0,0.23727349930219277
INC0019394,1,1,0,0.11603421470916257
INC0019401,1,3,0,0.5692278198036415
INC0019401,2,3,0,0.5158490452486825
INC0019401,3,3,0,0.37979245848525567
INC0019419,1,1,0,0.0448337112216708
INC0019439,1,3,0,0.2953008800406358
INC0019439,2,3,0,0.5142595271831747
INC0019439,3,3,0,0.46662539486730387
INC0019441,1,1,0,0.20299166577251002
INC0019456,1,1,0,0.08341840348332251
INC0019459,1,3,0,0.08768257010368856
INC0019459,2,3,0,0.11722411726716692
INC0019459,3,3,0,0.11414815549509658
INC0019479,1,3,0,0.4822643017149029
INC0019479,2,3,0,0.44888585247088175
INC0019479,3,3,0,0.8138129432572296
INC0019484,1,1,0,0.0741205712849595
INC0019485,1,1,0,0.18387467202623756
INC0019489,1,7,0,0.32205635428817597
INC0019489,2,7,0,0.3160805010563564
INC0019489,3,7,0,0.11900224690005401
INC0019489,4,7,0,0.12103083166464475
INC0019489,5,7,0,0.16022347138287057
INC0019489,6,7,0,0.6684276973640227
INC0019489,7,7,0,0.7331607324150546
INC0019490,1,3,0,0.1482542151509712
INC0019490,2,3,0,0.1437016962385286
INC0019490,3,3,0,0.12197230970395855
INC0019495,1,4,0,0.0602319455565532
INC0019495,2,4,0,0.09411951190482767
INC0019495,3,4,0,0.2807864079853573
INC0019495,4,4,0,0.3079222158090252
INC0019556,1,2,0,0.29872313749218316
INC0019556,2,2,0,0.2703752367111375
INC0019564,1,1,0,0.10423029285377007
INC0019573,1,6,0,0.2759672075592918
INC0019573,2,6,0,0.268445258235736
INC0019573,3,6,0,0.26294579919966726
INC0019573,4,6,0,0.2461976149854554
INC0019573,5,6,0,0.22968630068793694
INC0019573,6,6,0,0.21189175637422306
INC0019575,1,2,0,0.13276166464776518
INC0019575,2,2,0,0.08230229115839352
INC0019581,1,3,0,0.04510026049860497
INC0019581,2,3,0,0.02805527112846968
INC0019581,3,3,0,0.03096189262536883
INC0019586,1,3,0,0.3161444745214254
INC0019586,2,3,0,0.3186312833022694
INC0019586,3,3,0,0.20568610868488651
INC0019598,1,1,0,0.5830453112763319
INC0019613,1,1,0,0.378725687978614
INC0019622,1,1,0,0.1592900698754733
INC0019623,1,2,0,0.041155923296138146
INC0019623,2,2,0,0.04750193116836145
INC0019638,1,3,0,0.3203925156091212
INC0019638,2,3,0,0.2919009814538333
INC0019638,3,3,0,0.21598970745139798
INC0019655,1,2,0,0.05656987543243086
INC0019655,2,2,0,0.03621343060594467
INC0019676,1,1,0,0.2492051086109791
INC0019695,1,3,0,0.2582242023356364
INC0019695,2,3,0,0.3734454038028313
INC0019695,3,3,0,0.4144257509380895
INC0019699,1,13,0,0.2967552335866394
INC0019699,2,13,0,0.28921454794614687
INC0019699,3,13,0,0.2333596820731623
INC0019699,4,13,0,0.14849222847576724
INC0019699,5,13,0,0.37775874974009604
INC0019699,6,13,0,0.38705299186806336
INC0019699,7,13,0,0.3744398359750065
INC0019699,8,13,0,0.4188334573522349
INC0019709,1,1,0,0.0812188326227135
INC0019710,1,1,0,0.11015882879141065
INC0019726,1,2,0,0.16942984004133235
INC0019726,2,2,0,0.19646545019865336
INC0019738,1,1,0,0.08299909324414959
INC0019796,1,1,0,0.22981504027049957
INC0019817,1,3,1,0.4239518956280132
INC0019817,2,3,1,0.9793559527486605
INC0019817,3,3,1,0.9908199579610951
INC0019829,1,2,0,0.38927541022137985
INC0019829,2,2,0,0.31128553897647376
INC0019854,1,2,0,0.2983483069211551
INC0019854,2,2,0,0.500327772283451
INC0019867,1,2,0,0.2624810314984423
INC0019867,2,2,0,0.2939235023926422
INC0019875,1,1,0,0.04827848041455352
INC0019878,1,1,0,0.14388481227709887
INC0019887,1,20,1,0.07349268600555584
INC0019887,2,20,1,0.06053387935132871
INC0019887,3,20,1,0.07617691913963294
INC0019887,4,20,1,0.24013067095201665
INC0019887,5,20,1,0.25892531655101686
INC0019887,6,20,1,0.165295317825939
INC0019887,7,20,1,0.2597005209444175
INC0019887,8,20,1,0.8019640093481436
INC0019892,1,6,1,0.21719493795241596
INC0019892,2,6,1,0.8238587776416159
INC0019892,3,6,1,0.9426029141764232
INC0019892,4,6,1,0.9527631522347424
INC0019892,5,6,1,0.9226616157441344
INC0019892,6,6,1,0.9558928878988087
INC0019893,1,1,0,0.02850655418280417
INC0019900,1,4,0,0.11847724709639514
INC0019900,2,4,0,0.1409263885373177
INC0019900,3,4,0,0.123474587107422
INC0019900,4,4,0,0.13485531984563762
INC0019940,1,1,0,0.09767085846657338
INC0019950,1,12,1,0.20895770996609211
INC0019950,2,12,1,0.20435347710895538
INC0019950,3,12,1,0.1611443739128926
INC0019950,4,12,1,0.2757514620969314
INC0019950,5,12,1,0.6243944333861662
INC0019950,6,12,1,0.6765191195425985
INC0019950,7,12,1,0.6412077611526388
INC0019950,8,12,1,0.6213494498997816
INC0019970,1,3,0,0.049716159297306356
INC0019970,2,3,0,0.05076173415526689
INC0019970,3,3,0,0.2028478663675079
INC0019991,1,1,0,0.32603653343969574
INC0020000,1,1,0,0.3366017671220169
INC0020012,1,6,0,0.2267751694788313
INC0020012,2,6,0,0.19659232005460467
INC0020012,3,6,0,0.1921951232562205
INC0020012,4,6,0,0.20173813226905166
INC0020012,5,6,0,0.20968669671005957
INC0020012,6,6,0,0.3581696246517872
INC0020016,1,2,0,0.02721560107569851
INC0020016,2,2,0,0.03162711086447349
INC0020033,1,1,0,0.09230826835365191
INC0020052,1,11,1,0.37592070099808766
INC0020052,2,11,1,0.35106487191540064
INC0020052,3,11,1,0.3393469924411411
INC0020052,4,11,1,0.40577699685796415
INC0020052,5,11,1,0.38324667591538786
INC0020052,6,11,1,0.364815119203092
INC0020052,7,11,1,0.376514575089623
INC0020052,8,11,1,0.31943847001021625
INC0020056,1,1,0,0.18873341268549662
INC0020061,1,1,0,0.2076573871239144
INC0020104,1,1,0,0.11714089455161084
INC0020117,1,6,1,0.07024319630425988
INC0020117,2,6,1,0.1600567479595403
INC0020117,3,6,1,0.13834112314228583
INC0020117,4,6,1,0.1450151298310422
INC0020117,5,6,1,0.14262962659287487
INC0020117,6,6,1,0.1561038538252474
INC0020128,1,4,0,0.596496251563775
INC0020128,2,4,0,0.5590691327729392
INC0020128,3,4,0,0.6717808120981958
INC0020128,4,4,0,0.8125575534509774
INC0020130,1,1,0,0.21890303330963523
INC0020146,1,1,0,0.1922563255672699
INC0020150,1,4,0,0.369864294473493
INC0020150,2,4,0,0.5268996806156739
INC0020150,3,4,0,0.47807147899039387
INC0020150,4,4,0,0.46304361750043443
INC0020153,1,1,0,0.22411630536515537
INC0020160,1,16,1,0.22375907533356068
INC0020160,2,16,1,0.19195185934812964
INC0020160,3,16,1,0.1782253584826208
INC0020160,4,16,1,0.2129626865709598
INC0020160,5,16,1,0.30083587790069727
INC0020160,6,16,1,0.32724537172893875
INC0020160,7,16,1,0.33835041951938427
INC0020160,8,16,1,0.4108192433879495
INC0020170,1,1,0,0.21431533589415513
INC0020184,1,1,0,0.508409311953067
INC0020187,1,2,0,0.3270291601787538
INC0020187,2,2,0,0.3137566342131561
INC0020199,1,8,0,0.5221288997427055
INC0020199,2,8,0,0.7019957569450076
INC0020199,3,8,0,0.6060894922117201
INC0020199,4,8,0,0.6516503599419347
INC0020199,5,8,0,0.47182713039408114
INC0020199,6,8,0,0.33240128000603225
INC0020199,7,8,0,0.5476269987800608
INC0020199,8,8,0,0.7461582562491649
INC0020217,1,1,0,0.14674253163243678
INC0020220,1,4,0,0.5495775013429753
INC0020220,2,4,0,0.6751456064595556
INC0020220,3,4,0,0.702250893250519
INC0020220,4,4,0,0.709945435953127
INC0020232,1,1,0,0.173763012862907
INC0020234,1,1,0,0.05610126809043236
INC0020237,1,5,0,0.5130205042430678
INC0020237,2,5,0,0.6373072450225833
INC0020237,3,5,0,0.6710930085451665
INC0020237,4,5,0,0.7060337406671412
INC0020237,5,5,0,0.7290831377321007
INC0020243,1,1,0,0.36665792636142497
INC0020251,1,1,0,0.16191835868959528
INC0020272,1,1,0,0.24597800091159094
INC0020277,1,1,0,0.41445878006323145
INC0020287,1,1,0,0.24116925357848873
INC0020292,1,1,0,0.27237859936394276
INC0020300,1,5,1,0.31239349469056754
INC0020300,2,5,1,0.2724368523719413
INC0020300,3,5,1,0.3818289983820811
INC0020300,4,5,1,0.4011049691943687
INC0020300,5,5,1,0.4718661551079873
INC0020319,1,5,0,0.39416868226374646
INC0020319,2,5,0,0.5282194579744615
INC0020319,3,5,0,0.5530883452936544
INC0020319,4,5,0,0.5920961590718166
INC0020319,5,5,0,0.47909880747756295
INC0020348,1,1,0,0.3175182085513305
INC0020353,1,15,1,0.45701386543111494
INC0020353,2,15,1,0.33011818136559695
INC0020353,3,15,1,0.27060054624573454
INC0020353,4,15,1,0.5317109194042117
INC0020353,5,15,1,0.8827323133010901
INC0020353,6,15,1,0.9595141131616473
INC0020353,7,15,1,0.9652671955953798
INC0020353,8,15,1,0.9700117098858879
INC0020371,1,6,0,0.43755415913842916
INC0020371,2,6,0,0.3226814748244297
INC0020371,3,6,0,0.4409749233245197
INC0020371,4,6,0,0.41389944147921187
INC0020371,5,6,0,0.39195267872576883
INC0020371,6,6,0,0.2457189223341763
INC0020399,1,1,0,0.3395251505040257
INC0020408,1,6,0,0.1814421354753376
INC0020408,2,6,0,0.19795638837626855
INC0020408,3,6,0,0.2426908527141043
INC0020408,4,6,0,0.2167874678819524
INC0020408,5,6,0,0.15813693982875376
INC0020408,6,6,0,0.14823409435061854
INC0020417,1,1,0,0.19629258727714685
INC0020419,1,1,0,0.25514837620939285
INC0020442,1,3,0,0.5118630854820515
INC0020442,2,3,0,0.6137770502894079
INC0020442,3,3,0,0.776628950009935
INC0020459,1,5,1,0.453123446670534
INC0020459,2,5,1,0.318931809624505
INC0020459,3,5,1,0.5569511157975573
INC0020459,4,5,1,0.8547620698534942
INC0020459,5,5,1,0.8721641305010467
INC0020467,1,5,0,0.23304747116025612
INC0020467,2,5,0,0.22605658455887187
INC0020467,3,5,0,0.32342518237475604
INC0020467,4,5,0,0.36732750330906455
INC0020467,5,5,0,0.38323881478172944
INC0020472,1,6,0,0.2867967745135892
INC0020472,2,6,0,0.19066370815548253
INC0020472,3,6,0,0.17594282135497105
INC0020472,4,6,0,0.14399650536107897
INC0020472,5,6,0,0.20587300670911143
INC0020472,6,6,0,0.19946468193494502
INC0020504,1,4,0,0.5076766740538444
INC0020504,2,4,0,0.5284373198994111
INC0020504,3,4,0,0.36077429670007116
INC0020504,4,4,0,0.3358995661692306
INC0020509,1,3,1,0.7322990686768562
INC0020509,2,3,1,0.726459442071068
INC0020509,3,3,1,0.8644312073564779
INC0020537,1,2,0,0.2995012015484286
INC0020537,2,2,0,0.2909240427974459
INC0020547,1,1,0,0.18569351840306172
INC0020581,1,8,0,0.31447620875721666
INC0020581,2,8,0,0.3046100518137896
INC0020581,3,8,0,0.24597964485425342
INC0020581,4,8,0,0.3670414865923992
INC0020581,5,8,0,0.34919226692135963
INC0020581,6,8,0,0.3644729116926454
INC0020581,7,8,0,0.2786501535867424
INC0020581,8,8,0,0.1917754806486631
INC0020584,1,1,0,0.27215365249730783
INC0020613,1,3,0,0.4565180493928828
INC0020613,2,3,0,0.44576476351696714
INC0020613,3,3,0,0.26735644225038396
INC0020620,1,3,1,0.5051770202430762
INC0020620,2,3,1,0.46417040945834553
INC0020620,3,3,1,0.6523075090316516
INC0020642,1,1,0,0.28622418683794876
INC0020647,1,1,0,0.3365627288864824
INC0020654,1,9,1,0.15808661244684413
INC0020654,2,9,1,0.12000948175692269
INC0020654,3,9,1,0.22413074270864858
INC0020654,4,9,1,0.4723731058784474
INC0020654,5,9,1,0.5546914122214924
INC0020654,6,9,1,0.9428017581025353
INC0020654,7,9,1,0.7120281807542135
INC0020654,8,9,1,0.7359440370861076
INC0020658,1,13,1,0.3421564834563084
INC0020658,2,13,1,0.9896866394912974
INC0020658,3,13,1,0.9885462923173857
INC0020658,4,13,1,0.9965742528258945
INC0020658,5,13,1,0.996223637269062
INC0020658,6,13,1,0.9935930584215079
INC0020658,7,13,1,0.9932385413660467
INC0020658,8,13,1,0.9926490875983498
INC0020688,1,4,1,0.5561746754607703
INC0020688,2,4,1,0.5328804891140206
INC0020688,3,4,1,0.8500117429490478
INC0020688,4,4,1,0.9675391815098447
INC0020693,1,2,0,0.12697388617766484
INC0020693,2,2,0,0.0672482936036868
INC0020724,1,3,0,0.5153432280743004
INC0020724,2,3,0,0.5119348693013033
INC0020724,3,3,0,0.6797887501660521
INC0020730,1,1,0,0.5472075753552029
INC0020736,1,19,1,0.0755706177373638
INC0020736,2,19,1,0.1084189118633434
INC0020736,3,19,1,0.1125801213612894
INC0020736,4,19,1,0.1544761213941641
INC0020736,5,19,1,0.1431289153172547
INC0020736,6,19,1,0.23945224192016648
INC0020736,7,19,1,0.3068611309548845
INC0020736,8,19,1,0.6028146419780921
INC0020761,1,2,1,0.34204342778899177
INC0020761,2,2,1,0.7452873534208694
INC0020793,1,1,0,0.2091068052138402
INC0020809,1,1,0,0.2693265993599444
INC0020814,1,1,0,0.006090943275154845
INC0020846,1,1,1,0.6233321790893425
INC0020856,1,5,0,0.1032343892741905
INC0020856,2,5,0,0.17927152869151392
INC0020856,3,5,0,0.17432608877874278
INC0020856,4,5,0,0.1615508420341344
INC0020856,5,5,0,0.15385555813217855
INC0020870,1,3,0,0.23463009588962477
INC0020870,2,3,0,0.2229807724717897
INC0020870,3,3,0,0.20708249507335677
INC0020874,1,1,0,0.013704841388613796
INC0020902,1,4,0,0.5189537890225804
INC0020902,2,4,0,0.5061179127088106
INC0020902,3,4,0,0.6246398113513266
INC0020902,4,4,0,0.604416710002709
INC0020946,1,2,0,0.3286199614130448
INC0020946,2,2,0,0.2228483189269231
INC0020972,1,1,0,0.10704788897421252
INC0020980,1,1,0,0.6581968516174053
INC0020987,1,6,1,0.22887007743677865
INC0020987,2,6,1,0.3762273871237534
INC0020987,3,6,1,0.23330629335266495
INC0020987,4,6,1,0.3568301360753776
INC0020987,5,6,1,0.6394097191244686
INC0020987,6,6,1,0.8952573890925212
INC0020988,1,1,1,0.8590245738588483
INC0021040,1,5,0,0.33801530700896376
INC0021040,2,5,0,0.2392148296445593
INC0021040,3,5,0,0.3879199878046622
INC0021040,4,5,0,0.3181876275677854
INC0021040,5,5,0,0.3010352319200568
INC0021045,1,1,0,0.12539661643468583
INC0021055,1,2,1,0.6409253306227406
INC0021055,2,2,1,0.8561162101961499
INC0021070,1,1,1,0.8717729436553049
INC0021087,1,1,0,0.2813628447003423
INC0021097,1,3,0,0.3765007326381756
INC0021097,2,3,0,0.35154073373163347
INC0021097,3,3,0,0.293183904423715
INC0021152,1,1,0,0.12907407613545835
INC0021155,1,12,1,0.2569531307712167
INC0021155,2,12,1,0.32353922454351425
INC0021155,3,12,1,0.3120598721805005
INC0021155,4,12,1,0.25314673860779613
INC0021155,5,12,1,0.4724967767639979
INC0021155,6,12,1,0.5893922878597219
INC0021155,7,12,1,0.7576008347233215
INC0021155,8,12,1,0.6526859181459693
INC0021158,1,3,0,0.26444154085737326
INC0021158,2,3,0,0.38220743808767493
INC0021158,3,3,0,0.4042377420236463
INC0021170,1,2,0,0.37773570099268217
INC0021170,2,2,0,0.38130642302585815
INC0021182,1,1,0,0.32781136795787075
INC0021186,1,2,0,0.24990715710050368
INC0021186,2,2,0,0.2787772455706799
INC0021196,1,1,0,0.19219830244590352
INC0021197,1,1,0,0.2314162869767794
INC0021199,1,3,1,0.6495248668396508
INC0021199,2,3,1,0.6374315238417954
INC0021199,3,3,1,0.755903244574761
INC0021215,1,2,1,0.6192371555543783
INC0021215,2,2,1,0.4359175219280377
INC0021226,1,1,0,0.19616161933374762
INC0021231,1,3,0,0.25062125347474024
INC0021231,2,3,0,0.23471176260019544
INC0021231,3,3,0,0.1866203954404612
INC0021244,1,6,1,0.13371234135509039
INC0021244,2,6,1,0.1202010943802033
INC0021244,3,6,1,0.15479379712665362
INC0021244,4,6,1,0.20584622328205462
INC0021244,5,6,1,0.45904264539200174
INC0021244,6,6,1,0.5555735270453317
INC0021253,1,3,0,0.01177961178726825
INC0021253,2,3,0,0.011169934837997553
INC0021253,3,3,0,0.006458704808422715
INC0021273,1,1,0,0.18745045499925647
INC0021277,1,3,0,0.17400868159828567
INC0021277,2,3,0,0.11209579398219742
INC0021277,3,3,0,0.12603121955738153
INC0021279,1,2,0,0.38221141786334106
INC0021279,2,2,0,0.3510622706248671
INC0021282,1,7,0,0.07905099430576698
INC0021282,2,7,0,0.12582758238534322
INC0021282,3,7,0,0.12410778277538023
INC0021282,4,7,0,0.11484883322039745
INC0021282,5,7,0,0.1056632161689711
INC0021282,6,7,0,0.12962759252474304
INC0021282,7,7,0,0.09056000428736576
INC0021291,1,5,0,0.23900878945005977
INC0021291,2,5,0,0.21404301369822606
INC0021291,3,5,0,0.23891766428765873
INC0021291,4,5,0,0.22594186691935048
INC0021291,5,5,0,0.282181531554668
INC0021296,1,1,0,0.12548976112779828
INC0021303,1,1,0,0.25733550088243484
INC0021322,1,4,0,0.258926591001762
INC0021322,2,4,0,0.234018857430809
INC0021322,3,4,0,0.43969447111673465
INC0021322,4,4,0,0.26236779576318786
INC0021336,1,1,0,0.17190611025882116
INC0021337,1,1,0,0.17883165836064477
INC0021342,1,1,0,0.12346774521850334
INC0021348,1,1,0,0.09661431913671714
INC0021351,1,1,0,0.12777265658735368
INC0021359,1,2,1,0.9518934375502766
INC0021359,2,2,1,0.9389102877633171
INC0021368,1,11,1,0.2941947489501023
INC0021368,2,11,1,0.3871420069399999
INC0021368,3,11,1,0.34309515868683255
INC0021368,4,11,1,0.36659064963225757
INC0021368,5,11,1,0.7355691385596059
INC0021368,6,11,1,0.7156348944814146
INC0021368,7,11,1,0.7179106331648181
INC0021368,8,11,1,0.6123994413012789
INC0021384,1,4,1,0.9621445500448065
INC0021384,2,4,1,0.9523852932131337
INC0021384,3,4,1,0.9759171852227482
INC0021384,4,4,1,0.9747276820232409
INC0021393,1,4,1,0.9623970791056425
INC0021393,2,4,1,0.9526088486282585
INC0021393,3,4,1,0.9759168964354886
INC0021393,4,4,1,0.9745378902728792
INC0021397,1,4,1,0.9623002616597689
INC0021397,2,4,1,0.9526640205293809
INC0021397,3,4,1,0.9759100938471649
INC0021397,4,4,1,0.9736821163933005
INC0021432,1,2,0,0.1275648724407777
INC0021432,2,2,0,0.09747068119313843
INC0021449,1,1,0,0.22019560189228854
INC0021470,1,6,1,0.43854996902284965
INC0021470,2,6,1,0.4122888174104242
INC0021470,3,6,1,0.5310269563241038
INC0021470,4,6,1,0.4768941850209865
INC0021470,5,6,1,0.3092196777097844
INC0021470,6,6,1,0.8171889262256047
INC0021471,1,13,1,0.2098052410371307
INC0021471,2,13,1,0.20451023393891987
INC0021471,3,13,1,0.29429037979545547
INC0021471,4,13,1,0.29523559620332596
INC0021471,5,13,1,0.27535228745298257
INC0021471,6,13,1,0.18619018038238747
INC0021471,7,13,1,0.10158214307148114
INC0021471,8,13,1,0.15109277170122457
INC0021475,1,5,1,0.42267255299790674
INC0021475,2,5,1,0.4300483220853226
INC0021475,3,5,1,0.8757044667894172
INC0021475,4,5,1,0.8771767086124282
INC0021475,5,5,1,0.7346609736481842
INC0021477,1,1,0,0.6759954936940831
INC0021489,1,2,0,0.1262729475974878
INC0021489,2,2,0,0.0964498436477587
INC0021492,1,1,0,0.03790578261985744
INC0021494,1,1,0,0.12624822043683245
INC0021505,1,1,1,0.9639029594517518
INC0021546,1,1,0,0.13529372368664142
INC0021563,1,1,0,0.1586748189642094
INC0021592,1,4,0,0.05325786152562466
INC0021592,2,4,0,0.07614921598250707
INC0021592,3,4,0,0.10191760124374515
INC0021592,4,4,0,0.16985810499979845
INC0021597,1,1,0,0.0733796622797515
INC0021621,1,6,1,0.42464165632605827
INC0021621,2,6,1,0.4139729319433011
INC0021621,3,6,1,0.404250772944738
INC0021621,4,6,1,0.3586463668289588
INC0021621,5,6,1,0.5591094467467361
INC0021621,6,6,1,0.4554898834696696
INC0021645,1,2,1,0.35253059411673404
INC0021645,2,2,1,0.24183508165331957
INC0021665,1,6,1,0.2654790724336673
INC0021665,2,6,1,0.17615015646954107
INC0021665,3,6,1,0.33811853316707946
INC0021665,4,6,1,0.5660730450063766
INC0021665,5,6,1,0.5150195618576903
INC0021665,6,6,1,0.5501410048285749
INC0021679,1,4,1,0.7105013863519022
INC0021679,2,4,1,0.7463291520575073
INC0021679,3,4,1,0.7048935600692601
INC0021679,4,4,1,0.6869441167000334
INC0021736,1,4,0,0.3642935315869253
INC0021736,2,4,0,0.3212582694686429
INC0021736,3,4,0,0.33734452459235825
INC0021736,4,4,0,0.3853710587554363
INC0021745,1,1,0,0.5133341908364457
INC0021754,1,3,0,0.15432027929222142
INC0021754,2,3,0,0.2823439606289494
INC0021754,3,3,0,0.13522553686176958
INC0021757,1,1,0,0.2609385565248831
INC0021770,1,9,1,0.5692523410113971
INC0021770,2,9,1,0.7567158579798725
INC0021770,3,9,1,0.7624083502708807
INC0021770,4,9,1,0.7995861818875039
INC0021770,5,9,1,0.8842870244329951
INC0021770,6,9,1,0.9002592052945902
INC0021770,7,9,1,0.907678727356083
INC0021770,8,9,1,0.9238334444631795
INC0021771,1,2,0,0.0438870522637741
INC0021771,2,2,0,0.026730920619574466
INC0021776,1,3,0,0.1211182736448223
INC0021776,2,3,0,0.06781738504353753
INC0021776,3,3,0,0.20340693155344933
INC0021785,1,1,0,0.04324277745405662
INC0021787,1,7,0,0.15019763488996177
INC0021787,2,7,0,0.144632546293384
INC0021787,3,7,0,0.13818552338143925
INC0021787,4,7,0,0.21663731112105264
INC0021787,5,7,0,0.32835822067750786
INC0021787,6,7,0,0.36400991773919467
INC0021787,7,7,0,0.41985000139023615
INC0021789,1,1,0,0.053436859126435934
INC0021795,1,1,0,0.04642937020309732
INC0021828,1,1,0,0.14929271795747737
INC0021878,1,3,0,0.17681742600347355
INC0021878,2,3,0,0.17156447435410335
INC0021878,3,3,0,0.22506766972435202
INC0021880,1,2,0,0.3039266596565666
INC0021880,2,2,0,0.3351945708551654
INC0021883,1,1,0,0.051884057795197204
INC0021884,1,4,0,0.07815329402997209
INC0021884,2,4,0,0.08144246493232082
INC0021884,3,4,0,0.17061650211012236
INC0021884,4,4,0,0.12772079520225976
INC0021916,1,3,0,0.4205712085775448
INC0021916,2,3,0,0.5336204838538017
INC0021916,3,3,0,0.6830700183189728
INC0021931,1,4,0,0.11810411282133663
INC0021931,2,4,0,0.09165315376231414
INC0021931,3,4,0,0.12306197700439095
INC0021931,4,4,0,0.0763589076055763
INC0021942,1,1,0,0.1097894561052646
INC0021943,1,2,0,0.08079340320411717
INC0021943,2,2,0,0.05056892461779284
INC0021948,1,1,0,0.00793216201868267
INC0021970,1,5,1,0.8916078837967479
INC0021970,2,5,1,0.8880277102089261
INC0021970,3,5,1,0.8761494372053696
INC0021970,4,5,1,0.8395730912728697
INC0021970,5,5,1,0.8545561541491979
INC0021989,1,1,0,0.11509685290811976
INC0022030,1,1,0,0.0013600305319421064
INC0022060,1,1,0,0.07156635581046233
INC0022062,1,1,0,0.10370400389018401
INC0022063,1,1,0,0.1480697020512006
INC0022076,1,1,0,0.1576506302029778
INC0022101,1,1,0,0.07477745013021131
INC0022111,1,1,0,0.0620494044025599
INC0022123,1,1,0,0.19660793578447933
INC0022139,1,10,0,0.5728891652190043
INC0022139,2,10,0,0.48478152738635805
INC0022139,3,10,0,0.46198100520996305
INC0022139,4,10,0,0.3388134483427782
INC0022139,5,10,0,0.3157067350013645
INC0022139,6,10,0,0.29594351390996076
INC0022139,7,10,0,0.2771070301906497
INC0022139,8,10,0,0.3131424789234187
INC0022143,1,2,0,0.5678138027971701
INC0022143,2,2,0,0.06305719500680294
INC0022158,1,1,0,0.09966822299975982
INC0022160,1,1,0,0.02131509760265927
INC0022166,1,1,0,0.06967138593587309
INC0022173,1,1,0,0.15211886822141882
INC0022179,1,2,0,0.13747968794299645
INC0022179,2,2,0,0.0946095689857547
INC0022184,1,1,0,0.08809552723359093
INC0022188,1,1,0,0.020760123459852963
INC0022189,1,1,0,0.22377253912321587
INC0022192,1,1,0,0.03557541672201526
INC0022227,1,7,0,0.07758320957201975
INC0022227,2,7,0,0.08543684101552401
INC0022227,3,7,0,0.07629438205931385
INC0022227,4,7,0,0.07349472740524905
INC0022227,5,7,0,0.08060637677324875
INC0022227,6,7,0,0.07379954590010712
INC0022227,7,7,0,0.06765605212574197
INC0022228,1,2,0,0.20950663755954058
INC0022228,2,2,0,0.2379970164431018
INC0022260,1,1,0,0.10643979983744997
INC0022306,1,3,0,0.1144169588604983
INC0022306,2,3,0,0.10929625335927745
INC0022306,3,3,0,0.1004965458084731
INC0022320,1,1,0,0.013949981060770592
INC0022329,1,1,0,0.11880538504540772
INC0022333,1,1,0,0.05793472288378949
INC0022338,1,2,0,0.05909695974856844
INC0022338,2,2,0,0.05107536746910971
INC0022342,1,3,0,0.08757811472644075
INC0022342,2,3,0,0.06015652561354705
INC0022342,3,3,0,0.05410715135558969
INC0022349,1,3,0,0.0882310567240863
INC0022349,2,3,0,0.0729785587865258
INC0022349,3,3,0,0.07919822751568098
INC0022353,1,1,0,0.06448068294005996
INC0022357,1,3,0,0.21032479617972147
INC0022357,2,3,0,0.1388549719671558
INC0022357,3,3,0,0.12515804178691262
INC0022358,1,1,0,0.08699932377937902
INC0022378,1,1,0,0.307701789682523
INC0022379,1,2,0,0.18516277978099885
INC0022379,2,2,0,0.1285551381872799
INC0022383,1,1,0,0.3696430205370682
INC0022388,1,1,0,0.14692886030239619
INC0022391,1,4,0,0.087380839506525
INC0022391,2,4,0,0.08332161811568005
INC0022391,3,4,0,0.07941554987942094
INC0022391,4,4,0,0.1205277680167132
INC0022398,1,1,0,0.07251564383804843
INC0022399,1,4,0,0.12354105917133282
INC0022399,2,4,0,0.2607575546765882
INC0022399,3,4,0,0.20198803766155607
INC0022399,4,4,0,0.22028563643652177
INC0022412,1,1,0,0.08747012268149836
INC0022421,1,4,0,0.059998102640827645
INC0022421,2,4,0,0.04291661066956241
INC0022421,3,4,0,0.032113730579173924
INC0022421,4,4,0,0.04046994635819668
INC0022441,1,2,0,0.07734775501247687
INC0022441,2,2,0,0.046812934554750274
INC0022445,1,1,0,0.06103412791446776
INC0022447,1,2,0,0.10187494945165822
INC0022447,2,2,0,0.0958868104868394
INC0022448,1,1,0,0.09964725314714673
INC0022467,1,4,0,0.2217060535006771
INC0022467,2,4,0,0.21360557601451702
INC0022467,3,4,0,0.13301077242598627
INC0022467,4,4,0,0.16626906697363952
INC0022469,1,1,0,0.13718707441937325
INC0022484,1,1,0,0.0664206204205714
INC0022494,1,1,0,0.0464021289310382
INC0022499,1,2,0,0.31331439066841976
INC0022499,2,2,0,0.21161755357870426
INC0022528,1,1,0,0.03785717499732552
INC0022531,1,3,0,0.08350962268087324
INC0022531,2,3,0,0.08646466745658563
INC0022531,3,3,0,0.09797864151687619
INC0022536,1,8,0,0.12766104611734605
INC0022536,2,8,0,0.10323790621894653
INC0022536,3,8,0,0.11990492861525726
INC0022536,4,8,0,0.11274292360953646
INC0022536,5,8,0,0.1446147816911613
INC0022536,6,8,0,0.11807206708743301
INC0022536,7,8,0,0.13002893368767351
INC0022536,8,8,0,0.11549876511326965
INC0022543,1,5,0,0.20734961797136595
INC0022543,2,5,0,0.20440558388422883
INC0022543,3,5,0,0.15744663280799281
INC0022543,4,5,0,0.2127407615341095
INC0022543,5,5,0,0.330696467845232
INC0022557,1,6,0,0.0006124673376068128
INC0022557,2,6,0,0.0009558961930119339
INC0022557,3,6,0,0.000871751905717074
INC0022557,4,6,0,0.0009631194004966591
INC0022557,5,6,0,0.0006535033738642473
INC0022557,6,6,0,0.0007653222705395954
INC0022579,1,5,1,0.4509254970044498
INC0022579,2,5,1,0.6741462467640129
INC0022579,3,5,1,0.4801511718619284
INC0022579,4,5,1,0.5061736773408316
INC0022579,5,5,1,0.48843487987189854
INC0022580,1,5,0,0.06871275002113879
INC0022580,2,5,0,0.060606417787062675
INC0022580,3,5,0,0.07360652437184999
INC0022580,4,5,0,0.06864156513701936
INC0022580,5,5,0,0.06295163409991095
INC0022601,1,1,0,0.1147688506297422
INC0022603,1,1,0,0.012387029383145358
INC0022607,1,1,0,0.07246963336704698
INC0022616,1,3,0,0.1258705581533425
INC0022616,2,3,0,0.10095623662342615
INC0022616,3,3,0,0.0954758008453206
INC0022655,1,1,0,0.19263172791464395
INC0022656,1,4,0,0.19246711058432428
INC0022656,2,4,0,0.17631427418465043
INC0022656,3,4,0,0.18945831928767534
INC0022656,4,4,0,0.20868200972663714
INC0022689,1,1,0,0.027127543199543292
INC0022694,1,1,0,0.02672783523634982
INC0022700,1,1,0,0.10501474327876134
INC0022705,1,4,0,0.15817335751719863
INC0022705,2,4,0,0.07580100939300051
INC0022705,3,4,0,0.07929335817775367
INC0022705,4,4,0,0.14369118170041242
INC0022753,1,2,0,0.0673880039069279
INC0022753,2,2,0,0.07720153328088566
INC0022806,1,1,0,0.07098579720328209
INC0022813,1,6,1,0.4342662002298687
INC0022813,2,6,1,0.42406276903800993
INC0022813,3,6,1,0.40328459152153445
INC0022813,4,6,1,0.3809233780863927
INC0022813,5,6,1,0.3734569365439644
INC0022813,6,6,1,0.9902182935496647
INC0022814,1,2,0,0.028284294368017906
INC0022814,2,2,0,0.041638393509454426
INC0022816,1,2,0,0.11280105231731503
INC0022816,2,2,0,0.10891680096100874
INC0022817,1,1,0,0.05142888233929552
INC0022848,1,1,0,0.2040256642154927
INC0022860,1,1,0,0.07268694292242214
INC0022886,1,2,0,0.2724424363122185
INC0022886,2,2,0,0.3080158764672714
INC0022899,1,2,0,0.16232182603001433
INC0022899,2,2,0,0.32904758350452534
INC0022907,1,3,0,0.20672813541311397
INC0022907,2,3,0,0.17749604225353072
INC0022907,3,3,0,0.19033162449022528
INC0022916,1,1,0,0.08445693367813169
INC0022920,1,3,0,0.18768785738718738
INC0022920,2,3,0,0.11695061803132177
INC0022920,3,3,0,0.04970511064019672
INC0022934,1,1,0,0.09761238785098428
INC0022936,1,1,0,0.07351998442774707
INC0022938,1,2,0,0.05848617227240927
INC0022938,2,2,0,0.05752421813752523
INC0022940,1,5,0,0.3101392831617232
INC0022940,2,5,0,0.27850961218806863
INC0022940,3,5,0,0.2695918925357175
INC0022940,4,5,0,0.2369534710256423
INC0022940,5,5,0,0.2664577445776356
INC0022951,1,1,0,0.030804269225483384
INC0022961,1,2,0,0.07800901998864006
INC0022961,2,2,0,0.07413971809914119
INC0022974,1,2,0,0.025237976277642522
INC0022974,2,2,0,0.015303097883292063
INC0023001,1,1,0,0.051934954318308475
INC0023010,1,2,0,0.032020812846600966
INC0023010,2,2,0,0.019011153064746912
INC0023017,1,1,0,0.03977191752078263
INC0023022,1,2,0,0.12915106163829654
INC0023022,2,2,0,0.0844840394592764
INC0023051,1,8,0,0.1938171648118017
INC0023051,2,8,0,0.311446550368334
INC0023051,3,8,0,0.3341618669581337
INC0023051,4,8,0,0.31259121997302924
INC0023051,5,8,0,0.21914927045406102
INC0023051,6,8,0,0.21288641904988528
INC0023051,7,8,0,0.2523946083794986
INC0023051,8,8,0,0.20902738553371572
INC0023060,1,2,0,0.23809684925387456
INC0023060,2,2,0,0.2193011505893593
INC0023065,1,2,0,0.12060665777058413
INC0023065,2,2,0,0.19525598804349065
INC0023073,1,2,0,0.06607429538925988
INC0023073,2,2,0,0.0771579676407783
INC0023079,1,2,0,0.0629453069750704
INC0023079,2,2,0,0.07097158637027501
INC0023096,1,1,0,0.054398022179180036
INC0023121,1,1,0,0.08156807490336801
INC0023131,1,2,0,0.08481841086175815
INC0023131,2,2,0,0.07307823563458912
INC0023136,1,2,0,0.08125991042083251
INC0023136,2,2,0,0.05000774374514172
INC0023147,1,3,0,0.0919719236055745
INC0023147,2,3,0,0.09260390032396455
INC0023147,3,3,0,0.05669164032286008
INC0023153,1,2,0,0.16235508951263616
INC0023153,2,2,0,0.18480901430790936
INC0023166,1,1,0,0.035379385863796194
INC0023176,1,2,0,0.0589498353855377
INC0023176,2,2,0,0.05568839907302319
INC0023187,1,2,0,0.16630723488037524
INC0023187,2,2,0,0.18918429853834173
INC0023192,1,2,0,0.16583512687209243
INC0023192,2,2,0,0.1886619441314595
INC0023229,1,1,0,0.016921321396914716
INC0023241,1,1,0,0.04133599392976292
INC0023251,1,5,0,0.17902000259718748
INC0023251,2,5,0,0.1701372777725052
INC0023251,3,5,0,0.14435662273588443
INC0023251,4,5,0,0.15336891812829373
INC0023251,5,5,0,0.11874290961801515
INC0023257,1,1,0,0.06091785931040873
INC0023259,1,1,0,0.1139767032283995
INC0023267,1,2,0,0.18712528499392175
INC0023267,2,2,0,0.1675628270838288
INC0023275,1,3,0,0.13767859094149767
INC0023275,2,3,0,0.1332961123754459
INC0023275,3,3,0,0.22286179673404216
INC0023282,1,3,0,0.14047401560292483
INC0023282,2,3,0,0.05696719420686754
INC0023282,3,3,0,0.1300981196802394
INC0023289,1,1,0,0.08981218943099759
INC0023293,1,1,0,0.02341904452696031
INC0023325,1,1,0,0.14101591057300253
INC0023331,1,5,0,0.12174353851137842
INC0023331,2,5,0,0.10810719091685025
INC0023331,3,5,0,0.11640341232114668
INC0023331,4,5,0,0.11343213611159797
INC0023331,5,5,0,0.14603538313937725
INC0023341,1,1,0,0.6572078769895965
INC0023362,1,5,0,0.020802836175169342
INC0023362,2,5,0,0.017216815025286377
INC0023362,3,5,0,0.02239484691576017
INC0023362,4,5,0,0.020445400646927007
INC0023362,5,5,0,0.033932457769703106
INC0023424,1,3,0,0.19462790514778294
INC0023424,2,3,0,0.6675745465111308
INC0023424,3,3,0,0.6454357723565521
INC0023443,1,4,0,0.20701382340347824
INC0023443,2,4,0,0.1193314007342696
INC0023443,3,4,0,0.1911559734933834
INC0023443,4,4,0,0.16423616318439105
INC0023449,1,1,0,0.009729658425234223
INC0023456,1,3,0,0.13676115163800787
INC0023456,2,3,0,0.10015369184156842
INC0023456,3,3,0,0.0972667910986581
INC0023463,1,1,0,0.181127614597476
INC0023469,1,4,0,0.07830332872908621
INC0023469,2,4,0,0.09886953230814607
INC0023469,3,4,0,0.09179488955356833
INC0023469,4,4,0,0.12772602347561782
INC0023488,1,1,0,0.018420579488116706
INC0023495,1,1,0,0.032335345706474485
INC0023503,1,2,0,0.029133131084321872
INC0023503,2,2,0,0.03732626294491955
INC0023515,1,2,0,0.06535191156518785
INC0023515,2,2,0,0.042660676313567535
INC0023518,1,2,0,0.03369938041688064
INC0023518,2,2,0,0.04280275332365394
INC0023521,1,3,0,0.08012241334121144
INC0023521,2,3,0,0.05008984376511433
INC0023521,3,3,0,0.04181583553546646
INC0023522,1,2,0,0.017942172033891233
INC0023522,2,2,0,0.016298309571462007
INC0023533,1,1,0,0.034720848518478016
INC0023591,1,6,0,0.05013959848901808
INC0023591,2,6,0,0.05132331635294359
INC0023591,3,6,0,0.04159396390288318
INC0023591,4,6,0,0.03804475038344245
INC0023591,5,6,0,0.044102302045164715
INC0023591,6,6,0,0.05514932154029198
INC0023594,1,2,0,0.060382758124296936
INC0023594,2,2,0,0.049487889439503066
INC0023612,1,1,0,0.029005579864912336
INC0023624,1,1,0,0.012983333582377977
INC0023637,1,1,0,0.043361577605008084
INC0023643,1,1,0,0.013543664743242312
INC0023646,1,1,0,0.0664550105232302
INC0023653,1,2,0,0.13239044040041076
INC0023653,2,2,0,0.08199256940461792
INC0023660,1,3,0,0.09600704728844414
INC0023660,2,3,0,0.35456157858880377
INC0023660,3,3,0,0.21777170240632612
INC0023661,1,1,0,0.4518988798377117
INC0023666,1,1,0,0.45949424986668436
INC0023694,1,4,0,0.3295010885733581
INC0023694,2,4,0,0.1334738767676627
INC0023694,3,4,0,0.31416751296468964
INC0023694,4,4,0,0.2884355278659964
INC0023703,1,1,0,0.08997965836524506
INC0023705,1,1,0,0.04156686183236505
INC0023708,1,1,0,0.0655620641178743
INC0023746,1,4,0,0.07351818330574843
INC0023746,2,4,0,0.07471509427672587
INC0023746,3,4,0,0.22520331262724058
INC0023746,4,4,0,0.06301494608253788
INC0023763,1,1,0,0.15907812925537299
INC0023773,1,1,0,0.04383225523446039
INC0023803,1,2,0,0.06776387753636824
INC0023803,2,2,0,0.06718461858614927
INC0023812,1,1,0,0.19867485920154818
INC0023823,1,1,0,0.018336332910678918
INC0023855,1,3,0,0.19685337726284763
INC0023855,2,3,0,0.19847422505998363
INC0023855,3,3,0,0.2874080950622599
INC0023868,1,2,0,0.08456579319622874
INC0023868,2,2,0,0.051340041583994654
INC0023915,1,3,0,0.46618122766335246
INC0023915,2,3,0,0.6236382765369156
INC0023915,3,3,0,0.7009402516812888
INC0023918,1,1,0,0.1239926675520061
INC0023927,1,1,0,0.06457118868468209
INC0023948,1,1,0,0.13142521695015785
INC0023952,1,1,0,0.01576501931844336
INC0023957,1,3,0,0.11713659407171022
INC0023957,2,3,0,0.18596929475469454
INC0023957,3,3,0,0.15744583240887972
INC0023982,1,2,0,0.08093882320699797
INC0023982,2,2,0,0.0516622956348572
INC0023989,1,2,0,0.09772934417369933
INC0023989,2,2,0,0.09281033568585757
INC0023993,1,2,0,0.10862810835222322
INC0023993,2,2,0,0.08851522908905658
INC0024002,1,1,0,0.09481692204184457
INC0024008,1,2,0,0.049677833154007735
INC0024008,2,2,0,0.05839906078467301
INC0024025,1,2,0,0.16631313085511362
INC0024025,2,2,0,0.24941480617956344
INC0024032,1,1,0,0.03989256492662671
INC0024040,1,1,0,0.11223525672776281
INC0024041,1,4,0,0.11198890359034164
INC0024041,2,4,0,0.11357782065032264
INC0024041,3,4,0,0.14492247330337343
INC0024041,4,4,0,0.22082333478604552
INC0024050,1,2,0,0.44821771869517496
INC0024050,2,2,0,0.13918052195883346
INC0024051,1,1,0,0.07941438683730095
INC0024062,1,2,0,0.04086096310706456
INC0024062,2,2,0,0.02588324747532539
INC0024078,1,1,0,0.5188018401492644
INC0024079,1,1,0,0.15240302421184804
INC0024086,1,2,0,0.04073632537677236
INC0024086,2,2,0,0.01945906729504379
INC0024147,1,1,0,0.023864366054934437
INC0024190,1,4,0,0.39569354668746026
INC0024190,2,4,0,0.38737287688160144
INC0024190,3,4,0,0.39077934595222885
INC0024190,4,4,0,0.5219676739014318
INC0024237,1,4,0,0.15752853943743128
INC0024237,2,4,0,0.09730142623261935
INC0024237,3,4,0,0.058845371169595324
INC0024237,4,4,0,0.06646559787543566
INC0024254,1,1,0,0.043846315540202886
INC0024262,1,2,0,0.41550992941493775
INC0024262,2,2,0,0.6049907392454126
INC0024277,1,1,0,0.19677592216235562
INC0024286,1,1,0,0.16425940845200668
INC0024299,1,1,0,0.14394471214392812
INC0024303,1,1,0,0.1017725953273966
INC0024331,1,1,0,0.19658824989827053
INC0024334,1,1,0,0.19708845995372665
INC0024340,1,2,0,0.2315635133932916
INC0024340,2,2,0,0.15822660314947845
INC0024342,1,1,0,0.23202613885659437
INC0024343,1,1,0,0.2145775506598145
INC0024346,1,1,0,0.16800738328350764
INC0024361,1,2,0,0.16040521753740203
INC0024361,2,2,0,0.18263643712632935
INC0024407,1,3,0,0.1516235797184589
INC0024407,2,3,0,0.1546408060610395
INC0024407,3,3,0,0.15480345086003813
INC0024423,1,1,0,0.0675080627450844
INC0025355,1,5,0,0.7086409718700857
INC0025355,2,5,0,0.7821283910691896
INC0025355,3,5,0,0.7478846761845426
INC0025355,4,5,0,0.0028674236819655912
INC0025355,5,5,0,0.0026130532245744733
INC0025782,1,4,0,0.6433866482532881
INC0025782,2,4,0,0.6631647741670307
INC0025782,3,4,0,0.6853652659716543
INC0025782,4,4,0,0.6649743161225393
